movieId,title,genres,year,avg_rating,n_ratings
1,"Toy Story",Adventure|Animation|Children|Comedy|Fantasy,1995,3.92093023255814,215
2,"Jumanji",Adventure|Children|Fantasy,1995,3.43181818181818,110
3,"Grumpier Old Men",Comedy|Romance,1995,3.25961538461538,52
4,"Waiting to Exhale",Comedy|Drama|Romance,1995,2.35714285714286,7
5,"Father of the Bride Part II",Comedy,1995,3.07142857142857,49
6,"Heat",Action|Crime|Thriller,1995,3.94607843137255,102
7,"Sabrina",Comedy|Romance,1995,3.18518518518519,54
8,"Tom and Huck",Adventure|Children,1995,2.875,8
9,"Sudden Death",Action,1995,3.125,16
10,"GoldenEye",Action|Adventure|Thriller,1995,3.49621212121212,132
11,"American President, The",Comedy|Drama|Romance,1995,3.67142857142857,70
12,"Dracula: Dead and Loving It",Comedy|Horror,1995,2.42105263157895,19
13,"Balto",Adventure|Animation|Children,1995,3.125,8
14,"Nixon",Drama,1995,3.83333333333333,18
15,"Cutthroat Island",Action|Adventure|Romance,1995,3,13
16,"Casino",Crime|Drama,1995,3.92682926829268,82
17,"Sense and Sensibility",Drama|Romance,1995,3.77611940298507,67
18,"Four Rooms",Comedy,1995,3.7,20
19,"Ace Ventura: When Nature Calls",Comedy,1995,2.72727272727273,88
20,"Money Train",Action|Comedy|Crime|Drama|Thriller,1995,2.5,15
21,"Get Shorty",Comedy|Crime|Thriller,1995,3.49438202247191,89
22,"Copycat",Crime|Drama|Horror|Mystery|Thriller,1995,3.22222222222222,36
23,"Assassins",Action|Crime|Thriller,1995,3.125,16
24,"Powder",Drama|Sci-Fi,1995,3.125,28
25,"Leaving Las Vegas",Drama|Romance,1995,3.625,76
26,"Othello",Drama,1995,3.5,13
27,"Now and Then",Children|Drama,1995,3.33333333333333,9
28,"Persuasion",Drama|Romance,1995,4.22727272727273,11
29,"City of Lost Children, The",Adventure|Drama|Fantasy|Mystery|Sci-Fi,1995,4.01315789473684,38
30,"Shanghai Triad",Crime|Drama,1995,3,3
31,"Dangerous Minds",Drama,1995,3.18421052631579,38
32,"Twelve Monkeys",Mystery|Sci-Fi|Thriller,1995,3.98305084745763,177
33,"Babe",Children|Drama,1995,3.65234375,128
34,"Dead Man Walking",Crime|Drama,1995,3.83582089552239,67
35,"It Takes Two",Children|Comedy,1995,2.125,4
36,"Clueless",Comedy|Romance,1995,3.29326923076923,104
37,"Cry, the Beloved Country",Drama,1995,4.25,2
38,"Richard III",Drama|War,1995,3.7,15
39,"Dead Presidents",Action|Crime|Drama,1995,3,7
40,"Restoration",Drama,1995,3.1875,8
41,"Mortal Kombat",Action|Adventure|Fantasy,1995,2.54347826086957,46
42,"To Die For",Comedy|Drama|Thriller,1995,3.3125,32
43,"How to Make an American Quilt",Drama|Romance,1995,3.06666666666667,15
44,"Seven",Mystery|Thriller,1995,3.97536945812808,203
45,"Pocahontas",Animation|Children|Drama|Musical|Romance,1995,3.14705882352941,68
46,"When Night Is Falling",Drama|Romance,1995,3,1
47,"Usual Suspects, The",Crime|Mystery|Thriller,1995,4.23774509803922,204
48,"Mighty Aphrodite",Comedy|Drama|Romance,1995,3.46428571428571,28
49,"Lamerica",Adventure|Drama,1994,5,2
50,"Big Green, The",Children|Comedy,1995,2.33333333333333,3
51,"Georgia",Drama,1995,4,1
52,"Home for the Holidays",Drama,1995,3.0625,8
53,"Postman, The",Comedy|Drama|Romance,1994,4.02702702702703,37
54,"Indian in the Cupboard, The",Adventure|Children|Fantasy,1995,3.23529411764706,34
55,"Eye for an Eye",Drama|Thriller,1996,3.75,6
56,"Mr. Holland's Opus",Drama,1995,3.70625,80
57,"Don't Be a Menace to South Central While Drinking Your Juice in the Hood",Comedy|Crime,1996,2.71428571428571,7
58,"Two if by Sea",Comedy|Romance,1996,2.2,5
59,"Bio-Dome",Comedy,1996,2.53225806451613,31
60,"Lawnmower Man 2: Beyond Cyberspace",Action|Sci-Fi|Thriller,1996,2.5,9
61,"French Twist",Comedy|Romance,1995,3.4,5
62,"Friday",Comedy,1995,3.775,20
63,"From Dusk Till Dawn",Action|Comedy|Horror|Thriller,1996,3.50909090909091,55
64,"Fair Game",Action,1995,1.7,5
65,"Kicking and Screaming",Comedy|Drama,1995,3.21428571428571,7
66,"Misérables, Les",Drama|War,1995,3.46153846153846,13
67,"Bed of Roses",Drama|Romance,1996,4,8
68,"Big Bully",Comedy|Drama,1996,2.2,5
69,"Screamers",Action|Sci-Fi|Thriller,1995,3.4,15
70,"Nico Icon",Documentary,1995,4,1
71,"Crossing Guard, The",Action|Crime|Drama|Thriller,1995,3.33333333333333,3
72,"Juror, The",Drama|Thriller,1996,2.76470588235294,17
73,"White Balloon, The",Children|Drama,1995,4,2
74,"Things to Do in Denver When You're Dead",Crime|Drama|Romance,1995,3.10714285714286,14
75,"Antonia's Line",Comedy|Drama,1995,3.875,8
76,"Once Upon a Time... When We Were Colored",Drama|Romance,1995,3,1
77,"Angels and Insects",Drama|Romance,1995,3.85714285714286,7
78,"White Squall",Action|Adventure|Drama,1996,3.96666666666667,15
79,"Dunston Checks In",Children|Comedy,1996,2.5,7
80,"Black Sheep",Comedy,1996,3.15625,16
81,"Nick of Time",Action|Thriller,1995,3.25,10
82,"Mary Reilly",Drama|Horror|Thriller,1996,2.625,8
83,"Vampire in Brooklyn",Comedy|Horror|Romance,1995,2.83333333333333,9
84,"Beautiful Girls",Comedy|Drama|Romance,1996,3.95,10
85,"Broken Arrow",Action|Adventure|Thriller,1996,3.02380952380952,84
86,"In the Bleak Midwinter",Comedy|Drama,1995,3.5,1
87,"Hate",Crime|Drama,1995,3.9,10
88,"Heidi Fleiss: Hollywood Madam",Documentary,1995,5,2
89,"City Hall",Drama|Thriller,1996,2.78571428571429,14
90,"Bottle Rocket",Adventure|Comedy|Crime|Romance,1996,3.78260869565217,23
91,"Mr. Wrong",Comedy,1996,2.4,5
92,"Unforgettable",Mystery|Sci-Fi|Thriller,1996,3,3
93,"Happy Gilmore",Comedy,1996,3.43939393939394,99
94,"Bridges of Madison County, The",Drama|Romance,1995,3.28260869565217,23
95,"Nobody Loves Me",Comedy|Drama,1994,4,1
96,"Muppet Treasure Island",Adventure|Children|Comedy|Musical,1996,3.32692307692308,26
97,"Catwalk",Documentary,1996,4,1
98,"Braveheart",Action|Drama|War,1995,4.03164556962025,237
99,"Taxi Driver",Crime|Drama|Thriller,1976,4.10576923076923,104
100,"Rumble in the Bronx",Action|Adventure|Comedy|Crime,1995,3.54347826086957,46
101,"Before and After",Drama|Mystery,1996,3.33333333333333,3
102,"Anne Frank Remembered",Documentary,1995,3.9,5
103,"Young Poisoner's Handbook, The",Crime|Drama,1995,3,1
104,"If Lucy Fell",Comedy|Romance,1996,2.5,2
105,"Steal Big, Steal Little",Comedy,1995,3,2
106,"Boys of St. Vincent, The",Drama,1992,4,2
107,"Boomerang",Comedy|Romance,1992,2.65625,16
108,"Chungking Express",Drama|Mystery|Romance,1994,4.375,4
109,"Flirting With Disaster",Comedy,1996,3.58333333333333,12
110,"NeverEnding Story III, The",Adventure|Children|Fantasy,1994,2,7
111,"Jupiter's Wife",Documentary,1994,3,1
112,"Pie in the Sky",Comedy|Romance,1996,2,1
113,"Jade",Thriller,1995,2.83333333333333,6
114,"Down Periscope",Comedy,1996,2.95161290322581,31
115,"Man of the Year",Documentary,1995,3,1
116,"Up Close and Personal",Drama|Romance,1996,3.5,16
117,"Birdcage, The",Comedy,1996,3.49418604651163,86
118,"Brothers McMullen, The",Comedy,1995,3.33333333333333,12
119,"Bad Boys",Action|Comedy|Crime|Drama|Thriller,1995,3.24509803921569,51
120,"Amazing Panda Adventure, The",Adventure|Children,1995,3.33333333333333,3
121,"Basketball Diaries, The",Drama,1995,3.46666666666667,15
122,"Awfully Big Adventure, An",Drama,1995,5,1
123,"Amateur",Crime|Drama|Thriller,1994,2,1
124,"Apollo 13",Adventure|Drama|IMAX,1995,3.84577114427861,201
125,"Rob Roy",Action|Drama|Romance|War,1995,3.54545454545455,44
126,"Addiction, The",Drama|Horror,1995,1.5,2
127,"Batman Forever",Action|Adventure|Comedy|Crime,1995,2.91605839416058,137
128,"Beauty of the Day",Drama,1967,3.875,12
129,"Beyond Rangoon",Adventure|Drama|War,1995,2.41666666666667,6
130,"Blue in the Face",Comedy|Drama,1995,3.33333333333333,3
131,"Canadian Bacon",Comedy|War,1995,2.86363636363636,11
132,"Casper",Adventure|Children,1995,2.80645161290323,62
133,"Clockers",Crime|Drama|Mystery,1995,2.89285714285714,14
134,"Congo",Action|Adventure|Mystery|Sci-Fi,1995,2.87719298245614,57
135,"Crimson Tide",Drama|Thriller|War,1995,3.63592233009709,103
136,"Crumb",Documentary,1994,4.20588235294118,17
137,"Desperado",Action|Romance|Western,1995,3.56060606060606,66
138,"Devil in a Blue Dress",Crime|Film-Noir|Mystery|Thriller,1995,3.32142857142857,14
139,"Die Hard: With a Vengeance",Action|Crime|Thriller,1995,3.55555555555556,144
140,"Doom Generation, The",Comedy|Crime|Drama,1995,2.83333333333333,3
141,"First Knight",Action|Drama|Romance,1995,3.08333333333333,54
142,"Free Willy 2: The Adventure Home",Adventure|Children|Drama,1995,2.4,10
143,"Hackers",Action|Adventure|Crime|Thriller,1995,3.22857142857143,35
144,"Jeffrey",Comedy|Drama,1995,3.83333333333333,6
145,"Johnny Mnemonic",Action|Sci-Fi|Thriller,1995,2.67924528301887,53
146,"Judge Dredd",Action|Crime|Sci-Fi,1995,2.66935483870968,62
147,"Jury Duty",Comedy,1995,2.7,10
148,"Kids",Drama,1995,3.975,20
149,"Living in Oblivion",Comedy,1995,4.30769230769231,13
150,"Lord of Illusions",Horror,1995,2.75,8
151,"Love & Human Remains",Comedy|Drama,1993,1,1
152,"Mad Love",Drama|Romance,1995,1.5,2
153,"Mallrats",Comedy|Romance,1995,3.40277777777778,36
154,"Mighty Morphin Power Rangers: The Movie",Action|Children,1995,2.26470588235294,17
155,"Mute Witness",Comedy|Horror|Thriller,1994,3.5,2
156,"Nadja",Drama,1994,3.5,2
157,"Net, The",Action|Crime|Thriller,1995,3.04017857142857,112
158,"Nine Months",Comedy|Romance,1995,2.82291666666667,48
159,"Party Girl",Comedy,1995,4.125,4
160,"Prophecy, The",Fantasy|Horror|Mystery,1995,3.45833333333333,12
161,"Reckless",Comedy|Fantasy,1995,3,1
162,"Safe",Thriller,1995,2.8,5
163,"Scarlet Letter, The",Drama|Romance,1995,2.41666666666667,6
164,"Showgirls",Drama,1995,2.47142857142857,35
165,"Smoke",Comedy|Drama,1995,3.66666666666667,18
166,"Something to Talk About",Comedy|Drama|Romance,1995,3.1,10
167,"Species",Horror|Sci-Fi,1995,2.66666666666667,45
168,"Strange Days",Action|Crime|Drama|Mystery|Sci-Fi|Thriller,1995,3.25,28
169,"Umbrellas of Cherbourg, The",Drama|Musical|Romance,1964,4.125,4
170,"Three Wishes",Drama|Fantasy,1995,3,1
171,"Total Eclipse",Drama|Romance,1995,3,1
172,"To Wong Foo, Thanks for Everything! Julie Newmar",Comedy,1995,3.43181818181818,22
173,"Under Siege 2: Dark Territory",Action,1995,2.71666666666667,30
174,"Unstrung Heroes",Comedy|Drama,1995,3.16666666666667,9
175,"Unzipped",Documentary,1995,3,2
176,"Walk in the Clouds, A",Drama|Romance,1995,3.42857142857143,21
177,"Waterworld",Action|Adventure|Sci-Fi,1995,2.91304347826087,115
178,"White Man's Burden",Drama,1995,3.16666666666667,3
179,"Wild Bill",Western,1995,3,4
180,"Browning Version, The",Drama,1994,3.5,2
181,"Bushwhacked",Adventure|Comedy|Crime|Mystery,1995,3,3
182,"Burnt by the Sun",Drama,1994,3.83333333333333,6
183,"Before the Rain",Drama|War,1994,4,2
184,"Before Sunrise",Drama|Romance,1995,4.04166666666667,24
185,"Billy Madison",Comedy,1995,3.3265306122449,49
186,"Babysitter, The",Drama|Thriller,1995,2.33333333333333,6
187,"Boys on the Side",Comedy|Drama,1995,3.42857142857143,14
188,"Cure, The",Drama,1995,3,1
189,"Castle Freak",Horror,1995,3,1
190,"Circle of Friends",Drama|Romance,1995,3.75,16
191,"Clerks",Comedy,1994,3.85576923076923,104
192,"Don Juan DeMarco",Comedy|Drama|Romance,1995,3.6125,40
193,"Disclosure",Drama|Thriller,1994,3.53846153846154,52
194,"Drop Zone",Action|Thriller,1994,2.86363636363636,22
195,"Destiny Turns on the Radio",Comedy,1995,2.33333333333333,3
196,"Death and the Maiden",Drama|Thriller,1994,3.42857142857143,7
197,"Dolores Claiborne",Drama|Thriller,1995,3.39583333333333,24
198,"Dumb & Dumber",Adventure|Comedy,1994,3.06015037593985,133
199,"Eat Drink Man Woman",Comedy|Drama|Romance,1994,3.89285714285714,14
200,"Exotica",Drama,1994,3.5,12
201,"Exit to Eden",Comedy,1994,2.58823529411765,17
202,"Ed Wood",Comedy|Drama,1994,3.67857142857143,70
203,"French Kiss",Action|Comedy|Romance,1995,3.47777777777778,45
204,"Forget Paris",Comedy|Romance,1995,3.34090909090909,22
205,"Far From Home: The Adventures of Yellow Dog",Adventure|Children,1995,4,2
206,"Goofy Movie, A",Animation|Children|Comedy|Romance,1995,3,17
207,"Hideaway",Thriller,1995,2.375,4
208,"Fluke",Children|Drama,1995,4,1
209,"Farinelli: il castrato",Drama|Musical,1994,3.6,5
210,"Gordy",Children|Comedy|Fantasy,1995,3,1
211,"Hoop Dreams",Documentary,1994,4.29310344827586,29
212,"Heavenly Creatures",Crime|Drama,1994,3.92857142857143,21
213,"Houseguest",Comedy,1994,3.17647058823529,17
214,"Immortal Beloved",Drama|Romance,1994,3.72222222222222,18
215,"Heavyweights",Children|Comedy,1995,2.5,6
216,"Hunted, The",Action,1995,3,3
217,"I.Q.",Comedy|Romance,1994,3.45348837209302,43
218,"Interview with the Vampire: The Vampire Chronicles",Drama|Horror,1994,3.45871559633028,109
219,"Jefferson in Paris",Drama,1995,3,1
220,"Jerky Boys, The",Comedy,1995,2.07142857142857,7
221,"Junior",Comedy|Sci-Fi,1994,2.82857142857143,35
222,"Just Cause",Mystery|Thriller,1995,3.5,14
223,"Kid in King Arthur's Court, A",Adventure|Children|Comedy|Fantasy|Romance,1995,2.6,10
224,"Kiss of Death",Crime|Drama|Thriller,1995,3.2,5
225,"Star Wars: Episode IV - A New Hope",Action|Adventure|Sci-Fi,1977,4.23107569721116,251
226,"Little Women",Drama,1994,3.88095238095238,42
227,"Little Princess, A",Children|Drama,1995,3.9047619047619,21
228,"Ladybird Ladybird",Drama,1994,4,1
229,"Like Water for Chocolate",Drama|Fantasy|Romance,1992,3.93939393939394,33
230,"Legends of the Fall",Drama|Romance|War|Western,1994,3.39705882352941,68
231,"Major Payne",Comedy,1995,2.94117647058824,17
232,"My Crazy Life",Drama,1993,3,2
233,"Love Affair",Drama|Romance,1994,3.4,5
234,"Losing Isaiah",Drama,1995,3.5,4
235,"Madness of King George, The",Comedy|Drama,1994,3.75806451612903,31
236,"Mary Shelley's Frankenstein",Drama|Horror|Sci-Fi,1994,2.94642857142857,28
237,"Man of the House",Comedy,1995,2.92857142857143,7
238,"Mixed Nuts",Comedy,1994,2,6
239,"Milk Money",Comedy|Romance,1994,3.25,22
240,"Miracle on 34th Street",Drama,1994,3.22368421052632,38
241,"Miami Rhapsody",Comedy,1995,1.5,2
242,"My Family",Drama,1995,3,2
243,"Murder in the First",Drama|Thriller,1995,4.07692307692308,13
244,"Nobody's Fool",Comedy|Drama|Romance,1994,3.78571428571429,14
245,"Nell",Drama,1994,3.3375,40
246,"New Jersey Drive",Crime|Drama,1995,3.66666666666667,3
247,"New York Cop",Action|Crime,1993,4.5,1
248,"Beyond Bedlam",Drama|Horror,1993,4,1
249,"Nina Takes a Lover",Comedy|Romance,1994,3,1
250,"Natural Born Killers",Action|Crime|Thriller,1994,3.23369565217391,92
251,"Only You",Comedy|Romance,1994,3.5625,8
252,"Once Were Warriors",Crime|Drama,1994,4.03571428571429,14
253,"Poison Ivy II",Drama|Thriller,1996,2.33333333333333,3
254,"Outbreak",Action|Drama|Sci-Fi|Thriller,1995,3.42574257425743,101
255,"Léon: The Professional",Action|Crime|Drama|Thriller,1994,4.0187969924812,133
256,"Perez Family, The",Comedy|Romance,1995,3,2
257,"Pyromaniac's Love Story, A",Comedy|Romance,1995,3,1
258,"Pulp Fiction",Comedy|Crime|Drama|Thriller,1994,4.1970684039088,307
259,"Pushing Hands",Drama,1992,2,1
260,"Priest",Drama,1994,4,4
261,"Quiz Show",Drama,1994,3.51851851851852,81
262,"Picture Bride",Drama|Romance,1994,4,1
263,"Queen Margot",Drama|Romance,1994,3.2,5
264,"Quick and the Dead, The",Action|Thriller|Western,1995,2.953125,32
265,"Roommates",Comedy|Drama,1995,3.66666666666667,3
266,"Ready to Wear",Comedy,1994,2.83333333333333,9
267,"Three Colors: Red",Drama,1994,4.21875,16
268,"Three Colors: Blue",Drama,1993,3.89583333333333,24
269,"Three Colors: White",Comedy|Drama,1994,4.025,20
270,"Rent-a-Kid",Comedy,1995,3,1
271,"Relative Fear",Horror|Thriller,1994,3,1
272,"Stuart Saves His Family",Comedy,1995,1.44444444444444,9
273,"Swan Princess, The",Animation|Children,1994,3.33333333333333,3
274,"Secret of Roan Inish, The",Children|Drama|Fantasy|Mystery,1994,3.75,16
275,"Specialist, The",Action|Drama|Thriller,1994,3.07894736842105,38
276,"Stargate",Action|Adventure|Sci-Fi,1994,3.375,140
277,"Santa Clause, The",Comedy|Drama|Fantasy,1994,3.2037037037037,81
278,"Shawshank Redemption, The",Crime|Drama,1994,4.42902208201893,317
279,"Shallow Grave",Comedy|Drama|Thriller,1994,3.6,20
280,"Suture",Film-Noir|Thriller,1993,3,1
281,"Strawberry and Chocolate",Drama,1993,4,2
282,"Swimming with Sharks",Comedy|Drama,1995,3.55,10
283,"Sum of Us, The",Comedy|Drama,1994,4,1
284,"National Lampoon's Senior Trip",Comedy,1995,2.5,7
285,"To Live",Drama,1994,4,3
286,"Tank Girl",Action|Comedy|Sci-Fi,1995,2.82352941176471,34
287,"Tales from the Crypt Presents: Demon Knight",Horror|Thriller,1995,3.15,10
288,"Star Trek: Generations",Adventure|Drama|Sci-Fi,1994,3.39351851851852,108
289,"Tales from the Hood",Action|Crime|Horror,1995,3,6
290,"Tom & Viv",Drama,1994,3,2
291,"Village of the Damned",Horror|Sci-Fi,1995,2.83333333333333,12
292,"Tommy Boy",Comedy,1995,3.78,50
293,"Vanya on 42nd Street",Drama,1994,4.2,5
294,"Underneath",Mystery|Thriller,1995,3.5,2
295,"Walking Dead, The",Drama|War,1995,3,1
296,"What's Eating Gilbert Grape",Drama,1993,3.76623376623377,77
297,"Virtuosity",Action|Sci-Fi|Thriller,1995,2.84210526315789,19
298,"While You Were Sleeping",Comedy|Romance,1995,3.46938775510204,98
299,"War, The",Adventure|Drama|War,1994,3.4,5
300,"Double Happiness",Drama,1994,4,2
301,"Muriel's Wedding",Comedy,1994,3.27272727272727,33
302,"Baby-Sitters Club, The",Children,1995,2.9,5
303,"Ace Ventura: Pet Detective",Comedy,1994,3.04037267080745,161
304,"Adventures of Priscilla, Queen of the Desert, The",Comedy|Drama,1994,3.59722222222222,36
305,"Backbeat",Drama|Musical,1993,3.5,6
306,"Bitter Moon",Drama|Film-Noir|Romance,1992,3.5,6
307,"Bullets Over Broadway",Comedy,1994,3.58333333333333,30
308,"Clear and Present Danger",Action|Crime|Drama|Thriller,1994,3.60454545454545,110
309,"Client, The",Drama|Mystery|Thriller,1994,3.3859649122807,57
310,"Corrina, Corrina",Comedy|Drama|Romance,1994,3.17647058823529,17
311,"Crooklyn",Comedy|Drama,1994,2.5,2
312,"Crow, The",Action|Crime|Fantasy|Thriller,1994,3.609375,64
313,"Cobb",Drama,1994,3.33333333333333,6
314,"Flintstones, The",Children|Comedy|Fantasy,1994,2.35714285714286,42
315,"Forrest Gump",Comedy|Drama|Romance|War,1994,4.16413373860182,329
316,"Four Weddings and a Funeral",Comedy|Romance,1994,3.51941747572816,103
317,"Higher Learning",Drama,1995,2.66666666666667,9
318,"I Like It Like That",Comedy|Drama|Romance,1994,3,1
319,"I Love Trouble",Action|Comedy,1994,2.6875,8
320,"It Could Happen to You",Comedy|Drama|Romance,1994,3.05882352941176,17
321,"Jungle Book, The",Adventure|Children|Romance,1994,3.52941176470588,34
322,"Wonderful, Horrible Life of Leni Riefenstahl, The",Documentary,1993,4,2
323,"Lion King, The",Adventure|Animation|Children|Drama|Musical|IMAX,1994,3.94186046511628,172
324,"Little Buddha",Drama,1993,3.25,4
325,"Wes Craven's New Nightmare",Drama|Horror|Mystery|Thriller,1994,2.91666666666667,12
326,"Mask, The",Action|Comedy|Crime|Fantasy,1994,3.18471337579618,157
327,"Maverick",Adventure|Comedy|Western,1994,3.5,74
328,"Mrs. Parker and the Vicious Circle",Drama,1994,4,2
329,"Naked Gun 33 1/3: The Final Insult",Action|Comedy,1994,3.06034482758621,58
330,"Paper, The",Comedy|Drama,1994,3.30952380952381,21
331,"Reality Bites",Comedy|Drama|Romance,1994,2.76190476190476,21
332,"Red Rock West",Thriller,1992,3.63636363636364,11
333,"Richie Rich",Children|Comedy,1994,2.2,25
334,"River Wild, The",Action|Thriller,1994,3.25,40
335,"Speed",Action|Romance|Thriller,1994,3.52923976608187,171
336,"Speechless",Comedy|Romance,1994,2.78571428571429,7
337,"Timecop",Action|Sci-Fi|Thriller,1994,2.5,21
338,"True Lies",Action|Adventure|Comedy|Romance|Thriller,1994,3.49719101123596,178
339,"When a Man Loves a Woman",Drama|Romance,1994,3.81818181818182,11
340,"Wolf",Drama|Horror|Romance|Thriller,1994,3.15625,16
341,"Wyatt Earp",Western,1994,3.0952380952381,21
342,"Bad Company",Action|Crime|Drama,1995,3.25,2
343,"Man of No Importance, A",Drama,1994,4,1
344,"S.F.W.",Drama,1994,3,1
345,"Low Down Dirty Shame, A",Action|Comedy,1994,2.375,4
346,"Boys Life",Drama,1995,3,2
347,"Colonel Chabert, Le",Drama|Romance|War,1994,4.5,2
348,"Faster Pussycat! Kill! Kill!",Action|Crime|Drama,1965,3.7,5
349,"Jason's Lyric",Crime|Drama,1994,4.5,1
350,"Street Fighter",Action|Adventure|Fantasy,1994,2.5,10
351,"Highlander III: The Sorcerer",Action|Fantasy,1994,2.41666666666667,12
352,"Federal Hill",Drama,1994,3,1
353,"In the Mouth of Madness",Horror|Thriller,1995,3.4375,8
354,"8 Seconds",Drama,1994,3,2
355,"Above the Rim",Crime|Drama,1994,2,1
356,"Addams Family Values",Children|Comedy|Fantasy,1993,3.10119047619048,84
357,"Age of Innocence, The",Drama,1993,3.5,15
358,"Airheads",Comedy,1994,2.78846153846154,26
359,"Air Up There, The",Comedy,1994,2.33333333333333,6
360,"Another Stakeout",Comedy|Thriller,1993,2.53125,16
361,"Bad Girls",Western,1994,2.5,8
362,"Barcelona",Comedy|Romance,1994,3.69230769230769,13
363,"Being Human",Drama,1993,3,2
364,"Beverly Hillbillies, The",Comedy,1993,2.675,20
365,"Beverly Hills Cop III",Action|Comedy|Crime|Thriller,1994,2.72033898305085,59
366,"Black Beauty",Adventure|Children|Drama,1994,3.20833333333333,12
367,"Blink",Thriller,1994,3.2,5
368,"Blown Away",Action|Thriller,1994,2.85,10
369,"Blue Chips",Drama,1994,1.83333333333333,3
370,"Blue Sky",Drama|Romance,1994,3.75,2
371,"Body Snatchers",Horror|Sci-Fi|Thriller,1993,3.14285714285714,7
372,"Boxing Helena",Drama|Mystery|Romance|Thriller,1993,2.54166666666667,12
373,"Bronx Tale, A",Drama,1993,3.72222222222222,18
374,"Cabin Boy",Comedy,1994,2,6
375,"Calendar Girl",Comedy|Drama,1993,3.75,2
376,"Carlito's Way",Crime|Drama,1993,3.73809523809524,42
377,"City Slickers II: The Legend of Curly's Gold",Adventure|Comedy|Western,1994,2.64545454545455,55
378,"Clean Slate",Comedy,1994,2.75,8
379,"Cliffhanger",Action|Adventure|Thriller,1993,3.03465346534653,101
380,"Coneheads",Comedy|Sci-Fi,1993,2.42063492063492,63
381,"Color of Night",Drama|Thriller,1994,2.57142857142857,7
382,"Cops and Robbersons",Comedy,1994,2.16666666666667,9
383,"Cowboy Way, The",Action|Comedy|Drama,1994,2.71428571428571,7
384,"Dave",Comedy|Romance,1993,3.54605263157895,76
385,"Dazed and Confused",Comedy,1993,3.92857142857143,42
386,"Demolition Man",Action|Adventure|Sci-Fi,1993,3.09259259259259,81
387,"Even Cowgirls Get the Blues",Comedy|Romance,1993,2.33333333333333,6
388,"Fatal Instinct",Comedy,1993,3,12
389,"Farewell My Concubine",Drama|Romance,1993,3.83333333333333,9
390,"Fearless",Drama,1993,3.625,8
391,"Fear of a Black Hat",Comedy,1994,1,1
392,"With Honors",Comedy|Drama,1994,3,7
393,"Flesh and Bone",Drama|Mystery|Romance,1993,4,1
394,"Widows' Peak",Drama,1994,3,3
395,"For Love or Money",Comedy|Romance,1993,2.8,5
396,"Firm, The",Drama|Thriller,1993,3.53465346534653,101
397,"Free Willy",Adventure|Children|Drama,1993,2.39189189189189,37
398,"Fresh",Crime|Drama|Thriller,1994,3.75,4
399,"Fugitive, The",Thriller,1993,3.99210526315789,190
400,"Geronimo: An American Legend",Drama|Western,1993,2.8,5
401,"Getaway, The",Action|Adventure|Crime|Drama|Romance|Thriller,1994,2.25,6
402,"Getting Even with Dad",Comedy,1994,2.66666666666667,3
403,"Go Fish",Drama|Romance,1994,2.75,4
404,"Hard Target",Action|Adventure|Crime|Thriller,1993,2.9,10
405,"Hot Shots! Part Deux",Action|Comedy|War,1993,2.86666666666667,60
406,"Live Nude Girls",Comedy,1995,5,1
407,"Englishman Who Went Up a Hill But Came Down a Mountain, The",Comedy|Romance,1995,3.20454545454545,22
408,"House of the Spirits, The",Drama|Romance,1993,3.4,5
409,"House Party 3",Comedy,1994,1,1
410,"Hudsucker Proxy, The",Comedy,1994,3.55,40
411,"I'll Do Anything",Comedy|Drama,1994,2.58333333333333,6
412,"In the Army Now",Comedy|War,1994,1.85714285714286,7
413,"In the Line of Fire",Action|Thriller,1993,3.69285714285714,70
414,"In the Name of the Father",Drama,1993,4.3,25
415,"Inkwell, The",Comedy|Drama,1994,1,1
416,"What's Love Got to Do with It?",Drama|Musical,1993,3.38235294117647,17
417,"Jimmy Hollywood",Comedy|Crime|Drama,1994,2.5,1
418,"Judgment Night",Action|Crime|Thriller,1993,2.25,4
419,"Jurassic Park",Action|Adventure|Sci-Fi|Thriller,1993,3.75,238
420,"Kalifornia",Drama|Thriller,1993,3.15789473684211,19
421,"Killing Zoe",Crime|Drama|Thriller,1994,3.625,8
422,"Lassie",Adventure|Children,1994,3,2
423,"Last Action Hero",Action|Adventure|Comedy|Fantasy,1993,2.93396226415094,53
424,"Life with Mikey",Comedy,1993,3,3
425,"Lightning Jack",Comedy|Western,1994,2.5,4
426,"M. Butterfly",Drama|Romance,1993,3,1
427,"Made in America",Comedy,1993,2.86363636363636,11
428,"Malice",Thriller,1993,3,12
429,"Man Without a Face, The",Drama,1993,3.29411764705882,17
430,"Manhattan Murder Mystery",Comedy|Mystery,1993,3.75,14
431,"Menace II Society",Action|Crime|Drama,1993,3.66666666666667,12
432,"Executive Decision",Action|Adventure|Thriller,1996,3.3780487804878,41
433,"In the Realm of the Senses",Drama,1976,5,1
434,"What Happened Was...",Comedy|Drama|Romance|Thriller,1994,5,1
435,"Much Ado About Nothing",Comedy|Romance,1993,3.81395348837209,43
436,"Mr. Wonderful",Comedy|Romance,1993,2.5,2
437,"Mrs. Doubtfire",Comedy|Drama,1993,3.38888888888889,144
438,"Naked",Drama,1993,3.66666666666667,6
439,"Next Karate Kid, The",Action|Children|Romance,1994,2.36666666666667,15
440,"No Escape",Action|Drama|Sci-Fi,1994,3,2
441,"North",Comedy,1994,2.21428571428571,7
442,"Orlando",Drama|Fantasy|Romance,1992,4.5,2
443,"Perfect World, A",Crime|Drama|Thriller,1993,3.38461538461538,13
444,"Philadelphia",Drama,1993,3.61363636363636,66
445,"Piano, The",Drama|Romance,1993,3.54098360655738,61
446,"Poetic Justice",Drama,1993,3,1
447,"Program, The",Action|Drama,1993,3,2
448,"Puppet Masters, The",Horror|Sci-Fi,1994,3,4
449,"Radioland Murders",Comedy|Mystery|Romance,1994,3.375,4
450,"Ref, The",Comedy,1994,3.41666666666667,18
451,"Remains of the Day, The",Drama|Romance,1993,3.60416666666667,24
452,"Renaissance Man",Comedy|Drama,1994,3.05555555555556,18
453,"Rising Sun",Action|Drama|Mystery,1993,3.27777777777778,9
454,"Road to Wellville, The",Comedy,1994,2.375,4
455,"RoboCop 3",Action|Crime|Drama|Sci-Fi|Thriller,1993,2.4047619047619,21
456,"Robin Hood: Men in Tights",Comedy,1993,3.1304347826087,69
457,"Romeo Is Bleeding",Crime|Thriller,1993,3.16666666666667,3
458,"Romper Stomper",Action|Drama,1992,3.28571428571429,7
459,"Ruby in Paradise",Drama,1993,3.5,4
460,"Rudy",Drama,1993,3.48529411764706,34
461,"Savage Nights",Drama,1992,4,1
462,"Schindler's List",Drama|War,1993,4.225,220
463,"Scout, The",Comedy|Drama,1994,2.33333333333333,3
464,"Searching for Bobby Fischer",Drama,1993,3.875,40
465,"Secret Garden, The",Children|Drama,1993,3.25,24
466,"Serial Mom",Comedy|Crime|Horror,1994,3,16
467,"Shadow, The",Action|Adventure|Fantasy|Mystery,1994,2.88888888888889,18
468,"Shadowlands",Drama|Romance,1993,3.60714285714286,14
469,"Short Cuts",Drama,1993,3.26666666666667,15
470,"Simple Twist of Fate, A",Drama,1994,3.33333333333333,3
471,"Sirens",Drama,1994,3.16666666666667,12
472,"Six Degrees of Separation",Drama,1993,3.58333333333333,12
473,"Sleepless in Seattle",Comedy|Drama|Romance,1993,3.47169811320755,106
474,"Sliver",Thriller,1993,2.66666666666667,18
475,"Blade Runner",Action|Sci-Fi|Thriller,1982,4.1008064516129,124
476,"Son in Law",Comedy|Drama|Romance,1993,2.78571428571429,14
477,"So I Married an Axe Murderer",Comedy|Romance|Thriller,1993,3.31707317073171,41
478,"Striking Distance",Action|Crime,1993,2.4375,8
479,"Super Mario Bros.",Action|Adventure|Children|Comedy|Fantasy|Sci-Fi,1993,2,21
480,"Surviving the Game",Action|Adventure|Thriller,1994,3.25,2
481,"Terminal Velocity",Action|Mystery|Thriller,1994,2.75,6
482,"Thirty-Two Short Films About Glenn Gould",Drama|Musical,1993,4.5,2
483,"Threesome",Comedy|Romance,1994,3.4,5
484,"Nightmare Before Christmas, The",Animation|Children|Fantasy|Musical,1993,3.55376344086022,93
485,"Three Musketeers, The",Action|Adventure|Comedy|Romance,1993,3.26229508196721,61
486,"Tombstone",Action|Drama|Western,1993,3.81538461538462,65
487,"True Romance",Crime|Thriller,1993,3.8,65
488,"War Room, The",Documentary,1993,3.33333333333333,6
489,"Pagemaster, The",Action|Adventure|Animation|Children|Fantasy,1994,2.9375,8
490,"Welcome to the Dollhouse",Comedy|Drama,1995,3.54347826086957,23
491,"Germinal",Drama|Romance,1993,4,1
492,"Chasers",Comedy,1994,1.5,2
493,"Kika",Comedy|Drama,1993,2,3
494,"Bhaji on the Beach",Comedy|Drama,1993,3.5,2
495,"Little Big League",Comedy|Drama,1994,2.66666666666667,6
496,"Ciao, Professore!",Drama,1992,3.5,1
497,"Spanking the Monkey",Comedy|Drama,1994,3.25,4
498,"Little Rascals, The",Children|Comedy,1994,2.65625,16
499,"Andre",Adventure|Children|Drama,1994,2.125,4
500,"Escort, The",Crime|Thriller,1993,3,1
501,"Princess Caraboo",Drama,1994,2.8,5
502,"Celluloid Closet, The",Documentary,1995,4,4
503,"Dear Diary",Comedy|Drama,1994,4,1
504,"Brady Bunch Movie, The",Comedy,1995,2.73611111111111,36
505,"Home Alone",Children|Comedy,1990,2.99568965517241,116
506,"Ghost",Comedy|Drama|Fantasy|Romance|Thriller,1990,3.43478260869565,115
507,"Aladdin",Adventure|Animation|Children|Comedy|Musical,1992,3.79234972677596,183
508,"Terminator 2: Judgment Day",Action|Sci-Fi,1991,3.97098214285714,224
509,"Dances with Wolves",Adventure|Drama|Western,1990,3.83536585365854,164
510,"Batman",Action|Crime|Thriller,1989,3.42857142857143,189
511,"Silence of the Lambs, The",Crime|Horror|Thriller,1991,4.16129032258065,279
512,"Snow White and the Seven Dwarfs",Animation|Children|Drama|Fantasy|Musical,1937,3.61688311688312,77
513,"Beauty and the Beast",Animation|Children|Fantasy|Musical|Romance|IMAX,1991,3.77054794520548,146
514,"Pinocchio",Animation|Children|Fantasy|Musical,1940,3.45,60
515,"Pretty Woman",Comedy|Romance,1990,3.48518518518519,135
516,"Wild Bunch, The",Adventure|Western,1969,3.81818181818182,11
517,"Love and a .45",Action|Comedy|Crime,1994,4,1
518,"Great Day in Harlem, A",Documentary,1994,4,1
519,"One Fine Day",Drama|Romance,1996,3,10
520,"Candyman: Farewell to the Flesh",Fantasy|Horror,1995,3,4
521,"Fargo",Comedy|Crime|Drama|Thriller,1996,4.11602209944751,181
522,"Homeward Bound II: Lost in San Francisco",Adventure|Children,1996,3.57142857142857,14
523,"Heavy Metal",Action|Adventure|Animation|Horror|Sci-Fi,1981,3.54545454545455,33
524,"Hellraiser: Bloodline",Action|Horror|Sci-Fi,1996,2.41666666666667,6
525,"Pallbearer, The",Comedy,1996,2.5,6
526,"Jane Eyre",Drama|Romance,1996,3.1875,8
527,"Bread and Chocolate",Comedy|Drama,1973,3,1
528,"Aristocats, The",Animation|Children,1970,3.41111111111111,45
529,"Flower of My Secret, The",Comedy|Drama,1995,2.83333333333333,3
530,"Two Much",Comedy|Romance,1995,3,1
531,"Ed",Comedy,1996,2.6,5
532,"Thin Line Between Love and Hate, A",Comedy,1996,5,1
533,"Last Supper, The",Drama|Thriller,1995,3.33333333333333,6
534,"Primal Fear",Crime|Drama|Mystery|Thriller,1996,3.64285714285714,35
535,"All Dogs Go to Heaven 2",Adventure|Animation|Children|Fantasy|Musical|Romance,1996,3.18181818181818,11
536,"Land and Freedom",Drama|War,1995,4,1
537,"Denise Calls Up",Comedy,1995,5,1
538,"Theodore Rex",Comedy,1995,2.25,4
539,"Family Thing, A",Comedy|Drama,1996,3,2
540,"Frisk",Drama,1995,3,1
541,"Sgt. Bilko",Comedy,1996,3.04545454545455,33
542,"Jack and Sarah",Romance,1995,3,1
543,"Girl 6",Comedy|Drama,1996,3,4
544,"Diabolique",Drama|Thriller,1996,2.68181818181818,11
545,"Nelly & Monsieur Arnaud",Drama,1995,3.5,2
546,"Courage Under Fire",Action|Crime|Drama|War,1996,3.32758620689655,29
547,"Mission: Impossible",Action|Adventure|Mystery|Thriller,1996,3.53703703703704,162
548,"Cold Fever",Comedy|Drama,1995,3,1
549,"Moll Flanders",Drama,1996,3,4
550,"Dragonheart",Action|Adventure|Fantasy,1996,3.09230769230769,65
551,"Eddie",Comedy,1996,3,5
552,"James and the Giant Peach",Adventure|Animation|Children|Fantasy|Musical,1996,3.44897959183673,49
553,"Fear",Thriller,1996,3.28571428571429,7
554,"Kids in the Hall: Brain Candy",Comedy,1996,3.29166666666667,12
555,"Underground",Comedy|Drama|War,1995,4.33333333333333,3
556,"Bloodsport 2",Action,1996,2.8125,8
557,"Song of the Little Road",Drama,1955,4.25,2
558,"World of Apu, The",Drama,1959,4.75,2
559,"Mystery Science Theater 3000: The Movie",Comedy|Sci-Fi,1996,3.48611111111111,36
560,"Space Jam",Adventure|Animation|Children|Comedy|Fantasy|Sci-Fi,1996,2.70754716981132,53
561,"Barbarella",Adventure|Comedy|Sci-Fi,1968,3.16666666666667,9
562,"Some Folks Call It a Sling Blade",Drama|Thriller,1993,3.83333333333333,9
563,"Run of the Country, The",Drama,1995,4,1
564,"Alphaville",Drama|Mystery|Romance|Sci-Fi|Thriller,1965,4.125,4
565,"It's My Party",Drama,1996,4,2
566,"Operation Dumbo Drop",Action|Adventure|Comedy|War,1995,2.33333333333333,9
567,"Mrs. Winterbourne",Comedy|Romance,1996,3.33333333333333,3
568,"Solo",Action|Sci-Fi|Thriller,1996,2,4
569,"Substitute, The",Action|Crime|Drama,1996,2.95454545454545,11
570,"True Crime",Mystery|Thriller,1996,4,2
571,"Feeling Minnesota",Drama|Romance,1996,2.7,5
572,"Delta of Venus",Drama,1995,1,1
573,"Angus",Comedy,1995,3.21428571428571,7
574,"Boys",Drama,1996,2,2
575,"Quest, The",Action|Adventure,1996,2.57142857142857,7
576,"Sunset Park",Drama,1996,3,1
577,"Mulholland Falls",Crime|Drama|Thriller,1996,2.88095238095238,21
578,"Truth About Cats & Dogs, The",Comedy|Romance,1996,3.38793103448276,58
579,"Oliver & Company",Adventure|Animation|Children|Comedy|Musical,1988,3.09090909090909,11
580,"Celtic Pride",Comedy,1996,2.5625,8
581,"Flipper",Adventure|Children,1996,3.05,10
582,"Dead Man",Drama|Mystery|Western,1995,3.96666666666667,15
583,"Horseman on the Roof, The",Drama|Romance,1995,3.66666666666667,3
584,"Visitors, The",Comedy|Fantasy|Sci-Fi,1993,4.125,4
585,"Multiplicity",Comedy,1996,2.84285714285714,35
586,"Wallace & Gromit: The Best of Aardman Animation",Adventure|Animation|Comedy,1996,4.09259259259259,27
587,"Haunted World of Edward D. Wood Jr., The",Documentary,1996,4,1
588,"Craft, The",Drama|Fantasy|Horror|Thriller,1996,3.03225806451613,31
589,"Great White Hype, The",Comedy,1996,2.5,5
590,"Last Dance",Drama,1996,3,1
591,"Cold Comfort Farm",Comedy,1995,3.5,10
592,"Heaven's Prisoners",Crime|Thriller,1996,3.33333333333333,3
593,"Rock, The",Action|Adventure|Thriller,1996,3.6404958677686,121
594,"Cemetery Man",Horror,1994,3.92857142857143,7
595,"Twister",Action|Adventure|Romance|Thriller,1996,3.32113821138211,123
596,"Barb Wire",Action|Sci-Fi,1996,2.65,20
597,"Ghost in the Shell",Animation|Sci-Fi,1995,4.14814814814815,27
598,"Thinner",Horror|Thriller,1996,2.81818181818182,11
599,"Spy Hard",Comedy,1996,2.51724137931034,29
600,"Wallace & Gromit: A Close Shave",Animation|Children|Comedy,1995,3.89583333333333,48
601,"Stupids, The",Comedy,1996,3.33333333333333,3
602,"Arrival, The",Action|Sci-Fi|Thriller,1996,3.11363636363636,22
603,"Dr. Strangelove or: How I Learned to Stop Worrying and Love the Bomb",Comedy|War,1964,4.2680412371134,97
604,"Ashes of Time",Drama,1994,4,1
605,"Maya Lin: A Strong Clear Vision",Documentary,1994,3.5,2
606,"Stalingrad",Drama|War,1993,4.25,2
607,"Phantom, The",Action|Adventure,1996,2.78947368421053,19
608,"Striptease",Comedy|Crime,1996,2.41463414634146,41
609,"Heavy",Drama|Romance,1995,3.5,2
610,"Jack",Comedy|Drama,1996,3.15789473684211,19
611,"I Shot Andy Warhol",Drama,1996,3.5,4
612,"Touki Bouki",Drama,1973,3.5,1
613,"Spirits of the Dead",Horror|Mystery,1968,3,1
614,"Trainspotting",Comedy|Crime|Drama,1996,4.03921568627451,102
615,"'Til There Was You",Drama|Romance,1997,4,2
616,"Independence Day",Action|Adventure|Sci-Fi|Thriller,1996,3.44554455445545,202
617,"Stealing Beauty",Drama,1996,3.5,7
618,"Fan, The",Drama|Thriller,1996,3,8
619,"Hunchback of Notre Dame, The",Animation|Children|Drama|Musical|Romance,1996,3.32978723404255,47
620,"Cable Guy, The",Comedy|Thriller,1996,2.80555555555556,54
621,"Kingpin",Comedy,1996,3.36904761904762,42
622,"Eraser",Action|Drama|Thriller,1996,3.109375,64
623,"Nutty Professor, The",Comedy|Fantasy|Romance|Sci-Fi,1996,2.73170731707317,82
624,"Unforgettable Summer, An",Drama,1994,2,1
625,"Last Klezmer: Leopold Kozlowski, His Life and Music, The",Documentary,1994,4,1
626,"Somebody to Love",Drama,1994,3.5,2
627,"Daylight",Action|Adventure|Drama|Thriller,1996,2.70833333333333,12
628,"Frighteners, The",Comedy|Horror|Thriller,1996,3.45652173913043,23
629,"Lone Star",Drama|Mystery|Western,1996,4.15789473684211,19
630,"Harriet the Spy",Children|Comedy,1996,3.13636363636364,11
631,"Phenomenon",Drama|Romance,1996,3.33695652173913,46
632,"Walking and Talking",Comedy|Drama|Romance,1996,4,1
633,"She's the One",Comedy|Romance,1996,3.25,8
634,"Time to Kill, A",Drama|Thriller,1996,3.65714285714286,35
635,"American Buffalo",Crime|Drama,1996,1.5,1
636,"Alaska",Adventure|Children,1996,3.5,2
637,"Fled",Action|Adventure,1996,2.33333333333333,9
638,"Kazaam",Children|Comedy|Fantasy,1996,2.25,12
639,"Larger Than Life",Comedy,1996,2.8,5
640,"Very Brady Sequel, A",Comedy,1996,3.25,10
641,"Collector, The",Drama,1967,3.5,1
642,"Kaspar Hauser",Drama|Mystery,1993,4,1
643,"Adventures of Pinocchio, The",Adventure|Children,1996,3.33333333333333,6
644,"Joe's Apartment",Comedy|Fantasy|Musical,1996,2.66666666666667,9
645,"First Wives Club, The",Comedy,1996,3.07142857142857,21
646,"Ransom",Crime|Thriller,1996,3.33783783783784,37
647,"High School High",Comedy,1996,2,6
648,"Foxfire",Drama,1996,3.66666666666667,3
649,"Chain Reaction",Action|Adventure|Thriller,1996,2.88235294117647,17
650,"Matilda",Children|Comedy|Fantasy,1996,3.27272727272727,33
651,"Emma",Comedy|Drama|Romance,1996,3.91666666666667,30
652,"Crow: City of Angels, The",Action|Thriller,1996,2.83333333333333,15
653,"House Arrest",Children|Comedy,1996,3.375,4
654,"Eyes Without a Face",Horror,1959,3,2
655,"Tales from the Crypt Presents: Bordello of Blood",Comedy|Horror,1996,2.54166666666667,12
656,"Spitfire Grill, The",Drama,1996,3.28571428571429,7
657,"Escape from L.A.",Action|Adventure|Sci-Fi|Thriller,1996,2.92045454545455,44
658,"Basquiat",Drama,1996,2.83333333333333,6
659,"Tin Cup",Comedy|Drama|Romance,1996,3.17441860465116,43
660,"Godfather, The",Crime|Drama,1972,4.2890625,192
661,"Supercop",Action|Comedy|Crime|Thriller,1992,3.83333333333333,9
662,"Bound",Crime|Drama|Romance|Thriller,1996,4,23
663,"Carpool",Comedy|Crime,1996,1.75,2
664,"Kansas City",Crime|Drama|Musical|Thriller,1996,3.66666666666667,3
665,"Gone Fishin'",Comedy,1997,1,2
666,"Nothing to Lose",Action|Crime|Drama,1994,3.5,1
667,"Supercop 2",Action|Comedy|Crime|Thriller,1993,5,1
668,"Relic, The",Horror|Thriller,1997,3,4
669,"Island of Dr. Moreau, The",Sci-Fi|Thriller,1996,2.74074074074074,27
670,"First Kid",Children|Comedy,1996,2.1,5
671,"Trigger Effect, The",Drama|Thriller,1996,2,1
672,"Bogus",Children|Drama|Fantasy,1996,2.5,2
673,"Bulletproof",Action|Comedy|Crime,1996,2.66666666666667,6
674,"Land Before Time III: The Time of the Great Giving",Adventure|Animation|Children|Musical,1995,2.16666666666667,3
675,"1-900",Drama|Romance,1994,4,1
676,"Halloween: The Curse of Michael Myers",Horror|Thriller,1995,3.8,5
677,"Twelfth Night",Comedy|Drama|Romance,1996,3.53846153846154,13
678,"Mother Night",Drama,1996,3.66666666666667,3
679,"Wild Reeds",Drama,1994,2.5,2
680,"For Whom the Bell Tolls",Adventure|Drama|Romance|War,1943,3.75,2
681,"Philadelphia Story, The",Comedy|Drama|Romance,1940,4.31034482758621,29
682,"Singin' in the Rain",Comedy|Musical|Romance,1952,4.07446808510638,47
683,"American in Paris, An",Musical|Romance,1951,3.70833333333333,12
684,"Funny Face",Comedy|Musical,1957,3,7
685,"Breakfast at Tiffany's",Drama|Romance,1961,3.84722222222222,36
686,"Vertigo",Drama|Mystery|Romance|Thriller,1958,4.025,60
687,"Rear Window",Mystery|Thriller,1954,4.26190476190476,84
688,"It Happened One Night",Comedy|Romance,1934,4.32142857142857,14
689,"Gaslight",Drama|Thriller,1944,4.14285714285714,7
690,"Gay Divorcee, The",Comedy|Musical|Romance,1934,3.5,2
691,"North by Northwest",Action|Adventure|Mystery|Romance|Thriller,1959,4.18421052631579,57
692,"Apartment, The",Comedy|Drama|Romance,1960,3.96296296296296,27
693,"Some Like It Hot",Comedy|Crime,1959,4.01,50
694,"Charade",Comedy|Crime|Mystery|Romance|Thriller,1963,3.80769230769231,13
695,"Casablanca",Drama|Romance,1942,4.24,100
696,"Maltese Falcon, The",Film-Noir|Mystery,1941,4.17045454545455,44
697,"My Fair Lady",Comedy|Drama|Musical|Romance,1964,4.04285714285714,35
698,"Sabrina",Comedy|Romance,1954,3.76666666666667,30
699,"Roman Holiday",Comedy|Drama|Romance,1953,4.05769230769231,26
700,"Little Princess, The",Children|Drama,1939,3.5,2
701,"Meet Me in St. Louis",Musical,1944,4.1,10
702,"Wizard of Oz, The",Adventure|Children|Fantasy|Musical,1939,3.8804347826087,92
703,"Gone with the Wind",Drama|Romance|War,1939,3.64444444444444,45
704,"My Favorite Year",Comedy,1982,3.38888888888889,9
705,"Sunset Blvd.",Drama|Film-Noir|Romance,1950,4.33333333333333,27
706,"Citizen Kane",Drama|Mystery,1941,4.04347826086957,69
707,"2001: A Space Odyssey",Adventure|Drama|Sci-Fi,1968,3.89449541284404,109
708,"All About Eve",Drama,1950,4.22916666666667,24
709,"Women, The",Comedy,1939,4,3
710,"Rebecca",Drama|Mystery|Romance|Thriller,1940,4.16666666666667,18
711,"Foreign Correspondent",Drama|Film-Noir|Mystery|Thriller,1940,3.5,1
712,"Notorious",Film-Noir|Romance|Thriller,1946,4.25,20
713,"Spellbound",Mystery|Romance|Thriller,1945,3.83333333333333,9
714,"Affair to Remember, An",Drama|Romance,1957,3.9375,8
715,"To Catch a Thief",Crime|Mystery|Romance|Thriller,1955,4.21739130434783,23
716,"Father of the Bride",Comedy,1950,3.25,12
717,"Band Wagon, The",Comedy|Musical,1953,3.83333333333333,3
718,"Ninotchka",Comedy|Romance,1939,4,6
719,"Love in the Afternoon",Comedy|Romance,1957,3.5,2
720,"Gigi",Musical,1958,3.25,6
721,"Adventures of Robin Hood, The",Action|Adventure|Romance,1938,4,8
722,"Mark of Zorro, The",Adventure,1940,3.75,2
723,"Laura",Crime|Film-Noir|Mystery,1944,4.33333333333333,6
724,"Ghost and Mrs. Muir, The",Drama|Fantasy|Romance,1947,3.92857142857143,7
725,"Lost Horizon",Drama,1937,4,3
726,"Top Hat",Comedy|Musical|Romance,1935,4.07142857142857,7
727,"To Be or Not to Be",Comedy|Drama|War,1942,2.5,3
728,"My Man Godfrey",Comedy|Romance,1936,3.75,4
729,"Giant",Drama|Romance|Western,1956,3.91666666666667,6
730,"East of Eden",Drama,1955,3.91666666666667,6
731,"Thin Man, The",Comedy|Crime,1934,3.85714285714286,7
732,"His Girl Friday",Comedy|Romance,1940,4.39285714285714,14
733,"Around the World in 80 Days",Adventure|Comedy,1956,3.625,12
734,"It's a Wonderful Life",Children|Drama|Fantasy|Romance,1946,4.03448275862069,58
735,"Mr. Smith Goes to Washington",Drama,1939,4.08333333333333,18
736,"Bringing Up Baby",Comedy|Romance,1938,3.86111111111111,18
737,"Penny Serenade",Drama|Romance,1941,4,1
738,"Of Human Bondage",Drama,1934,3.5,1
739,"Little Lord Fauntleroy",Drama,1936,4,1
740,"Inspector General, The",Musical,1949,3,1
741,"39 Steps, The",Drama|Mystery|Thriller,1935,4.04545454545455,11
742,"Night of the Living Dead",Horror|Sci-Fi|Thriller,1968,3.75,28
743,"African Queen, The",Adventure|Comedy|Romance|War,1951,3.97058823529412,34
744,"Beat the Devil",Adventure|Comedy|Crime|Drama|Romance,1953,3.5,1
745,"Cat on a Hot Tin Roof",Drama,1958,4.1,10
746,"Meet John Doe",Comedy|Drama,1941,3.9,5
747,"Farewell to Arms, A",Romance|War,1932,3,1
748,"Nothing Personal",Drama|War,1995,3,1
749,"Dangerous Ground",Drama,1997,3,2
750,"Picnic",Drama,1955,3,1
751,"Pompatus of Love, The",Comedy|Drama,1996,3.5,2
752,"Fly Away Home",Adventure|Children,1996,3.53846153846154,13
753,"Bliss",Drama|Romance,1997,3,1
754,"Grace of My Heart",Comedy|Drama,1996,3,2
755,"Maximum Risk",Action|Adventure|Thriller,1996,2.9,5
756,"Michael Collins",Drama,1996,3.31818181818182,11
757,"Infinity",Drama,1996,3,1
758,"Big Night",Comedy|Drama,1996,4.18181818181818,11
759,"Last Man Standing",Action|Crime|Drama|Thriller,1996,2.5,13
760,"Set It Off",Action|Crime,1996,3,3
761,"2 Days in the Valley",Crime|Film-Noir,1996,3.04166666666667,12
762,"Extreme Measures",Drama|Thriller,1996,2.5,3
763,"Glimmer Man, The",Action|Thriller,1996,3,6
764,"D3: The Mighty Ducks",Children|Comedy,1996,2.1875,8
765,"Chamber, The",Drama,1996,3.5,5
766,"Apple Dumpling Gang, The",Children|Comedy|Western,1975,2.6,10
767,"Davy Crockett, King of the Wild Frontier",Adventure|Western,1955,3,1
768,"Escape to Witch Mountain",Adventure|Children|Fantasy,1975,3.05555555555556,9
769,"Love Bug, The",Children|Comedy,1969,3.05555555555556,9
770,"Herbie Rides Again",Children|Comedy|Fantasy|Romance,1974,2.9375,8
771,"Old Yeller",Children|Drama,1957,3.44444444444444,9
772,"Parent Trap, The",Children|Comedy|Romance,1961,3.20833333333333,12
773,"Pollyanna",Children|Comedy|Drama,1960,2.9,5
774,"Homeward Bound: The Incredible Journey",Adventure|Children|Drama,1993,2.95,20
775,"Shaggy Dog, The",Children|Comedy,1959,2.9,5
776,"Swiss Family Robinson",Adventure|Children,1960,3.5,10
777,"That Darn Cat!",Children|Comedy|Mystery,1965,2.41666666666667,6
778,"20,000 Leagues Under the Sea",Adventure|Drama|Sci-Fi,1954,3.47058823529412,17
779,"Cool Runnings",Comedy,1993,3.08108108108108,37
780,"Angels in the Outfield",Children|Comedy,1994,2.33333333333333,27
781,"Cinderella",Animation|Children|Fantasy|Musical|Romance,1950,3.48809523809524,42
782,"Winnie the Pooh and the Blustery Day",Animation|Children|Musical,1968,3.61538461538462,13
783,"Three Caballeros, The",Animation|Children|Musical,1945,3.66666666666667,6
784,"Sword in the Stone, The",Animation|Children|Fantasy|Musical,1963,3.58,25
785,"Robin Hood: Prince of Thieves",Adventure|Drama,1991,3.01785714285714,28
786,"Mary Poppins",Children|Comedy|Fantasy|Musical,1964,3.88732394366197,71
787,"Dumbo",Animation|Children|Drama|Musical,1941,3.38571428571429,35
788,"Pete's Dragon",Adventure|Animation|Children|Musical,1977,2.76666666666667,15
789,"Bedknobs and Broomsticks",Adventure|Children|Musical,1971,3.47916666666667,24
790,"Alice in Wonderland",Adventure|Animation|Children|Fantasy|Musical,1951,3.375,40
791,"Fox and the Hound, The",Animation|Children|Drama,1981,3.575,20
792,"Freeway",Comedy|Crime|Drama|Thriller,1996,3.1,5
793,"Sound of Music, The",Musical|Romance,1965,3.9375,64
794,"Die Hard",Action|Crime|Thriller,1988,3.86206896551724,145
795,"Lawnmower Man, The",Action|Horror|Sci-Fi|Thriller,1992,2.77083333333333,24
796,"Secret Agent, The",Drama,1996,3,1
797,"Secrets & Lies",Drama,1996,4.59090909090909,11
798,"That Thing You Do!",Comedy|Drama,1996,3.27380952380952,42
799,"To Gillian on Her 37th Birthday",Drama|Romance,1996,2.4,5
800,"Beautiful Thing",Drama|Romance,1996,4.5,4
801,"Long Kiss Goodnight, The",Action|Drama|Thriller,1996,3.31818181818182,33
802,"Ghost and the Darkness, The",Action|Adventure,1996,3.47619047619048,21
803,"Looking for Richard",Documentary|Drama,1996,3.9,5
804,"Trees Lounge",Drama,1996,4,3
805,"Normal Life",Crime|Drama|Romance,1996,3,1
806,"Get on the Bus",Drama,1996,2,1
807,"Shadow Conspiracy",Thriller,1997,1.5,2
808,"Jude",Drama,1996,3.07142857142857,7
809,"Everyone Says I Love You",Comedy|Musical|Romance,1996,3.46666666666667,15
810,"William Shakespeare's Romeo + Juliet",Drama|Romance,1996,3.72222222222222,36
811,"Swingers",Comedy|Drama,1996,3.69444444444444,36
812,"Sleepers",Thriller,1996,3.67241379310345,29
813,"Aladdin and the King of Thieves",Animation|Children|Comedy|Fantasy|Musical|Romance,1996,3.15384615384615,13
814,"Shall We Dance",Comedy|Musical|Romance,1937,4.5,4
815,"Crossfire",Crime|Film-Noir,1947,3.5,1
816,"Willy Wonka & the Chocolate Factory",Children|Comedy|Fantasy|Musical,1971,3.87394957983193,119
817,"Innocents, The",Drama|Horror|Thriller,1961,NaN,NaN
818,"Sleeper",Comedy|Sci-Fi,1973,3.75,28
819,"Bananas",Comedy|War,1971,3.40909090909091,11
820,"Fish Called Wanda, A",Comedy|Crime,1988,3.92253521126761,71
821,"Monty Python's Life of Brian",Comedy,1979,3.92696629213483,89
822,"Victor/Victoria",Comedy|Musical|Romance,1982,3.54166666666667,12
823,"Candidate, The",Drama,1972,3.58333333333333,6
824,"Great Race, The",Comedy|Musical,1965,3.33333333333333,6
825,"Bonnie and Clyde",Crime|Drama,1967,4.07142857142857,35
826,"Old Man and the Sea, The",Adventure|Drama,1958,3.5,2
827,"Dial M for Murder",Crime|Mystery|Thriller,1954,4.1,25
828,"Dirty Dancing",Drama|Musical|Romance,1987,3.36904761904762,42
829,"Reservoir Dogs",Crime|Mystery|Thriller,1992,4.20229007633588,131
830,"Platoon",Drama|War,1986,3.98412698412698,63
831,"Weekend at Bernie's",Comedy,1989,2.54761904761905,21
832,"Basic Instinct",Crime|Mystery|Thriller,1992,3.19148936170213,47
833,"Doors, The",Drama,1991,3.40540540540541,37
834,"Crying Game, The",Drama|Romance|Thriller,1992,3.44047619047619,42
835,"Glengarry Glen Ross",Drama,1992,3.66666666666667,15
836,"Sophie's Choice",Drama,1982,4.05,10
837,"E.T. the Extra-Terrestrial",Children|Drama|Sci-Fi,1982,3.76639344262295,122
838,"Christmas Carol, A",Children|Drama|Fantasy,1938,3.375,4
839,"Days of Thunder",Action|Drama|Romance,1990,2.71052631578947,19
840,"Top Gun",Action|Romance,1986,3.30120481927711,83
841,"Rebel Without a Cause",Drama,1955,4.1,15
842,"Streetcar Named Desire, A",Drama,1951,4.475,20
843,"Children of the Corn IV: The Gathering",Horror,1996,4.66666666666667,3
844,"Loser",Comedy,1991,2,2
845,"Microcosmos",Documentary,1996,4.125,4
846,"Palookaville",Action|Comedy|Drama,1996,4.5,2
847,"Funeral, The",Crime|Drama,1996,3,1
848,"Single Girl, A",Drama,1995,4,1
849,"Eighth Day, The",Drama,1996,3.5,1
850,"Drunks",Drama,1995,3,1
851,"People vs. Larry Flynt, The",Comedy|Drama,1996,3.53703703703704,27
852,"Glory Daze",Drama,1995,4,1
853,"Perfect Candidate, A",Documentary,1996,4.25,2
854,"On Golden Pond",Drama,1981,3.65384615384615,13
855,"Return of the Pink Panther, The",Comedy|Crime,1975,3.6875,24
856,"Drop Dead Fred",Comedy|Fantasy,1991,2.83333333333333,6
857,"Abyss, The",Action|Adventure|Sci-Fi|Thriller,1989,3.4758064516129,62
858,"Fog, The",Horror,1980,2.5,5
859,"Escape from New York",Action|Adventure|Sci-Fi|Thriller,1981,3.44871794871795,39
860,"Howling, The",Horror|Mystery,1980,2.9,5
861,"Jean de Florette",Drama|Mystery,1986,4.09090909090909,11
862,"Manon of the Spring",Drama,1986,4.0625,8
863,"Private Benjamin",Comedy,1980,3.11538461538462,13
864,"Monty Python and the Holy Grail",Adventure|Comedy|Fantasy,1975,4.16176470588235,136
865,"Hustler White",Romance,1996,4,1
866,"Entertaining Angels: The Dorothy Day Story",Drama,1996,5,1
867,"Line King: The Al Hirschfeld Story, The",Documentary,1996,4,1
868,"When We Were Kings",Documentary,1996,3.9,10
869,"Wallace & Gromit: The Wrong Trousers",Animation|Children|Comedy|Crime,1993,4.03571428571429,56
870,"Return of Martin Guerre, The",Drama,1982,4.33333333333333,3
871,"Lesson Faust",Animation|Comedy|Drama|Fantasy,1994,5,2
872,"Children Are Watching Us, The",Drama,1944,3.5,1
873,"Tin Drum, The",Drama|War,1979,3.66666666666667,3
874,"Ruling Class, The",Comedy|Drama,1972,3,1
875,"Mina Tannenbaum",Drama,1994,1,1
876,"Dear God",Comedy,1996,3.5,2
877,"Best of the Best 3: No Turning Back",Action,1995,2.5,2
878,"Bob Roberts",Comedy,1992,3.35294117647059,17
879,"Cinema Paradiso",Drama,1989,4.16176470588235,34
880,"Cook the Thief His Wife & Her Lover, The",Comedy|Drama,1989,3.13636363636364,11
881,"Delicatessen",Comedy|Drama|Romance,1991,3.83333333333333,21
882,"Double Life of Veronique, The",Drama|Fantasy|Romance,1991,4,3
883,"Enchanted April",Drama|Romance,1992,4,6
884,"Paths of Glory",Drama|War,1957,4.54166666666667,12
885,"Grifters, The",Crime|Drama|Film-Noir,1990,3.62962962962963,27
886,"Hear My Song",Comedy,1991,3,1
887,"English Patient, The",Drama|Romance|War,1996,3.71111111111111,45
888,"Mediterraneo",Comedy|Drama,1991,3.92857142857143,7
889,"My Left Foot",Drama,1989,3.95,10
890,"Sex, Lies, and Videotape",Drama,1989,3.58695652173913,23
891,"Passion Fish",Drama,1992,3.6,5
892,"Strictly Ballroom",Comedy|Romance,1992,3.65909090909091,22
893,"Thin Blue Line, The",Documentary,1988,4,11
894,"Tie Me Up! Tie Me Down!",Crime|Drama|Romance,1990,3.16666666666667,6
895,"Madonna: Truth or Dare",Documentary|Musical,1991,3.5,6
896,"Paris Is Burning",Documentary,1990,4.5,5
897,"One Flew Over the Cuckoo's Nest",Drama,1975,4.20300751879699,133
898,"Cheech and Chong's Up in Smoke",Comedy,1978,3.59090909090909,11
899,"Star Wars: Episode V - The Empire Strikes Back",Action|Adventure|Sci-Fi,1980,4.21563981042654,211
900,"Princess Bride, The",Action|Adventure|Comedy|Fantasy|Romance,1987,4.23239436619718,142
901,"Raiders of the Lost Ark",Action|Adventure,1981,4.2075,200
902,"Brazil",Fantasy|Sci-Fi,1985,4.17796610169492,59
903,"Aliens",Action|Adventure|Horror|Sci-Fi,1986,3.96428571428571,126
904,"Good, the Bad and the Ugly, The",Action|Adventure|Western,1966,4.14583333333333,72
905,"Withnail & I",Comedy,1987,3.85714285714286,7
906,"12 Angry Men",Drama,1957,4.14912280701754,57
907,"Lawrence of Arabia",Adventure|Drama|War,1962,4.3,45
908,"Clockwork Orange, A",Crime|Drama|Sci-Fi|Thriller,1971,3.99583333333333,120
909,"To Kill a Mockingbird",Drama,1962,4.12068965517241,58
910,"Apocalypse Now",Action|Drama|War,1979,4.2196261682243,107
911,"Once Upon a Time in the West",Action|Drama|Western,1968,4.30555555555556,18
912,"Star Wars: Episode VI - Return of the Jedi",Action|Adventure|Sci-Fi,1983,4.13775510204082,196
913,"Wings of Desire",Drama|Fantasy|Romance,1987,3.88461538461538,13
914,"Third Man, The",Film-Noir|Mystery|Thriller,1949,4.22916666666667,24
915,"Goodfellas",Crime|Drama,1990,4.25,126
916,"Alien",Horror|Sci-Fi,1979,3.96917808219178,146
917,"Army of Darkness",Action|Adventure|Comedy|Fantasy|Horror,1993,4.03921568627451,51
918,"Big Blue, The",Adventure|Drama|Romance,1988,3.45454545454545,11
919,"Ran",Drama|War,1985,4.43333333333333,15
920,"Killer, The",Action|Crime|Drama|Thriller,1989,4,11
921,"Psycho",Crime|Horror,1960,4.03614457831325,83
922,"Blues Brothers, The",Action|Comedy|Musical,1980,3.80952380952381,84
923,"Godfather: Part II, The",Crime|Drama,1974,4.25968992248062,129
924,"Full Metal Jacket",Drama|War,1987,4.09803921568627,102
925,"Grand Day Out with Wallace and Gromit, A",Adventure|Animation|Children|Comedy|Sci-Fi,1989,4.08928571428571,28
926,"Henry V",Action|Drama|Romance|War,1989,4,19
927,"Amadeus",Drama,1984,4.18421052631579,76
928,"Quiet Man, The",Drama|Romance,1952,3.5,6
929,"Once Upon a Time in America",Crime|Drama,1984,4.0625,16
930,"Raging Bull",Drama,1980,4.1875,40
931,"Annie Hall",Comedy|Romance,1977,3.87068965517241,58
932,"Right Stuff, The",Drama,1983,3.86363636363636,22
933,"Stalker",Drama|Mystery|Sci-Fi,1979,3.625,8
934,"Boot, Das",Action|Drama|War,1981,4.2125,40
935,"Sting, The",Comedy|Crime,1973,3.9765625,64
936,"Harold and Maude",Comedy|Drama|Romance,1971,4.28846153846154,26
937,"Trust",Comedy|Drama|Romance,1990,4.33333333333333,3
938,"Seventh Seal, The",Drama,1957,4.22222222222222,18
939,"Local Hero",Comedy,1983,4.05555555555556,9
940,"Terminator, The",Action|Sci-Fi|Thriller,1984,3.8969465648855,131
941,"Dead Alive",Comedy|Fantasy|Horror,1992,4.05,10
942,"Glory",Drama|War,1989,4.17073170731707,41
943,"Rosencrantz and Guildenstern Are Dead",Comedy|Drama,1990,3.96875,16
944,"Manhattan",Comedy|Drama|Romance,1979,4.10606060606061,33
945,"Miller's Crossing",Crime|Drama|Film-Noir|Thriller,1990,4.225,20
946,"Dead Poets Society",Drama,1989,3.9593023255814,86
947,"Graduate, The",Comedy|Drama|Romance,1967,4.06329113924051,79
948,"Touch of Evil",Crime|Film-Noir|Thriller,1958,4.26470588235294,17
949,"Femme Nikita, La",Action|Crime|Romance|Thriller,1990,4.07142857142857,35
950,"Bridge on the River Kwai, The",Adventure|Drama|War,1957,4.12222222222222,45
951,"8 1/2",Drama|Fantasy,1963,4.07142857142857,14
952,"Chinatown",Crime|Film-Noir|Mystery|Thriller,1974,4.21186440677966,59
953,"Day the Earth Stood Still, The",Drama|Sci-Fi|Thriller,1951,3.82,25
954,"Treasure of the Sierra Madre, The",Action|Adventure|Drama|Western,1948,3.65625,16
955,"Bad Taste",Comedy|Horror|Sci-Fi,1987,3,6
956,"Duck Soup",Comedy|Musical|War,1933,3.80434782608696,23
957,"Better Off Dead...",Comedy|Romance,1985,3.68518518518519,27
958,"Shining, The",Horror,1980,4.08256880733945,109
959,"Stand by Me",Adventure|Drama,1986,4.00549450549451,91
960,"M",Crime|Film-Noir|Thriller,1931,3.73333333333333,15
961,"Evil Dead II",Action|Comedy|Fantasy|Horror,1987,4.04411764705882,34
962,"Great Escape, The",Action|Adventure|Drama|War,1963,4.12790697674419,43
963,"Deer Hunter, The",Drama|War,1978,3.82558139534884,43
964,"Diva",Action|Drama|Mystery|Romance|Thriller,1981,3.8,5
965,"Groundhog Day",Comedy|Fantasy|Romance,1993,3.94405594405594,143
966,"Unforgiven",Drama|Western,1992,4.11111111111111,45
967,"Manchurian Candidate, The",Crime|Thriller|War,1962,4.25,30
968,"Pump Up the Volume",Comedy|Drama,1990,3.61111111111111,9
969,"Arsenic and Old Lace",Comedy|Mystery|Thriller,1944,3.87931034482759,29
970,"Back to the Future",Adventure|Comedy|Sci-Fi,1985,4.03801169590643,171
971,"Fried Green Tomatoes",Comedy|Crime|Drama,1991,3.5,30
972,"Patton",Drama|War,1970,4.12121212121212,33
973,"Down by Law",Comedy|Drama|Film-Noir,1986,4.04545454545455,11
974,"Akira",Action|Adventure|Animation|Sci-Fi,1988,3.74358974358974,39
975,"Highlander",Action|Adventure|Fantasy,1986,3.72916666666667,48
976,"Cool Hand Luke",Drama,1967,4.2719298245614,57
977,"Cyrano de Bergerac",Comedy|Drama|Romance,1990,4.125,12
978,"Young Frankenstein",Comedy|Fantasy,1974,3.99275362318841,69
979,"Night on Earth",Comedy|Drama,1991,4.125,8
980,"Raise the Red Lantern",Drama,1991,4.33333333333333,9
981,"Great Dictator, The",Comedy|Drama|War,1940,4.13333333333333,15
982,"Fantasia",Animation|Children|Fantasy|Musical,1940,3.78301886792453,53
983,"High Noon",Drama|Western,1952,4.21052631578947,19
984,"Big Sleep, The",Crime|Film-Noir|Mystery,1946,4.14285714285714,14
985,"Heathers",Comedy,1989,3.73170731707317,41
986,"Somewhere in Time",Drama|Romance,1980,3.07142857142857,7
987,"Ben-Hur",Action|Adventure|Drama,1959,3.94117647058824,34
988,"This Is Spinal Tap",Comedy,1984,4.01515151515152,66
989,"Koyaanisqatsi",Documentary,1983,3.86363636363636,11
990,"Some Kind of Wonderful",Drama|Romance,1987,3.35,10
991,"Indiana Jones and the Last Crusade",Action|Adventure,1989,4.04642857142857,140
992,"Being There",Comedy|Drama,1979,3.95,20
993,"Gandhi",Drama,1982,3.83333333333333,27
994,"Unbearable Lightness of Being, The",Drama,1988,3.22727272727273,11
995,"Room with a View, A",Drama|Romance,1986,3.70588235294118,17
996,"Real Genius",Comedy,1985,3.675,20
997,"Pink Floyd: The Wall",Drama|Musical,1982,3.76086956521739,23
998,"Killing Fields, The",Drama|War,1984,4.01785714285714,28
999,"My Life as a Dog",Comedy|Drama,1985,4.16666666666667,9
1000,"Forbidden Planet",Drama|Sci-Fi,1956,3.80769230769231,13
1001,"Field of Dreams",Children|Drama|Fantasy,1989,3.51785714285714,56
1002,"Man Who Would Be King, The",Adventure|Drama,1975,4.02941176470588,17
1003,"Butch Cassidy and the Sundance Kid",Action|Western,1969,3.94354838709677,62
1004,"Paris, Texas",Drama|Romance,1984,3.5,4
1005,"Until the End of the World",Adventure|Drama|Sci-Fi,1991,2.7,5
1006,"When Harry Met Sally...",Comedy|Romance,1989,3.85882352941176,85
1007,"Hype!",Documentary,1996,5,1
1008,"Female Perversions",Drama,1996,2.5,2
1009,"Blue Juice",Comedy|Drama,1995,2,1
1010,"Alien³",Action|Horror|Sci-Fi|Thriller,1992,3.14893617021277,47
1011,"American Werewolf in London, An",Comedy|Horror|Thriller,1981,3.41304347826087,23
1012,"Amityville 1992: It's About Time",Horror,1992,1.5,3
1013,"Amityville 3-D",Horror,1983,1.66666666666667,3
1014,"Amityville: Dollhouse",Horror,1996,1.16666666666667,3
1015,"Amityville: A New Generation",Horror,1993,1.25,2
1016,"Amityville II: The Possession",Horror,1982,1.125,4
1017,"Amityville Horror, The",Drama|Horror|Mystery|Thriller,1979,2.63333333333333,15
1018,"Amityville Curse, The",Horror,1990,0.75,2
1019,"Blood for Dracula",Horror,1974,2.75,2
1020,"April Fool's Day",Horror,1986,1.5,4
1021,"Audrey Rose",Horror,1977,2,1
1022,"Believers, The",Horror|Thriller,1987,3.66666666666667,3
1023,"Birds, The",Horror|Thriller,1963,3.60227272727273,44
1024,"Blob, The",Horror|Sci-Fi,1958,3,6
1025,"Blood Beach",Horror|Mystery,1981,1,1
1026,"Body Parts",Horror|Thriller,1991,1,1
1027,"Body Snatcher, The",Drama|Horror|Thriller,1945,4.5,1
1028,"Dracula",Fantasy|Horror|Romance|Thriller,1992,3.46551724137931,29
1029,"Bride of Frankenstein, The",Drama|Horror|Sci-Fi,1935,3.16666666666667,3
1030,"Burnt Offerings",Horror,1976,3.75,2
1031,"Candyman",Horror|Thriller,1992,2.5,11
1032,"Cape Fear",Thriller,1991,3.78,25
1033,"Cape Fear",Crime|Drama|Thriller,1962,3.96428571428571,14
1034,"Carrie",Drama|Fantasy|Horror|Thriller,1976,3.34722222222222,36
1035,"Cat People",Drama|Fantasy|Horror,1982,2.8125,8
1036,"Nightmare on Elm Street, A",Horror|Thriller,1984,3,27
1037,"Nosferatu",Horror,1922,3.53125,16
1038,"Vampire in Venice",Horror,1986,5,1
1039,"Omen, The",Horror|Mystery|Thriller,1976,3.81818181818182,22
1040,"Blood and Wine",Crime|Drama|Thriller,1996,2.33333333333333,3
1041,"Albino Alligator",Crime|Thriller,1996,2.25,2
1042,"Mirror Has Two Faces, The",Comedy|Drama|Romance,1996,3.375,4
1043,"Breaking the Waves",Drama|Mystery,1996,4.07142857142857,7
1044,"Nightwatch",Horror|Thriller,1997,2,3
1045,"Star Trek: First Contact",Action|Adventure|Sci-Fi|Thriller,1996,3.87912087912088,91
1046,"Shine",Drama|Romance,1996,4,24
1047,"Sling Blade",Drama,1996,3.84042553191489,47
1048,"Jingle All the Way",Children|Comedy,1996,2.86111111111111,18
1049,"Paradise Lost: The Child Murders at Robin Hood Hills",Documentary,1996,4.08333333333333,6
1050,"Preacher's Wife, The",Drama,1996,3.5,5
1051,"Ridicule",Drama,1996,3.58333333333333,6
1052,"Crucible, The",Drama,1996,3.9,5
1053,"101 Dalmatians",Adventure|Children|Comedy,1996,3.07446808510638,47
1054,"Die Hard 2",Action|Adventure|Thriller,1990,3.40441176470588,68
1055,"Star Trek: The Motion Picture",Adventure|Sci-Fi,1979,3.04444444444444,45
1056,"Star Trek VI: The Undiscovered Country",Action|Mystery|Sci-Fi,1991,3.3452380952381,42
1057,"Star Trek V: The Final Frontier",Action|Sci-Fi,1989,2.66666666666667,30
1058,"Star Trek II: The Wrath of Khan",Action|Adventure|Sci-Fi|Thriller,1982,3.76612903225806,62
1059,"Star Trek III: The Search for Spock",Action|Adventure|Sci-Fi,1984,3.26190476190476,42
1060,"Star Trek IV: The Voyage Home",Adventure|Comedy|Sci-Fi,1986,3.47674418604651,43
1061,"Batman Returns",Action|Crime,1992,3.025,60
1062,"Young Guns",Action|Comedy|Western,1988,3.1,25
1063,"Young Guns II",Action|Western,1990,3,11
1064,"Grease",Comedy|Musical|Romance,1978,3.13970588235294,68
1065,"Grease 2",Comedy|Musical|Romance,1982,2.07894736842105,19
1066,"Marked for Death",Action|Drama,1990,1.875,4
1067,"Under Siege",Action|Drama|Thriller,1992,2.85416666666667,24
1068,"Jaws",Action|Horror,1975,4.00549450549451,91
1069,"Jaws 2",Horror|Thriller,1978,2.61764705882353,17
1070,"Jaws 3-D",Action|Horror,1983,1.41666666666667,6
1071,"My Fellow Americans",Comedy,1996,2.66666666666667,9
1072,"Mars Attacks!",Action|Comedy|Sci-Fi,1996,3.09302325581395,86
1073,"Citizen Ruth",Comedy|Drama,1996,4.125,4
1074,"Jerry Maguire",Drama|Romance,1996,3.59411764705882,85
1075,"Raising Arizona",Comedy,1987,3.99137931034483,58
1076,"Tin Men",Comedy|Drama,1987,3,5
1077,"Sneakers",Action|Comedy|Crime|Drama|Sci-Fi,1992,3.47826086956522,46
1078,"Bastard Out of Carolina",Drama,1996,4,2
1079,"In Love and War",Romance|War,1996,2.5,1
1080,"Marvin's Room",Drama,1996,3.1,5
1081,"Ghosts of Mississippi",Drama,1996,3.33333333333333,3
1082,"Beavis and Butt-Head Do America",Adventure|Animation|Comedy|Crime,1996,2.93548387096774,31
1083,"La Cérémonie",Crime|Drama|Mystery|Thriller,1995,4.5,2
1084,"Scream",Comedy|Horror|Mystery|Thriller,1996,3.2,70
1085,"Last of the Mohicans, The",Action|Romance|War|Western,1992,3.83333333333333,39
1086,"Michael",Comedy|Drama|Fantasy|Romance,1996,2.5,23
1087,"Hamlet",Crime|Drama|Romance,1996,4,16
1088,"Some Mother's Son",Drama,1996,3.5,1
1089,"Whole Wide World, The",Drama,1996,4.25,2
1090,"Mother",Comedy,1996,3,8
1091,"Thieves",Crime|Drama|Romance,1996,2.5,2
1092,"Evita",Drama|Musical,1996,3.41666666666667,12
1093,"Portrait of a Lady, The",Drama,1996,3.25,2
1094,"Walkabout",Adventure|Drama,1971,4.25,2
1095,"Murder at 1600",Crime|Drama|Mystery|Thriller,1997,2.75,4
1096,"Hearts and Minds",Drama,1996,4,1
1097,"Fierce Creatures",Comedy,1997,3,8
1098,"Zeus and Roxanne",Children,1997,1,1
1099,"Turbulence",Action|Thriller,1997,1,1
1100,"Angel Baby",Drama,1995,3,2
1101,"First Strike",Action|Adventure|Comedy|Thriller,1996,3.575,20
1102,"Underworld",Comedy|Thriller,1996,3,3
1103,"Beverly Hills Ninja",Action|Comedy,1997,2.46875,16
1104,"Metro",Action|Comedy|Crime|Drama|Thriller,1997,2.71428571428571,7
1105,"Cement Garden, The",Drama,1993,4.25,2
1106,"Dante's Peak",Action|Thriller,1997,2.625,24
1107,"Meet Wally Sparks",Comedy,1997,2.16666666666667,3
1108,"Amos & Andrew",Comedy,1993,1.5,2
1109,"Benny & Joon",Comedy|Romance,1993,3.47368421052632,19
1110,"Prefontaine",Drama,1997,3.5,5
1111,"McHale's Navy",Comedy|War,1997,2.14285714285714,7
1112,"Kolya",Comedy|Drama,1996,4.42857142857143,7
1113,"Gridlock'd",Crime,1997,3.375,4
1114,"Waiting for Guffman",Comedy,1996,3.875,24
1115,"Beautician and the Beast, The",Comedy|Romance,1997,1.83333333333333,3
1116,"SubUrbia",Comedy|Drama,1997,3.75,6
1117,"Pest, The",Comedy,1997,2,1
1118,"Fools Rush In",Comedy|Drama|Romance,1997,3.08333333333333,12
1119,"Touch",Drama|Fantasy|Romance,1997,4,1
1120,"Absolute Power",Mystery|Thriller,1997,2.66666666666667,12
1121,"That Darn Cat",Children|Comedy|Mystery,1997,3.25,2
1122,"Vegas Vacation",Comedy,1997,2.3125,8
1123,"Lost Highway",Crime|Drama|Fantasy|Film-Noir|Mystery|Romance,1997,3.26470588235294,17
1124,"Rosewood",Action|Drama,1997,3.33333333333333,3
1125,"Donnie Brasco",Crime|Drama,1997,3.74038461538462,52
1126,"Booty Call",Comedy|Romance,1997,2.6,5
1127,"Best Men",Action|Comedy|Crime|Drama,1997,4,1
1128,"Jungle2Jungle",Children|Comedy,1997,2.13636363636364,11
1129,"Kama Sutra: A Tale of Love",Romance,1996,4,1
1130,"Private Parts",Comedy|Drama,1997,3.53846153846154,26
1131,"Love Jones",Romance,1997,4,1
1132,"Saint, The",Action|Romance|Sci-Fi|Thriller,1997,3.21666666666667,30
1133,"Smilla's Sense of Snow",Drama|Thriller,1997,3.36363636363636,11
1134,"Crash",Drama|Thriller,1996,3.09090909090909,11
1135,"Daytrippers, The",Comedy|Drama|Mystery|Romance,1996,3.66666666666667,3
1136,"Liar Liar",Comedy,1997,3.03378378378378,74
1137,"Selena",Drama|Musical,1997,3,5
1138,"Devil's Own, The",Action|Drama|Thriller,1997,2.83333333333333,15
1139,"Cats Don't Dance",Animation|Children|Musical,1997,3,2
1140,"B*A*P*S",Comedy,1997,1.5,2
1141,"Love and Other Catastrophes",Romance,1996,3.5,1
1142,"Turbo: A Power Rangers Movie",Action|Adventure|Children,1997,2,2
1143,"Anna Karenina",Drama|Romance,1997,4,1
1144,"Double Team",Action,1997,4,3
1145,"Inventing the Abbotts",Drama|Romance,1997,3,5
1146,"Anaconda",Action|Adventure|Thriller,1997,1.92592592592593,27
1147,"Grosse Pointe Blank",Comedy|Crime|Romance,1997,3.61016949152542,59
1148,"Kissed",Drama|Romance,1996,2.5,2
1149,"8 Heads in a Duffel Bag",Comedy,1997,3,4
1150,"Paradise Road",Drama|War,1997,3.5,1
1151,"Romy and Michele's High School Reunion",Comedy,1997,2.96551724137931,29
1152,"Temptress Moon",Romance,1996,3,1
1153,"Volcano",Action|Drama|Thriller,1997,2.1,15
1154,"Children of the Revolution",Comedy,1996,3,1
1155,"Austin Powers: International Man of Mystery",Action|Adventure|Comedy,1997,3.535,100
1156,"Breakdown",Action|Thriller,1997,3.34615384615385,13
1157,"Broken English",Drama,1996,1,1
1158,"Fathers' Day",Comedy,1997,1,3
1159,"Fifth Element, The",Action|Adventure|Comedy|Sci-Fi,1997,3.74568965517241,116
1160,"Nowhere",Comedy|Drama,1997,3.33333333333333,3
1161,"Promise, The",Drama,1996,4.5,2
1162,"Shall We Dance?",Comedy|Drama|Romance,1996,3.80769230769231,13
1163,"Addicted to Love",Comedy|Romance,1997,2.7,10
1164,"Brassed Off",Comedy|Drama|Romance,1996,3.71428571428571,7
1165,"Lost World: Jurassic Park, The",Action|Adventure|Sci-Fi|Thriller,1997,2.75373134328358,67
1166,"Ponette",Drama,1996,4.5,2
1167,"Schizopolis",Comedy,1996,3.5,1
1168,"Shiloh",Children|Drama,1997,3.25,2
1169,"Rough Magic",Drama|Romance,1995,4,1
1170,"Trial and Error",Comedy|Romance,1997,2.25,4
1171,"Buddy",Adventure|Children|Drama,1997,2.16666666666667,3
1172,"Con Air",Action|Adventure|Thriller,1997,3.03389830508475,59
1173,"Pillow Book, The",Drama|Romance,1996,2.4,5
1174,"Speed 2: Cruise Control",Action|Romance|Thriller,1997,1.60526315789474,19
1175,"Batman & Robin",Action|Adventure|Fantasy|Thriller,1997,2.21428571428571,42
1176,"For Roseanna",Comedy|Drama|Romance,1997,4,2
1177,"Head Above Water",Comedy|Thriller,1996,4,1
1178,"Hercules",Adventure|Animation|Children|Comedy|Musical,1997,3.45161290322581,31
1179,"My Best Friend's Wedding",Comedy|Romance,1997,3.5,40
1180,"When the Cat's Away",Comedy|Romance,1996,4.5,2
1181,"Contempt",Drama,1963,3,2
1182,"Face/Off",Action|Crime|Drama|Thriller,1997,3.37012987012987,77
1183,"Fall",Romance,1997,1,1
1184,"Men in Black",Action|Comedy|Sci-Fi,1997,3.48787878787879,165
1185,"Out to Sea",Comedy,1997,2.16666666666667,3
1186,"Wild America",Adventure|Children,1997,2.6,5
1187,"Simple Wish, A",Children|Fantasy,1997,3,2
1188,"Contact",Drama|Sci-Fi,1997,3.65243902439024,82
1189,"Love Serenade",Comedy,1996,3,1
1190,"G.I. Jane",Action|Drama,1997,2.79545454545455,22
1191,"Conan the Barbarian",Action|Adventure|Fantasy,1982,3.25806451612903,31
1192,"George of the Jungle",Children|Comedy,1997,3.075,20
1193,"Cop Land",Action|Crime|Drama|Thriller,1997,3.28125,16
1194,"Event Horizon",Horror|Sci-Fi|Thriller,1997,2.94,25
1195,"Spawn",Action|Adventure|Sci-Fi|Thriller,1997,2.63461538461538,26
1196,"Air Bud",Children|Comedy,1997,2.375,4
1197,"Picture Perfect",Comedy|Romance,1997,2.83333333333333,6
1198,"In the Company of Men",Comedy|Drama,1997,4.08333333333333,6
1199,"Career Girls",Drama,1997,4.33333333333333,3
1200,"Conspiracy Theory",Drama|Mystery|Romance|Thriller,1997,2.94186046511628,43
1201,"Desperate Measures",Crime|Drama|Thriller,1998,2.5,4
1202,"Steel",Action,1997,2.33333333333333,3
1203,"She's So Lovely",Drama|Romance,1997,3.5,2
1204,"Hoodlum",Crime|Drama|Film-Noir,1997,2.33333333333333,3
1205,"Leave It to Beaver",Comedy,1997,1.75,4
1206,"Mimic",Horror|Sci-Fi|Thriller,1997,2.46153846153846,13
1207,"Money Talks",Action|Comedy,1997,3.33333333333333,3
1208,"Excess Baggage",Adventure|Romance,1997,2.75,4
1209,"Kull the Conqueror",Action|Adventure,1997,2.33333333333333,3
1210,"Air Force One",Action|Thriller,1997,3.3448275862069,58
1211,"187",Drama|Thriller,1997,2.66666666666667,3
1212,"Hunt for Red October, The",Action|Adventure|Thriller,1990,3.87222222222222,90
1213,"My Own Private Idaho",Drama|Romance,1991,4.1,5
1214,"Kiss Me, Guido",Comedy,1997,3,2
1215,"Star Maps",Drama,1997,4,1
1216,"In & Out",Comedy,1997,2.78846153846154,26
1217,"Edge, The",Adventure|Drama,1997,3,11
1218,"Peacemaker, The",Action|Thriller|War,1997,3.025,20
1219,"L.A. Confidential",Crime|Film-Noir|Mystery|Thriller,1997,4.06185567010309,97
1220,"Seven Years in Tibet",Adventure|Drama|War,1997,3.42857142857143,14
1221,"Kiss the Girls",Crime|Drama|Mystery|Thriller,1997,3.11538461538462,13
1222,"Soul Food",Drama,1997,3.25,2
1223,"Wishmaster",Horror,1997,2.25,2
1224,"Thousand Acres, A",Drama,1997,1.75,2
1225,"Game, The",Drama|Mystery|Thriller,1997,3.7012987012987,77
1226,"Fire Down Below",Action|Drama|Thriller,1997,2.66666666666667,3
1227,"U Turn",Crime|Drama|Mystery,1997,3.35714285714286,7
1228,"MatchMaker, The",Comedy|Romance,1997,3.33333333333333,3
1229,"Assignment, The",Action|Thriller,1997,5,1
1230,"Ulee's Gold",Drama,1997,4,5
1231,"Ice Storm, The",Drama,1997,3.88235294117647,17
1232,"Chasing Amy",Comedy|Drama|Romance,1997,3.57692307692308,52
1233,"Full Monty, The",Comedy|Drama,1997,3.75892857142857,56
1234,"Indian Summer",Comedy|Drama,1996,1.75,2
1235,"Mrs. Brown",Drama|Romance,1997,3.8,5
1236,"I Know What You Did Last Summer",Horror|Mystery|Thriller,1997,2.109375,32
1237,"The Devil's Advocate",Drama|Mystery|Thriller,1997,3.41176470588235,51
1238,"RocketMan",Children|Comedy|Romance|Sci-Fi,1997,2.14285714285714,7
1239,"Playing God",Crime|Drama|Thriller,1997,2.5,3
1240,"House of Yes, The",Comedy|Drama,1997,3.5,4
1241,"Fast, Cheap & Out of Control",Documentary,1997,2.5,3
1242,"Washington Square",Drama,1997,3.75,2
1243,"Year of the Horse",Documentary,1997,4.5,1
1244,"Gattaca",Drama|Sci-Fi|Thriller,1997,3.95348837209302,86
1245,"FairyTale: A True Story",Children|Drama|Fantasy,1997,3.5,1
1246,"Phantoms",Drama|Horror|Thriller,1998,4,1
1247,"Swept from the Sea",Drama|Romance,1997,4,1
1248,"Life Less Ordinary, A",Romance|Thriller,1997,3.0625,8
1249,"Hurricane Streets",Drama,1997,4,1
1250,"Eve's Bayou",Drama,1997,3,1
1251,"Switchback",Crime|Mystery|Thriller,1997,3,1
1252,"Gang Related",Crime,1997,3,2
1253,"Stripes",Comedy|War,1981,3.79411764705882,34
1254,"Bean",Comedy,1997,2.96875,16
1255,"Mad City",Action|Drama,1997,2.1,5
1256,"Welcome to Sarajevo",Drama|War,1997,3,3
1257,"Deceiver",Crime|Drama|Thriller,1997,3,1
1258,"Rainmaker, The",Drama,1997,3.375,12
1259,"Boogie Nights",Drama,1997,4.07692307692308,39
1260,"Witness",Drama|Romance|Thriller,1985,3.65,40
1261,"Incognito",Crime|Thriller,1997,3.5,1
1262,"Starship Troopers",Action|Sci-Fi,1997,3.33125,80
1263,"Critical Care",Comedy|Drama,1997,2,1
1264,"Joy Luck Club, The",Drama|Romance,1993,3.5,10
1265,"Chairman of the Board",Comedy,1998,2,1
1266,"Sliding Doors",Drama|Romance,1998,3.6,25
1267,"Mortal Kombat: Annihilation",Action|Adventure|Fantasy,1997,1.92857142857143,7
1268,"Truman Show, The",Comedy|Drama|Sci-Fi,1998,3.812,125
1269,"Wings of the Dove, The",Drama|Romance,1997,4.41666666666667,6
1270,"Mrs. Dalloway",Drama|Romance,1997,3.5,4
1271,"I Love You, I Love You Not",Drama|Romance,1996,3,1
1272,"Red Corner",Crime|Thriller,1997,3.66666666666667,3
1273,"Jackal, The",Action|Thriller,1997,3.22222222222222,18
1274,"Anastasia",Adventure|Animation|Children|Drama|Musical,1997,3.35,20
1275,"Man Who Knew Too Little, The",Comedy|Crime|Thriller,1997,2.21428571428571,7
1276,"Alien: Resurrection",Action|Horror|Sci-Fi,1997,2.92222222222222,45
1277,"Amistad",Drama|Mystery,1997,3.5,19
1278,"Apostle, The",Drama,1997,3,7
1279,"Artemisia",Drama,1997,4,2
1280,"Bent",Drama|War,1997,3.5,2
1281,"Butcher Boy, The",Comedy|Drama,1997,4,2
1282,"Deconstructing Harry",Comedy|Drama,1997,3.875,8
1283,"Flubber",Children|Comedy|Fantasy,1997,3,16
1284,"For Richer or Poorer",Comedy,1997,2.9,5
1285,"Good Will Hunting",Drama|Romance,1997,4.07801418439716,141
1286,"Home Alone 3",Children|Comedy,1997,1.875,8
1287,"Midnight in the Garden of Good and Evil",Crime|Drama|Mystery,1997,3.10416666666667,24
1288,"Mouse Hunt",Children|Comedy,1997,3.07142857142857,7
1289,"Scream 2",Comedy|Horror|Mystery|Thriller,1997,2.91935483870968,31
1290,"Stranger in the House",Thriller,1997,3.25,2
1291,"Sweet Hereafter, The",Drama,1997,4.25,16
1292,"Titanic",Drama|Romance,1997,3.41428571428571,140
1293,"Tomorrow Never Dies",Action|Adventure|Thriller,1997,3.06666666666667,45
1294,"Postman, The",Action|Adventure|Drama|Sci-Fi,1997,2.69230769230769,13
1295,"Horse Whisperer, The",Drama|Romance,1998,3.75,4
1296,"Jackie Brown",Crime|Drama|Thriller,1997,3.69791666666667,48
1297,"Kundun",Drama,1997,3.25,4
1298,"Mr. Magoo",Comedy,1997,1.75,4
1299,"Big Lebowski, The",Comedy|Crime,1998,3.92452830188679,106
1300,"Afterglow",Drama|Romance,1997,4.5,4
1301,"My Life in Pink",Comedy|Drama,1997,4.05555555555556,9
1302,"Great Expectations",Drama|Romance,1998,3.31818181818182,11
1303,"3 Ninjas: High Noon On Mega Mountain",Action|Children|Comedy,1998,4,1
1304,"Senseless",Comedy,1998,2,1
1305,"Wag the Dog",Comedy,1997,3.33870967741935,31
1306,"Dark City",Adventure|Film-Noir|Sci-Fi|Thriller,1998,3.82291666666667,48
1307,"Hard Rain",Action|Crime|Thriller,1998,2.5,4
1308,"Half Baked",Comedy,1998,3.59375,16
1309,"Fallen",Crime|Drama|Fantasy|Thriller,1998,3.5,15
1310,"Shooting Fish",Comedy|Romance,1997,4.1,5
1311,"Fallen Angels",Drama|Romance,1995,2,1
1312,"Four Days in September",Drama,1997,5,1
1313,"Spice World",Comedy,1997,1.35,10
1314,"Deep Rising",Action|Horror|Sci-Fi,1998,2.3,5
1315,"Music From Another Room",Drama|Romance,1998,3,2
1316,"Replacement Killers, The",Action|Crime|Thriller,1998,2.92857142857143,14
1317,"B. Monkey",Crime|Romance|Thriller,1998,2.5,2
1318,"Night Flier",Horror,1997,4,1
1319,"Blues Brothers 2000",Action|Comedy|Musical,1998,2.70833333333333,12
1320,"Wedding Singer, The",Comedy|Romance,1998,3.41964285714286,56
1321,"Sphere",Sci-Fi|Thriller,1998,2.76086956521739,23
1322,"Palmetto",Crime|Drama|Mystery|Romance|Thriller,1998,2.8,5
1323,"As Good as It Gets",Comedy|Drama|Romance,1997,3.69791666666667,96
1324,"King of New York",Crime|Thriller,1990,3.9,5
1325,"Twilight",Crime|Drama|Thriller,1998,2.33333333333333,3
1326,"U.S. Marshals",Action|Crime|Thriller,1998,3.02173913043478,23
1327,"Welcome to Woop-Woop",Comedy,1997,4,2
1328,"Love and Death on Long Island",Comedy|Drama,1997,3,1
1329,"Everest",Documentary|IMAX,1998,4.25,6
1330,"Hush",Thriller,1998,2,2
1331,"Suicide Kings",Comedy|Crime|Drama|Mystery|Thriller,1997,3.42307692307692,13
1332,"Man in the Iron Mask, The",Action|Adventure|Drama,1998,3.5,25
1333,"Newton Boys, The",Crime|Drama,1998,3,3
1334,"Wild Things",Crime|Drama|Mystery|Thriller,1998,3.01612903225806,31
1335,"Paulie",Adventure|Children|Comedy,1998,2.3125,8
1336,"Cool, Dry Place, A",Drama,1998,3,1
1337,"Fireworks",Crime|Drama,1997,4,6
1338,"Primary Colors",Comedy|Drama,1998,3.5,11
1339,"Wide Awake",Children|Comedy|Drama,1998,3.66666666666667,3
1340,"Two Girls and a Guy",Comedy|Drama,1997,2,3
1341,"Object of My Affection, The",Comedy|Romance,1998,2.66666666666667,6
1342,"Homegrown",Comedy|Thriller,1998,1,1
1343,"The Players Club",Comedy|Drama,1998,3.5,1
1344,"Barney's Great Adventure",Adventure|Children,1998,2,1
1345,"Big One, The",Comedy|Documentary,1997,3.33333333333333,3
1346,"Chinese Box",Drama|Romance,1997,3.25,2
1347,"Lost in Space",Action|Adventure|Sci-Fi,1998,2.44827586206897,29
1348,"Mercury Rising",Action|Drama|Thriller,1998,3,13
1349,"Spanish Prisoner, The",Crime|Drama|Mystery|Thriller,1997,4,11
1350,"City of Angels",Drama|Fantasy|Romance,1998,3.38235294117647,17
1351,"Last Days of Disco, The",Comedy|Drama,1998,4.5,3
1352,"Odd Couple II, The",Comedy,1998,2.25,4
1353,"My Giant",Comedy,1998,3,1
1354,"He Got Game",Drama,1998,3.21428571428571,7
1355,"Gingerbread Man, The",Drama|Thriller,1998,3,1
1356,"Live Flesh",Drama|Romance,1997,3.875,4
1357,"Zero Effect",Comedy|Mystery|Thriller,1998,3.96666666666667,15
1358,"Borrowers, The",Adventure|Children|Comedy|Fantasy,1997,3.04166666666667,12
1359,"Krippendorf's Tribe",Comedy,1998,2.57142857142857,7
1360,"Kurt & Courtney",Documentary,1998,4,3
1361,"Real Blonde, The",Comedy,1997,3.5,1
1362,"Mr. Nice Guy",Action|Comedy,1997,2.5625,8
1363,"Taste of Cherry",Drama,1997,3.66666666666667,3
1364,"Character",Drama,1997,2.625,4
1365,"Species II",Horror|Sci-Fi,1998,1.94444444444444,9
1366,"Major League: Back to the Minors",Comedy,1998,2.42857142857143,7
1367,"Big Hit, The",Action|Comedy|Crime,1998,2.92857142857143,7
1368,"Tarzan and the Lost City",Action|Adventure,1998,2,1
1369,"Dancer, Texas Pop. 81",Comedy|Drama,1998,3,1
1370,"Misérables, Les",Crime|Drama|Romance|War,1998,3.75,10
1371,"Clockwatchers",Comedy,1997,3.91666666666667,6
1372,"Deep Impact",Drama|Sci-Fi|Thriller,1998,3.06976744186047,43
1373,"Quest for Camelot",Adventure|Animation|Children|Fantasy|Musical,1998,2,2
1374,"Godzilla",Action|Sci-Fi|Thriller,1998,1.95454545454545,33
1375,"Bulworth",Comedy|Drama|Romance,1998,3.27083333333333,24
1376,"Fear and Loathing in Las Vegas",Adventure|Comedy|Drama,1998,3.96739130434783,46
1377,"Opposite of Sex, The",Comedy|Drama|Romance,1998,3.125,12
1378,"Almost Heroes",Adventure|Comedy|Western,1998,2,2
1379,"Hope Floats",Comedy|Drama|Romance,1998,2.66666666666667,3
1380,"Insomnia",Drama|Mystery|Thriller,1997,3.75,8
1381,"Ugly, The",Horror|Thriller,1997,2,1
1382,"Perfect Murder, A",Thriller,1998,3.28125,16
1383,"Beyond Silence",Drama,1996,4.5,1
1384,"Six Days Seven Nights",Adventure|Comedy|Romance,1998,2.84375,16
1385,"Can't Hardly Wait",Comedy|Drama|Romance,1998,3.33333333333333,15
1386,"High Art",Drama|Romance,1998,3.5,2
1387,"Children of Heaven, The",Comedy|Drama,1997,4,1
1388,"Dream for an Insomniac",Drama|Romance,1996,4,1
1389,"Henry Fool",Comedy|Drama,1997,3.33333333333333,3
1390,"Mr. Jealousy",Comedy|Romance,1997,2.5,2
1391,"Mulan",Adventure|Animation|Children|Comedy|Drama|Musical|Romance,1998,3.56666666666667,45
1392,"X-Files: Fight the Future, The",Action|Crime|Mystery|Sci-Fi|Thriller,1998,3.44047619047619,42
1393,"I Went Down",Comedy|Crime|Drama,1997,2,2
1394,"Dr. Dolittle",Comedy,1998,2.609375,32
1395,"Out of Sight",Comedy|Crime|Drama|Romance|Thriller,1998,3.859375,32
1396,"Picnic at Hanging Rock",Drama|Mystery,1975,4,3
1397,"Smoke Signals",Comedy|Drama,1998,3.38888888888889,9
1398,"Buffalo '66",Drama|Romance,1998,3.41666666666667,12
1399,"Armageddon",Action|Romance|Sci-Fi|Thriller,1998,3.05434782608696,92
1400,"Lethal Weapon 4",Action|Comedy|Crime|Thriller,1998,2.84848484848485,33
1401,"Madeline",Children|Comedy,1998,2.5,5
1402,"Small Soldiers",Animation|Children|Fantasy|War,1998,2.83333333333333,18
1403,"Pi",Drama|Sci-Fi|Thriller,1998,3.85106382978723,47
1404,"Whatever",Drama,1998,3.5,2
1405,"There's Something About Mary",Comedy|Romance,1998,3.67619047619048,105
1406,"Plan 9 from Outer Space",Horror|Sci-Fi,1959,3.1875,8
1407,"Broadway Melody, The",Musical,1929,3,1
1408,"All Quiet on the Western Front",Action|Drama|War,1930,4.35,10
1409,"Cimarron",Drama|Western,1931,3.5,1
1410,"Grand Hotel",Drama|Romance,1932,4,2
1411,"Mutiny on the Bounty",Adventure|Drama,1935,4.16666666666667,6
1412,"Great Ziegfeld, The",Drama|Musical,1936,3.5,1
1413,"Life of Emile Zola, The",Drama,1937,3,1
1414,"You Can't Take It with You",Comedy|Romance,1938,3.83333333333333,3
1415,"Mrs. Miniver",Drama|War,1942,4,3
1416,"Going My Way",Comedy|Drama|Musical,1944,3.25,2
1417,"Lost Weekend, The",Drama,1945,4,3
1418,"Best Years of Our Lives, The",Drama|War,1946,4.0625,8
1419,"Gentleman's Agreement",Drama,1947,4,1
1420,"Hamlet",Drama,1948,3.5,2
1421,"All the King's Men",Drama,1949,4.25,4
1422,"From Here to Eternity",Drama|Romance|War,1953,3.95454545454545,11
1423,"On the Waterfront",Crime|Drama,1954,4.1875,24
1424,"Marty",Drama|Romance,1955,3.83333333333333,3
1425,"West Side Story",Drama|Musical|Romance,1961,3.60294117647059,34
1426,"Tom Jones",Adventure|Comedy|Romance,1963,3.64285714285714,7
1427,"Man for All Seasons, A",Drama,1966,4.33333333333333,6
1428,"In the Heat of the Night",Drama|Mystery,1967,4.18181818181818,11
1429,"Oliver!",Drama|Musical,1968,3.57142857142857,7
1430,"Midnight Cowboy",Drama,1969,3.95454545454545,22
1431,"French Connection, The",Action|Crime|Thriller,1971,3.87179487179487,39
1432,"Rocky",Drama,1976,3.828125,64
1433,"Kramer vs. Kramer",Drama,1979,3.89285714285714,14
1434,"Ordinary People",Drama,1980,4,12
1435,"Chariots of Fire",Drama,1981,4.03846153846154,13
1436,"Terms of Endearment",Comedy|Drama,1983,3.79545454545455,22
1437,"Out of Africa",Drama|Romance,1985,3.66666666666667,15
1438,"Last Emperor, The",Drama,1987,3.69230769230769,26
1439,"Rain Man",Drama,1988,3.80729166666667,96
1440,"Driving Miss Daisy",Drama,1989,3.73913043478261,23
1441,"Take the Money and Run",Comedy|Crime,1969,3.36363636363636,11
1442,"Klute",Drama|Mystery,1971,4.08333333333333,6
1443,"Repo Man",Comedy|Sci-Fi,1984,3.38095238095238,21
1444,"Metropolitan",Comedy,1990,3.625,8
1445,"Labyrinth",Adventure|Fantasy|Musical,1986,3.82142857142857,42
1446,"Breakfast Club, The",Comedy|Drama,1985,3.7787610619469,113
1447,"Nightmare on Elm Street 2: Freddy's Revenge, A",Horror,1985,2.35,10
1448,"Nightmare on Elm Street 3: Dream Warriors, A",Horror|Thriller,1987,2.91666666666667,12
1449,"Nightmare on Elm Street 4: The Dream Master, A",Horror|Thriller,1988,2.42857142857143,7
1450,"Nightmare on Elm Street 5: The Dream Child, A",Horror,1989,2.14285714285714,7
1451,"Freddy's Dead: The Final Nightmare",Horror,1991,2.2,5
1452,"Friday the 13th",Horror|Mystery|Thriller,1980,2.875,16
1453,"Friday the 13th Part 2",Horror,1981,2.5,7
1454,"Friday the 13th Part 3: 3D",Horror,1982,2.21428571428571,7
1455,"Friday the 13th Part IV: The Final Chapter",Horror,1984,2.58333333333333,6
1456,"Friday the 13th Part V: A New Beginning",Horror,1985,2.5,2
1457,"Friday the 13th Part VI: Jason Lives",Horror,1986,3.25,4
1458,"Friday the 13th Part VII: The New Blood",Horror,1988,2,1
1459,"Friday the 13th Part VIII: Jason Takes Manhattan",Horror,1989,2,3
1460,"Halloween",Horror,1978,3.72222222222222,27
1461,"Halloween II",Horror,1981,2.4,5
1462,"Halloween III: Season of the Witch",Horror,1982,2.16666666666667,3
1463,"Halloween 4: The Return of Michael Myers",Horror,1988,2,1
1464,"Halloween 5: The Revenge of Michael Myers",Horror,1989,1.5,2
1465,"Prom Night",Horror,1980,2.5,2
1466,"Prom Night IV: Deliver Us From Evil",Horror,1992,4,1
1467,"Child's Play",Horror|Thriller,1988,2.70833333333333,12
1468,"Child's Play 2",Horror|Thriller,1990,2.375,4
1469,"Child's Play 3",Comedy|Horror|Thriller,1991,1.8,5
1470,"Poltergeist",Horror|Thriller,1982,3.42553191489362,47
1471,"Poltergeist II: The Other Side",Horror|Thriller,1986,1.66666666666667,6
1472,"Poltergeist III",Horror|Thriller,1988,1.875,4
1473,"Exorcist, The",Horror|Mystery,1973,3.80188679245283,53
1474,"Exorcist II: The Heretic",Horror,1977,1.5,4
1475,"Exorcist III, The",Horror,1990,2,4
1476,"Lethal Weapon",Action|Comedy|Crime|Drama,1987,3.67333333333333,75
1477,"Lethal Weapon 2",Action|Comedy|Crime|Drama,1989,3.18085106382979,47
1478,"Lethal Weapon 3",Action|Comedy|Crime|Drama,1992,2.93478260869565,46
1479,"Gremlins",Comedy|Horror,1984,3.3780487804878,41
1480,"Gremlins 2: The New Batch",Comedy|Horror,1990,3.33333333333333,15
1481,"Goonies, The",Action|Adventure|Children|Comedy|Fantasy,1985,3.57017543859649,57
1482,"Mask of Zorro, The",Action|Comedy|Romance,1998,3.1,60
1483,"Polish Wedding",Comedy,1998,3.5,2
1484,"This World, Then the Fireworks",Crime|Drama|Film-Noir,1997,3,1
1485,"Soylent Green",Drama|Mystery|Sci-Fi|Thriller,1973,3.47368421052632,19
1486,"Metropolis",Drama|Sci-Fi,1927,3.85714285714286,21
1487,"Back to the Future Part II",Adventure|Comedy|Sci-Fi,1989,3.50574712643678,87
1488,"Back to the Future Part III",Adventure|Comedy|Sci-Fi|Western,1990,3.36931818181818,88
1489,"Poseidon Adventure, The",Action|Adventure|Drama,1972,3.0952380952381,21
1490,"Freaky Friday",Children|Comedy|Fantasy,1977,2.625,8
1491,"Absent-Minded Professor, The",Children|Comedy|Fantasy,1961,3.38888888888889,9
1492,"Apple Dumpling Gang Rides Again, The",Children|Comedy|Western,1979,2.875,4
1493,"Babes in Toyland",Children|Fantasy|Musical,1961,3.1,5
1494,"Bambi",Animation|Children|Drama,1942,3.36842105263158,38
1495,"Seven Samurai",Action|Adventure|Drama,1954,4.1875,48
1496,"Dangerous Liaisons",Drama|Romance,1988,4,25
1497,"Dune",Adventure|Sci-Fi,1984,3.43243243243243,37
1498,"Last Temptation of Christ, The",Drama,1988,3.6875,8
1499,"Godfather: Part III, The",Crime|Drama|Mystery|Thriller,1990,3.35555555555556,45
1500,"Rapture, The",Drama|Mystery,1991,3.33333333333333,3
1501,"Lolita",Drama|Romance,1997,3.92857142857143,7
1502,"Disturbing Behavior",Horror|Thriller,1998,2,3
1503,"Jane Austen's Mafia!",Comedy|Crime,1998,1.83333333333333,9
1504,"Saving Private Ryan",Action|Drama|War,1998,4.14627659574468,188
1505,"Barefoot Executive, The",Children|Comedy,1971,2,1
1506,"Black Cauldron, The",Adventure|Animation|Children|Fantasy,1985,3.75,8
1507,"Black Hole, The",Children|Sci-Fi,1979,2.61111111111111,9
1508,"Blackbeard's Ghost",Children|Comedy,1968,3.66666666666667,3
1509,"Blank Check",Children|Comedy,1994,2.25,6
1510,"Candleshoe",Adventure|Children|Comedy,1977,4,1
1511,"Cat from Outer Space, The",Children|Comedy|Sci-Fi,1978,2.33333333333333,3
1512,"Computer Wore Tennis Shoes, The",Children|Comedy,1969,2.85714285714286,7
1513,"Condorman",Action|Adventure|Children|Comedy,1981,3.33333333333333,3
1514,"D2: The Mighty Ducks",Children|Comedy,1994,2.58333333333333,6
1515,"Darby O'Gill and the Little People",Adventure|Children|Fantasy,1959,2.75,4
1516,"Devil and Max Devlin, The",Comedy|Fantasy,1981,2.5,2
1517,"Flight of the Navigator",Adventure|Children|Sci-Fi,1986,3.20833333333333,24
1518,"Great Mouse Detective, The",Action|Animation|Children|Crime,1986,3.5625,8
1519,"Herbie Goes Bananas",Adventure|Children|Comedy,1980,2.875,4
1520,"Herbie Goes to Monte Carlo",Adventure|Children|Comedy,1977,2.33333333333333,3
1521,"Hocus Pocus",Children|Comedy|Fantasy|Horror,1993,2.76086956521739,23
1522,"Honey, I Blew Up the Kid",Children|Comedy|Sci-Fi,1992,2.05,20
1523,"Honey, I Shrunk the Kids",Adventure|Children|Comedy|Fantasy|Sci-Fi,1989,2.75735294117647,68
1524,"Hot Lead and Cold Feet",Action|Comedy|Western,1978,3,1
1525,"In Search of the Castaways",Adventure|Children,1962,3,1
1526,"Incredible Journey, The",Adventure|Children,1963,3.375,4
1527,"Negotiator, The",Action|Crime|Drama|Mystery|Thriller,1998,3.35,30
1528,"Parent Trap, The",Children|Comedy|Romance,1998,3,15
1529,"BASEketball",Comedy,1998,3.07142857142857,14
1530,"Roger & Me",Documentary,1989,3.83870967741935,31
1531,"Purple Rose of Cairo, The",Comedy|Drama|Fantasy|Romance,1985,3.73076923076923,13
1532,"Out of the Past",Film-Noir,1947,4.125,4
1533,"Doctor Zhivago",Drama|Romance|War,1965,4.14285714285714,21
1534,"Fanny and Alexander",Drama|Fantasy|Mystery,1982,2.75,2
1535,"Trip to Bountiful, The",Drama,1985,4.25,2
1536,"Tender Mercies",Drama|Romance|Western,1983,3.4,5
1537,"And the Band Played On",Drama,1993,3.25,2
1538,"'burbs, The",Comedy,1989,3.17647058823529,17
1539,"Fandango",Comedy,1985,3.6,5
1540,"Night Porter, The",Crime|Drama|Romance,1974,3.66666666666667,3
1541,"Mephisto",Drama|War,1981,5,1
1542,"Blue Velvet",Drama|Mystery|Thriller,1986,3.94565217391304,46
1543,"Journey of Natty Gann, The",Adventure|Children,1985,3.4,5
1544,"Jungle Book, The",Animation|Children|Comedy|Musical,1967,3.83018867924528,53
1545,"Lady and the Tramp",Animation|Children|Comedy|Romance,1955,3.4,55
1546,"Little Mermaid, The",Animation|Children|Comedy|Musical|Romance,1989,3.42537313432836,67
1547,"Mighty Ducks, The",Children|Comedy,1992,2.65384615384615,26
1548,"Muppet Christmas Carol, The",Children|Comedy|Musical,1992,3.73684210526316,19
1549,"Newsies",Children|Musical,1992,2.7,5
1550,"101 Dalmatians",Adventure|Animation|Children,1961,3.43181818181818,44
1551,"Peter Pan",Animation|Children|Fantasy|Musical,1953,3.57317073170732,41
1552,"Popeye",Adventure|Comedy|Musical,1980,2.5,18
1553,"Rescuers Down Under, The",Adventure|Animation|Children,1990,3.5,10
1554,"Rescuers, The",Adventure|Animation|Children|Crime|Drama,1977,3.19230769230769,13
1555,"Return from Witch Mountain",Children|Sci-Fi,1978,2.25,4
1556,"Return of Jafar, The",Adventure|Animation|Children|Fantasy|Musical|Romance,1994,2.41666666666667,6
1557,"Return to Oz",Adventure|Children|Fantasy,1985,3,6
1558,"Rocketeer, The",Action|Adventure|Sci-Fi,1991,3.25641025641026,39
1559,"Shaggy D.A., The",Children|Comedy,1976,2.83333333333333,3
1560,"Sleeping Beauty",Animation|Children|Musical,1959,3.40909090909091,22
1561,"Something Wicked This Way Comes",Children|Drama|Fantasy|Mystery|Thriller,1983,2.9,10
1562,"Son of Flubber",Children|Comedy,1963,2.5,2
1563,"Song of the South",Adventure|Animation|Children|Musical,1946,3.41666666666667,6
1564,"Splash",Comedy|Fantasy|Romance,1984,3.11764705882353,51
1565,"Steamboat Willie",Animation|Children|Comedy|Musical,1928,2.33333333333333,3
1566,"Tall Tale",Adventure|Children|Fantasy|Western,1995,2.5,3
1567,"Tex",Drama,1982,4,1
1568,"Tron",Action|Adventure|Sci-Fi,1982,3.34,50
1569,"Swing Kids",Drama|War,1993,3.7,5
1570,"Halloween H20: 20 Years Later",Horror|Thriller,1998,3,3
1571,"L.A. Story",Comedy|Romance,1991,3.47916666666667,24
1572,"Jerk, The",Comedy,1979,3.37037037037037,27
1573,"Dead Men Don't Wear Plaid",Comedy|Crime|Thriller,1982,3.30555555555556,18
1574,"Man with Two Brains, The",Comedy,1983,3.25,10
1575,"Grand Canyon",Crime|Drama,1991,3.1875,8
1576,"Outsiders, The",Drama,1983,3.71875,16
1577,"Indiana Jones and the Temple of Doom",Action|Adventure|Fantasy,1984,3.63888888888889,108
1578,"Lord of the Rings, The",Adventure|Animation|Children|Fantasy,1978,3.13333333333333,15
1579,"1984",Drama|Sci-Fi,1984,3.71428571428571,14
1580,"Dead Zone, The",Thriller,1983,3.73333333333333,15
1581,"Maximum Overdrive",Horror,1986,1.33333333333333,3
1582,"Needful Things",Drama|Horror,1993,2,4
1583,"Cujo",Horror|Thriller,1983,2.21428571428571,7
1584,"Children of the Corn",Horror|Thriller,1984,2.45454545454545,11
1585,"All Dogs Go to Heaven",Animation|Children|Comedy|Drama|Fantasy,1989,2.7,15
1586,"Addams Family, The",Children|Comedy|Fantasy,1991,3.28947368421053,38
1587,"Ever After: A Cinderella Story",Comedy|Drama|Romance,1998,3.61904761904762,21
1588,"Snake Eyes",Action|Crime|Mystery|Thriller,1998,2.76666666666667,15
1589,"Atlantic City",Crime|Drama|Romance,1980,3.6875,8
1590,"Autumn Sonata",Drama,1978,4.625,4
1591,"Who's Afraid of Virginia Woolf?",Drama,1966,4.14285714285714,7
1592,"Adventures in Babysitting",Adventure|Comedy,1987,3.325,20
1593,"Weird Science",Comedy|Fantasy|Sci-Fi,1985,3.11363636363636,22
1594,"Doctor Dolittle",Adventure|Children|Musical,1967,3.77272727272727,11
1595,"Nutty Professor, The",Comedy|Sci-Fi,1963,2.46428571428571,14
1596,"Charlotte's Web",Animation|Children,1973,3.54761904761905,21
1597,"Watership Down",Adventure|Animation|Children|Drama|Fantasy,1978,4.05,10
1598,"Secret of NIMH, The",Adventure|Animation|Children|Drama,1982,3.47619047619048,21
1599,"Dark Crystal, The",Adventure|Fantasy,1982,3.54411764705882,34
1600,"American Tail, An",Adventure|Animation|Children|Comedy,1986,3.16666666666667,18
1601,"American Tail: Fievel Goes West, An",Adventure|Animation|Children|Musical|Western,1991,2.7,10
1602,"Legend",Adventure|Fantasy|Romance,1985,3.07692307692308,13
1603,"Sixteen Candles",Comedy|Romance,1984,3.60204081632653,49
1604,"Pretty in Pink",Comedy|Drama|Romance,1986,3.24242424242424,33
1605,"St. Elmo's Fire",Drama|Romance,1985,3.21875,16
1606,"Clan of the Cave Bear, The",Adventure|Drama|Fantasy,1986,2.66666666666667,3
1607,"House",Comedy|Fantasy|Horror,1986,3.05555555555556,9
1608,"House II: The Second Story",Comedy|Fantasy|Horror,1987,1.75,4
1609,"Gods Must Be Crazy, The",Adventure|Comedy,1980,3.89285714285714,28
1610,"Gods Must Be Crazy II, The",Comedy,1989,3.75,6
1611,"Air Bud: Golden Receiver",Children|Comedy,1998,2,3
1612,"Avengers, The",Action|Adventure,1998,2.31818181818182,11
1613,"How Stella Got Her Groove Back",Drama|Romance,1998,1.75,2
1614,"Slums of Beverly Hills, The",Comedy|Drama,1998,3.625,8
1615,"Best Man, The",Comedy|Drama|Romance,1998,4,1
1616,"Henry: Portrait of a Serial Killer",Crime|Horror|Thriller,1986,3.92857142857143,7
1617,"Rosemary's Baby",Drama|Horror|Thriller,1968,4.171875,32
1618,"NeverEnding Story, The",Adventure|Children|Fantasy,1984,3.58139534883721,43
1619,"NeverEnding Story II: The Next Chapter, The",Adventure|Children|Fantasy,1990,2.5,8
1620,"Attack of the Killer Tomatoes!",Comedy|Horror,1978,2.2,5
1621,"Surf Nazis Must Die",Action|Comedy|Drama|Horror,1987,1,1
1622,"Your Friends and Neighbors",Comedy|Drama,1998,3.5,2
1623,"Return to Paradise",Crime|Drama|Romance|Thriller,1998,2.5,4
1624,"Blade",Action|Horror|Thriller,1998,3.36206896551724,58
1625,"Dead Man on Campus",Comedy,1998,2.28571428571429,7
1626,"Wrongfully Accused",Action|Comedy,1998,2.4,5
1627,"Next Stop Wonderland",Comedy|Drama|Romance,1998,3.3125,8
1628,"Strike!",Comedy|Drama,1998,3,1
1629,"Beetlejuice",Comedy|Fantasy,1988,3.47252747252747,91
1630,"Déjà Vu",Drama|Romance,1997,4.5,1
1631,"Rope",Crime|Drama|Thriller,1948,3.9,10
1632,"Family Plot",Comedy|Thriller,1976,3.16666666666667,3
1633,"Frenzy",Thriller,1972,3.5,2
1634,"Topaz",Thriller,1969,3,1
1635,"Torn Curtain",Thriller,1966,3.5,1
1636,"Marnie",Drama|Mystery|Romance|Thriller,1964,3.625,4
1637,"Wrong Man, The",Drama|Film-Noir|Thriller,1956,2.875,4
1638,"Man Who Knew Too Much, The",Adventure|Drama|Mystery|Thriller,1956,3.55555555555556,9
1639,"Trouble with Harry, The",Comedy|Mystery,1955,3.41666666666667,6
1640,"I Confess",Thriller,1953,4,2
1641,"Strangers on a Train",Crime|Drama|Film-Noir|Thriller,1951,3.98,25
1642,"Stage Fright",Mystery|Romance|Thriller,1950,3.5,2
1643,"54",Drama,1998,2,5
1644,"Why Do Fools Fall In Love?",Drama,1998,2,1
1645,"Willow",Action|Adventure|Fantasy,1988,3.3375,40
1646,"Untouchables, The",Action|Crime|Drama,1987,3.93846153846154,65
1647,"Dirty Work",Comedy,1998,3.21428571428571,7
1648,"Knock Off",Action,1998,5,1
1649,"Paradine Case, The",Drama,1947,3.5,2
1650,"Lifeboat",Drama|War,1944,4.35714285714286,7
1651,"Shadow of a Doubt",Crime|Drama|Thriller,1943,4.14285714285714,7
1652,"Saboteur",Mystery|Thriller,1942,3.875,4
1653,"Mr. & Mrs. Smith",Comedy|Romance,1941,2.875,4
1654,"Suspicion",Film-Noir|Mystery|Thriller,1941,4,5
1655,"Jamaica Inn",Drama,1939,3,1
1656,"Lady Vanishes, The",Drama|Mystery|Thriller,1938,3.91666666666667,6
1657,"Sabotage",Thriller,1936,3.25,2
1658,"Secret Agent",Thriller,1936,3,1
1659,"Man Who Knew Too Much, The",Drama|Thriller,1934,3.66666666666667,3
1660,"Ring, The",Drama,1927,1,1
1661,"Lodger: A Story of the London Fog, The",Crime|Drama|Thriller,1927,3.5,3
1662,"Rounders",Drama,1998,3.86111111111111,36
1663,"Cube",Horror|Mystery|Sci-Fi|Thriller,1997,3.42592592592593,27
1664,"Simon Birch",Drama,1998,3,9
1665,"Swept Away",Comedy|Drama,1975,4.66666666666667,6
1666,"My Bodyguard",Drama,1980,3.85714285714286,7
1667,"Class",Comedy,1983,3.5,4
1668,"Broadcast News",Comedy|Drama|Romance,1987,3.42857142857143,28
1669,"Allnighter, The",Comedy|Romance,1987,1.5,2
1670,"Working Girl",Comedy|Drama|Romance,1988,3.20454545454545,22
1671,"Married to the Mob",Comedy,1988,3,12
1672,"Say Anything...",Comedy|Drama|Romance,1989,3.92307692307692,39
1673,"My Blue Heaven",Comedy,1990,3.18181818181818,11
1674,"Hero",Comedy|Drama,1992,2.5,5
1675,"Toys",Comedy|Fantasy,1992,2.375,20
1676,"Young Doctors in Love",Comedy,1982,1.5,2
1677,"Parasite",Horror|Sci-Fi,1982,2.5,2
1678,"No Small Affair",Comedy|Romance,1984,4,1
1679,"Blame It on Rio",Comedy|Romance,1984,3.1875,8
1680,"Wisdom",Crime|Drama,1986,2.5,2
1681,"One Crazy Summer",Comedy,1986,3,6
1682,"About Last Night...",Comedy|Drama|Romance,1986,3,9
1683,"Seventh Sign, The",Drama|Fantasy|Thriller,1988,2.8,5
1684,"We're No Angels",Comedy|Crime,1989,2.75,4
1685,"Nothing But Trouble",Adventure|Comedy,1991,2.375,4
1686,"Butcher's Wife, The",Comedy|Romance,1991,3.1,5
1687,"Mortal Thoughts",Mystery|Thriller,1991,2.5,2
1688,"Few Good Men, A",Crime|Drama|Thriller,1992,3.78947368421053,57
1689,"Indecent Proposal",Drama|Romance,1993,3,8
1690,"Permanent Midnight",Drama,1998,3,2
1691,"One True Thing",Drama,1998,2.75,2
1692,"Rush Hour",Action|Comedy|Crime|Thriller,1998,3.26190476190476,42
1693,"Six-String Samurai",Action|Adventure|Sci-Fi,1998,3.6,5
1694,"Ronin",Action|Crime|Thriller,1998,3.52325581395349,43
1695,"Urban Legend",Horror|Thriller,1998,2.4,10
1696,"Clay Pigeons",Crime,1998,3,2
1697,"Monument Ave.",Action|Crime|Drama,1998,2.5,1
1698,"Pecker",Comedy|Drama,1998,3.41666666666667,6
1699,"Sheltering Sky, The",Drama,1990,3.5,2
1700,"Fiendish Plot of Dr. Fu Manchu, The",Comedy,1980,2,1
1701,"Them!",Horror|Sci-Fi|Thriller,1954,3.8,5
1702,"Thing, The",Action|Horror|Sci-Fi|Thriller,1982,3.93333333333333,45
1703,"Player, The",Comedy|Crime|Drama,1992,3.94736842105263,38
1704,"Stardust Memories",Comedy|Drama,1980,3.6,5
1705,"Edward Scissorhands",Drama|Fantasy|Romance,1990,3.7,80
1706,"Overnight Delivery",Comedy|Romance,1998,2.5,1
1707,"Antz",Adventure|Animation|Children|Comedy|Fantasy,1998,3.24444444444444,45
1708,"Impostors, The",Comedy,1998,4.5,2
1709,"Night at the Roxbury, A",Comedy,1998,2.1,10
1710,"What Dreams May Come",Adventure|Drama|Fantasy|Romance,1998,3.64285714285714,14
1711,"Strangeland",Thriller,1998,4,1
1712,"Producers, The",Comedy,1968,3.96969696969697,33
1713,"History of the World: Part I",Comedy|Musical,1981,3.625,16
1714,"My Cousin Vinny",Comedy,1992,3.26271186440678,59
1715,"Nashville",Drama|Musical,1975,3.6,5
1716,"Love Is the Devil",Drama,1998,4,1
1717,"Holy Man",Comedy,1998,2.58333333333333,6
1718,"One Tough Cop",Action|Crime,1998,3,1
1719,"Mighty, The",Drama,1998,3.66666666666667,3
1720,"2010: The Year We Make Contact",Sci-Fi,1984,3.58823529411765,17
1721,"Children of a Lesser God",Drama,1986,3.83333333333333,12
1722,"Elephant Man, The",Drama,1980,4.02941176470588,17
1723,"Beloved",Drama,1998,4.5,2
1724,"Bride of Chucky",Comedy|Horror|Thriller,1998,2.16666666666667,6
1725,"Practical Magic",Drama|Fantasy|Mystery|Romance,1998,3.21428571428571,7
1726,"Happiness",Comedy|Drama,1998,4.125,16
1727,"Apt Pupil",Drama|Thriller,1998,3,9
1728,"Pleasantville",Comedy|Drama|Fantasy,1998,3.48360655737705,61
1729,"Soldier",Action|Sci-Fi|War,1998,3.0625,8
1730,"Cruise, The",Documentary,1998,4.25,2
1731,"Life Is Beautiful",Comedy|Drama|Romance|War,1997,4.14772727272727,88
1732,"Orgazmo",Comedy,1997,3.11538461538462,13
1733,"Tales from the Darkside: The Movie",Fantasy|Horror|Thriller,1990,3.66666666666667,3
1734,"Vampires",Horror|Western,1998,2.42857142857143,7
1735,"American History X",Crime|Drama,1998,4.21705426356589,129
1736,"Hands on a Hard Body",Comedy|Documentary,1996,4.5,2
1737,"Living Out Loud",Comedy|Drama|Romance,1998,3,3
1738,"Belly",Crime|Drama,1998,1.25,2
1739,"Gods and Monsters",Drama,1998,4.125,4
1740,"Siege, The",Action|Thriller,1998,2.80769230769231,13
1741,"Waterboy, The",Comedy,1998,3.17857142857143,28
1742,"Elizabeth",Drama,1998,3.67391304347826,23
1743,"Velvet Goldmine",Drama,1998,3.375,4
1744,"I Still Know What You Did Last Summer",Horror|Mystery|Thriller,1998,2.05555555555556,18
1745,"I'll Be Home For Christmas",Comedy|Romance,1998,1.5,1
1746,"Meet Joe Black",Romance,1998,3.05,20
1747,"Hard Core Logo",Comedy|Drama,1996,4,2
1748,"Runaway Train",Action|Adventure|Drama|Thriller,1985,3.25,8
1749,"Stepford Wives, The",Mystery|Sci-Fi|Thriller,1975,3.18181818181818,11
1750,"Pope of Greenwich Village, The",Drama,1984,2.33333333333333,3
1751,"Sid and Nancy",Drama,1986,3.4375,8
1752,"Mona Lisa",Comedy|Thriller,1986,3.5,7
1753,"Heart Condition",Comedy,1990,3.5,2
1754,"Nights of Cabiria",Drama,1957,4.28571428571429,7
1755,"Big Chill, The",Comedy|Drama,1983,3.84,25
1756,"Enemy of the State",Action|Thriller,1998,3.49253731343284,67
1757,"Rugrats Movie, The",Animation|Children|Comedy,1998,2.5,7
1758,"Bug's Life, A",Adventure|Animation|Children|Comedy,1998,3.51630434782609,92
1759,"Celebrity",Comedy,1998,2.6,5
1760,"Central Station",Drama,1998,4.41666666666667,6
1761,"Savior",Drama|War,1998,4,1
1762,"Waking Ned Devine",Comedy,1998,3.67307692307692,26
1763,"Celebration, The",Drama,1998,4.45833333333333,12
1764,"Pink Flamingos",Comedy,1972,2.75,10
1765,"Glen or Glenda",Drama,1953,4,1
1766,"Godzilla",Drama|Horror|Sci-Fi,1954,2.16666666666667,3
1767,"Godzilla 1985: The Legend Is Reborn",Action|Horror|Sci-Fi|Thriller,1984,1.5,2
1768,"King Kong vs. Godzilla",Action|Sci-Fi,1962,2.5,2
1769,"King Kong",Action|Adventure|Fantasy|Horror,1933,3.64,25
1770,"King Kong",Adventure|Fantasy|Romance|Sci-Fi|Thriller,1976,2.71428571428571,14
1771,"King Kong Lives",Adventure|Sci-Fi,1986,2,1
1772,"Desperately Seeking Susan",Comedy|Drama|Romance,1985,2.66666666666667,24
1773,"Emerald Forest, The",Action|Adventure|Drama,1985,3,1
1774,"Fletch",Comedy|Crime|Mystery,1985,3.08333333333333,24
1775,"Fletch Lives",Comedy,1989,2.22222222222222,9
1776,"Red Sonja",Action|Adventure|Fantasy,1985,2.27777777777778,9
1777,"Gung Ho",Comedy|Drama,1986,3.16666666666667,9
1778,"Money Pit, The",Comedy,1986,2.92857142857143,21
1779,"View to a Kill, A",Action|Adventure|Thriller,1985,3.21428571428571,21
1780,"Lifeforce",Horror|Sci-Fi,1985,2.5,5
1781,"Police Academy",Comedy|Crime,1984,3.02272727272727,22
1782,"Police Academy 2: Their First Assignment",Comedy|Crime,1985,2.45833333333333,12
1783,"Police Academy 3: Back in Training",Comedy|Crime,1986,2.3,10
1784,"Police Academy 4: Citizens on Patrol",Comedy|Crime,1987,2.14285714285714,7
1785,"Police Academy 5: Assignment: Miami Beach",Comedy|Crime,1988,2.5,5
1786,"Police Academy 6: City Under Siege",Comedy|Crime,1989,1.5,4
1787,"Babe: Pig in the City",Adventure|Children|Drama,1998,2.77586206896552,29
1788,"Home Fries",Comedy|Romance,1998,2.33333333333333,3
1789,"Very Bad Things",Comedy|Crime,1998,3.4375,16
1790,"Steam: The Turkish Bath",Drama|Romance,1997,4,1
1791,"Psycho",Crime|Horror|Thriller,1998,1.88888888888889,9
1792,"Little Voice",Comedy,1998,3.92857142857143,7
1793,"Simple Plan, A",Crime|Drama|Thriller,1998,3.79545454545455,22
1794,"Jack Frost",Children|Comedy|Drama,1998,1.9375,8
1795,"Star Trek: Insurrection",Action|Drama|Romance|Sci-Fi,1998,3.15151515151515,33
1796,"Prince of Egypt, The",Animation|Musical,1998,3.5,25
1797,"Rushmore",Comedy|Drama,1998,3.54464285714286,56
1798,"Shakespeare in Love",Comedy|Drama|Romance,1998,3.77717391304348,92
1799,"Miracle on 34th Street",Comedy|Drama,1947,4.05882352941176,17
1800,"Santa Claus: The Movie",Adventure|Children|Fantasy,1985,2.25,4
1801,"Prancer",Children|Drama|Fantasy,1989,3,2
1802,"Pale Rider",Western,1985,3.8125,8
1803,"Rambo: First Blood Part II",Action|Adventure|Thriller,1985,2.65789473684211,19
1804,"First Blood",Action|Adventure|Drama|Thriller,1982,3.55,30
1805,"Rambo III",Action|Adventure|Thriller|War,1988,1.91666666666667,12
1806,"Jewel of the Nile, The",Action|Adventure|Comedy|Romance,1985,2.80952380952381,21
1807,"Romancing the Stone",Action|Adventure|Comedy|Romance,1984,3.4537037037037,54
1808,"Cocoon",Comedy|Sci-Fi,1985,3.26744186046512,43
1809,"Cocoon: The Return",Comedy|Sci-Fi,1988,2.33333333333333,9
1810,"Rocky II",Action|Drama,1979,3.19230769230769,26
1811,"Rocky III",Action|Drama,1982,2.72916666666667,24
1812,"Rocky IV",Action|Drama,1985,2.70689655172414,29
1813,"Rocky V",Action|Drama,1990,1.94117647058824,17
1814,"Clue",Comedy|Crime|Mystery|Thriller,1985,3.38888888888889,18
1815,"Young Sherlock Holmes",Action|Adventure|Children|Fantasy|Mystery|Thriller,1985,3.36363636363636,11
1816,"Violets Are Blue...",Drama|Romance,1986,3,1
1817,"Back to School",Comedy,1986,2.90625,16
1818,"Heartburn",Comedy|Drama,1986,1,1
1819,"Nothing in Common",Comedy,1986,2.75,6
1820,"Extremities",Drama|Thriller,1986,3.75,2
1821,"Karate Kid, The",Drama,1984,3.56578947368421,38
1822,"Karate Kid, Part II, The",Action|Adventure|Drama,1986,2.77586206896552,29
1823,"Karate Kid, Part III, The",Action|Adventure|Children|Drama,1989,1.75,14
1824,"Christmas Vacation",Comedy,1989,3.56666666666667,30
1825,"You've Got Mail",Comedy|Romance,1998,3.12,50
1826,"General, The",Crime,1998,4,2
1827,"Thin Red Line, The",Action|Drama|War,1998,3.3,35
1828,"Faculty, The",Horror|Sci-Fi,1998,2.47826086956522,23
1829,"Mighty Joe Young",Action|Adventure|Drama|Fantasy|Thriller,1998,2.8,5
1830,"Mighty Joe Young",Adventure|Children|Drama,1949,2.83333333333333,6
1831,"Patch Adams",Comedy|Drama,1998,3.37037037037037,27
1832,"Stepmom",Drama,1998,3.08333333333333,6
1833,"Civil Action, A",Drama,1998,3.04545454545455,11
1834,"Hurlyburly",Drama,1998,4,1
1835,"Tea with Mussolini",Comedy|Drama|War,1999,4.25,6
1836,"Affliction",Drama,1997,3.16666666666667,3
1837,"Hilary and Jackie",Drama,1998,3.83333333333333,3
1838,"Playing by Heart",Drama|Romance,1998,3.375,8
1839,"At First Sight",Drama,1999,2.6875,8
1840,"In Dreams",Horror|Thriller,1999,2,2
1841,"Varsity Blues",Comedy|Drama,1999,3.26666666666667,15
1842,"Virus",Horror|Sci-Fi,1999,2.66666666666667,3
1843,"Howard the Duck",Adventure|Comedy|Sci-Fi,1986,2.15625,16
1844,"Gate, The",Horror,1987,3,1
1845,"Boy Who Could Fly, The",Drama|Fantasy,1986,2.16666666666667,3
1846,"Fly, The",Horror|Mystery|Sci-Fi,1958,3.38461538461538,13
1847,"Fly, The",Drama|Horror|Sci-Fi|Thriller,1986,3.38372093023256,43
1848,"Fly II, The",Horror|Sci-Fi,1989,2.27777777777778,9
1849,"Running Scared",Action|Comedy,1986,3.5625,8
1850,"Armed and Dangerous",Comedy|Crime,1986,2.75,8
1851,"Texas Chainsaw Massacre, The",Horror,1974,3.26923076923077,13
1852,"Texas Chainsaw Massacre 2, The",Horror,1986,2,3
1853,"Texas Chainsaw Massacre: The Next Generation",Horror,1994,3,1
1854,"Ruthless People",Comedy,1986,3.32142857142857,14
1855,"Deadly Friend",Horror,1986,1.5,3
1856,"Name of the Rose, The",Crime|Drama|Mystery|Thriller,1986,3.75,18
1857,"Jumpin' Jack Flash",Action|Comedy|Romance|Thriller,1986,2.5,15
1858,"Peggy Sue Got Married",Comedy|Drama,1986,3.21428571428571,7
1859,"Crocodile Dundee",Adventure|Comedy,1986,3.17543859649123,57
1860,"Crocodile Dundee II",Action|Adventure|Comedy,1988,2.47916666666667,24
1861,"Tough Guys",Comedy,1986,3,3
1862,"Soul Man",Comedy,1986,2.5625,8
1863,"Color of Money, The",Drama,1986,3.5,13
1864,"52 Pick-Up",Action|Mystery|Thriller,1986,3.66666666666667,3
1865,"Heartbreak Ridge",Action|War,1986,3.75,12
1866,"Firewalker",Adventure,1986,3.33333333333333,3
1867,"¡Three Amigos!",Comedy|Western,1986,3.13461538461538,26
1868,"My Name Is Joe",Drama|Romance,1998,4,1
1869,"Still Crazy",Comedy|Romance,1998,3,2
1870,"Day of the Beast, The",Adventure|Comedy|Thriller,1995,3.5,1
1871,"She's All That",Comedy|Romance,1999,2.8448275862069,29
1872,"Peeping Tom",Drama|Horror|Thriller,1960,3,3
1873,"Payback",Action|Thriller,1999,3.42222222222222,45
1874,"Simply Irresistible",Comedy|Romance,1999,3.6,5
1875,"20 Dates",Comedy|Romance,1998,3,7
1876,"Harmonists, The",Drama,1997,4,1
1877,"Last Days, The",Documentary,1998,4,2
1878,"Fantastic Planet, The",Animation|Sci-Fi,1973,4,3
1879,"Blast from the Past",Comedy|Romance,1999,3.10869565217391,23
1880,"Message in a Bottle",Romance,1999,2.91666666666667,6
1881,"My Favorite Martian",Comedy|Sci-Fi,1999,2.1,5
1882,"Jawbreaker",Comedy,1999,2,7
1883,"October Sky",Drama,1999,3.75,30
1884,"Office Space",Comedy|Crime,1999,4.09042553191489,94
1885,"Apple, The",Drama,1998,4,1
1886,"200 Cigarettes",Comedy|Drama,1999,3.16666666666667,6
1887,"8MM",Drama|Mystery|Thriller,1999,2.94444444444444,18
1888,"Other Sister, The",Comedy|Drama|Romance,1999,3.33333333333333,6
1889,"Long Goodbye, The",Crime|Film-Noir,1973,4.66666666666667,3
1890,"Ballad of Narayama, The",Drama,1983,5,1
1891,"Pet Sematary",Horror,1989,2.85,10
1892,"Pet Sematary II",Comedy|Horror,1992,1.83333333333333,3
1893,"Children of the Corn II: The Final Sacrifice",Horror,1993,1.75,2
1894,"Children of the Corn III",Horror,1994,1,1
1895,"Christine",Horror,1983,2.95,10
1896,"Night Shift",Comedy,1982,3.05,10
1897,"Airport",Drama,1970,2.16666666666667,3
1898,"Airport 1975",Action|Drama|Thriller,1974,3.5,2
1899,"Airport '77",Drama,1977,3.25,4
1900,"Rollercoaster",Drama|Thriller,1977,2.5,2
1901,"Towering Inferno, The",Action|Adventure|Drama|Thriller,1974,3.22222222222222,9
1902,"Alligator",Action|Horror|Sci-Fi,1980,2,3
1903,"Meteor",Sci-Fi,1979,1.83333333333333,3
1904,"Westworld",Action|Sci-Fi|Thriller|Western,1973,3.41666666666667,18
1905,"Logan's Run",Action|Adventure|Sci-Fi,1976,3.22916666666667,24
1906,"Planet of the Apes",Action|Drama|Sci-Fi,1968,3.80357142857143,56
1907,"Beneath the Planet of the Apes",Action|Sci-Fi,1970,2.77777777777778,18
1908,"Battle for the Planet of the Apes",Action|Sci-Fi,1973,2.77777777777778,9
1909,"Conquest of the Planet of the Apes",Action|Sci-Fi,1972,2.79166666666667,12
1910,"Escape from the Planet of the Apes",Action|Sci-Fi,1971,3,15
1911,"Avalanche",Action,1978,2.5,3
1912,"Earthquake",Action|Drama|Thriller,1974,2.66666666666667,3
1913,"Beyond the Poseidon Adventure",Adventure,1979,2,3
1914,"Dancemaker",Documentary,1998,1,1
1915,"Analyze This",Comedy,1999,3.09574468085106,47
1916,"Corruptor, The",Action|Crime|Drama|Thriller,1999,2.5,3
1917,"Cruel Intentions",Drama,1999,3.225,40
1918,"Lock, Stock & Two Smoking Barrels",Comedy|Crime|Thriller,1998,4.05223880597015,67
1919,"School of Flesh, The",Drama|Romance,1998,3,1
1920,"Deep End of the Ocean, The",Drama,1999,3.25,2
1921,"Rage: Carrie 2, The",Horror,1999,1.83333333333333,6
1922,"Wing Commander",Action|Sci-Fi,1999,2.91666666666667,6
1923,"Haunting, The",Horror|Thriller,1963,4,7
1924,"Dead Ringers",Drama|Horror|Thriller,1988,3.6875,8
1925,"My Boyfriend's Back",Comedy,1993,1.5,2
1926,"Village of the Damned",Horror|Sci-Fi|Thriller,1960,3.08333333333333,6
1927,"Children of the Damned",Horror|Sci-Fi|Thriller,1963,3.16666666666667,3
1928,"Baby Geniuses",Comedy,1999,1.66666666666667,3
1929,"I Stand Alone",Drama|Thriller,1998,4.5,1
1930,"Forces of Nature",Comedy|Romance,1999,2.33333333333333,9
1931,"King and I, The",Animation|Children,1999,3,1
1932,"Ravenous",Horror|Thriller,1999,3,8
1933,"True Crime",Crime|Thriller,1999,2.75,4
1934,"Dangerous Beauty",Drama,1998,4.16666666666667,3
1935,"King and I, The",Drama|Musical|Romance,1956,4.16666666666667,12
1936,"Doug's 1st Movie",Animation|Children,1999,2,2
1937,"EDtv",Comedy,1999,2.97368421052632,19
1938,"Mod Squad, The",Action|Crime,1999,3.1875,8
1939,"Walk on the Moon, A",Drama|Romance,1999,3.2,5
1940,"Matrix, The",Action|Sci-Fi|Thriller,1999,4.19244604316547,278
1941,"10 Things I Hate About You",Comedy|Romance,1999,3.52777777777778,54
1942,"Tango",Drama|Musical,1998,1,1
1943,"Out-of-Towners, The",Comedy,1999,2,6
1944,"Dreamlife of Angels, The",Drama,1998,3.75,4
1945,"Metroland",Comedy|Drama,1997,3,1
1946,"Following",Crime|Mystery|Thriller,1998,3.83333333333333,6
1947,"Go",Comedy|Crime,1999,3.96153846153846,39
1948,"Never Been Kissed",Comedy|Romance,1999,2.95833333333333,36
1949,"Twin Dragons",Action|Comedy,1992,3,3
1950,"Cookie's Fortune",Comedy|Drama,1999,3.875,12
1951,"Lovers of the Arctic Circle, The",Drama|Romance,1998,4.25,2
1952,"Goodbye Lover",Comedy|Crime|Thriller,1999,1.75,2
1953,"Life",Comedy|Crime|Drama,1999,3.25,4
1954,"Friends & Lovers",Comedy|Drama|Romance,1999,3.5,1
1955,"Hideous Kinky",Drama,1998,2.5,1
1956,"Monster, The",Comedy,1994,3.375,4
1957,"Open Your Eyes",Drama|Romance|Sci-Fi|Thriller,1997,3.75,10
1958,"SLC Punk!",Comedy|Drama,1998,3.79166666666667,12
1959,"Lost & Found",Comedy|Romance,1999,2.75,2
1960,"Pushing Tin",Comedy,1999,2.84,25
1961,"Election",Comedy,1999,3.66071428571429,56
1962,"eXistenZ",Action|Sci-Fi|Thriller,1999,3.86363636363636,22
1963,"Entrapment",Crime|Thriller,1999,2.98837209302326,43
1964,"Idle Hands",Comedy|Horror,1999,2.56666666666667,15
1965,"Get Real",Drama|Romance,1998,4,2
1966,"King of Masks, The",Drama,1996,4,1
1967,"Winslow Boy, The",Drama,1999,3,1
1968,"Mildred Pierce",Drama|Film-Noir,1945,4,1
1969,"Night of the Comet",Comedy|Horror|Sci-Fi,1984,2.875,8
1970,"Chopping Mall",Action|Horror|Sci-Fi,1986,1,2
1971,"My Science Project",Adventure|Sci-Fi,1985,2.875,4
1972,"Dick Tracy",Action|Crime,1990,2.88461538461538,26
1973,"Mummy, The",Action|Adventure|Comedy|Fantasy|Horror|Thriller,1999,3.12068965517241,87
1974,"Castle, The",Comedy,1997,3.4,5
1975,"This Is My Father",Drama|Romance,1998,3,1
1976,"William Shakespeare's A Midsummer Night's Dream",Comedy|Fantasy,1999,3.13636363636364,11
1977,"Trippin'",Comedy,1999,1,1
1978,"After Life",Drama|Fantasy,1998,4.25,2
1979,"Black Mask",Action|Adventure|Crime|Sci-Fi|Thriller,1996,2.5,2
1980,"Star Wars: Episode I - The Phantom Menace",Action|Adventure|Sci-Fi,1999,3.10714285714286,140
1981,"Love Letter, The",Comedy|Romance,1999,2.5,2
1982,"Besieged",Drama,1998,3.5,2
1983,"Saragossa Manuscript, The",Adventure|Drama|Mystery,1965,4,1
1984,"Mummy, The",Horror|Romance,1932,3.33333333333333,3
1985,"Mummy, The",Horror,1959,3.33333333333333,3
1986,"Mommie Dearest",Drama,1981,3.125,4
1987,"Superman",Action|Adventure|Sci-Fi,1978,3.60655737704918,61
1988,"Superman II",Action|Sci-Fi,1980,3.02040816326531,49
1989,"Superman III",Action|Adventure|Sci-Fi,1983,2.25,22
1990,"Superman IV: The Quest for Peace",Action|Adventure|Sci-Fi,1987,1.6875,16
1991,"Dracula",Horror,1931,3.33333333333333,9
1992,"Frankenstein",Drama|Horror|Sci-Fi,1931,3.90909090909091,11
1993,"Frankenstein Meets the Wolf Man",Horror,1943,1,1
1994,"Curse of Frankenstein, The",Horror,1957,3,1
1995,"Wolf Man, The",Drama|Fantasy|Horror,1941,3.6,5
1996,"Howling II: Your Sister Is a Werewolf",Horror,1985,2,1
1997,"Tarantula",Horror|Sci-Fi,1955,3,1
1998,"Rocky Horror Picture Show, The",Comedy|Horror|Musical|Sci-Fi,1975,3.34126984126984,63
1999,"It Came from Hollywood",Comedy|Documentary,1982,2,1
2000,"Thing from Another World, The",Horror|Sci-Fi,1951,3.5,4
2001,"It Came from Outer Space",Sci-Fi,1953,3,1
2002,"War of the Worlds, The",Action|Drama|Sci-Fi,1953,3.16666666666667,12
2003,"Invasion of the Body Snatchers",Horror|Sci-Fi|Thriller,1956,3.76923076923077,13
2004,"Earth vs. the Flying Saucers",Sci-Fi,1956,1,1
2005,"Swamp Thing",Horror|Sci-Fi,1982,2.9375,8
2006,"Pork Chop Hill",War,1959,3.5,2
2007,"Run Silent Run Deep",War,1958,3.6,5
2008,"Notting Hill",Comedy|Romance,1999,3.45535714285714,56
2009,"Thirteenth Floor, The",Drama|Sci-Fi|Thriller,1999,2.95833333333333,12
2010,"Loss of Sexual Innocence, The",Drama|Fantasy,1999,2.25,2
2011,"Instinct",Drama|Thriller,1999,3.16666666666667,6
2012,"Buena Vista Social Club",Documentary|Musical,1999,4.375,4
2013,"Free Enterprise",Comedy|Romance|Sci-Fi,1998,3,3
2014,"Limbo",Drama,1999,4,3
2015,"Austin Powers: The Spy Who Shagged Me",Action|Adventure|Comedy,1999,3.19834710743802,121
2016,"Red Violin, The",Drama|Mystery,1998,4.02631578947368,19
2017,"Tarzan",Adventure|Animation|Children|Drama,1999,3.45833333333333,24
2018,"General's Daughter, The",Crime|Drama|Mystery|Thriller,1999,2.93333333333333,15
2019,"Ideal Husband, An",Comedy|Romance,1999,3.7,10
2020,"Legend of 1900, The",Drama,1998,3.66666666666667,3
2021,"Run Lola Run",Action|Crime,1998,4,75
2022,"Trekkies",Documentary,1997,3.375,4
2023,"Big Daddy",Comedy,1999,3.19791666666667,48
2024,"Boys, The",Drama,1998,2,1
2025,"Dinner Game, The",Comedy,1998,4.33333333333333,3
2026,"My Son the Fanatic",Comedy|Drama|Romance,1997,3.5,1
2027,"Zone 39",Sci-Fi,1997,2,1
2028,"Arachnophobia",Comedy|Horror,1990,2.81132075471698,53
2029,"South Park: Bigger, Longer and Uncut",Animation|Comedy|Musical,1999,3.86184210526316,76
2030,"Wild Wild West",Action|Comedy|Sci-Fi|Western,1999,2.20754716981132,53
2031,"Summer of Sam",Drama,1999,3.4,15
2032,"American Pie",Comedy|Romance,1999,3.37864077669903,103
2033,"Arlington Road",Thriller,1999,3.27272727272727,22
2034,"Autumn Tale, An",Romance,1998,4,3
2035,"Muppets From Space",Children|Comedy,1999,3.16666666666667,9
2036,"Blair Witch Project, The",Drama|Horror|Thriller,1999,2.796875,64
2037,"Eyes Wide Shut",Drama|Mystery|Thriller,1999,3.4622641509434,53
2038,"Lake Placid",Horror|Thriller,1999,2.66666666666667,12
2039,"Ghostbusters",Action|Comedy|Sci-Fi,1984,3.775,120
2040,"Ghostbusters II",Comedy|Fantasy|Sci-Fi,1989,3,47
2041,"Drop Dead Gorgeous",Comedy,1999,3.2,10
2042,"Haunting, The",Horror|Thriller,1999,2.11538461538462,13
2043,"Inspector Gadget",Action|Adventure|Children|Comedy,1999,2.0952380952381,21
2044,"Deep Blue Sea",Action|Horror|Sci-Fi|Thriller,1999,2.77586206896552,29
2045,"Mystery Men",Action|Comedy|Fantasy,1999,3.08974358974359,39
2046,"Runaway Bride",Comedy|Romance,1999,2.83333333333333,42
2047,"Twin Falls Idaho",Drama,1999,2,1
2048,"Killing, The",Crime|Film-Noir,1956,4.05555555555556,9
2049,"Killer's Kiss",Crime|Film-Noir,1955,3,1
2050,"Spartacus",Action|Drama|Romance|War,1960,3.57692307692308,13
2051,"Lolita",Drama|Romance,1962,3.5,7
2052,"Barry Lyndon",Drama|Romance|War,1975,3.71428571428571,7
2053,"400 Blows, The",Crime|Drama,1959,4,12
2054,"Jules and Jim",Drama|Romance,1961,4.5,5
2055,"Vibes",Adventure|Comedy|Romance,1988,2,2
2056,"Mosquito Coast, The",Adventure|Drama|Thriller,1986,3.25,10
2057,"Golden Child, The",Action|Adventure|Comedy|Fantasy|Mystery,1986,2.71875,16
2058,"Brighton Beach Memoirs",Comedy,1986,3.6,5
2059,"Assassination",Action|Drama|Thriller,1987,4,1
2060,"Crimes of the Heart",Comedy|Drama,1986,4,1
2061,"Color Purple, The",Drama,1985,3.91666666666667,12
2062,"Kindred, The",Horror|Sci-Fi,1986,1,1
2063,"No Mercy",Action|Crime|Thriller,1986,2,2
2064,"Ménage",Comedy|Drama,1986,1,1
2065,"Native Son",Drama,1986,3,1
2066,"Otello",Drama,1986,4,1
2067,"Mission, The",Drama,1986,3.5,9
2068,"Little Shop of Horrors",Comedy|Horror|Musical,1986,3.33333333333333,39
2069,"Little Shop of Horrors, The",Comedy|Horror,1960,3,9
2070,"Allan Quatermain and the Lost City of Gold",Action|Adventure|Comedy,1987,1.83333333333333,6
2071,"Morning After, The",Drama|Mystery,1986,4,2
2072,"Radio Days",Comedy|Drama,1987,3.14285714285714,7
2073,"From the Hip",Comedy|Drama,1987,4,1
2074,"Outrageous Fortune",Comedy|Mystery,1987,2.8125,8
2075,"Deadtime Stories",Horror,1987,1,1
2076,"Frances",Drama,1982,3.5,1
2077,"Dick",Comedy,1999,3.5,8
2078,"Iron Giant, The",Adventure|Animation|Children|Drama|Sci-Fi,1999,4.05128205128205,39
2079,"Sixth Sense, The",Drama|Horror|Mystery,1999,3.89385474860335,179
2080,"Thomas Crown Affair, The",Action|Mystery,1999,3.64583333333333,48
2081,"Thomas Crown Affair, The",Crime|Drama|Romance|Thriller,1968,4,7
2082,"Acid House, The",Comedy|Drama,1998,3.5,1
2083,"Adventures of Sebastian Cole, The",Comedy|Drama,1998,3.25,2
2084,"Yards, The",Crime|Drama,2000,3.4,5
2085,"Bowfinger",Comedy,1999,2.96052631578947,38
2086,"Brokedown Palace",Drama,1999,3.25,4
2087,"Detroit Rock City",Comedy,1999,2.85,10
2088,"Better Than Chocolate",Comedy|Romance,1999,3,1
2089,"Head On",Drama,1998,1,1
2090,"Heaven Can Wait",Comedy,1978,3.26923076923077,13
2091,"Pit and the Pendulum",Horror,1961,3.33333333333333,3
2092,"Masque of the Red Death, The",Horror,1964,3.25,2
2093,"Haunted Honeymoon",Comedy,1986,1.75,4
2094,"Cat's Eye",Horror,1985,2.41666666666667,6
2095,"Monty Python's And Now for Something Completely Different",Comedy,1971,4.05357142857143,28
2096,"Damien: Omen II",Horror,1978,2.875,4
2097,"Final Conflict, The",Horror|Thriller,1981,2,2
2098,"Airplane!",Comedy,1980,3.85632183908046,87
2099,"Airplane II: The Sequel",Comedy,1982,3.18421052631579,19
2100,"American Werewolf in Paris, An",Comedy|Horror|Romance|Thriller,1997,2.3,10
2101,"European Vacation",Adventure|Comedy|Romance,1985,2.63333333333333,15
2102,"National Lampoon's Vacation",Comedy,1983,3.65384615384615,26
2103,"Funny Farm",Comedy,1988,2.59090909090909,11
2104,"Big",Comedy|Drama|Fantasy|Romance,1988,3.71978021978022,91
2105,"Problem Child",Children|Comedy,1990,1.58333333333333,12
2106,"Problem Child 2",Comedy,1991,1.3125,8
2107,"Little Nemo: Adventures in Slumberland",Adventure|Animation|Children|Drama|Fantasy,1992,2.5,1
2108,"Oscar and Lucinda",Drama|Romance,1997,4.5,1
2109,"Tequila Sunrise",Action|Drama|Romance|Thriller,1988,3.03846153846154,13
2110,"Pelican Brief, The",Crime|Drama|Mystery|Romance|Thriller,1993,2.92307692307692,13
2111,"Christmas Story, A",Children|Comedy,1983,3.97272727272727,55
2112,"Mickey Blue Eyes",Comedy|Romance,1999,3,23
2113,"Teaching Mrs. Tingle",Comedy|Thriller,1999,2.33333333333333,9
2114,"Universal Soldier: The Return",Action|Sci-Fi,1999,2.625,4
2115,"Universal Soldier",Action|Sci-Fi,1992,2.20588235294118,17
2116,"Perfect Blue",Animation|Horror|Mystery|Thriller,1997,4.2,5
2117,"In Too Deep",Action|Thriller,1999,3,1
2118,"Source, The",Documentary,1999,1,1
2119,"Iron Eagle",Action|War,1986,2.28571428571429,7
2120,"Iron Eagle II",Action|War,1988,1.66666666666667,3
2121,"Aces: Iron Eagle III",Action,1992,2,3
2122,"Iron Eagle IV",Action|War,1995,1,3
2123,"Three Days of the Condor",Drama|Mystery|Romance|Thriller,1975,3.75,16
2124,"Hamlet",Drama,1964,4,1
2125,"Medicine Man",Adventure|Romance,1992,3.13636363636364,11
2126,"On the Ropes",Documentary|Drama,1999,5,1
2127,"13th Warrior, The",Action|Adventure|Fantasy,1999,2.90384615384615,26
2128,"Astronaut's Wife, The",Horror|Sci-Fi|Thriller,1999,2.27272727272727,11
2129,"Dudley Do-Right",Children|Comedy,1999,1.5,2
2130,"Muse, The",Comedy,1999,3.07142857142857,7
2131,"Chill Factor",Action|Adventure|Comedy|Thriller,1999,1,1
2132,"Outside Providence",Comedy,1999,3.5,4
2133,"Bedrooms & Hallways",Comedy|Romance,1998,3,1
2134,"West Beirut",Drama,1998,4,1
2135,"Stigmata",Drama|Thriller,1999,2.8695652173913,23
2136,"Stir of Echoes",Horror|Mystery|Thriller,1999,3.52777777777778,18
2137,"Black Cat, White Cat",Comedy|Romance,1998,3.94444444444444,9
2138,"Minus Man, The",Drama|Mystery,1999,2.66666666666667,3
2139,"Adventures of Milo and Otis, The",Adventure|Children|Comedy|Drama,1986,3.85714285714286,7
2140,"Only Angels Have Wings",Adventure|Drama|Romance,1939,3,2
2141,"Othello",Drama,1952,4,1
2142,"Saturn 3",Adventure|Sci-Fi|Thriller,1980,3.25,4
2143,"Soldier's Story, A",Drama,1984,4,1
2144,"I Saw What You Did",Thriller,1965,3,1
2145,"Yellow Submarine",Adventure|Animation|Comedy|Fantasy|Musical,1968,3.28571428571429,14
2146,"American Beauty",Drama|Romance,1999,4.05637254901961,204
2147,"Stop Making Sense",Documentary|Musical,1984,3.85714285714286,7
2148,"Blue Streak",Comedy,1999,2.61111111111111,9
2149,"For Love of the Game",Comedy|Drama,1999,3.375,8
2150,"Caligula",Drama,1979,1,1
2151,"Hard Day's Night, A",Adventure|Comedy|Musical,1964,3.47368421052632,19
2152,"Sugar Town",Comedy,1999,4,1
2153,"Buddy Holly Story, The",Drama,1978,3.6,5
2154,"Fright Night",Comedy|Horror|Thriller,1985,3.58333333333333,12
2155,"Fright Night Part II",Horror,1988,2,2
2156,"Barefoot in the Park",Comedy,1967,3.3125,8
2157,"Deliverance",Adventure|Drama|Thriller,1972,3.9,30
2158,"Excalibur",Adventure|Fantasy,1981,3.64,25
2159,"Pajama Game, The",Comedy|Musical|Romance,1957,3.66666666666667,3
2160,"Sommersby",Drama|Mystery|Romance,1993,2.95,10
2161,"Thumbelina",Animation|Children|Fantasy,1994,2,1
2162,"Tommy",Musical,1975,3,7
2163,"Hell Night",Horror,1981,2,2
2164,"Armour of God II: Operation Condor",Action|Adventure|Comedy,1991,3.21428571428571,7
2165,"Armour of God",Action|Adventure|Comedy,1987,3.08333333333333,6
2166,"Double Jeopardy",Action|Crime|Drama|Thriller,1999,3.02631578947368,19
2167,"Jakob the Liar",Drama,1999,2,4
2168,"Mumford",Comedy|Drama,1999,3.2,5
2169,"Dog Park",Comedy|Romance,1998,2,1
2170,"Guinevere",Drama|Romance,1999,2,1
2171,"Adventures of Elmo in Grouchland, The",Children|Comedy,1999,1.5,2
2172,"Simon Sez",Action|Comedy,1999,1,1
2173,"Drive Me Crazy",Comedy|Romance,1999,2.1,5
2174,"Mystery, Alaska",Comedy|Drama,1999,3.75,8
2175,"Three Kings",Action|Adventure|Comedy|Drama|War,1999,3.71111111111111,45
2176,"Happy, Texas",Comedy,1999,4,3
2177,"New Rose Hotel",Action|Drama,1998,1,1
2178,"Plunkett & MaCleane",Action|Adventure|Drama,1999,3,1
2179,"Romance",Drama|Romance,1999,4,1
2180,"Alvarez Kelly",Western,1966,3,1
2181,"And the Ship Sails On",Comedy|War,1983,4,1
2182,"Dark Half, The",Horror|Mystery,1993,2,1
2183,"Gulliver's Travels",Adventure|Animation|Children,1939,3,3
2184,"Monkey Shines",Horror|Sci-Fi,1988,2.5,2
2185,"Phantasm",Horror|Sci-Fi,1979,2.89285714285714,14
2186,"Psycho II",Horror|Mystery|Thriller,1983,2.5,4
2187,"Psycho III",Horror|Thriller,1986,2.5,2
2188,"Sanjuro",Action|Adventure|Drama,1962,4.25,4
2189,"Random Hearts",Drama|Romance,1999,2.57142857142857,7
2190,"Superstar",Comedy,1999,3.57142857142857,7
2191,"Boys Don't Cry",Drama,1999,3.55128205128205,39
2192,"Limey, The",Crime|Drama|Thriller,1999,3.89285714285714,14
2193,"Risky Business",Comedy,1983,3.44047619047619,42
2194,"Total Recall",Action|Adventure|Sci-Fi|Thriller,1990,3.65340909090909,88
2195,"Body Heat",Crime|Thriller,1981,4,10
2196,"Ferris Bueller's Day Off",Comedy,1986,3.8394495412844,109
2197,"Year of Living Dangerously, The",Drama|Romance|War,1982,3.8125,8
2198,"High Plains Drifter",Western,1973,4.18181818181818,11
2199,"Hang 'Em High",Crime|Drama|Western,1968,3.6,5
2200,"Drunken Master",Action|Comedy,1978,4.05,10
2201,"Conformist, The",Drama,1970,4.1,5
2202,"Hairspray",Comedy|Drama,1988,3.31818181818182,11
2203,"Brief Encounter",Drama|Romance,1946,3.5,2
2204,"Razor's Edge, The",Drama,1984,3.5,2
2205,"Reds",Drama|Romance,1981,3.25,2
2206,"Return with Honor",Documentary,1998,3.5,1
2207,"Time of the Gypsies",Comedy|Crime|Drama|Fantasy,1989,4.16666666666667,3
2208,"Days of Heaven",Drama,1978,3.66666666666667,3
2209,"Lady Eve, The",Comedy|Romance,1941,4,8
2210,"Sullivan's Travels",Adventure|Comedy|Romance,1941,4,7
2211,"Palm Beach Story, The",Comedy,1942,4.1,5
2212,"Niagara",Drama|Thriller,1953,NaN,NaN
2213,"Gilda",Drama|Film-Noir|Mystery|Romance,1946,4,6
2214,"South Pacific",Musical|Romance|War,1958,3.77777777777778,9
2215,"Flashdance",Drama|Romance,1983,2.875,16
2216,"Indochine",Drama|Romance,1992,4.16666666666667,3
2217,"Dirty Dozen, The",Action|Drama|War,1967,3.96875,32
2218,"Help!",Comedy|Musical,1965,3.35714285714286,7
2219,"Goldfinger",Action|Adventure|Thriller,1964,3.83962264150943,53
2220,"From Russia with Love",Action|Adventure|Thriller,1963,3.75,36
2221,"Dr. No",Action|Adventure|Thriller,1962,3.71212121212121,33
2222,"Blue Lagoon, The",Adventure|Drama|Romance,1980,2.46428571428571,14
2223,"Fistful of Dollars, A",Action|Western,1964,3.93589743589744,39
2224,"Sydney",Crime|Drama|Thriller,1996,3.54166666666667,12
2225,"Home Alone 2: Lost in New York",Children|Comedy,1992,2.51612903225806,31
2226,"Someone to Watch Over Me",Action|Crime|Thriller,1987,3.16666666666667,6
2227,"Fight Club",Action|Crime|Drama|Thriller,1999,4.27293577981651,218
2228,"Story of Us, The",Comedy|Drama,1999,2.4,5
2229,"Fever Pitch",Comedy|Romance,1997,3,2
2230,"Julien Donkey-Boy",Drama,1999,1,1
2231,"Omega Code, The",Action,1999,2,1
2232,"Straight Story, The",Adventure|Drama,1999,3.92857142857143,14
2233,"Bad Seed, The",Drama|Thriller,1956,4,4
2234,"Time Bandits",Adventure|Comedy|Fantasy|Sci-Fi,1981,3.73170731707317,41
2235,"Man and a Woman, A",Drama|Romance,1966,5,1
2236,"Fitzcarraldo",Adventure|Drama,1982,3.375,4
2237,"All That Jazz",Drama|Fantasy|Musical,1979,4.08333333333333,6
2238,"Red Sorghum",Drama|War,1987,5,1
2239,"Crimes and Misdemeanors",Comedy|Crime|Drama,1989,3.91666666666667,18
2240,"Bats",Horror|Thriller,1999,2.5,1
2241,"Best Man, The",Comedy|Drama,1999,3,1
2242,"Bringing Out the Dead",Drama,1999,3.41666666666667,6
2243,"Crazy in Alabama",Comedy|Drama,1999,3,2
2244,"Three to Tango",Comedy|Romance,1999,3,4
2245,"Body Shots",Drama,1999,3,1
2246,"Guardian, The",Horror|Thriller,1990,2,1
2247,"Ipcress File, The",Thriller,1965,4,1
2248,"On Any Sunday",Documentary,1971,4.5,1
2249,"RoboCop",Action|Crime|Drama|Sci-Fi|Thriller,1987,3.37142857142857,70
2250,"RoboCop 2",Action|Crime|Sci-Fi|Thriller,1990,2.64,25
2251,"Who Framed Roger Rabbit?",Adventure|Animation|Children|Comedy|Crime|Fantasy|Mystery,1988,3.57216494845361,97
2252,"Melvin and Howard",Drama,1980,4,3
2253,"For Your Eyes Only",Action|Adventure|Thriller,1981,3.54761904761905,21
2254,"Licence to Kill",Action|Adventure|Thriller,1989,3.325,20
2255,"Live and Let Die",Action|Adventure|Thriller,1973,3.69565217391304,23
2256,"Rawhead Rex",Horror|Thriller,1986,3.5,1
2257,"Thunderball",Action|Adventure|Thriller,1965,3.47916666666667,24
2258,"House on Haunted Hill",Horror|Thriller,1999,2.42857142857143,14
2259,"Music of the Heart",Drama,1999,3.125,4
2260,"Being John Malkovich",Comedy|Drama|Fantasy,1999,3.95454545454545,99
2261,"Princess Mononoke",Action|Adventure|Animation|Drama|Fantasy,1997,3.95833333333333,48
2262,"My Best Fiend",Documentary,1999,4,1
2263,"Train of Life",Comedy|Drama|Romance|War,1998,4.5,2
2264,"Bachelor, The",Comedy|Romance,1999,2.54545454545455,11
2265,"Bone Collector, The",Thriller,1999,2.84,25
2266,"Insider, The",Drama|Thriller,1999,3.74193548387097,31
2267,"American Movie",Documentary,1999,3.75,6
2268,"Last Night",Drama|Sci-Fi,1998,4,1
2269,"Rosetta",Drama,1999,4,1
2270,"They Shoot Horses, Don't They?",Drama,1969,3.25,4
2271,"Bride of Re-Animator",Comedy|Horror,1990,4,1
2272,"Bustin' Loose",Comedy,1981,2,1
2273,"Coma",Thriller,1978,3.66666666666667,3
2274,"Creepshow",Horror,1982,3.07142857142857,14
2275,"Creepshow 2",Horror,1987,3,4
2276,"Re-Animator",Comedy|Horror|Sci-Fi,1985,3.45,10
2277,"Drugstore Cowboy",Crime|Drama,1989,4.15,10
2278,"Falling Down",Action|Drama,1993,3.52941176470588,17
2279,"Funhouse, The",Horror,1981,2,1
2280,"General, The",Comedy|War,1926,4,9
2281,"Piranha",Horror|Sci-Fi,1978,2.64285714285714,7
2282,"Taming of the Shrew, The",Comedy,1967,2.5,2
2283,"Nighthawks",Action|Drama,1981,3.25,6
2284,"Yojimbo",Action|Adventure,1961,4.23076923076923,13
2285,"Repossessed",Comedy,1990,2.375,4
2286,"Omega Man, The",Action|Drama|Sci-Fi|Thriller,1971,3.66666666666667,6
2287,"Spaceballs",Comedy|Sci-Fi,1987,3.48305084745763,59
2288,"Robin Hood",Adventure|Animation|Children|Comedy|Musical,1973,3.51388888888889,36
2289,"Mister Roberts",Comedy|Drama|War,1955,3.81818181818182,11
2290,"Quest for Fire",Adventure|Drama,1981,3.78571428571429,7
2291,"Little Big Man",Western,1970,4.14583333333333,24
2292,"Face in the Crowd, A",Drama,1957,4.2,5
2293,"Trading Places",Comedy,1983,3.73076923076923,39
2294,"Meatballs",Comedy,1979,3.22222222222222,9
2295,"Meatballs Part II",Comedy,1984,2.08333333333333,6
2296,"Meatballs III",Comedy,1987,2.5,2
2297,"Meatballs 4",Comedy,1992,1,1
2298,"Dead Again",Mystery|Romance|Thriller,1991,3.76923076923077,13
2299,"Peter's Friends",Comedy|Drama,1992,3.6,5
2300,"Incredibly True Adventure of Two Girls in Love, The",Comedy|Romance,1995,4.5,2
2301,"Under the Rainbow",Comedy,1981,2,3
2302,"Anywhere But Here",Comedy|Drama,1999,2.5,3
2303,"Dogma",Adventure|Comedy|Fantasy,1999,3.64556962025316,79
2304,"Messenger: The Story of Joan of Arc, The",Drama|War,1999,3.90909090909091,11
2305,"Pokémon: The First Movie",Adventure|Animation|Children|Fantasy|Sci-Fi,1998,2.3125,8
2306,"Felicia's Journey",Thriller,1999,3.33333333333333,3
2307,"Oxygen",Crime|Drama|Thriller,1999,4,1
2308,"Where's Marlowe?",Comedy,1998,4,1
2309,"Commitments, The",Comedy|Drama|Musical,1991,3.86666666666667,15
2310,"Holiday Inn",Comedy|Musical,1942,3.625,8
2311,"Longest Day, The",Action|Drama|War,1962,4,11
2312,"Poison Ivy",Drama|Thriller,1992,2.16666666666667,6
2313,"Poison Ivy: New Seduction",Drama|Thriller,1997,2.33333333333333,3
2314,"Tora! Tora! Tora!",Action|Drama|War,1970,3.92857142857143,7
2315,"Women on the Verge of a Nervous Breakdown",Comedy|Drama,1988,3.55,10
2316,"Verdict, The",Drama|Mystery,1982,4.35714285714286,7
2317,"Adventures of Buckaroo Banzai Across the 8th Dimension, The",Adventure|Comedy|Sci-Fi,1984,3.54761904761905,21
2318,"Stand and Deliver",Comedy|Drama,1988,3.5,9
2319,"Moonstruck",Comedy|Romance,1987,3.55555555555556,27
2320,"Sandpiper, The",Drama|Romance,1965,5,1
2321,"Jeremiah Johnson",Western,1972,4.25,4
2322,"Repulsion",Drama|Horror,1965,4.16666666666667,3
2323,"Irma la Douce",Comedy,1963,3.625,4
2324,"42 Up",Documentary,1998,4,2
2325,"Liberty Heights",Drama,1999,4,2
2326,"Mansfield Park",Comedy|Drama|Romance,1999,3.08333333333333,6
2327,"Sleepy Hollow",Fantasy|Horror|Mystery|Romance,1999,3.4758064516129,62
2328,"World Is Not Enough, The",Action|Adventure|Thriller,1999,3.33333333333333,39
2329,"All About My Mother",Drama,1999,4.15789473684211,19
2330,"Babes in Toyland",Children|Comedy|Fantasy|Musical,1934,5,1
2331,"Scrooged",Comedy|Fantasy|Romance,1988,3.16666666666667,24
2332,"Harvey",Comedy|Fantasy,1950,3.83333333333333,12
2333,"Bicycle Thieves",Drama,1948,4.125,16
2334,"Matewan",Drama,1987,4.16666666666667,6
2335,"Kagemusha",Drama|War,1980,4.125,4
2336,"McCabe & Mrs. Miller",Drama|Western,1971,3.75,4
2337,"Maurice",Drama|Romance,1987,4,2
2338,"Grapes of Wrath, The",Drama,1940,4.11111111111111,9
2339,"My Man Godfrey",Comedy,1957,5,1
2340,"Shop Around the Corner, The",Comedy|Drama|Romance,1940,3.66666666666667,3
2341,"Natural, The",Drama,1984,3.64583333333333,24
2342,"Shampoo",Comedy|Drama|Romance,1975,3.07142857142857,7
2343,"River Runs Through It, A",Drama,1992,3.93181818181818,22
2344,"Fatal Attraction",Drama|Thriller,1987,3.09722222222222,36
2345,"Jagged Edge",Crime|Romance|Thriller,1985,3.57142857142857,7
2346,"Stanley & Iris",Drama|Romance,1990,2.75,2
2347,"Midnight Run",Action|Comedy|Crime|Thriller,1988,3.63636363636364,22
2348,"Awakenings",Drama|Mystery,1990,3.68181818181818,22
2349,"Come See the Paradise",Drama|Romance,1990,1,1
2350,"Backdraft",Action|Drama,1991,3.30434782608696,23
2351,"Fisher King, The",Comedy|Drama|Fantasy|Romance,1991,3.80555555555556,36
2352,"River, The",Drama,1984,3.5,4
2353,"Places in the Heart",Drama,1984,4.25,4
2354,"'night Mother",Drama,1986,3,1
2355,"End of Days",Action|Fantasy|Horror|Mystery|Thriller,1999,2.7,15
2356,"Toy Story 2",Adventure|Animation|Children|Comedy|Fantasy,1999,3.86082474226804,97
2357,"Flawless",Drama,1999,4,5
2358,"Ride with the Devil",Drama|Romance|War,1999,3.875,4
2359,"Distinguished Gentleman, The",Comedy,1992,3.5,2
2360,"End of the Affair, The",Drama,1999,4,1
2361,"Holy Smoke",Comedy|Drama,1999,2.83333333333333,3
2362,"Sweet and Lowdown",Comedy|Drama,1999,3.66666666666667,3
2363,"Bonfire of the Vanities",Comedy|Crime|Drama,1990,2.4,5
2364,"Daddy Long Legs",Comedy|Drama,1919,2,1
2365,"Grand Illusion",Drama|War,1937,3.71428571428571,7
2366,"Great Santini, The",Drama,1979,3.66666666666667,3
2367,"Stealing Home",Drama,1988,3,2
2368,"Two Jakes, The",Drama,1990,1.25,2
2369,"U2: Rattle and Hum",Documentary|Musical,1988,3.25,4
2370,"Hell in the Pacific",Drama|War,1968,3,1
2371,"Cradle Will Rock",Drama,1999,3.16666666666667,3
2372,"Deuce Bigalow: Male Gigolo",Comedy,1999,2.32352941176471,17
2373,"Green Mile, The",Crime|Drama,1999,4.14864864864865,111
2374,"Cider House Rules, The",Drama,1999,3.75,26
2375,"War Zone, The",Drama|Thriller,1999,3.25,2
2376,"Last Picture Show, The",Drama,1971,4.5,8
2377,"7th Voyage of Sinbad, The",Action|Adventure|Fantasy,1958,4.4,5
2378,"Anna and the King",Drama|Romance,1999,3.66666666666667,9
2379,"Bicentennial Man",Drama|Romance|Sci-Fi,1999,2.8,15
2380,"Stuart Little",Children|Comedy|Fantasy,1999,2.84210526315789,19
2381,"Emperor and the Assassin, The",Drama,1999,3.66666666666667,3
2382,"Fantasia 2000",Animation|Children|Musical|IMAX,1999,3.83333333333333,15
2383,"Magnolia",Drama,1999,3.71153846153846,52
2384,"Onegin",Drama|Romance,1999,3,2
2385,"Simpatico",Comedy|Drama,1999,3,1
2386,"Topsy-Turvy",Comedy|Drama|Musical,1999,3.875,4
2387,"Boiling Point",Action|Drama,1993,3,2
2388,"Carnal Knowledge",Comedy|Drama,1971,3.5,4
2389,"Easy Rider",Adventure|Drama,1969,3.60344827586207,29
2390,"The Falcon and the Snowman",Crime|Drama|Thriller,1985,3.3,5
2391,"Room at the Top",Drama,1959,4,1
2392,"Any Given Sunday",Drama,1999,3,18
2393,"Man on the Moon",Comedy|Drama,1999,3.48717948717949,39
2394,"Galaxy Quest",Adventure|Comedy|Sci-Fi,1999,3.58,75
2395,"Talented Mr. Ripley, The",Drama|Mystery|Thriller,1999,3.33673469387755,49
2396,"Next Friday",Comedy,2000,3.25,6
2397,"Hurricane, The",Drama,1999,3.53125,16
2398,"Angela's Ashes",Drama,1999,3.33333333333333,3
2399,"Titus",Drama,1999,3.91666666666667,6
2400,"Mr. Death: The Rise and Fall of Fred A. Leuchter, Jr.",Documentary,1999,4,5
2401,"Third Miracle, The",Drama,1999,3,1
2402,"Snow Falling on Cedars",Drama,1999,3.33333333333333,3
2403,"Girl, Interrupted",Drama,1999,3.46428571428571,28
2404,"My Dog Skip",Children|Drama,1999,3.54545454545455,11
2405,"Supernova",Adventure|Sci-Fi|Thriller,2000,2,4
2406,"Terrorist, The",Drama,1998,3,1
2407,"Way We Were, The",Drama|Romance,1973,3.625,4
2408,"Stalag 17",Drama|War,1953,3.72222222222222,9
2409,"Presidio, The",Action|Crime|Romance|Thriller,1988,2.85714285714286,7
2410,"Papillon",Crime|Drama,1973,3.92857142857143,14
2411,"Last Detail, The",Comedy|Drama,1973,4.25,8
2412,"Five Easy Pieces",Drama,1970,4.5,8
2413,"Dead Calm",Thriller,1989,3.16666666666667,12
2414,"Boys from Brazil, The",Action|Mystery|Thriller,1978,3.6875,8
2415,"Against All Odds",Romance,1984,2.33333333333333,3
2416,"Loaded Weapon 1",Action|Comedy,1993,2.1875,8
2417,"Fast Times at Ridgemont High",Comedy|Drama|Romance,1982,3.47619047619048,42
2418,"Cry in the Dark, A",Drama,1988,3.75,2
2419,"Batman: Mask of the Phantasm",Animation|Children,1993,4.11538461538461,13
2420,"American Flyers",Drama,1985,3.5,2
2421,"Star Is Born, A",Drama,1937,3.5,3
2422,"Pacific Heights",Mystery|Thriller,1990,3.19230769230769,13
2423,"Draughtsman's Contract, The",Drama,1982,3.7,5
2424,"Zed & Two Noughts, A",Drama,1985,3,2
2425,"Woman in the Dunes",Drama,1964,4.75,4
2426,"Down to You",Comedy|Romance,2000,2,4
2427,"Odessa File, The",Thriller,1974,3.875,4
2428,"Where the Buffalo Roam",Comedy,1980,3.66666666666667,3
2429,"Eye of the Beholder",Thriller,1999,1.58333333333333,6
2430,"Big Tease, The",Comedy,1999,3.25,2
2431,"Cup, The",Comedy,1999,4.5,2
2432,"Encino Man",Comedy,1992,2.4,15
2433,"Goodbye Girl, The",Comedy|Romance,1977,3.70833333333333,12
2434,"Malcolm X",Drama,1992,4.16666666666667,15
2435,"Sister Act",Comedy|Crime,1992,3.02777777777778,36
2436,"Sister Act 2: Back in the Habit",Comedy,1993,1.89285714285714,14
2437,"Hand That Rocks the Cradle, The",Drama|Thriller,1992,3.11111111111111,9
2438,"Alive",Drama,1993,3.16666666666667,9
2439,"Agnes of God",Drama|Mystery,1985,3.7,5
2440,"Scent of a Woman",Drama,1992,3.59259259259259,27
2441,"Wayne's World",Comedy,1992,3.47540983606557,61
2442,"Wayne's World 2",Comedy,1993,3.2962962962963,27
2443,"League of Their Own, A",Comedy|Drama,1992,3.46666666666667,45
2444,"Patriot Games",Action|Crime|Drama|Thriller,1992,3.51612903225806,31
2445,"Bodyguard, The",Drama|Romance|Thriller,1992,2.859375,32
2446,"Death Becomes Her",Comedy|Fantasy,1992,2.86666666666667,15
2447,"Far and Away",Adventure|Drama|Romance,1992,3.13636363636364,11
2448,"Howards End",Drama,1992,4,12
2449,"Singles",Comedy|Drama|Romance,1992,3.18181818181818,11
2450,"Twin Peaks: Fire Walk with Me",Crime|Drama|Mystery|Thriller,1992,3.40909090909091,11
2451,"White Men Can't Jump",Comedy|Drama,1992,3.04545454545455,22
2452,"Buffy the Vampire Slayer",Action|Comedy|Horror,1992,2.42307692307692,26
2453,"Hard-Boiled",Action|Crime|Drama|Thriller,1992,4,9
2454,"Man Bites Dog",Comedy|Crime|Drama|Thriller,1992,4.5,6
2455,"Mariachi, El",Action|Crime|Thriller|Western,1992,3.55555555555556,18
2456,"Stop! Or My Mom Will Shoot",Action|Comedy,1992,1.77272727272727,11
2457,"Forever Young",Drama|Romance|Sci-Fi,1992,2.85185185185185,27
2458,"Cutting Edge, The",Comedy|Drama|Romance,1992,2.79166666666667,12
2459,"Of Mice and Men",Drama,1992,3.67647058823529,17
2460,"Bad Lieutenant",Crime|Drama,1992,3.4375,8
2461,"Scream 3",Comedy|Horror|Mystery|Thriller,2000,2.67241379310345,29
2462,"Single White Female",Drama|Thriller,1992,3.375,12
2463,"Boondock Saints, The",Action|Crime|Drama|Thriller,2000,4.22093023255814,43
2464,"Gun Shy",Comedy,2000,1,1
2465,"Baby, The",Horror,1973,1.5,1
2466,"Brandon Teena Story, The",Documentary,1998,2,1
2467,"Minnie and Moskowitz",Action,1971,3.25,2
2468,"They Might Be Giants",Comedy|Mystery|Romance,1971,3,1
2469,"Beach, The",Adventure|Drama,2000,3.0625,32
2470,"Snow Day",Comedy,2000,2.3,5
2471,"Tigger Movie, The",Animation|Children,2000,3.16666666666667,3
2472,"Not One Less",Drama,1999,4.5,1
2473,"Eaten Alive",Horror,1977,1.5,1
2474,"Raining Stones",Drama,1993,4,1
2475,"To Sir with Love",Drama,1967,4.07142857142857,7
2476,"Boiler Room",Crime|Drama|Thriller,2000,3.71428571428571,21
2477,"Hanging Up",Comedy|Drama,2000,2.66666666666667,3
2478,"Pitch Black",Horror|Sci-Fi|Thriller,2000,3.56410256410256,39
2479,"Whole Nine Yards, The",Comedy|Crime,2000,3.52380952380952,42
2480,"Beautiful People",Comedy,1999,4.75,2
2481,"Black Tar Heroin: The Dark End of the Street",Documentary,2000,5,1
2482,"Circus, The",Comedy,1928,4.125,4
2483,"City Lights",Comedy|Drama|Romance,1931,3.84615384615385,13
2484,"Flamingo Kid, The",Comedy|Drama,1984,2.85714285714286,7
2485,"Kid, The",Comedy|Drama,1921,4.1,5
2486,"Class Reunion",Comedy,1982,1.5,2
2487,"Happy Go Lovely",Musical,1951,4.5,1
2488,"Reindeer Games",Action|Thriller,2000,2.46153846153846,13
2489,"Wonder Boys",Comedy|Drama,2000,3.65909090909091,22
2490,"Chain of Fools",Comedy|Crime,2000,4,1
2491,"Drowning Mona",Comedy,2000,1.33333333333333,3
2492,"Next Best Thing, The",Comedy|Drama,2000,2.16666666666667,3
2493,"What Planet Are You From?",Comedy|Sci-Fi,2000,3.16666666666667,3
2494,"Beyond the Mat",Documentary,1999,3.7,5
2495,"Ghost Dog: The Way of the Samurai",Crime|Drama,1999,4.05263157894737,19
2496,"The Year My Voice Broke",Drama|Romance,1987,4,1
2497,"Splendor in the Grass",Drama|Romance,1961,4.25,2
2498,"My Tutor",Drama,1983,2,1
2499,"Key Largo",Crime|Drama|Film-Noir|Thriller,1948,4.2,10
2500,"For All Mankind",Documentary,1989,NaN,NaN
2501,"Born Yesterday",Comedy,1950,4.28571428571429,7
2502,"Birdy",Drama|War,1984,3.5,5
2503,"Blood Feast",Horror,1963,4,1
2504,"Charlie, the Lonesome Cougar",Adventure|Children,1967,3,1
2505,"Never Cry Wolf",Adventure|Drama,1983,4.16666666666667,9
2506,"Raisin in the Sun, A",Drama,1961,3.83333333333333,3
2507,"Closer You Get, The",Comedy|Romance,2000,4.5,1
2508,"Mission to Mars",Sci-Fi,2000,2.69047619047619,21
2509,"Ninth Gate, The",Fantasy|Horror|Mystery|Thriller,1999,3.2,15
2510,"East-West",Drama|Romance,1999,4,1
2511,"Defending Your Life",Comedy|Drama|Fantasy|Romance,1991,3.85,10
2512,"Breaking Away",Comedy|Drama,1979,4.09090909090909,11
2513,"Hoosiers",Drama|Romance,1986,3.70454545454545,22
2514,"Bull Durham",Comedy|Drama|Romance,1988,3.67142857142857,35
2515,"Dog Day Afternoon",Crime|Drama,1975,3.93421052631579,38
2516,"American Graffiti",Comedy|Drama,1973,3.84883720930233,43
2517,"Asphalt Jungle, The",Crime|Film-Noir,1950,3.66666666666667,3
2518,"Searchers, The",Drama|Western,1956,4.07142857142857,7
2519,"Big Country, The",Romance|Western,1958,3.25,2
2520,"Betrayed",Drama|Thriller,1988,2.5,2
2521,"Bridge at Remagen, The",Action|War,1969,4,2
2522,"Daughters of the Dust",Drama,1991,4,1
2523,"Ogre, The",Drama,1996,4,1
2524,"On the Beach",Drama,1959,4.5,1
2525,"Taking of Pelham One Two Three, The",Action|Crime,1974,4.5,4
2526,"Volunteers",Comedy,1985,2.8125,8
2527,"JFK",Drama|Mystery|Thriller,1991,3.5,31
2528,"Who's Harry Crumb?",Comedy|Mystery,1989,2.85714285714286,7
2529,"Harry and the Hendersons",Children|Comedy,1987,2.54545454545455,11
2530,"Let's Get Harry",Action|Adventure,1986,2,1
2531,"Shanghai Surprise",Adventure|Crime|Drama|Romance,1986,2,1
2532,"Who's That Girl?",Comedy,1987,2.5,2
2533,"She-Devil",Comedy,1989,2.33333333333333,6
2534,"Date with an Angel",Comedy|Fantasy|Romance,1987,1.33333333333333,3
2535,"Blind Date",Comedy|Romance,1987,2.35714285714286,7
2536,"Nadine",Comedy,1987,3,3
2537,"Muppet Movie, The",Adventure|Children|Comedy|Musical,1979,3.59090909090909,33
2538,"Great Muppet Caper, The",Children|Comedy,1981,3.45454545454545,11
2539,"Muppets Take Manhattan, The",Children|Comedy|Musical,1984,3.33333333333333,15
2540,"We're Back! A Dinosaur's Story",Adventure|Animation|Children|Fantasy,1993,3,1
2541,"Baby... Secret of the Lost Legend",Adventure|Sci-Fi,1985,2.2,5
2542,"Turtle Diary",Comedy|Drama|Romance,1985,4,2
2543,"Raise the Titanic",Drama|Thriller,1980,4,1
2544,"Titanic",Action|Drama,1953,3.58333333333333,6
2545,"Night to Remember, A",Action|Drama,1958,3,1
2546,"Captain Horatio Hornblower R.N.",Action|Adventure|Drama|War,1951,3,3
2547,"Erin Brockovich",Drama,2000,3.52857142857143,70
2548,"Final Destination",Drama|Thriller,2000,2.92857142857143,35
2549,"Soft Fruit",Comedy|Drama,1999,4,1
2550,"Bear, The",Adventure|Children|Drama,1988,3.41666666666667,6
2551,"Love Is a Many-Splendored Thing",Drama|Romance|War,1955,4,1
2552,"Mirror, The",Drama,1975,4.16666666666667,3
2553,"Crimson Pirate, The",Adventure|Comedy,1952,3,1
2554,"Thelma & Louise",Adventure|Crime|Drama,1991,3.46341463414634,41
2555,"...And Justice for All",Drama|Thriller,1979,3.16666666666667,3
2556,"Animal House",Comedy,1978,3.69354838709677,62
2557,"She's Gotta Have It",Comedy|Romance,1986,3.33333333333333,6
2558,"School Daze",Drama,1988,2.16666666666667,3
2559,"Do the Right Thing",Drama,1989,4.03703703703704,27
2560,"Mo' Better Blues",Drama|Musical,1990,3.4,5
2561,"Jungle Fever",Drama|Romance,1991,3.07142857142857,7
2562,"Champ, The",Drama,1979,3,1
2563,"Creature Comforts",Animation|Comedy,1989,4.25,12
2564,"Death Wish",Action|Crime|Drama,1974,3,4
2565,"Death Wish 2",Action|Drama,1982,1.66666666666667,3
2566,"Death Wish 3",Action|Drama,1985,1.5,2
2567,"Death Wish 4: The Crackdown",Action|Drama,1987,1,1
2568,"Death Wish 5: The Face of Death",Action|Drama,1994,1,1
2569,"Double Indemnity",Crime|Drama|Film-Noir,1944,4.32352941176471,17
2570,"Dying Young",Drama|Romance,1991,3.75,4
2571,"Teenage Mutant Ninja Turtles",Action|Children|Comedy|Fantasy|Sci-Fi,1990,3,25
2572,"Teenage Mutant Ninja Turtles II: The Secret of the Ooze",Action|Children|Fantasy,1991,2.69230769230769,13
2573,"Teenage Mutant Ninja Turtles III",Action|Adventure|Children|Comedy|Fantasy,1993,2.07142857142857,14
2574,"Red Dawn",Action|Drama|War,1984,3.42857142857143,14
2575,"Band of the Hand",Action|Crime|Drama,1986,1,1
2576,"Bloodsport",Action,1988,2.94444444444444,9
2577,"Eyes of Laura Mars",Mystery|Thriller,1978,3.5,4
2578,"Funny Bones",Comedy|Drama,1995,2.75,2
2579,"Good Earth, The",Drama,1937,4,2
2580,"Good Morning, Vietnam",Comedy|Drama|War,1987,3.80232558139535,43
2581,"Good Mother, The",Drama,1988,4,1
2582,"Grumpy Old Men",Comedy,1993,3.29310344827586,29
2583,"Guess Who's Coming to Dinner",Drama,1967,4.54545454545455,11
2584,"Romeo Must Die",Action|Crime|Romance|Thriller,2000,3.08333333333333,18
2585,"Here on Earth",Drama|Romance,2000,3,2
2586,"Whatever It Takes",Comedy|Romance,2000,2.25,2
2587,"Buddy Boy",Drama|Thriller,1999,2.5,1
2588,"Color of Paradise, The",Drama,1999,NaN,NaN
2589,"Gothic",Drama|Horror,1986,4,1
2590,"Lord of the Flies",Adventure|Drama|Thriller,1963,3.03846153846154,13
2591,"Modern Times",Comedy|Drama|Romance,1936,3.72,25
2592,"Heart and Souls",Comedy|Fantasy,1993,3,8
2593,"Hud",Drama|Western,1963,3.75,4
2594,"Hustler, The",Drama,1961,4.33333333333333,18
2595,"Inherit the Wind",Drama,1960,4.08333333333333,6
2596,"Dersu Uzala",Adventure|Drama,1975,4.3,5
2597,"Close Encounters of the Third Kind",Adventure|Drama|Sci-Fi,1977,3.74166666666667,60
2598,"Jonah Who Will Be 25 in the Year 2000",Comedy,1976,5,2
2599,"Retroactive",Sci-Fi|Thriller,1997,4,1
2600,"Place in the Sun, A",Drama|Romance,1951,4.5,2
2601,"Jacob's Ladder",Horror|Mystery,1990,3.55769230769231,26
2602,"Empire Records",Comedy|Drama,1995,3.38461538461538,13
2603,"Bamba, La",Drama,1987,2.78571428571429,7
2604,"Ladyhawke",Adventure|Fantasy|Romance,1985,3.33333333333333,18
2605,"Lucas",Drama|Romance,1986,3.33333333333333,3
2606,"High Fidelity",Comedy|Drama|Romance,2000,3.66666666666667,75
2607,"Road to El Dorado, The",Animation|Children,2000,3.11538461538462,13
2608,"Skulls, The",Thriller,2000,2.75,10
2609,"Hook",Adventure|Comedy|Fantasy,1991,3.35849056603774,53
2610,"Son of the Sheik, The",Adventure|Comedy|Romance,1926,4,1
2611,"True Grit",Adventure|Drama|Western,1969,4,6
2612,"Madame Sousatzka",Drama,1988,5,1
2613,"Max Dugan Returns",Comedy,1983,2.5,4
2614,"Midnight Express",Drama,1978,4,8
2615,"Misery",Drama|Horror|Thriller,1990,3.84090909090909,44
2616,"Mr. Saturday Night",Comedy|Drama,1992,3,4
2617,"Murphy's Romance",Comedy|Romance,1985,2.3,5
2618,"My Life",Drama,1993,3.5,3
2619,"Solaris",Drama|Mystery|Sci-Fi,1972,4.09090909090909,11
2620,"Network",Comedy|Drama,1976,4.02272727272727,22
2621,"No Way Out",Drama|Mystery|Thriller,1987,3.72222222222222,9
2622,"North Dallas Forty",Comedy|Drama,1979,3,5
2623,"Odd Couple, The",Comedy,1968,4.06666666666667,15
2624,"Outlaw Josey Wales, The",Action|Adventure|Drama|Thriller|Western,1976,4.25,18
2625,"Frequency",Drama|Thriller,2000,3.41666666666667,36
2626,"Ready to Rumble",Comedy,2000,2.25,6
2627,"Return to Me",Drama|Romance,2000,3.5625,8
2628,"Rules of Engagement",Drama|Thriller,2000,3.07142857142857,7
2629,"Joe Gould's Secret",Drama,2000,3,1
2630,"Me Myself I",Comedy|Romance,2000,3.61111111111111,9
2631,"Bell, Book and Candle",Comedy|Fantasy|Romance,1958,3.375,4
2632,"Force 10 from Navarone",Action|Drama|War,1978,2.91666666666667,6
2633,"Mystery Train",Comedy|Drama,1989,3.42857142857143,7
2634,"Arthur",Comedy|Romance,1981,2.8,10
2635,"Bachelor Party",Comedy,1984,2.9,5
2636,"Parenthood",Comedy|Drama,1989,3.7,15
2637,"Predator",Action|Sci-Fi|Thriller,1987,3.58196721311475,61
2638,"Prince of Tides, The",Drama|Romance,1991,3.4,5
2639,"Postman Always Rings Twice, The",Crime|Thriller,1981,3.5,5
2640,"All the Vermeers in New York",Comedy|Drama|Romance,1990,5,1
2641,"28 Days",Drama,2000,3.3,25
2642,"American Psycho",Crime|Horror|Mystery|Thriller,2000,3.78813559322034,59
2643,"Keeping the Faith",Comedy|Drama|Romance,2000,3.45238095238095,21
2644,"Where the Money Is",Comedy|Drama,2000,3.33333333333333,3
2645,"East is East",Comedy,1999,3.2,5
2646,"Filth and the Fury, The",Documentary,2000,3.25,2
2647,"Diner",Comedy|Drama,1982,3.75,14
2648,"Shakes the Clown",Comedy,1992,2.33333333333333,3
2649,"Cabaret",Drama|Musical,1972,3,5
2650,"What Ever Happened to Baby Jane?",Drama|Horror|Thriller,1962,4.5,2
2651,"Auntie Mame",Comedy|Drama,1958,3.7,5
2652,"Guys and Dolls",Comedy|Musical|Romance,1955,3.9375,8
2653,"The Hunger",Horror,1983,3.66666666666667,6
2654,"Marathon Man",Crime|Drama|Thriller,1976,3.46153846153846,13
2655,"Caddyshack",Comedy,1980,3.82692307692308,52
2656,"Gossip",Drama|Thriller,2000,2.4,5
2657,"Love and Basketball",Drama|Romance,2000,3,3
2658,"U-571",Action|Thriller|War,2000,3.42424242424242,33
2659,"Virgin Suicides, The",Drama|Romance,1999,3.76923076923077,26
2660,"Jennifer 8",Mystery|Thriller,1992,2.9,5
2661,"Limelight",Comedy|Drama|Romance,1952,3.66666666666667,3
2662,"Crow: Salvation, The",Action|Horror,2000,2.5,3
2663,"Flintstones in Viva Rock Vegas, The",Children|Comedy,2000,1.625,12
2664,"Where the Heart Is",Comedy|Drama,2000,3.5,7
2665,"Big Kahuna, The",Comedy|Drama,2000,2.875,8
2666,"Bossa Nova",Comedy|Drama|Romance,2000,5,1
2667,"Smiling Fish and Goat on Fire",Comedy|Romance,1999,4,1
2668,"Idiots, The",Comedy|Drama,1998,4,2
2669,"Time Code",Comedy|Drama,2000,3,2
2670,"Carnosaur",Horror|Sci-Fi,1993,2,4
2671,"Carnosaur 2",Horror|Sci-Fi,1995,1.5,2
2672,"Carnosaur 3: Primal Species",Horror|Sci-Fi,1996,1,1
2673,"Hidden, The",Action|Horror|Sci-Fi,1987,3.5,4
2674,"Two Moon Junction",Drama|Romance,1988,2,2
2675,"Gladiator",Action|Adventure|Drama,2000,3.93823529411765,170
2676,"Up at the Villa",Drama,2000,3.5,2
2677,"Human Traffic",Comedy,1999,3.5,2
2678,"Breathless",Action|Drama|Romance|Thriller,1983,2,4
2679,"The Idolmaker",Drama|Romance,1980,4,1
2680,"Inferno",Horror,1980,2.5,2
2681,"Lords of Flatbush, The",Comedy|Drama,1974,2,1
2682,"Mr. Mom",Comedy|Drama,1983,2.73333333333333,15
2683,"Time Masters",Animation|Sci-Fi,1982,4.5,1
2684,"Battlefield Earth",Action|Sci-Fi,2000,1.65789473684211,19
2685,"Center Stage",Drama|Musical,2000,3.25,6
2686,"Screwed",Comedy,2000,1,1
2687,"Whipped",Comedy,2000,2,2
2688,"Hamlet",Crime|Drama|Romance|Thriller,2000,3,3
2689,"Anchors Aweigh",Comedy|Musical,1945,3.2,5
2690,"Gypsy",Musical,1962,0.5,1
2691,"On the Town",Comedy|Musical|Romance,1949,3.75,4
2692,"Pee-wee's Big Adventure",Adventure|Comedy,1985,2.94,25
2693,"Regret to Inform",Documentary,1998,3.5,1
2694,"Honeymoon in Vegas",Comedy|Romance,1992,2.9375,8
2695,"Dinosaur",Adventure|Animation|Children,2000,3.10714285714286,14
2696,"Loser",Comedy|Romance,2000,3.3,10
2697,"Road Trip",Comedy,2000,3.08536585365854,41
2698,"Small Time Crooks",Comedy|Crime,2000,3.54166666666667,12
2699,"Hollywood Knights, The",Comedy,1980,2,1
2700,"Twelve Chairs, The",Comedy,1970,3,1
2701,"Mission: Impossible II",Action|Adventure|Thriller,2000,2.71428571428571,77
2702,"Shanghai Noon",Action|Adventure|Comedy|Western,2000,3.15116279069767,43
2703,"Better Living Through Circuitry",Documentary,1999,2,1
2704,"8 ½ Women",Comedy,1999,3.33333333333333,3
2705,"Carnival of Souls",Horror|Thriller,1962,3.875,4
2706,"Flying Tigers",Action|Drama|Romance|War,1942,3,2
2707,"Gold Rush, The",Adventure|Comedy|Romance,1925,4.07142857142857,7
2708,"Monsieur Verdoux",Comedy|Crime,1947,4,5
2709,"On Her Majesty's Secret Service",Action|Adventure|Romance|Thriller,1969,3.26470588235294,17
2710,"Seven Days in May",Thriller,1964,4,1
2711,"Spy Who Loved Me, The",Action|Adventure|Thriller,1977,3.44444444444444,18
2712,"Vagabond",Drama,1985,5,1
2713,"Moonraker",Action|Adventure|Sci-Fi|Thriller,1979,3.13461538461538,26
2714,"Man with the Golden Gun, The",Action|Adventure|Thriller,1974,3.58333333333333,18
2715,"King in New York, A",Comedy|Drama,1957,4,1
2716,"Woman of Paris, A",Drama,1923,4,2
2717,"Fighting Seabees, The",Action|Drama|War,1944,3.5,2
2718,"Big Momma's House",Comedy,2000,2.17647058823529,17
2719,"Abominable Snowman, The",Horror|Sci-Fi,1957,4,1
2720,"American Gigolo",Drama,1980,2.6875,8
2721,"City of the Living Dead",Horror,1980,3,1
2722,"Endless Summer, The",Documentary,1966,4.16666666666667,3
2723,"Guns of Navarone, The",Action|Adventure|Drama|War,1961,3.76923076923077,13
2724,"Blow-Out",Drama,1973,4.25,2
2725,"Quatermass and the Pit",Horror|Sci-Fi,1967,3,1
2726,"Puppet Master",Horror|Sci-Fi|Thriller,1989,2,2
2727,"Puppet Master II",Horror|Sci-Fi|Thriller,1991,3,1
2728,"Puppet Master III: Toulon's Revenge",Horror|Sci-Fi|Thriller,1991,3,2
2729,"Puppet Master 4",Horror|Sci-Fi|Thriller,1993,2,1
2730,"Puppet Master 5: The Final Chapter",Horror|Sci-Fi|Thriller,1994,2,1
2731,"Rent-A-Cop",Action|Comedy|Crime,1988,1,1
2732,"Romeo and Juliet",Drama|Romance,1968,3.66666666666667,15
2733,"Stay Tuned",Comedy,1992,2.5,1
2734,"Blazing Saddles",Comedy|Western,1974,3.93548387096774,62
2735,"Benji",Adventure|Children,1974,3.8,5
2736,"Benji the Hunted",Adventure|Children,1987,4.5,2
2737,"For the Love of Benji",Adventure|Children|Comedy|Drama,1977,4,1
2738,"White Christmas",Comedy|Musical|Romance,1954,4.1875,8
2739,"Eraserhead",Drama|Horror,1977,3.75,10
2740,"Baraka",Documentary,1992,4.125,4
2741,"Man with the Golden Arm, The",Drama,1955,5,1
2742,"Decline of Western Civilization, The",Documentary|Musical,1981,3.75,2
2743,"Decline of Western Civilization Part II: The Metal Years, The",Documentary,1988,3,1
2744,"For a Few Dollars More",Action|Drama|Thriller|Western,1965,4.15151515151515,33
2745,"Magnum Force",Action|Crime|Drama|Thriller,1973,3.7,5
2746,"Blood Simple",Crime|Drama|Film-Noir,1984,4,19
2747,"Fabulous Baker Boys, The",Drama|Romance,1989,3.07142857142857,7
2748,"Prizzi's Honor",Comedy|Drama|Romance,1985,3.77777777777778,9
2749,"Flatliners",Horror|Sci-Fi|Thriller,1990,2.93333333333333,15
2750,"Light Years",Adventure|Animation|Fantasy|Sci-Fi,1988,5,1
2751,"Porky's",Comedy,1982,2.13636363636364,11
2752,"Porky's II: The Next Day",Comedy,1983,1.75,4
2753,"Porky's Revenge",Comedy,1985,2,5
2754,"Private School",Comedy,1983,3,1
2755,"Class of Nuke 'Em High",Comedy|Horror,1986,3,1
2756,"Toxic Avenger, The",Comedy|Horror,1985,2.125,8
2757,"Toxic Avenger, Part II, The",Comedy|Horror,1989,2,2
2758,"Toxic Avenger Part III: The Last Temptation of Toxie, The",Comedy|Horror,1989,2,2
2759,"Night of the Creeps",Comedy|Horror|Sci-Fi|Thriller,1986,3.16666666666667,3
2760,"Predator 2",Action|Sci-Fi|Thriller,1990,2.9047619047619,21
2761,"Running Man, The",Action|Sci-Fi,1987,3.22058823529412,34
2762,"Starman",Adventure|Drama|Romance|Sci-Fi,1984,3.15384615384615,13
2763,"Brother from Another Planet, The",Drama|Sci-Fi,1984,2.5,1
2764,"Alien Nation",Crime|Drama|Sci-Fi|Thriller,1988,3.11538461538462,13
2765,"Mad Max",Action|Adventure|Sci-Fi,1979,3.48684210526316,38
2766,"Road Warrior, The",Action|Adventure|Sci-Fi|Thriller,1981,4.0375,40
2767,"Mad Max Beyond Thunderdome",Action|Adventure|Sci-Fi,1985,3.27083333333333,24
2768,"Bird on a Wire",Action|Comedy|Romance,1990,2.3125,8
2769,"Angel Heart",Film-Noir|Horror|Mystery|Thriller,1987,3,8
2770,"9 1/2 Weeks",Drama|Romance,1986,2.7,10
2771,"Firestarter",Horror|Thriller,1984,3.05,10
2772,"Sleepwalkers",Horror,1992,2,1
2773,"Action Jackson",Action|Comedy|Crime|Thriller,1988,1.66666666666667,3
2774,"Sarafina!",Drama,1992,4,1
2775,"Soapdish",Comedy,1991,2.83333333333333,3
2776,"Long Walk Home, The",Drama,1990,4,1
2777,"Clara's Heart",Drama,1988,2.5,1
2778,"Burglar",Comedy|Crime,1987,2.75,2
2779,"Fatal Beauty",Action|Comedy|Crime|Drama,1987,1,1
2780,"Gone in 60 Seconds",Action|Crime,2000,3.22131147540984,61
2781,"Love's Labour's Lost",Comedy|Romance,2000,3,2
2782,"Sunshine",Drama,1999,4,1
2783,"Hamlet",Drama,1990,3.8,5
2784,"Coming Home",Drama|War,1978,3.3,5
2785,"American Pop",Animation|Musical,1981,3.5,2
2786,"Assault on Precinct 13",Action|Thriller,1976,3.6,5
2787,"Near Dark",Horror|Western,1987,4.3125,8
2788,"One False Move",Crime|Drama|Film-Noir|Thriller,1992,3.75,4
2789,"Shaft",Action|Crime|Drama|Thriller,1971,4,3
2790,"Conversation, The",Drama|Mystery,1974,4.20588235294118,17
2791,"Cutter's Way",Drama|Thriller,1981,3,1
2792,"Fury, The",Horror,1978,3,4
2793,"Paper Chase, The",Drama,1973,3.83333333333333,3
2794,"Serpico",Crime|Drama,1973,3.79411764705882,17
2795,"Ace in the Hole",Drama,1951,3,1
2796,"Lonely Are the Brave",Drama|Western,1962,4,1
2797,"Sugarland Express, The",Drama,1974,3,2
2798,"Trouble in Paradise",Comedy|Romance,1932,3.5,1
2799,"Big Trouble in Little China",Action|Adventure|Comedy|Fantasy,1986,3.85714285714286,28
2800,"Badlands",Crime|Drama|Thriller,1973,4.09090909090909,11
2801,"Battleship Potemkin",Drama|War,1925,3.65,10
2802,"Boys and Girls",Comedy|Romance,2000,2,3
2803,"Shaft",Action|Crime|Thriller,2000,2.65789473684211,19
2804,"Titan A.E.",Action|Adventure|Animation|Children|Sci-Fi,2000,3.41379310344828,29
2805,"Butterfly",Drama,1999,4,2
2806,"Jesus' Son",Drama,1999,3.5,2
2807,"Chicken Run",Animation|Children|Comedy,2000,3.55128205128205,78
2808,"Me, Myself & Irene",Adventure|Comedy,2000,3.08695652173913,46
2809,"Patriot, The",Action|Drama|War,2000,3.44852941176471,68
2810,"Adventures of Rocky and Bullwinkle, The",Adventure|Animation|Children|Comedy|Fantasy,2000,2.22222222222222,9
2811,"Perfect Storm, The",Drama|Thriller,2000,3.17045454545455,44
2812,"Golden Bowl, The",Drama,2000,4,1
2813,"Communion",Drama|Sci-Fi|Thriller,1989,3.5,2
2814,"Kentucky Fried Movie, The",Comedy,1977,3.5,3
2815,"Blood In, Blood Out",Action|Crime|Drama|Thriller,1993,4,1
2816,"F/X",Action|Crime|Thriller,1986,3.21875,16
2817,"F/X2",Action|Crime|Thriller,1991,2.3,5
2818,"Hot Spot, The",Crime|Drama|Romance,1990,3,2
2819,"Missing in Action",Action|War,1984,2.08333333333333,6
2820,"Missing in Action 2: The Beginning",Action|War,1985,1.66666666666667,3
2821,"Braddock: Missing in Action III",Action|War,1988,1.25,2
2822,"Thunderbolt and Lightfoot",Action,1974,3.33333333333333,3
2823,"Dreamscape",Horror|Sci-Fi|Thriller,1984,2.66666666666667,6
2824,"The Golden Voyage of Sinbad",Action|Adventure|Fantasy,1973,4,3
2825,"House Party",Comedy,1990,2,2
2826,"House Party 2",Comedy|Drama|Romance,1991,0.75,4
2827,"Croupier",Crime|Drama,1998,3.95454545454545,11
2828,"Kid, The",Comedy|Fantasy,2000,2.59090909090909,11
2829,"Scary Movie",Comedy|Horror,2000,2.92,50
2830,"But I'm a Cheerleader",Comedy,1999,2.625,4
2831,"Shower",Comedy,1999,4,2
2832,"Blow-Up",Drama|Mystery,1966,3.66666666666667,6
2833,"Pawnbroker, The",Drama,1964,3.5,1
2834,"Groove",Drama,2000,4,2
2835,"Footloose",Drama,1984,3.1875,16
2836,"Duel in the Sun",Drama|Romance|Western,1946,5,1
2837,"X-Men",Action|Adventure|Sci-Fi,2000,3.69924812030075,133
2838,"Chuck & Buck",Comedy|Drama,2000,2.5,2
2839,"Five Senses, The",Drama,1999,5,1
2840,"In Crowd, The",Thriller,2000,2.66666666666667,3
2841,"What Lies Beneath",Drama|Horror|Mystery,2000,3.2,25
2842,"Pokémon the Movie 2000",Animation|Children,2000,1.58333333333333,6
2843,"Anatomy of a Murder",Drama|Mystery,1959,4,4
2844,"Freejack",Action|Sci-Fi,1992,2,4
2845,"Mackenna's Gold",Western,1969,3,1
2846,"Sinbad and the Eye of the Tiger",Adventure|Fantasy,1977,3,1
2847,"Two Women",Drama|War,1960,4,1
2848,"What About Bob?",Comedy,1991,3.27142857142857,35
2849,"White Sands",Drama|Thriller,1992,3,3
2850,"Breaker Morant",Drama|War,1980,3.92857142857143,7
2851,"Everything You Always Wanted to Know About Sex * But Were Afraid to Ask",Comedy,1972,3.45833333333333,12
2852,"Interiors",Drama,1978,4.16666666666667,3
2853,"Love and Death",Comedy,1975,4.22222222222222,9
2854,"Official Story, The",Drama,1985,4,1
2855,"Tampopo",Comedy,1985,4,3
2856,"Nutty Professor II: The Klumps",Comedy,2000,2.28125,16
2857,"Girl on the Bridge, The",Drama|Romance,1999,4.125,4
2858,"Wonderland",Drama,1999,4,2
2859,"Autumn in New York",Drama|Romance,2000,2.40909090909091,11
2860,"Coyote Ugly",Comedy|Drama|Romance,2000,2.74137931034483,29
2861,"Hollow Man",Horror|Sci-Fi|Thriller,2000,2.29487179487179,39
2862,"Space Cowboys",Action|Adventure|Comedy|Sci-Fi,2000,2.89130434782609,23
2863,"Psycho Beach Party",Comedy|Horror|Thriller,2000,1.5,2
2864,"Saving Grace",Comedy,2000,3.90909090909091,11
2865,"Black Sabbath",Horror,1963,4,1
2866,"Brain That Wouldn't Die, The",Horror|Sci-Fi,1962,1.5,2
2867,"Bronco Billy",Adventure|Drama|Romance,1980,3,2
2868,"Crush, The",Thriller,1993,2.16666666666667,6
2869,"Kelly's Heroes",Action|Comedy|War,1970,4.13333333333333,15
2870,"Phantasm II",Action|Fantasy|Horror|Sci-Fi|Thriller,1988,2.5,3
2871,"Phantasm III: Lord of the Dead",Horror,1994,2,1
2872,"Phantasm IV: Oblivion",Horror,1998,1.66666666666667,3
2873,"Pumpkinhead",Horror,1988,2.4,5
2874,"Air America",Action|Comedy,1990,2.83333333333333,6
2875,"Sleepaway Camp",Horror,1983,2.375,4
2876,"Steel Magnolias",Drama,1989,3.33333333333333,9
2877,"And God Created Woman",Drama,1956,4,1
2878,"Easy Money",Comedy,1983,3.625,4
2879,"Ilsa, She Wolf of the SS",Horror,1974,2,1
2880,"The Spiral Staircase",Horror|Mystery|Thriller,1945,4,2
2881,"I'm the One That I Want",Comedy,2000,5,1
2882,"Tao of Steve, The",Comedy,2000,3.38461538461538,13
2883,"Affair of Love, An",Drama|Romance,1999,4.75,2
2884,"Bless the Child",Thriller,2000,4,1
2885,"Cecil B. DeMented",Comedy,2000,3.5,5
2886,"Eyes of Tammy Faye, The",Documentary,2000,3.75,2
2887,"Replacements, The",Comedy,2000,2.68421052631579,19
2888,"About Adam",Comedy,2000,3.75,2
2889,"Cell, The",Drama|Horror|Thriller,2000,3.04444444444444,45
2890,"Godzilla 2000",Action|Adventure|Sci-Fi,1999,2.1,5
2891,"Original Kings of Comedy, The",Comedy|Documentary,2000,3.25,4
2892,"Naked Gun: From the Files of Police Squad!, The",Action|Comedy|Crime|Romance,1988,3.4047619047619,42
2893,"Naked Gun 2 1/2: The Smell of Fear, The",Comedy,1991,3.42307692307692,26
2894,"Our Town",Drama,1940,3,1
2895,"Shane",Drama|Western,1953,3.9,5
2896,"Suddenly, Last Summer",Drama,1959,3.5,1
2897,"Cat Ballou",Comedy|Western,1965,3.14285714285714,7
2898,"Supergirl",Action|Adventure|Fantasy,1984,2.22222222222222,9
2899,"Art of War, The",Action|Thriller,2000,2,2
2900,"Bring It On",Comedy,2000,2.69117647058824,34
2901,"Crew, The",Comedy,2000,1.5,3
2902,"Skipped Parts",Drama|Romance,2000,4,1
2903,"Highlander: Endgame",Action|Adventure|Fantasy,2000,2.25,6
2904,"Nurse Betty",Comedy|Crime|Drama|Romance|Thriller,2000,3.34210526315789,19
2905,"Solas",Drama,1999,4,1
2906,"Watcher, The",Crime|Thriller,2000,1.5,1
2907,"Way of the Gun, The",Crime|Thriller,2000,3.125,8
2908,"Almost Famous",Drama,2000,3.86746987951807,83
2909,"Bait",Action|Comedy,2000,2.5,2
2910,"Circus",Crime|Drama|Thriller,2000,1,1
2911,"Crime and Punishment in Suburbia",Comedy|Drama,2000,4,1
2912,"Duets",Comedy|Drama,2000,3.25,2
2913,"Under Suspicion",Crime|Thriller,2000,2.5,2
2914,"Urban Legends: Final Cut",Horror,2000,1.5,3
2915,"Woman on Top",Comedy|Romance,2000,2,4
2916,"Dancer in the Dark",Drama|Musical,2000,3.975,20
2917,"Best in Show",Comedy,2000,3.68867924528302,53
2918,"Beautiful",Comedy|Drama,2000,2.5,2
2919,"Broken Hearts Club, The",Drama,2000,4,1
2920,"Girlfight",Drama,2000,3.66666666666667,6
2921,"Remember the Titans",Drama,2000,3.74390243902439,41
2922,"Hellraiser",Horror,1987,3.36666666666667,15
2923,"Hellbound: Hellraiser II",Horror,1988,3.27777777777778,9
2924,"Hellraiser III: Hell on Earth",Horror,1992,2.5,1
2925,"Faraway, So Close",Drama|Fantasy|Mystery|Romance,1993,4,1
2926,"Bikini Beach",Comedy,1964,1,1
2927,"Stranger Than Paradise",Comedy|Drama,1984,3.91666666666667,6
2928,"Voyage to the Bottom of the Sea",Adventure|Sci-Fi,1961,3,1
2929,"Fantastic Voyage",Adventure|Sci-Fi,1966,2.66666666666667,6
2930,"Abbott and Costello Meet Frankenstein",Comedy|Horror,1948,3.75,4
2931,"Bank Dick, The",Comedy,1940,2.5,2
2932,"Creature from the Black Lagoon, The",Adventure|Horror|Sci-Fi,1954,2.125,4
2933,"Invisible Man, The",Horror|Sci-Fi,1933,3.5,2
2934,"Killer Shrews, The",Horror|Sci-Fi,1959,0.5,1
2935,"Runaway",Sci-Fi|Thriller,1984,2.625,4
2936,"Slumber Party Massacre, The",Horror,1982,2.75,2
2937,"Slumber Party Massacre II",Horror,1987,5,1
2938,"Slumber Party Massacre III",Horror,1990,5,1
2939,"Sorority House Massacre",Horror,1986,5,1
2940,"Sorority House Massacre II",Horror,1990,5,1
2941,"Bamboozled",Comedy,2000,2.9375,8
2942,"Digimon: The Movie",Adventure|Animation|Children,2000,3,1
2943,"Get Carter",Action|Drama|Thriller,2000,2.5,5
2944,"Get Carter",Action|Crime|Drama|Thriller,1971,3.33333333333333,3
2945,"Meet the Parents",Comedy,2000,3.41758241758242,91
2946,"Requiem for a Dream",Drama,2000,3.921875,96
2947,"Tigerland",Drama,2000,3.5625,8
2948,"Two Family House",Drama,2000,5,1
2949,"Contender, The",Drama|Thriller,2000,3.07142857142857,7
2950,"Dr. T and the Women",Comedy|Romance,2000,2.125,4
2951,"Ladies Man, The",Comedy,2000,1.58333333333333,6
2952,"Billy Jack",Action|Drama,1971,2.66666666666667,3
2953,"Billy Jack Goes to Washington",Drama,1977,2,1
2954,"Time Machine, The",Action|Adventure|Sci-Fi,1960,3.625,8
2955,"Ghoulies II",Comedy|Horror,1987,1.5,1
2956,"Unsinkable Molly Brown, The",Musical,1964,3.75,2
2957,"Adventures of Ichabod and Mr. Toad, The",Animation|Children,1949,3,3
2958,"Strange Love of Martha Ivers, The",Drama|Film-Noir,1946,3.5,1
2959,"Detour",Crime|Film-Noir,1945,3.5,2
2960,"Billy Elliot",Drama,2000,3.85135135135135,37
2961,"Bedazzled",Comedy,2000,3.07407407407407,27
2962,"Pay It Forward",Drama,2000,3.44230769230769,26
2963,"Private Eyes, The",Comedy|Mystery,1981,2.75,2
2964,"Legend of Drunken Master, The",Action|Comedy,1994,4.125,16
2965,"Book of Shadows: Blair Witch 2",Crime|Horror|Mystery|Thriller,2000,1.125,4
2966,"Little Vampire, The",Adventure|Children,2000,3,1
2967,"Charlie's Angels",Action|Comedy,2000,2.72222222222222,72
2968,"Legend of Bagger Vance, The",Drama|Romance,2000,3.06666666666667,15
2969,"Little Nicky",Comedy,2000,2.5,24
2970,"Men of Honor",Drama,2000,3.39285714285714,14
2971,"Red Planet",Action|Sci-Fi|Thriller,2000,2.34615384615385,13
2972,"You Can Count on Me",Drama|Romance,2000,4.16666666666667,9
2973,"Diamonds Are Forever",Action|Adventure|Thriller,1971,3.5,21
2974,"Eagle Has Landed, The",Drama|War,1976,3.25,6
2975,"6th Day, The",Action|Sci-Fi|Thriller,2000,2.8,20
2976,"Bounce",Drama|Romance,2000,2.41666666666667,6
2977,"How the Grinch Stole Christmas",Children|Comedy|Fantasy,2000,3.04545454545455,33
2978,"One Day in September",Documentary,1999,4,2
2979,"Rugrats in Paris: The Movie",Animation|Children|Comedy,2000,2.25,4
2980,"102 Dalmatians",Children|Comedy,2000,2.77777777777778,9
2981,"Malèna",Drama|Romance|War,2000,3.7,5
2982,"Quills",Drama|Romance,2000,3,6
2983,"Unbreakable",Drama|Sci-Fi,2000,3.47945205479452,73
2984,"Crouching Tiger, Hidden Dragon",Action|Drama|Romance,2000,3.83636363636364,110
2985,"Dungeons & Dragons",Action|Adventure|Comedy|Fantasy,2000,1.83333333333333,12
2986,"Proof of Life",Drama,2000,3.04166666666667,12
2987,"Vertical Limit",Action|Adventure,2000,2.60714285714286,14
2988,"Bounty, The",Adventure|Drama,1984,3,3
2989,"Planes, Trains & Automobiles",Comedy,1987,3.85185185185185,27
2990,"She's Having a Baby",Comedy,1988,3.33333333333333,3
2991,"Living Daylights, The",Action|Adventure|Thriller,1987,3.29166666666667,12
2992,"Transformers: The Movie",Adventure|Animation|Children|Sci-Fi,1986,3.35714285714286,7
2993,"Wall Street",Drama,1987,3.75,20
2994,"Born on the Fourth of July",Drama|War,1989,3.53846153846154,13
2995,"Talk Radio",Drama,1988,3,2
2996,"Brewster's Millions",Comedy,1985,2.9375,8
2997,"Snatch",Comedy|Crime|Thriller,2000,4.15591397849462,93
2998,"Punchline",Comedy|Drama,1988,2.5,4
2999,"Chocolat",Drama|Romance,2000,3.52127659574468,47
3000,"Dude, Where's My Car?",Comedy|Sci-Fi,2000,2.72727272727273,33
3001,"Emperor's New Groove, The",Adventure|Animation|Children|Comedy|Fantasy,2000,3.71621621621622,37
3002,"Pollock",Drama,2000,3.53571428571429,14
3003,"What Women Want",Comedy|Romance,2000,3.13888888888889,54
3004,"Finding Forrester",Drama,2000,3.71428571428571,28
3005,"Gift, The",Thriller,2000,2.92307692307692,13
3006,"Before Night Falls",Drama,2000,4.3,5
3007,"Cast Away",Drama,2000,3.7,100
3008,"Family Man, The",Comedy|Drama|Romance,2000,3.1304347826087,23
3009,"House of Mirth, The",Romance,2000,2.16666666666667,3
3010,"Miss Congeniality",Comedy|Crime,2000,3.0546875,64
3011,"O Brother, Where Art Thou?",Adventure|Comedy|Crime,2000,3.80851063829787,94
3012,"State and Main",Comedy|Drama,2000,3.875,12
3013,"Dracula 2000",Horror,2000,1.8,5
3014,"All the Pretty Horses",Drama|Romance|Western,2000,2.5,2
3015,"Everlasting Piece, An",Comedy,2000,4,1
3016,"Thirteen Days",Drama|Thriller|War,2000,3.92307692307692,13
3017,"Traffic",Crime|Drama|Thriller,2000,3.9,70
3018,"Claim, The",Romance|Western,2000,2.83333333333333,3
3019,"Shadow of the Vampire",Drama|Horror,2000,3.13636363636364,11
3020,"House of Games",Crime|Film-Noir|Mystery|Thriller,1987,3.8125,8
3021,"Annie",Children|Musical,1982,3.125,16
3022,"Don't Tell Mom the Babysitter's Dead",Comedy,1991,2.34615384615385,13
3023,"Officer and a Gentleman, An",Drama|Romance,1982,3.64285714285714,14
3024,"Alamo, The",Action|Drama|War|Western,1960,3.375,4
3025,"At Close Range",Crime|Drama,1986,3.33333333333333,3
3026,"Friendly Persuasion",Drama,1956,4,1
3027,"Gettysburg",Drama|War,1993,3.66666666666667,9
3028,"Horrors of Spider Island",Horror|Sci-Fi,1960,0.5,1
3029,"Antitrust",Crime|Drama|Thriller,2001,3.5625,8
3030,"Double Take",Action|Comedy,2001,2.5,2
3031,"Save the Last Dance",Drama|Romance,2001,2.84375,16
3032,"Panic",Drama,2000,4,2
3033,"Pledge, The",Crime|Drama|Mystery|Thriller,2001,3.28571428571429,7
3034,"The Man in the Moon",Drama|Romance,1991,4,2
3035,"Mystic Pizza",Comedy|Drama|Romance,1988,3.375,8
3036,"Prelude to a Kiss",Comedy|Drama|Romance,1992,2.5,4
3037,"Coffy",Action|Crime|Thriller,1973,3.5,1
3038,"Foxy Brown",Action|Crime|Drama,1974,2.5,1
3039,"I'm Gonna Git You Sucka",Action|Comedy,1988,2.875,4
3040,"Untamed Heart",Drama|Romance,1993,3.375,4
3041,"Sugar & Spice",Comedy,2001,2.71428571428571,7
3042,"Wedding Planner, The",Comedy|Romance,2001,2.90909090909091,22
3043,"Legend of Rita, The",Drama,1999,3,1
3044,"With a Friend Like Harry...",Drama|Thriller,2000,4.5,2
3045,"Amazing Grace and Chuck",Drama,1987,4,1
3046,"Amazon Women on the Moon",Comedy|Sci-Fi,1987,4.25,2
3047,"Baby Boom",Comedy,1987,3.25,2
3048,"Back to the Beach",Comedy,1987,1.83333333333333,3
3049,"Barfly",Comedy|Drama|Romance,1987,3.5,2
3050,"Best Seller",Thriller,1987,4,1
3051,"Beverly Hills Cop II",Action|Comedy|Crime|Thriller,1987,2.86842105263158,19
3052,"Beverly Hills Cop",Action|Comedy|Crime|Drama,1984,3.40217391304348,46
3053,"Big Easy, The",Action|Crime|Mystery|Romance|Thriller,1987,3.5,5
3054,"Born in East L.A.",Comedy,1987,2,1
3055,"Brave Little Toaster, The",Animation|Children,1987,3.5625,8
3056,"Can't Buy Me Love",Comedy|Romance,1987,3.25,4
3057,"Cherry 2000",Romance|Sci-Fi,1987,2.25,2
3058,"Cop",Thriller,1988,1.5,1
3059,"Eddie Murphy Raw",Comedy|Documentary,1987,3.5,6
3060,"Empire of the Sun",Action|Adventure|Drama|War,1987,3.95,10
3061,"Ernest Goes to Camp",Comedy,1987,1.4,5
3062,"Evil Dead, The",Fantasy|Horror|Thriller,1981,3.81818181818182,22
3063,"Flowers in the Attic",Drama|Thriller,1987,2.57142857142857,7
3064,"Fourth Protocol, The",Thriller,1987,3,1
3065,"Gardens of Stone",Drama|War,1987,3,1
3066,"Glass Menagerie, The",Drama,1987,3,2
3067,"Hiding Out",Comedy,1987,2,1
3068,"Hollywood Shuffle",Comedy,1987,5,1
3069,"Hope and Glory",Drama,1987,4.33333333333333,3
3070,"Innerspace",Action|Adventure|Comedy|Sci-Fi,1987,3.125,12
3071,"Ishtar",Comedy,1987,2,1
3072,"Jaws: The Revenge",Horror|Thriller,1987,1.25,4
3073,"Leonard Part 6",Comedy|Sci-Fi,1987,0.75,2
3074,"Less Than Zero",Drama,1987,3.5,4
3075,"Like Father, Like Son",Comedy,1987,1.66666666666667,3
3076,"Lost Boys, The",Comedy|Horror|Thriller,1987,3.71153846153846,26
3077,"Made in Heaven",Fantasy|Romance,1987,1,1
3078,"Maid to Order",Comedy|Fantasy,1987,1.83333333333333,3
3079,"Making Mr. Right",Comedy|Romance|Sci-Fi,1987,1.83333333333333,3
3080,"Mannequin",Comedy|Romance,1987,2.625,8
3081,"Masters of the Universe",Action|Adventure|Fantasy|Sci-Fi,1987,2.5625,8
3082,"Monster Squad, The",Adventure|Comedy|Horror,1987,5,1
3083,"My Demon Lover",Comedy|Horror,1987,1,2
3084,"No Man's Land",Crime|Drama,1987,3,1
3085,"Head Over Heels",Comedy|Romance,2001,2.5,4
3086,"Left Behind: The Movie",Action|Adventure|Drama|Thriller,2000,4.25,2
3087,"Valentine",Horror|Mystery,2001,3.5,1
3088,"In the Mood For Love",Drama|Romance,2000,4.21428571428571,14
3089,"Million Dollar Hotel, The",Drama|Mystery|Romance,2001,3,3
3090,"Nico and Dani",Comedy|Drama|Romance,2000,4,2
3091,"Hannibal",Horror|Thriller,2001,2.93589743589744,39
3092,"Saving Silverman",Comedy|Romance,2001,2.77272727272727,11
3093,"Vatel",Drama,2000,4.25,2
3094,"Down to Earth",Comedy|Fantasy|Romance,2001,2.41666666666667,12
3095,"Recess: School's Out",Animation|Children,2001,4,2
3096,"Sweet November",Drama|Romance,2001,3.3125,8
3097,"Company Man",Comedy,2000,2,1
3098,"Price of Milk, The",Comedy|Drama|Fantasy|Romance,2000,4.5,1
3099,"Monkeybone",Animation|Comedy|Fantasy,2001,2.08333333333333,6
3100,"3000 Miles to Graceland",Action|Thriller,2001,2.71428571428571,7
3101,"Widow of St. Pierre, The",Drama|Romance,2000,4.125,4
3102,"Mexican, The",Action|Comedy,2001,3.34782608695652,23
3103,"Caveman's Valentine, The",Drama,2001,3.5,2
3104,"Series 7: The Contenders",Action|Drama,2001,2.5,2
3105,"15 Minutes",Thriller,2001,3,10
3106,"Get Over It",Comedy|Romance,2001,2.75,4
3107,"Long Night's Journey Into Day",Documentary,2000,4,1
3108,"Avalon",Drama,1990,3,1
3109,"Gray's Anatomy",Comedy|Drama,1996,3.625,4
3110,"Of Mice and Men",Drama,1939,3.5,6
3111,"Reform School Girls",Action|Drama,1986,5,1
3112,"Tapeheads",Comedy,1988,2,1
3113,"Bishop's Wife, The",Comedy|Drama|Romance,1947,4,1
3114,"Lilies of the Field",Drama,1963,3.83333333333333,3
3115,"Greatest Story Ever Told, The",Drama,1965,2.5,1
3116,"Elmer Gantry",Drama,1960,4,2
3117,"Alfie",Comedy|Drama|Romance,1966,3.25,4
3118,"Fantasticks, The",Musical,1995,4,2
3119,"I Know Where I'm Going!",Drama|Romance|War,1945,NaN,NaN
3120,"Abominable Dr. Phibes, The",Horror|Mystery,1971,3.83333333333333,3
3121,"Real Life",Comedy,1979,3,1
3122,"Battle Beyond the Stars",Sci-Fi,1980,3,1
3123,"Double Impact",Action,1991,3.25,2
3124,"Fuzz",Drama,1972,3,1
3125,"Harley Davidson and the Marlboro Man",Action|Crime|Drama,1991,3.16666666666667,6
3126,"Losin' It",Comedy,1983,1,1
3127,"Mermaids",Comedy|Drama|Romance,1990,3.16666666666667,6
3128,"Navy Seals",Action|Adventure|War,1990,2,3
3129,"Manhunter",Action|Crime|Drama|Horror|Thriller,1986,3.91666666666667,6
3130,"Reversal of Fortune",Drama,1990,3.75,6
3131,"Death on the Nile",Crime|Mystery,1978,3,1
3132,"Revenge of the Nerds",Comedy,1984,2.88461538461538,13
3133,"Revenge of the Nerds II: Nerds in Paradise",Comedy,1987,2.08333333333333,6
3134,"4 Little Girls",Documentary,1997,4.25,2
3135,"River's Edge",Crime|Drama,1986,3.5,1
3136,"Girls Just Want to Have Fun",Comedy,1985,3.33333333333333,3
3137,"Longest Yard, The",Comedy,1974,3.4,5
3138,"Necessary Roughness",Comedy,1991,2.625,4
3139,"Enemy at the Gates",Drama|War,2001,3.5125,40
3140,"Exit Wounds",Action|Thriller,2001,2.75,2
3141,"Dish, The",Comedy,2001,4,7
3142,"Memento",Mystery|Thriller,2000,4.12264150943396,159
3143,"Heartbreakers",Comedy|Crime|Romance,2001,2.15,10
3144,"Say It Isn't So",Comedy|Romance,2001,2.125,4
3145,"Someone Like You",Comedy|Romance,2001,3.5,5
3146,"Spy Kids",Action|Adventure|Children|Comedy,2001,2.94642857142857,28
3147,"Tomcats",Comedy,2001,2,6
3148,"Tailor of Panama, The",Drama|Thriller,2001,3.2,5
3149,"Amores Perros",Drama|Thriller,2000,3.93478260869565,23
3150,"Keep the River on Your Right: A Modern Cannibal Tale",Documentary,2000,3.5,1
3151,"Gleaners & I, The",Documentary,2000,4,1
3152,"Along Came a Spider",Action|Crime|Mystery|Thriller,2001,3.14705882352941,17
3153,"Blow",Crime|Drama,2001,3.81372549019608,51
3154,"Just Visiting",Comedy|Fantasy,2001,2,1
3155,"Pokémon 3: The Movie",Animation|Children,2001,2.1,5
3156,"Beautiful Creatures",Comedy|Crime|Drama|Thriller,2000,2,1
3157,"Brigham City",Crime|Drama|Mystery,2001,4,1
3158,"Bridget Jones's Diary",Comedy|Drama|Romance,2001,3.62307692307692,65
3159,"Joe Dirt",Adventure|Comedy|Mystery|Romance,2001,2.38095238095238,21
3160,"Josie and the Pussycats",Comedy,2001,1.75,6
3161,"Chopper",Drama|Thriller,2000,2,1
3162,"Circle, The",Drama,2000,3.25,2
3163,"Crocodile Dundee in Los Angeles",Comedy|Drama,2001,2.19230769230769,13
3164,"Freddy Got Fingered",Comedy,2001,2.2,10
3165,"Center of the World, The",Drama,2001,3.66666666666667,3
3166,"Luzhin Defence, The",Drama|Romance,2000,3.5,4
3167,"Visit, The",Drama,2000,2,1
3168,"Scarface",Action|Crime|Drama,1983,3.93283582089552,67
3169,"Days of Wine and Roses",Drama,1962,4,2
3170,"Driven",Action|Thriller,2001,3,5
3171,"One Night at McCool's",Comedy,2001,3.4,5
3172,"Town & Country",Comedy,2001,2.5,2
3173,"Mummy Returns, The",Action|Adventure|Comedy|Thriller,2001,3.08888888888889,45
3174,"Under the Sand",Drama,2000,4.5,2
3175,"Krull",Action|Adventure|Fantasy|Sci-Fi,1983,2.9,5
3176,"Lost in America",Comedy,1985,2.5,2
3177,"Triumph of the Will",Documentary,1934,4.16666666666667,3
3178,"World According to Garp, The",Comedy|Drama|Romance,1982,3.55555555555556,9
3179,"Fellini Satyricon",Drama|Fantasy,1969,3.5,1
3180,"Frankie and Johnny",Comedy,1966,3,1
3181,"Frankie and Johnny",Comedy|Romance,1991,2.83333333333333,3
3182,"City of Women, The",Comedy|Drama,1980,2.83333333333333,3
3183,"For the Boys",Comedy|Drama|Musical,1991,2,1
3184,"Nine to Five",Comedy|Crime,1980,2.72727272727273,11
3185,"Norma Rae",Drama,1979,3.5,2
3186,"Summer Rental",Comedy,1985,2.5,4
3187,"5,000 Fingers of Dr. T, The",Children|Fantasy|Musical,1953,4,2
3188,"Love Story",Drama|Romance,1970,3,2
3189,"Pelle the Conqueror",Drama,1987,3.75,2
3190,"Rififi",Crime|Film-Noir|Thriller,1955,4.75,2
3191,"Knight's Tale, A",Action|Comedy|Romance,2001,3.34146341463415,41
3192,"Bread and Roses",Drama,2000,4,3
3193,"Startup.com",Documentary,2001,3.6,5
3194,"Angel Eyes",Romance|Thriller,2001,1.625,4
3195,"Shrek",Adventure|Animation|Children|Comedy|Fantasy|Romance,2001,3.86764705882353,170
3196,"Fast Food, Fast Women",Comedy|Romance,2000,4.5,1
3197,"Moulin Rouge",Drama|Musical|Romance,2001,3.59090909090909,55
3198,"Pearl Harbor",Action|Drama|Romance|War,2001,2.96511627906977,43
3199,"Himalaya",Adventure|Drama,1999,3.5,2
3200,"Man Who Cried, The",Drama,2000,3.5,2
3201,"Ice Castles",Drama,1978,2,2
3202,"Love Potion #9",Comedy|Romance,1992,2.5,3
3203,"City Slickers",Comedy|Western,1991,3.37096774193548,31
3204,"Eight Men Out",Drama,1988,3.75,10
3205,"Horse Soldiers, The",Adventure|War|Western,1959,4,1
3206,"Night, The",Drama,1960,4,1
3207,"Mississippi Burning",Crime|Drama|Thriller,1988,3.59090909090909,11
3208,"Magnificent Seven, The",Adventure|Western,1960,3.59375,16
3209,"Rio Bravo",Western,1959,3.66666666666667,3
3210,"Throw Momma from the Train",Comedy|Crime,1987,3.2,10
3211,"Yi Yi",Drama,2000,4.6,5
3212,"Sand Pebbles, The",Drama|Romance|War,1966,3.5,2
3213,"Twelve O'Clock High",Drama|War,1949,4.5,1
3214,"Von Ryan's Express",Action|Adventure|Drama|War,1965,3.75,4
3215,"Animal, The",Comedy,2001,2.13636363636364,11
3216,"Big Eden",Drama|Romance,2000,4.5,1
3217,"Evolution",Comedy|Sci-Fi,2001,3.03703703703704,27
3218,"Swordfish",Action|Crime|Drama,2001,3.10294117647059,34
3219,"Anniversary Party, The",Drama,2001,4,3
3220,"Divided We Fall",Comedy|Drama,2000,3.83333333333333,3
3221,"Catch-22",Comedy|War,1970,3.75,8
3222,"Forgotten Silver",Comedy|Documentary,1996,4.25,2
3223,"Point Break",Action|Crime|Thriller,1991,3.25,16
3224,"Uncommon Valor",Action|War,1983,3,1
3225,"Unlawful Entry",Crime|Thriller,1992,2.5,1
3226,"Youngblood",Action|Drama,1986,2,2
3227,"Gentlemen Prefer Blondes",Comedy|Musical|Romance,1953,3.8,5
3228,"How to Marry a Millionaire",Comedy|Drama|Romance,1953,4.5,1
3229,"Seven Year Itch, The",Comedy,1955,3.375,8
3230,"Tootsie",Comedy|Romance,1982,3.421875,32
3231,"Atlantis: The Lost Empire",Adventure|Animation|Children|Fantasy,2001,3.34210526315789,19
3232,"Lara Croft: Tomb Raider",Action|Adventure,2001,2.9,40
3233,"Dr. Dolittle 2",Comedy,2001,2.36363636363636,11
3234,"Fast and the Furious, The",Action|Crime|Thriller,2001,3.06666666666667,45
3235,"A.I. Artificial Intelligence",Adventure|Drama|Sci-Fi,2001,3.33928571428571,56
3236,"Baby Boy",Crime|Drama,2001,0.5,1
3237,"Crazy/Beautiful",Drama|Romance,2001,3.4,5
3238,"Pootie Tang",Comedy,2001,3.16666666666667,3
3239,"Let It Snow",Comedy|Romance,1999,4.5,1
3240,"Sexy Beast",Crime|Drama,2000,3.71428571428571,14
3241,"Princess and the Warrior, The",Drama|Romance,2000,3.85714285714286,7
3242,"Closet, The",Comedy,2001,3.375,4
3243,"Crimson Rivers, The",Crime|Drama|Mystery|Thriller,2000,3.5,5
3244,"Lumumba",Drama,2000,3,1
3245,"Cats & Dogs",Children|Comedy,2001,2.81818181818182,11
3246,"Kiss of the Dragon",Action,2001,3.77777777777778,9
3247,"Scary Movie 2",Comedy,2001,2.65384615384615,26
3248,"Lost and Delirious",Drama,2001,3.625,4
3249,"Rape Me",Crime|Drama|Thriller,2000,3.5,2
3250,"Alice",Comedy|Drama|Fantasy|Romance,1990,3,3
3251,"Another Woman",Drama,1988,4.5,1
3252,"Beach Blanket Bingo",Comedy|Musical,1965,1.5,1
3253,"Big Deal on Madonna Street",Comedy|Crime,1958,4,1
3254,"Cannonball Run, The",Action|Comedy,1981,2.75,10
3255,"Cannonball Run II",Action|Comedy,1984,2.5,2
3256,"Diary of a Chambermaid",Comedy|Drama,1964,3.75,2
3257,"Dr. Goldfoot and the Bikini Machine",Comedy,1965,5,1
3258,"Fall of the House of Usher, The",Horror,1960,3,2
3259,"Faust",Drama|Fantasy|Horror,1926,4,1
3260,"Man Who Shot Liberty Valance, The",Crime|Drama|Western,1962,4.4,5
3261,"Salvador",Drama|Thriller|War,1986,4.5,1
3262,"September",Drama,1987,3.5,1
3263,"Shadows and Fog",Comedy|Drama|Mystery|Thriller,1991,3.33333333333333,3
3264,"Something Wild",Comedy|Crime|Drama,1986,4,1
3265,"Thing with Two Heads, The",Comedy|Horror|Sci-Fi,1972,0.75,2
3266,"All That Heaven Allows",Drama|Romance,1955,4.25,4
3267,"Barefoot Contessa, The",Drama,1954,3,1
3268,"Cries and Whispers",Drama,1972,4,2
3269,"Garden of the Finzi-Continis, The",Drama,1970,3.66666666666667,3
3270,"Kiss Me Deadly",Film-Noir,1955,4,2
3271,"Lion in Winter, The",Drama,1968,3.66666666666667,9
3272,"Misfits, The",Comedy|Drama|Romance|Western,1961,3.25,2
3273,"Moby Dick",Drama,1956,4.5,2
3274,"Sweet Smell of Success",Drama|Film-Noir,1957,4.125,4
3275,"Written on the Wind",Drama,1956,4.25,2
3276,"10th Victim, The",Action|Comedy|Sci-Fi|Thriller,1965,4,1
3277,"Obsession",Mystery|Thriller,1976,3,1
3278,"Suspiria",Horror,1977,3.9375,8
3279,"Fist of Fury",Action|Drama|Romance|Thriller,1972,3.83333333333333,3
3280,"Christiane F.",Drama,1981,3.625,4
3281,"Big Boss, The",Action|Thriller,1971,3.75,2
3282,"Game of Death",Action,1978,4.16666666666667,3
3283,"Last Dragon, The",Action|Comedy|Drama,1985,2.66666666666667,3
3284,"Outland",Action|Sci-Fi|Thriller,1981,2.75,2
3285,"Way of the Dragon, The",Action|Crime,1972,4.16666666666667,3
3286,"T-Rex: Back to the Cretaceous",Adventure|Documentary|IMAX,1998,4,1
3287,"Final Fantasy: The Spirits Within",Adventure|Animation|Fantasy|Sci-Fi,2001,3.35483870967742,31
3288,"Legally Blonde",Comedy|Romance,2001,3.15625,64
3289,"Score, The",Action|Drama,2001,3.55,20
3290,"Adanggaman",Drama,2000,2,1
3291,"Bully",Crime|Drama|Thriller,2001,3.64285714285714,7
3292,"Jump Tomorrow",Comedy|Drama|Romance,2001,3.5,1
3293,"Made",Comedy,2001,2.66666666666667,6
3294,"Michael Jordan to the Max",Documentary|IMAX,2000,3.5,1
3295,"More",Animation|Drama|Sci-Fi|IMAX,1998,5,1
3296,"Africa: The Serengeti",Documentary|IMAX,1994,4,1
3297,"Alaska: Spirit of the Wild",Documentary|IMAX,1997,4,1
3298,"18 Again!",Comedy|Fantasy,1988,1.5,2
3299,"1969",Drama|War,1988,2,1
3300,"Accidental Tourist, The",Comedy|Drama|Romance,1988,3.6,5
3301,"Accused, The",Drama,1988,3.7,5
3302,"Above the Law",Action|Crime|Drama,1988,2.5,2
3303,"Adventures of Baron Munchausen, The",Adventure|Comedy|Fantasy,1988,3.76923076923077,13
3304,"Ariel",Drama,1988,3,2
3305,"Arthur 2: On the Rocks",Comedy|Romance,1988,1.5,3
3306,"Bat*21",Drama|War,1988,3,1
3307,"Beaches",Comedy|Drama|Musical,1988,2.9,5
3308,"Beast of War, The",Drama|War,1988,4,1
3309,"Big Business",Comedy,1988,2.33333333333333,3
3310,"Big Top Pee-Wee",Adventure|Children|Comedy,1988,1.9375,8
3311,"Biloxi Blues",Comedy|Drama,1988,3.5,2
3312,"Blob, The",Horror|Sci-Fi,1988,2.83333333333333,3
3313,"Bright Lights, Big City",Drama,1988,3.16666666666667,3
3314,"Caddyshack II",Comedy,1988,1.5,3
3315,"Camille Claudel",Drama,1988,3.75,2
3316,"Cocktail",Drama|Romance,1988,2.95454545454545,11
3317,"Colors",Action|Crime|Drama,1988,3.33333333333333,3
3318,"Coming to America",Comedy|Romance,1988,3.45833333333333,24
3319,"Couch Trip, The",Comedy,1988,2,1
3320,"Critters",Comedy|Sci-Fi,1986,3,3
3321,"Crossing Delancey",Comedy|Romance,1988,5,1
3322,"D.O.A.",Film-Noir|Mystery|Thriller,1988,3.5,1
3323,"Dead Heat",Action|Comedy|Horror|Sci-Fi,1988,3,1
3324,"Dead Pool, The",Action|Crime|Thriller,1988,3,6
3325,"Dirty Rotten Scoundrels",Comedy,1988,4.125,16
3326,"Drowning by Numbers",Comedy|Drama,1988,4,1
3327,"Ernest Saves Christmas",Children|Comedy,1988,1.625,4
3328,"Feds",Comedy,1988,1.5,1
3329,"For Keeps",Drama|Romance,1988,3,1
3330,"Frantic",Crime|Mystery|Thriller,1988,3.16666666666667,3
3331,"Gorillas in the Mist",Drama,1988,3.5,8
3332,"Great Outdoors, The",Comedy,1988,2.9,5
3333,"High Spirits",Comedy,1988,2,1
3334,"Johnny Be Good",Comedy,1988,3,2
3335,"Lady in White",Horror|Mystery|Thriller,1988,1.75,2
3336,"The Lair of the White Worm",Comedy|Horror,1988,3.75,4
3337,"Land Before Time, The",Adventure|Animation|Children|Fantasy,1988,3.33333333333333,9
3338,"License to Drive",Comedy,1988,2.33333333333333,3
3339,"Little Nikita",Drama,1988,3,1
3340,"Masquerade",Mystery|Romance|Thriller,1988,1,1
3341,"Milagro Beanfield War",Comedy|Drama|Fantasy,1988,3.5,2
3342,"Moon Over Parador",Comedy,1988,3,1
3343,"My Stepmother Is an Alien",Comedy|Romance|Sci-Fi,1988,3.1,5
3344,"Night in the Life of Jimmy Reardon, A",Comedy|Romance,1988,2.5,2
3345,"Bagdad Cafe",Comedy|Drama,1987,3.875,4
3346,"Red Heat",Action,1988,2.66666666666667,3
3347,"Return of the Living Dead, The",Comedy|Horror|Sci-Fi,1985,3.75,4
3348,"Return to Snowy River",Adventure|Drama|Western,1988,2.5,2
3349,"Man from Snowy River, The",Drama|Romance|Western,1982,3.375,4
3350,"Running on Empty",Drama,1988,4.33333333333333,3
3351,"Serpent and the Rainbow, The",Horror,1988,3.5,2
3352,"Short Circuit 2",Comedy|Sci-Fi,1988,2.9,5
3353,"Short Circuit",Comedy|Sci-Fi,1986,3.275,20
3354,"Vanishing, The",Drama|Thriller,1988,3.91666666666667,6
3355,"Tetsuo, the Ironman",Action|Horror|Sci-Fi|Thriller,1988,3.5,3
3356,"They Live",Action|Sci-Fi|Thriller,1988,3.72222222222222,9
3357,"Tucker: The Man and His Dream",Drama,1988,3,1
3358,"Twins",Comedy,1988,2.46428571428571,14
3359,"Without a Clue",Comedy|Mystery,1988,4,1
3360,"Young Einstein",Comedy,1988,1.83333333333333,3
3361,"Always",Drama|Fantasy|Romance,1989,2.83333333333333,6
3362,"American Ninja",Action|Adventure,1985,2.5,2
3363,"Best of the Best",Action,1989,2.5,1
3364,"Bill & Ted's Excellent Adventure",Adventure|Comedy|Sci-Fi,1989,3.7,45
3365,"Black Rain",Action|Crime|Drama,1989,3,3
3366,"Blaze",Comedy|Drama,1989,2,1
3367,"Blind Fury",Action|Thriller,1989,3.25,2
3368,"Casualties of War",Drama|War,1989,3.83333333333333,3
3369,"Chances Are",Comedy|Romance,1989,2.5,2
3370,"Cyborg",Action|Sci-Fi,1989,0.5,2
3371,"Dad",Drama,1989,4,1
3372,"Disorganized Crime",Action|Comedy,1989,4,1
3373,"Dream a Little Dream",Comedy|Drama|Romance,1989,2,1
3374,"Dream Team, The",Comedy,1989,3.375,4
3375,"Earth Girls Are Easy",Comedy|Musical|Sci-Fi,1988,2.25,8
3376,"Eddie and the Cruisers",Drama|Musical|Mystery,1983,2,2
3377,"Erik the Viking",Adventure|Comedy|Fantasy,1989,3,5
3378,"Family Business",Comedy,1989,2.25,2
3379,"Farewell to the King",Action|War,1989,3,1
3380,"Fat Man and Little Boy",Drama,1989,3.5,1
3381,"Gleaming the Cube",Action|Drama|Mystery,1989,2,1
3382,"Great Balls of Fire!",Drama,1989,2.5,2
3383,"Gross Anatomy",Comedy|Drama,1989,3.25,2
3384,"Harlem Nights",Comedy|Crime|Romance,1989,3,3
3385,"Her Alibi",Comedy|Romance,1989,2.5,1
3386,"How to Get Ahead in Advertising",Comedy|Fantasy,1989,3.625,4
3387,"Innocent Man, An",Crime|Drama,1989,2.25,2
3388,"January Man, The",Comedy|Crime|Mystery|Thriller,1989,2,1
3389,"Johnny Handsome",Crime|Drama,1989,4,1
3390,"Jesus of Montreal",Drama,1989,4.5,1
3391,"K-9",Action|Comedy|Crime,1989,2,1
3392,"Kickboxer",Action,1989,2.5,1
3393,"Last Exit to Brooklyn",Drama,1989,4,1
3394,"Lean on Me",Drama,1989,3.5,6
3395,"Let It Ride",Comedy,1989,3.5,2
3396,"Little Monsters",Comedy,1989,2.25,2
3397,"Look Who's Talking",Comedy|Romance,1989,2.38888888888889,18
3398,"Loverboy",Comedy,1989,2.5,2
3399,"Major League",Comedy,1989,3.575,20
3400,"Meet the Feebles",Animation|Comedy|Musical,1989,3,3
3401,"Millennium",Drama|Sci-Fi|Thriller,1989,2,3
3402,"Miracle Mile",Drama|Romance|Sci-Fi,1989,3.5,2
3403,"New York Stories",Comedy|Drama,1989,3.125,4
3404,"Next of Kin",Action|Crime|Thriller,1989,1.75,2
3405,"No Holds Barred",Action,1989,1,1
3406,"Package, The",Action|Thriller,1989,3,2
3407,"Penn & Teller Get Killed",Adventure|Comedy,1989,4,2
3408,"Pink Cadillac",Action|Comedy|Drama,1989,1,1
3409,"Punisher, The",Action,1989,2.33333333333333,3
3410,"Jurassic Park III",Action|Adventure|Sci-Fi|Thriller,2001,2.84722222222222,36
3411,"America's Sweethearts",Comedy|Romance,2001,2.58333333333333,18
3412,"Brother",Action|Crime|Thriller,2000,3.75,4
3413,"Ghost World",Comedy|Drama,2001,3.5,34
3414,"Hedwig and the Angry Inch",Comedy|Drama|Musical,2000,4.18181818181818,11
3415,"Planet of the Apes",Action|Adventure|Drama|Sci-Fi,2001,2.74489795918367,49
3416,"Bread and Tulips",Comedy|Drama|Romance,2000,3.66666666666667,3
3417,"Cure",Crime|Horror|Thriller,1997,4.5,1
3418,"Greenfingers",Comedy|Drama,2000,1.5,1
3419,"Wet Hot American Summer",Comedy,2001,3.64285714285714,7
3420,"Return of the Musketeers, The",Adventure|Comedy,1989,3,1
3421,"Road House",Action|Drama,1989,2.78571428571429,7
3422,"Santa Sangre",Drama|Horror|Mystery|Thriller,1989,3.5,1
3423,"Scenes from the Class Struggle in Beverly Hills",Comedy,1989,4,1
3424,"Sea of Love",Crime|Drama|Thriller,1989,3,2
3425,"See No Evil, Hear No Evil",Comedy|Crime,1989,3.16666666666667,3
3426,"She's Out of Control",Comedy,1989,2.83333333333333,3
3427,"Skin Deep",Comedy,1989,3,1
3428,"Stepfather, The",Horror|Thriller,1987,2.5,1
3429,"Sweetie",Drama,1989,3.5,1
3430,"Tall Guy, The",Comedy|Romance,1989,2.75,2
3431,"Tango & Cash",Action|Comedy|Crime|Thriller,1989,1.66666666666667,3
3432,"Three Fugitives",Action|Comedy,1989,1,1
3433,"Troop Beverly Hills",Comedy,1989,1.91666666666667,6
3434,"Turner & Hooch",Comedy|Crime,1989,3.03846153846154,13
3435,"UHF",Comedy,1989,3.44444444444444,9
3436,"Uncle Buck",Comedy,1989,2.88461538461538,13
3437,"War of the Roses, The",Comedy|Drama,1989,3.64285714285714,7
3438,"Wizard, The",Adventure|Children|Comedy|Drama,1989,3.25,2
3439,"Weekend at Bernie's II",Adventure|Comedy,1993,1.625,4
3440,"Billy Liar",Comedy,1963,3.5,1
3441,"Black Robe",Adventure|Drama,1991,3.33333333333333,3
3442,"Cat o' Nine Tails, The",Mystery|Thriller,1971,3.5,1
3443,"Cotton Club, The",Crime|Musical,1984,3.25,2
3444,"Who'll Stop the Rain",Crime|Drama,1978,4,1
3445,"Basket Case",Comedy|Horror,1982,2.625,4
3446,"Original Sin",Drama|Romance|Thriller,2001,2.75,2
3447,"Princess Diaries, The",Children|Comedy|Romance,2001,3.03703703703704,27
3448,"Rush Hour 2",Action|Comedy,2001,3.37096774193548,31
3449,"Chocolat",Drama,1988,3.375,4
3450,"Hatari!",Adventure|Comedy,1962,3,1
3451,"Cage aux Folles, La",Comedy,1978,3,1
3452,"Marat/Sade",Drama|Musical,1966,4.5,2
3453,"Paint Your Wagon",Comedy|Musical|Western,1969,2.83333333333333,3
3454,"Shootist, The",Drama|Western,1976,3.5,1
3455,"Theremin: An Electronic Odyssey",Documentary,1993,4,2
3456,"Altered States",Drama|Sci-Fi,1980,3.57142857142857,7
3457,"Any Which Way You Can",Comedy,1980,2,2
3458,"Awakening, The",Horror,1980,3,1
3459,"Battle Creek Brawl",Action|Comedy,1980,4,1
3460,"American Pie 2",Comedy,2001,3.06666666666667,45
3461,"Osmosis Jones",Action|Animation|Comedy|Crime|Drama|Romance|Thriller,2001,2.625,8
3462,"Others, The",Drama|Horror|Mystery|Thriller,2001,3.62727272727273,55
3463,"American Outlaws",Action|Comedy|Western,2001,2.125,4
3464,"All Over the Guy",Comedy,2001,3,1
3465,"Deep End, The",Drama,2001,1.83333333333333,3
3466,"Session 9",Horror|Thriller,2001,3.625,4
3467,"Captain Corelli's Mandolin",Drama|Romance|War,2001,3.125,4
3468,"Rat Race",Comedy,2001,3.05555555555556,18
3469,"Bubble Boy",Comedy,2001,1.88888888888889,9
3470,"Curse of the Jade Scorpion, The",Comedy,2001,2.5,3
3471,"Jay and Silent Bob Strike Back",Adventure|Comedy,2001,3.16176470588235,34
3472,"Ghosts of Mars",Horror|Sci-Fi|Thriller,2001,2.6,5
3473,"Summer Catch",Comedy|Drama|Romance,2001,2.66666666666667,3
3474,"Happy Accidents",Romance|Sci-Fi,2000,4,4
3475,"Maybe Baby",Comedy|Romance,2000,3.5,1
3476,"Together",Comedy|Drama|Romance,2000,3.71428571428571,7
3477,"Tortilla Soup",Comedy|Romance,2001,3.25,2
3478,"Jeepers Creepers",Horror,2001,2.5,7
3479,"O",Drama,2001,3.625,4
3480,"3 Ninjas",Action|Children|Comedy,1992,2.08333333333333,6
3481,"3 Ninjas Kick Back",Action|Children|Comedy,1994,1.25,2
3482,"3 Ninjas Knuckle Up",Action|Children,1995,0.5,1
3483,"Wicker Man, The",Drama|Horror|Mystery|Thriller,1973,3.91666666666667,6
3484,"Musketeer, The",Action|Adventure|Drama|Romance,2001,1.5,2
3485,"Rock Star",Comedy|Drama|Musical,2001,2.5,3
3486,"Two Can Play That Game",Comedy|Drama,2001,4,1
3487,"L.I.E.",Drama,2001,4.33333333333333,3
3488,"Our Lady of the Assassins",Crime|Drama|Romance,2000,4,1
3489,"Into the Arms of Strangers: Stories of the Kindertransport",Documentary,2000,3,1
3490,"Glass House, The",Thriller,2001,2.75,2
3491,"Hardball",Drama,2001,2.66666666666667,3
3492,"Dinner Rush",Drama,2000,3.5,1
3493,"Haiku Tunnel",Comedy,2001,3,4
3494,"Big Trouble",Comedy|Crime,2002,2.16666666666667,6
3495,"Glitter",Drama|Musical|Romance,2001,0.5,1
3496,"Training Day",Crime|Drama|Thriller,2001,3.79411764705882,51
3497,"American Astronaut, The",Comedy|Musical|Sci-Fi,2001,2.5,1
3498,"Liam",Drama,2000,2,2
3499,"Sidewalks of New York",Comedy|Romance,2001,2.5,2
3500,"Endurance: Shackleton's Legendary Antarctic Expedition, The",Documentary,2000,3.5,1
3501,"French Lieutenant's Woman, The",Drama,1981,3,2
3502,"Great Silence, The",Drama|Western,1969,4,1
3503,"Legend of Hell House, The",Horror|Thriller,1973,1,1
3504,"Little Man Tate",Drama,1991,3.35,10
3505,"Moscow Does Not Believe in Tears",Drama|Romance,1979,5,1
3506,"Phantom of the Paradise",Comedy|Fantasy|Horror|Musical|Thriller,1974,4.33333333333333,3
3507,"13 Ghosts",Horror,1960,3.125,4
3508,"Opera",Crime|Horror|Mystery,1987,3,3
3509,"Father Goose",Adventure|Comedy|Romance|War,1964,3.66666666666667,3
3510,"Grass Is Greener, The",Comedy|Romance,1960,3.25,2
3511,"Indiscreet",Comedy|Romance,1958,3.5,1
3512,"It's a Mad, Mad, Mad, Mad World",Action|Adventure|Comedy|Crime,1963,3.25,10
3513,"King Solomon's Mines",Action|Adventure|Drama|Romance|Thriller,1937,2.5,1
3514,"Little Foxes, The",Drama,1941,4,2
3515,"Operation Petticoat",Action|Comedy|Romance|War,1959,3,4
3516,"Play Misty for Me",Drama|Thriller,1971,3.625,4
3517,"Pocketful of Miracles",Comedy|Drama,1961,3.5,1
3518,"Vanishing, The",Mystery|Thriller,1993,2.375,4
3519,"Silkwood",Drama,1983,4.16666666666667,3
3520,"I Never Promised You a Rose Garden",Drama,1977,2,1
3521,"Quadrophenia",Drama|Musical,1979,3,2
3522,"SpaceCamp",Adventure|Sci-Fi,1986,2.16666666666667,6
3523,"When Worlds Collide",Sci-Fi,1951,5,1
3524,"Don't Say a Word",Thriller,2001,2.5,5
3525,"Hearts in Atlantis",Drama,2001,2.91666666666667,6
3526,"Zoolander",Comedy,2001,3.50925925925926,54
3527,"Extreme Days",Action|Adventure|Comedy|Drama,2001,2,1
3528,"Joy Ride",Adventure|Thriller,2001,3.1,5
3529,"Max Keeble's Big Move",Children|Comedy,2001,2.5,3
3530,"Serendipity",Comedy|Romance,2001,3.14,25
3531,"Swamp, The",Comedy|Drama,2001,3,1
3532,"Big Red One, The",Action|Adventure|Drama|War,1980,4.25,2
3533,"Boogeyman, The",Horror,1980,3,1
3534,"Party, The",Comedy|Romance,1980,3.5,1
3535,"Brubaker",Crime|Drama,1980,4,1
3536,"Can't Stop the Music",Comedy|Musical,1980,3,1
3537,"Changeling, The",Horror|Mystery|Thriller,1980,3.33333333333333,3
3538,"Coal Miner's Daughter",Drama,1980,3.5,3
3539,"Competition, The",Drama|Romance,1980,3.75,2
3540,"Last Metro, The",Drama|Romance,1980,4,1
3541,"Bandits",Comedy|Crime|Romance,2001,2.66666666666667,6
3542,"Corky Romano",Comedy|Crime,2001,1.33333333333333,3
3543,"Iron Monkey",Action|Comedy,1993,3.5,5
3544,"Fat Girl",Drama,2001,3,2
3545,"Mulholland Drive",Crime|Drama|Film-Noir|Mystery|Thriller,2001,3.84313725490196,51
3546,"My First Mister",Comedy|Drama,2001,3.33333333333333,3
3547,"Spriggan",Action|Animation|Sci-Fi,1998,3.375,4
3548,"Bones",Horror,2001,1.66666666666667,3
3549,"Dirty Harry",Action|Crime|Thriller,1971,3.775,20
3550,"Fiddler on the Roof",Drama|Musical,1971,3.8125,8
3551,"Making the Grade",Comedy,1984,2,1
3552,"Not Without My Daughter",Drama,1991,1.66666666666667,3
3553,"Female Trouble",Comedy|Crime,1975,3.25,2
3554,"Titanica",Documentary|IMAX,1992,2.5,1
3555,"From Hell",Crime|Horror|Mystery|Thriller,2001,3.65,20
3556,"Last Castle, The",Action,2001,2.8125,8
3557,"Riding in Cars with Boys",Comedy|Drama,2001,3.1,5
3558,"Focus",Drama,2001,3.5,1
3559,"Waking Life",Animation|Drama|Fantasy,2001,3.68421052631579,19
3560,"K-PAX",Drama|Fantasy|Mystery|Sci-Fi,2001,3.48484848484848,33
3561,"Thirteen Ghosts",Horror|Thriller,2001,2.45833333333333,12
3562,"Better Than Sex",Comedy|Romance,2000,3.5,1
3563,"Donnie Darko",Drama|Mystery|Sci-Fi|Thriller,2001,3.98165137614679,109
3564,"High Heels and Low Lifes",Action|Comedy|Crime|Drama,2001,3,1
3565,"Life as a House",Drama,2001,3.88888888888889,9
3566,"Man Who Wasn't There, The",Crime|Drama,2001,3.73529411764706,17
3567,"Town is Quiet, The",Drama,2000,4,1
3568,"Domestic Disturbance",Thriller,2001,2,1
3569,"Monsters, Inc.",Adventure|Animation|Children|Comedy|Fantasy,2001,3.87121212121212,132
3570,"One, The",Action|Sci-Fi|Thriller,2001,2.75,14
3571,"Tape",Drama,2001,3.875,4
3572,"Heist",Crime|Drama,2001,3.42857142857143,7
3573,"Shallow Hal",Comedy|Fantasy|Romance,2001,3.03225806451613,31
3574,"When a Stranger Calls",Horror|Thriller,1979,2.5,2
3575,"Harry Potter and the Sorcerer's Stone",Adventure|Children|Fantasy,2001,3.76168224299065,107
3576,"Novocaine",Comedy|Crime|Mystery|Thriller,2001,2.625,4
3577,"Black Knight",Adventure|Comedy|Fantasy,2001,2.1875,8
3578,"Out Cold",Comedy,2001,3,5
3579,"Spy Game",Action|Crime|Drama|Thriller,2001,3.48148148148148,27
3580,"Devil's Backbone, The",Drama|Fantasy|Horror|Thriller|War,2001,3.35,10
3581,"In the Bedroom",Drama,2001,3,10
3582,"Incredible Shrinking Woman, The",Comedy|Sci-Fi,1981,2,2
3583,"Jabberwocky",Adventure|Comedy|Fantasy,1977,3.5,2
3584,"Funny Girl",Drama|Musical|Romance,1968,3.75,4
3585,"Breathless",Crime|Drama|Romance,1960,3.9375,8
3586,"Beastmaster, The",Action|Adventure|Fantasy,1982,2.8,5
3587,"Midway",Drama|War,1976,3.33333333333333,3
3588,"MacArthur",Drama,1977,4,1
3589,"Subway",Crime|Drama|Romance|Thriller,1985,3.5,2
3590,"Now, Voyager",Drama|Romance,1942,3.66666666666667,3
3591,"Little Women",Drama|Romance,1933,4,5
3592,"Cheap Detective, The",Comedy,1978,3,1
3593,"Everybody's Famous!",Comedy|Drama|Musical,2000,2,1
3594,"Last Wave, The",Fantasy|Mystery|Thriller,1977,3,1
3595,"That Obscure Object of Desire",Drama,1977,3.125,4
3596,"Toy, The",Comedy,1982,2.375,4
3597,"Dressed to Kill",Mystery|Thriller,1980,1,1
3598,"Fame",Drama|Musical,1980,3.33333333333333,9
3599,"Final Countdown, The",Action|Sci-Fi,1980,3,1
3600,"Flash Gordon",Action|Adventure|Sci-Fi,1980,3.1875,8
3601,"Angry Red Planet, The",Sci-Fi,1959,4.5,1
3602,"Enforcer, The",Crime,1976,4,1
3603,"Eye for an Eye, An",Action|Crime|Thriller,1981,4,1
3604,"Gauntlet, The",Action,1977,3.5,2
3605,"Lord of the Flies",Adventure|Drama|Thriller,1990,3.42857142857143,7
3606,"Morons From Outer Space",Comedy|Sci-Fi,1985,2,1
3607,"People That Time Forgot, The",Adventure|Sci-Fi,1977,2.5,1
3608,"Ocean's Eleven",Comedy|Crime,1960,3.63636363636364,11
3609,"Stunt Man, The",Action|Adventure|Comedy|Drama|Romance|Thriller,1980,4.5,3
3610,"Sudden Impact",Crime|Thriller,1983,3.5,2
3611,"Behind Enemy Lines",Action|Drama|War,2001,3.25,20
3612,"Affair of the Necklace, The",Drama,2001,3.25,2
3613,"Pornstar: The Legend of Ron Jeremy",Documentary,2001,2.5,1
3614,"Texas Rangers",Adventure|Western,2001,2,1
3615,"Ocean's Eleven",Crime|Thriller,2001,3.84453781512605,119
3616,"Baran",Adventure|Drama|Romance,2001,3.5,1
3617,"Business of Strangers, The",Action|Drama|Thriller,2001,3.5,2
3618,"Incredible Shrinking Man, The",Sci-Fi|Thriller,1957,3,1
3619,"No Man's Land",Drama|War,2001,4.19230769230769,13
3620,"And Then There Were None",Crime|Mystery,1945,3.625,4
3621,"Blue Angel, The",Drama,1930,4,1
3622,"Moscow on the Hudson",Comedy|Drama,1984,3.1,5
3623,"Amelie",Comedy|Romance,2001,4.18333333333333,120
3624,"Not Another Teen Movie",Comedy,2001,2.57142857142857,14
3625,"Vanilla Sky",Mystery|Romance|Sci-Fi|Thriller,2001,3.42045454545455,44
3626,"Iris",Drama,2001,3.875,4
3627,"Kandahar",Drama,2001,3.5,2
3628,"Lantana",Drama|Mystery|Thriller,2001,3.83333333333333,6
3629,"Royal Tenenbaums, The",Comedy|Drama,2001,3.68382352941176,68
3630,"Bill & Ted's Bogus Journey",Adventure|Comedy|Fantasy|Sci-Fi,1991,3.075,20
3631,"Clockwise",Comedy,1986,4,1
3632,"Sheena",Action|Adventure|Fantasy,1984,1.5,2
3633,"Spacehunter: Adventures in the Forbidden Zone",Action|Adventure|Sci-Fi,1983,2,2
3634,"White Water Summer",Adventure,1987,2,1
3635,"How High",Comedy,2001,2.94444444444444,9
3636,"Jimmy Neutron: Boy Genius",Adventure|Animation|Children|Comedy,2001,3.2,5
3637,"Joe Somebody",Comedy|Drama|Romance,2001,3.33333333333333,3
3638,"Kate & Leopold",Comedy|Romance,2001,3.20588235294118,17
3639,"Lord of the Rings: The Fellowship of the Ring, The",Adventure|Fantasy,2001,4.10606060606061,198
3640,"Majestic, The",Comedy|Drama|Romance,2001,3.5,10
3641,"Beautiful Mind, A",Drama|Romance,2001,4,123
3642,"Defiant Ones, The",Adventure|Crime|Drama|Thriller,1958,3.5,1
3643,"Party, The",Comedy,1968,3.5,7
3644,"Topkapi",Adventure|Comedy|Thriller,1964,2.5,1
3645,"Witness for the Prosecution",Drama|Mystery|Thriller,1957,4.38888888888889,9
3646,"Ali",Drama,2001,3,8
3647,"Black Hawk Down",Action|Drama|War,2001,3.81,50
3648,"Charlotte Gray",Drama|Romance,2001,3.75,2
3649,"Yentl",Drama|Musical|Romance,1983,4,1
3650,"Gosford Park",Comedy|Drama|Mystery,2001,3.7037037037037,27
3651,"I Am Sam",Drama,2001,3.76470588235294,17
3652,"Monster's Ball",Drama|Romance,2001,3.30555555555556,18
3653,"Shipping News, The",Drama,2001,3,6
3654,"Murder by Death",Comedy|Crime|Mystery|Thriller,1976,2.83333333333333,3
3655,"Waterdance, The",Drama,1992,4,2
3656,"Orange County",Comedy,2002,2.63333333333333,15
3657,"Brotherhood of the Wolf",Action|Mystery|Thriller,2001,3.82142857142857,14
3658,"Another 48 Hrs.",Action|Comedy|Crime|Drama|Thriller,1990,3,5
3659,"What Time Is It There?",Drama,2001,2,1
3660,"Russia House, The",Drama|Thriller,1990,2.5,2
3661,"Truly, Madly, Deeply",Drama|Romance,1991,3.66666666666667,3
3662,"Dragonslayer",Action|Adventure|Fantasy,1981,4.08333333333333,6
3663,"Conan the Destroyer",Action|Adventure|Fantasy,1984,3.125,8
3664,"Fire and Ice",Animation|Fantasy,1983,1.5,1
3665,"Impostor",Action|Drama|Sci-Fi|Thriller,2002,3,3
3666,"Kung Pow: Enter the Fist",Action|Comedy,2002,3.22222222222222,9
3667,"Snow Dogs",Adventure|Children|Comedy,2002,2.33333333333333,6
3668,"48 Hrs.",Action|Comedy|Crime|Drama,1982,3.59090909090909,11
3669,"Italian for Beginners",Comedy|Drama|Romance,2000,3,2
3670,"Blankman",Comedy,1994,1.5,1
3671,"Brainstorm",Sci-Fi|Thriller,1983,3.5,1
3672,"Dragon: The Bruce Lee Story",Action|Drama,1993,2.8125,8
3673,"Little Dieter Needs to Fly",Documentary,1997,5,1
3674,"M*A*S*H",Comedy|Drama|War,1970,3.93478260869565,46
3675,"Seconds",Mystery|Sci-Fi|Thriller,1966,3.5,2
3676,"One-Eyed Jacks",Western,1961,3,1
3677,"The Count of Monte Cristo",Action|Adventure|Drama|Thriller,2002,3.828125,32
3678,"Mothman Prophecies, The",Drama|Fantasy|Horror|Mystery|Thriller,2002,3.07692307692308,13
3679,"Walk to Remember, A",Drama|Romance,2002,3.5,14
3680,"Beijing Bicycle",Drama,2001,4,1
3681,"Escaflowne: The Movie",Action|Adventure|Animation|Drama|Fantasy,2000,3.25,2
3682,"Maelström",Drama|Romance,2000,4,1
3683,"Metropolis",Animation|Sci-Fi,2001,3.96153846153846,13
3684,"Son's Room, The",Drama,2001,3.83333333333333,3
3685,"Storytelling",Comedy|Drama,2001,3.16666666666667,3
3686,"Waydowntown",Comedy,2000,3.66666666666667,3
3687,"Adventures of Huck Finn, The",Adventure|Children|Comedy|Drama,1993,2.5,3
3688,"Cousins",Comedy|Romance,1989,3,1
3689,"Slackers",Comedy,2002,2.6,5
3690,"Birthday Girl",Drama|Romance,2001,2.8,5
3691,"Rare Birds",Comedy|Drama,2001,3.5,2
3692,"Going Places",Comedy|Crime|Drama,1974,5,1
3693,"Big Fat Liar",Children|Comedy,2002,3,5
3694,"Collateral Damage",Action|Thriller,2002,2.77777777777778,9
3695,"Rollerball",Action|Sci-Fi,2002,1.78571428571429,7
3696,"Scotland, Pa.",Comedy|Crime,2001,4.5,1
3697,"Baby's Day Out",Comedy,1994,1.25,2
3698,"Heidi",Children|Drama,1937,2.5,4
3699,"Rookie of the Year",Comedy|Fantasy,1993,2.5,4
3700,"Sandlot, The",Children|Comedy|Drama,1993,3.4375,24
3701,"Don't Look Now",Drama|Horror|Thriller,1973,0.5,1
3702,"Crossroads",Comedy|Musical|Romance,2002,2.07142857142857,7
3703,"Hart's War",Drama|War,2002,3.1,5
3704,"John Q",Crime|Drama|Thriller,2002,2.90909090909091,11
3705,"Return to Never Land",Adventure|Animation|Children,2002,4,1
3706,"Super Troopers",Comedy|Crime|Mystery,2001,3.60416666666667,24
3707,"Good Son, The",Drama|Thriller,1993,1.5,1
3708,"Last Orders",Drama,2001,3,1
3709,"After the Fox",Comedy|Crime,1966,2.75,2
3710,"Bad and the Beautiful, The",Drama,1952,4,1
3711,"Designing Woman",Comedy,1957,3.5,1
3712,"Sleuth",Comedy|Mystery|Thriller,1972,4.16666666666667,3
3713,"Stroszek",Comedy|Drama,1977,4,1
3714,"Dragonfly",Drama|Fantasy|Mystery|Romance|Thriller,2002,3.5,3
3715,"Queen of the Damned",Fantasy|Horror,2002,2.36363636363636,11
3716,"How to Kill Your Neighbor's Dog",Comedy|Drama,2000,3.25,2
3717,"Mean Machine",Comedy|Drama,2001,3,2
3718,"Monsoon Wedding",Comedy|Romance,2001,3.83333333333333,12
3719,"Wendigo",Drama|Horror,2001,2.5,2
3720,"Scratch",Documentary,2001,3.83333333333333,3
3721,"Bad News Bears, The",Comedy,1976,3.27777777777778,9
3722,"Vampire Hunter D: Bloodlust",Animation|Fantasy|Horror|Sci-Fi,2000,3.11111111111111,9
3723,"Wild Strawberries",Drama,1957,3.75,4
3724,"40 Days and 40 Nights",Comedy|Romance,2002,3,18
3725,"We Were Soldiers",Action|Drama|War,2002,3.33333333333333,18
3726,"Big Bird Cage, The",Action,1972,4.5,1
3727,"Big Doll House, The",Action,1971,2.5,1
3728,"Ferngully: The Last Rainforest",Animation|Children|Comedy|Musical,1992,3.14285714285714,7
3729,"Zombie",Horror,1979,4,2
3730,"Royal Wedding",Comedy|Musical|Romance,1951,3,1
3731,"All About the Benjamins",Action|Comedy|Crime,2002,2.5,2
3732,"Time Machine, The",Action|Adventure|Sci-Fi,2002,2.86363636363636,22
3733,"Magnificent Ambersons, The",Drama|Romance,1942,3.5,2
3734,"Fun",Crime|Drama,1994,4,1
3735,"Hangar 18",Action|Sci-Fi|Thriller,1980,4.5,2
3736,"Hopscotch",Comedy,1980,4,3
3737,"Humanoids from the Deep",Horror|Sci-Fi,1980,1.5,1
3738,"Little Darlings",Drama,1980,2,1
3739,"Long Good Friday, The",Drama|Thriller,1980,3.5,1
3740,"Mon oncle d'Amérique",Drama,1980,3.25,2
3741,"Motel Hell",Comedy|Horror,1980,2.75,2
3742,"Ffolkes",Action|Adventure|Thriller,1979,2,1
3743,"Octagon, The",Action,1980,3,1
3744,"Oh, God! Book II",Comedy,1980,1.5,1
3745,"Oh, God!",Comedy|Fantasy,1977,2.5,4
3746,"Ice Age",Adventure|Animation|Children|Comedy,2002,3.68823529411765,85
3747,"Resident Evil",Action|Horror|Sci-Fi|Thriller,2002,3.08333333333333,30
3748,"Showtime",Action|Comedy,2002,2.4,10
3749,"Harrison's Flowers",Drama,2000,3,1
3750,"Kissing Jessica Stein",Comedy|Romance,2001,3.375,4
3751,"Promises",Documentary,2001,4.25,2
3752,"And Your Mother Too",Drama|Romance,2001,3.95238095238095,21
3753,"All the Right Moves",Drama|Romance,1983,2.25,2
3754,"Road to Morocco",Comedy,1942,3.5,1
3755,"Taps",Drama,1981,4,1
3756,"Return of the Secaucus 7",Drama,1980,3.5,2
3757,"Rude Boy",Documentary|Drama,1980,4,1
3758,"Running Scared",Action|Drama,1980,4,1
3759,"Seems Like Old Times",Comedy|Romance,1980,5,1
3760,"Shogun Assassin",Action|Adventure,1980,5,1
3761,"Smokey and the Bandit II",Action|Comedy,1980,2.125,4
3762,"Smokey and the Bandit",Action|Comedy,1977,2.72222222222222,9
3763,"Smokey and the Bandit III",Action|Comedy,1983,1.375,4
3764,"Stir Crazy",Comedy,1980,4,3
3765,"Blade II",Action|Horror|Thriller,2002,3.20588235294118,34
3766,"Sorority Boys",Comedy,2002,2.375,4
3767,"Stolen Summer",Drama,2002,2.75,2
3768,"George Washington",Drama,2000,2,2
3769,"Clockstoppers",Action|Adventure|Sci-Fi|Thriller,2002,2.25,4
3770,"Death to Smoochy",Comedy|Crime|Drama,2002,3.31818181818182,11
3771,"Panic Room",Thriller,2002,3,37
3772,"Rookie, The",Drama,2002,3.29166666666667,12
3773,"No Such Thing",Drama|Fantasy|Romance,2001,2.5,1
3774,"Piano Teacher, The",Drama,2001,4,1
3775,"Time Out",Drama,2001,3,1
3776,"Boxcar Bertha",Drama,1972,1.5,1
3777,"Fraternity Vacation",Comedy|Romance,1985,1,1
3778,"Impromptu",Comedy|Romance,1991,4.25,2
3779,"High Crimes",Thriller,2002,3.25,2
3780,"National Lampoon's Van Wilder",Comedy,2002,2.90909090909091,22
3781,"Crush",Comedy|Romance,2001,2.5,1
3782,"Lucky Break",Comedy|Crime,2001,4,1
3783,"Atomic Cafe, The",Documentary|War,1982,4.5,2
3784,"Rashomon",Crime|Drama|Mystery,1950,3.94444444444444,18
3785,"Slap Shot",Comedy,1977,3.85714285714286,7
3786,"Changing Lanes",Drama|Thriller,2002,3.33333333333333,9
3787,"Frailty",Crime|Drama|Thriller,2001,3.86363636363636,11
3788,"Sweetest Thing, The",Comedy|Romance,2002,2.9,10
3789,"Cat's Meow, The",Drama|Thriller,2002,2.5,2
3790,"Human Nature",Comedy|Romance,2001,3.5,5
3791,"My Big Fat Greek Wedding",Comedy|Romance,2002,3.26666666666667,60
3792,"3:10 to Yuma",Action|Adventure|Drama|Thriller|Western,1957,4,1
3793,"Joe Versus the Volcano",Comedy|Romance,1990,3.42857142857143,7
3794,"Rome, Open City",Drama|War,1945,4,2
3795,"Taking Care of Business",Comedy,1990,3,1
3796,"Three Men and a Baby",Comedy,1987,2.81578947368421,19
3797,"Three Men and a Little Lady",Comedy|Romance,1990,2.5625,8
3798,"Watcher in the Woods, The",Children|Horror|Mystery|Thriller,1980,3,1
3799,"Murder by Numbers",Crime|Thriller,2002,2.85714285714286,7
3800,"The Scorpion King",Action|Adventure|Fantasy|Thriller,2002,2.29545454545455,22
3801,"Enigma",Romance|Thriller,2001,3.14285714285714,7
3802,"Nine Queens",Crime|Thriller,2000,3.5,6
3803,"Triumph of Love, The",Comedy,2001,2,1
3804,"World Traveler",Drama,2001,4,1
3805,"Jason X",Horror|Sci-Fi|Thriller,2002,1.1875,8
3806,"Life or Something Like It",Comedy|Romance,2002,2.75,2
3807,"Dogtown and Z-Boyz",Documentary,2001,3.78571428571429,7
3808,"Rain",Drama|Romance,2001,5,1
3809,"Salton Sea, The",Crime|Drama|Thriller,2002,3.35,10
3810,"Bob le Flambeur",Crime|Drama,1955,3.33333333333333,3
3811,"Cadillac Man",Comedy|Crime,1990,1.5,2
3812,"Delirious",Comedy,1991,2.83333333333333,3
3813,"Full Moon in Blue Water",Drama,1988,2,1
3814,"Husbands and Wives",Comedy|Drama,1992,3.91666666666667,6
3815,"Lenny",Drama,1974,3.75,2
3816,"Triumph of the Spirit",Drama,1989,3,1
3817,"Wild Orchid",Drama|Romance,1990,1.75,2
3818,"Deuces Wild",Drama,2002,2.5,2
3819,"Hollywood Ending",Comedy|Drama,2002,4,1
3820,"Spider-Man",Action|Adventure|Sci-Fi|Thriller,2002,3.54098360655738,122
3821,"Butterflies Are Free",Comedy|Drama,1972,3,1
3822,"Giant Spider Invasion, The",Horror|Sci-Fi,1975,0.5,1
3823,"Iron Will",Adventure,1994,3.5,2
3824,"Mountains of the Moon",Adventure,1990,3,1
3825,"White Fang",Adventure,1991,1.75,2
3826,"New Guy, The",Comedy,2002,2.5,9
3827,"Unfaithful",Drama|Thriller,2002,3.5,7
3828,"Lady and the Duke, The",Drama|Romance,2001,4,1
3829,"Calamity Jane",Musical|Western,1953,3.5,1
3830,"Cranes Are Flying, The",Drama|Romance|War,1957,4,1
3831,"Harvey Girls, The",Comedy|Musical|Western,1946,3,1
3832,"About a Boy",Comedy|Drama|Romance,2002,3.71590909090909,44
3833,"Star Wars: Episode II - Attack of the Clones",Action|Adventure|Sci-Fi|IMAX,2002,3.15760869565217,92
3834,"Believer, The",Drama,2001,4.25,6
3835,"Importance of Being Earnest, The",Comedy|Drama|Romance,2002,3.85,10
3836,"Every Which Way But Loose",Comedy,1978,3,3
3837,"I Want to Live!",Crime|Drama,1958,3,1
3838,"Last Waltz, The",Documentary,1978,4.5,1
3839,"Enough",Drama|Thriller,2002,4,3
3840,"Insomnia",Action|Crime|Drama|Mystery|Thriller,2002,3.3030303030303,33
3841,"Spirit: Stallion of the Cimarron",Adventure|Animation|Children|Western,2002,3.5,2
3842,"CQ",Drama,2001,3,1
3843,"Thirteen Conversations About One Thing",Drama,2001,4,3
3844,"Monkey Business",Comedy|Sci-Fi,1952,2.5,2
3845,"Requiem for a Heavyweight",Drama,1962,4,2
3846,"Sum of All Fears, The",Drama|Thriller,2002,2.97058823529412,17
3847,"Undercover Brother",Comedy,2002,1.83333333333333,9
3848,"84 Charing Cross Road",Drama|Romance,1987,4.5,3
3849,"Rapid Fire",Action,1992,3.75,2
3850,"Silent Running",Drama|Sci-Fi,1972,2.375,4
3851,"Bad Company",Action|Comedy|Crime,2002,2.875,4
3852,"Divine Secrets of the Ya-Ya Sisterhood",Comedy|Drama,2002,3.125,4
3853,"Cherish",Comedy|Drama|Thriller,2002,5,1
3854,"Fast Runner, The",Drama|Fantasy,2001,3.83333333333333,3
3855,"Bourne Identity, The",Action|Mystery|Thriller,2002,3.81696428571429,112
3856,"Scooby-Doo",Adventure|Children|Comedy|Fantasy|Mystery,2002,2.85294117647059,17
3857,"Windtalkers",Action|Drama|War,2002,2.875,8
3858,"Dangerous Lives of Altar Boys, The",Drama,2002,3.5,6
3859,"Emperor's New Clothes, The",Comedy,2001,4,1
3860,"Gangster No. 1",Action|Crime|Thriller,2000,3,3
3861,"Harvard Man",Crime|Drama|Romance|Thriller,2001,3,1
3862,"Dark Blue World",Drama|War,2001,4.25,2
3863,"Caveman",Comedy,1981,2.5,3
3864,"Cheech & Chong's The Corsican Brothers",Comedy,1984,1.125,4
3865,"Silver Bullet",Adventure|Drama|Horror|Mystery|Thriller,1985,2.66666666666667,3
3866,"Sorry, Wrong Number",Drama|Film-Noir|Thriller,1948,3.8,5
3867,"Hombre",Western,1967,3,1
3868,"Manhattan Project, The",Comedy|Sci-Fi|Thriller,1986,3,3
3869,"Men at Work",Action|Comedy,1990,2.75,4
3870,"She Wore a Yellow Ribbon",Western,1949,3,1
3871,"V. I. Warshawski",Action|Comedy|Crime,1991,2,1
3872,"Juwanna Mann",Comedy,2002,1.5,2
3873,"Lilo & Stitch",Adventure|Animation|Children|Sci-Fi,2002,3.81034482758621,29
3874,"Minority Report",Action|Crime|Mystery|Sci-Fi|Thriller,2002,3.6375,120
3875,"Rabbit-Proof Fence",Adventure|Drama,2002,3.64285714285714,7
3876,"Sunshine State",Drama,2002,3.5,2
3877,"Hey Arnold! The Movie",Adventure|Animation|Children|Comedy,2002,2,1
3878,"Mr. Deeds",Comedy|Romance,2002,2.90909090909091,22
3879,"Lovely & Amazing",Comedy|Drama|Romance,2001,3.2,5
3880,"Pumpkin",Comedy|Drama|Romance,2002,3,5
3881,"Look Who's Talking Now",Children|Comedy|Romance,1993,1.58333333333333,6
3882,"Mo' Money",Comedy|Romance,1992,2.25,2
3883,"Object of Beauty, The",Comedy|Drama,1991,1.5,1
3884,"Wagons East",Comedy|Western,1994,2,1
3885,"Like Mike",Children|Comedy|Fantasy,2002,2.5,1
3886,"Men in Black II",Action|Comedy|Sci-Fi,2002,2.95901639344262,61
3887,"Powerpuff Girls, The",Action|Animation|Children|Comedy,2002,3.66666666666667,3
3888,"Me Without You",Comedy|Drama,2001,2.5,1
3889,"Crocodile Hunter: Collision Course, The",Adventure|Comedy,2002,2.5,2
3890,"Reign of Fire",Action|Adventure|Fantasy,2002,2.72222222222222,18
3891,"Road to Perdition",Crime|Drama,2002,3.52040816326531,49
3892,"All About Lily Chou-Chou",Crime|Drama|Thriller,2001,3,1
3893,"My Wife is an Actress",Comedy|Drama|Romance,2001,4,4
3894,"20 Million Miles to Earth",Sci-Fi,1957,5,1
3895,"The Importance of Being Earnest",Comedy|Romance,1952,4.33333333333333,3
3896,"Perfect",Drama|Romance,1985,1.83333333333333,3
3897,"1776",Children|Drama|Musical,1972,3.5,2
3898,"Z",Drama|Mystery|Thriller,1969,3.83333333333333,3
3899,"Halloween: Resurrection",Horror|Thriller,2002,2,3
3900,"Sex and Lucia",Drama|Romance,2001,3.875,4
3901,"Eight Legged Freaks",Action|Comedy|Horror|Sci-Fi,2002,2.75,8
3902,"K-19: The Widowmaker",Action|Adventure|Drama|Thriller,2002,3.5,6
3903,"Stuart Little 2",Children|Comedy,2002,2.6,5
3904,"Austin Powers in Goldmember",Comedy,2002,2.84615384615385,65
3905,"Kid Stays in the Picture, The",Documentary,2002,3.83333333333333,3
3906,"Tadpole",Comedy|Drama|Romance,2002,3.33333333333333,3
3907,"Who Is Cletis Tout?",Comedy,2001,2.5,2
3908,"Nosferatu the Vampyre",Horror,1979,4,1
3909,"The Big Bus",Action|Comedy,1976,5,1
3910,"In Like Flint",Action|Adventure|Comedy,1967,4,1
3911,"Our Man Flint",Adventure|Comedy|Sci-Fi,1965,3.5,3
3912,"Red Beard",Drama,1965,4.5,1
3913,"Robin and Marian",Adventure|Drama|Romance,1976,3.25,2
3914,"Top Secret!",Comedy,1984,4.2,10
3915,"Master of Disguise, The",Comedy|Mystery,2002,1.85714285714286,7
3916,"Signs",Horror|Sci-Fi|Thriller,2002,3.16666666666667,63
3917,"Last Kiss, The",Comedy|Drama|Romance,2001,4,1
3918,"Spy Kids 2: The Island of Lost Dreams",Adventure|Children,2002,2.21428571428571,7
3919,"Good Girl, The",Comedy|Drama,2002,3.20833333333333,12
3920,"Blood Work",Crime|Drama|Mystery|Thriller,2002,3.33333333333333,3
3921,"xXx",Action|Crime|Thriller,2002,2.77083333333333,24
3922,"24 Hour Party People",Comedy|Drama|Musical,2002,3.57142857142857,7
3923,"Secret Ballot",Comedy,2001,3.25,2
3924,"Martin Lawrence Live: Runteldat",Comedy|Documentary,2002,5,1
3925,"Songs From the Second Floor",Drama,2000,3.5,1
3926,"Principal, The",Action|Crime|Drama,1987,3.25,2
3927,"Rollerball",Action|Drama|Sci-Fi,1975,3.5,4
3928,"Adventures of Pluto Nash, The",Action|Adventure|Comedy|Sci-Fi,2002,2.33333333333333,3
3929,"Blue Crush",Adventure|Drama|Romance,2002,2.6875,8
3930,"Mostly Martha",Comedy|Drama|Romance,2001,3.5,1
3931,"Possession",Drama|Romance,2002,3.5,4
3932,"One Hour Photo",Drama|Thriller,2002,3.47368421052632,19
3933,"Serving Sara",Comedy|Romance,2002,3.25,2
3934,"Simone",Comedy|Drama|Fantasy|Sci-Fi,2002,2.14285714285714,7
3935,"Undisputed",Drama,2002,2.75,2
3936,"Amy's O",Comedy|Romance,2001,4,1
3937,"Satin Rouge",Drama|Musical,2002,5,1
3938,"Care Bears Movie, The",Animation|Children|Fantasy,1985,1.5,2
3939,"Care Bears Movie II: A New Generation",Animation|Children,1986,1.5,2
3940,"Clash of the Titans",Action|Adventure|Fantasy|Romance,1981,3.61111111111111,9
3941,"Hot Shots!",Action|Comedy|Romance|War,1991,3.13333333333333,15
3942,"Swarm, The",Action|Horror|Sci-Fi,1978,2.25,2
3943,"Time After Time",Sci-Fi|Thriller,1979,3.75,4
3944,"Down and Out in Beverly Hills",Comedy,1986,3,5
3945,"Love Me Tender",Musical|Western,1956,3.5,1
3946,"Stakeout",Comedy|Crime|Romance|Thriller,1987,3,8
3947,"FearDotCom",Crime|Horror|Thriller,2002,1.5,3
3948,"À nous la liberté",Comedy|Musical,1931,1,1
3949,"Snipes",Drama|Thriller,2001,2.5,1
3950,"City by the Sea",Crime|Drama,2002,2.83333333333333,3
3951,"Swimfan",Thriller,2002,2,2
3952,"Johnny Dangerously",Comedy,1984,2.85714285714286,7
3953,"Last House on the Left, The",Crime|Horror|Thriller,1972,3.25,2
3954,"Thesis",Drama|Horror|Thriller,1996,3.9,5
3955,"Barbershop",Comedy,2002,2.71428571428571,7
3956,"Stealing Harvard",Comedy|Crime,2002,2.28571428571429,7
3957,"Transporter, The",Action|Crime,2002,3.51923076923077,26
3958,"Alias Betty",Crime|Drama,2001,2,1
3959,"Igby Goes Down",Comedy|Drama,2002,3.66666666666667,12
3960,"Aspen Extreme",Action,1993,3.5,1
3961,"Betsy's Wedding",Comedy,1990,2,1
3962,"Captain Ron",Adventure|Comedy,1992,2.6875,8
3963,"Ernest Goes to Jail",Comedy,1990,3.5,1
3964,"Ernest Scared Stupid",Comedy,1991,2.08333333333333,6
3965,"Hills Have Eyes, The",Horror,1977,3.5,2
3966,"Indian Summer",Comedy|Drama,1993,3,3
3967,"Mack, The",Crime,1973,2.5,1
3968,"Monkey Trouble",Children|Comedy,1994,1,1
3969,"Spaced Invaders",Adventure|Comedy|Sci-Fi,1990,1.5,1
3970,"Suburban Commando",Comedy|Sci-Fi,1991,1.75,2
3971,"Yearling, The",Children|Drama,1946,4,1
3972,"Ladykillers, The",Comedy|Crime,1955,3.5,1
3973,"Lavender Hill Mob, The",Comedy|Crime,1951,4.5,2
3974,"Man in the White Suit, The",Comedy|Sci-Fi,1951,3.5,1
3975,"Son of the Bride",Comedy|Drama,2001,5,1
3976,"Das Experiment",Drama|Thriller,2001,3.86363636363636,11
3977,"Ballistic: Ecks vs. Sever",Action|Thriller,2002,2.5,2
3978,"Banger Sisters, The",Comedy|Drama,2002,2,3
3979,"Four Feathers, The",Adventure|War,2002,2.75,2
3980,"Trapped",Action|Thriller,2002,2,1
3981,"8 Women",Comedy|Crime|Musical|Mystery,2002,3.83333333333333,3
3982,"His Secret Life",Drama|Romance,2001,4.5,1
3983,"Invincible",Drama,2001,3.5,1
3984,"Secretary",Comedy|Drama|Romance,2002,3.9,25
3985,"Spirited Away",Adventure|Animation|Fantasy,2001,4.1551724137931,87
3986,"Trials of Henry Kissinger, The",Documentary,2002,4,2
3987,"Sweet Home Alabama",Comedy|Romance,2002,3.05357142857143,28
3988,"Tuxedo, The",Action|Comedy,2002,2.5,10
3989,"Moonlight Mile",Drama|Romance,2002,3.5,3
3990,"Wasabi",Action|Comedy|Crime|Drama|Thriller,2001,3.5,5
3991,"Jonah: A VeggieTales Movie",Animation|Children|Musical,2002,2,1
3992,"Red Dragon",Crime|Mystery|Thriller,2002,3.43548387096774,31
3993,"Bloody Sunday",Drama,2002,3.6,5
3994,"Heaven",Drama,2002,3.75,2
3995,"Man from Elysian Fields, The",Drama,2001,3,1
3996,"Welcome to Collinwood",Comedy|Crime,2002,2.5,2
3997,"Flirting",Drama,1991,4.5,2
3998,"Godzilla vs. Mothra",Action|Adventure|Fantasy|Sci-Fi,1964,2,1
3999,"Godzilla, King of the Monsters!",Horror|Sci-Fi,1956,3,1
4000,"Powaqqatsi",Documentary,1988,3.5,3
4001,"Pride of the Yankees, The",Drama,1942,3.5,3
4002,"Valmont",Drama|Romance,1989,4,4
4003,"Horror of Dracula",Horror,1958,3,1
4004,"Strange Brew",Comedy,1983,3.54545454545455,11
4005,"Incredible Mr. Limpet, The",Animation|Comedy|War,1964,3,1
4006,"Flashback",Action|Adventure|Comedy|Crime|Drama,1990,4.5,1
4007,"Below",Horror,2002,3.5,1
4008,"Brown Sugar",Romance,2002,1.5,1
4009,"Knockaround Guys",Action|Comedy|Crime,2002,2.5,5
4010,"Rules of Attraction, The",Comedy|Drama|Romance|Thriller,2002,3.6,5
4011,"Tuck Everlasting",Drama|Fantasy,2002,3.25,2
4012,"White Oleander",Drama,2002,2.5,4
4013,"Bowling for Columbine",Documentary,2002,3.77586206896552,58
4014,"Comedian",Comedy|Documentary,2002,3,2
4015,"Pokemon 4 Ever",Adventure|Animation|Children|Fantasy,2002,0.5,2
4016,"Punch-Drunk Love",Comedy|Drama|Romance,2002,3.62121212121212,33
4017,"Swept Away",Comedy|Romance,2002,1,1
4018,"Formula 51",Action|Comedy|Crime|Thriller,2001,2.66666666666667,3
4019,"Ring, The",Horror|Mystery|Thriller,2002,3.20212765957447,47
4020,"Auto Focus",Crime|Drama,2002,3.16666666666667,3
4021,"Grey Zone, The",Drama,2001,3.25,2
4022,"Naqoyqatsi",Documentary,2002,3,1
4023,"Real Women Have Curves",Comedy|Drama,2002,4.25,2
4024,"Tully",Drama,2000,2.75,2
4025,"Billy Bathgate",Crime|Drama,1991,2,1
4026,"Grave of the Fireflies",Animation|Drama|War,1988,4.15625,16
4027,"Saturday Night Fever",Comedy|Drama|Romance,1977,3.31818181818182,11
4028,"Staying Alive",Comedy|Drama|Musical,1983,2.25,2
4029,"Urban Cowboy",Drama,1980,2.33333333333333,3
4030,"Tom Horn",Western,1980,4,1
4031,"The Pumaman",Action|Adventure|Fantasy|Sci-Fi,1980,0.5,1
4032,"Without Warning",Horror|Sci-Fi,1980,2,1
4033,"...All the Marbles",Comedy|Drama,1981,2,1
4034,"Absence of Malice",Drama|Romance,1981,3.25,2
4035,"Banana Joe",Comedy,1981,2.75,2
4036,"Blow Out",Mystery|Thriller,1981,3.625,4
4037,"Friend Is a Treasure, A",Action|Adventure|Comedy,1981,2.5,1
4038,"Chosen, The",Drama,1981,NaN,NaN
4039,"Continental Divide",Comedy|Romance,1981,5,1
4040,"Eyewitness",Thriller,1981,4,1
4041,"Faces of Death",Documentary|Horror,1978,1.75,2
4042,"Faces of Death 3",Documentary|Horror,1985,1.5,1
4043,"Woman Next Door, The",Drama|Romance,1981,4,1
4044,"First Monday in October",Comedy|Drama,1981,4,1
4045,"Four Seasons, The",Comedy|Drama,1981,5,1
4046,"Galaxy of Terror",Action|Horror|Mystery|Sci-Fi,1981,5,1
4047,"Gallipoli",Drama|War,1981,4.28571428571429,7
4048,"Ghost Story",Drama|Horror,1981,3,1
4049,"Gregory's Girl",Comedy|Romance,1981,3,1
4050,"Happy Birthday to Me",Horror|Mystery,1981,2,2
4051,"Looker",Drama|Horror|Sci-Fi|Thriller,1981,4.5,1
4052,"Teddy Bear",Comedy|Crime,1981,3.5,1
4053,"Modern Problems",Comedy|Fantasy,1981,3,1
4054,"My Bloody Valentine",Drama|Horror|Thriller,1981,0.5,1
4055,"My Dinner with André",Drama,1981,4.75,2
4056,"Neighbors",Comedy,1981,3,1
4057,"Piranha II: The Spawning",Horror|Sci-Fi,1981,2,1
4058,"Polyester",Comedy,1981,3,1
4059,"Professional, The",Action|Drama|Thriller,1981,3.86842105263158,19
4060,"Ghost Ship",Horror,2002,2.5,9
4061,"Jackass: The Movie",Action|Comedy|Documentary,2002,3.5,17
4062,"Paid in Full",Action|Drama,2002,4.5,1
4063,"Truth About Charlie, The",Mystery|Thriller,2002,2.5,1
4064,"All or Nothing",Drama,2002,3.66666666666667,3
4065,"Frida",Drama|Romance,2002,3.78125,16
4066,"Roger Dodger",Comedy|Drama,2002,3.66666666666667,6
4067,"Casino Royale",Action|Adventure|Comedy,1967,2.5,5
4068,"Company of Wolves, The",Fantasy|Horror,1984,2,1
4069,"Exodus",Drama|Romance|War,1960,3.5,1
4070,"Russians Are Coming, the Russians Are Coming, The",Comedy|War,1966,2.5,1
4071,"World of Henry Orient, The",Comedy,1964,4,1
4072,"I Spy",Action|Adventure|Comedy|Crime,2002,2.5,7
4073,"Santa Clause 2, The",Children|Comedy|Fantasy|Romance,2002,2.3,5
4074,"Femme Fatale",Crime|Thriller,2002,3.375,4
4075,"8 Mile",Drama,2002,3.29268292682927,41
4076,"Far from Heaven",Drama|Romance,2002,3.86363636363636,11
4077,"Harry Potter and the Chamber of Secrets",Adventure|Fantasy,2002,3.59803921568627,102
4078,"Ararat",Drama|War,2002,4.5,1
4079,"Crime of Father Amaro, The",Drama|Romance,2002,4.5,1
4080,"Standing in the Shadows of Motown",Documentary|Musical,2002,3.5,3
4081,"Rio Grande",Romance|Western,1950,3.5,1
4082,"Blackrock",Drama|Thriller,1997,2.5,1
4083,"Men with Brooms",Comedy|Drama|Romance,2002,4,1
4084,"Dog Soldiers",Action|Horror,2002,4.66666666666667,3
4085,"Houseboat",Comedy|Romance,1958,2,1
4086,"Madame Bovary",Drama,1991,4,1
4087,"My Father's Glory",Adventure|Drama,1990,4,1
4088,"My Mother's Castle",Comedy|Drama,1990,4,1
4089,"Return to the Blue Lagoon",Adventure|Romance,1991,1.66666666666667,3
4090,"Toy Soldiers",Action|Drama,1991,2.5,4
4091,"Ragtime",Drama,1981,3.5,1
4092,"I'm Starting From Three",Comedy,1981,4.5,1
4093,"Scanners",Horror|Sci-Fi|Thriller,1981,3.25,2
4094,"Do You Remember Dolly Bell?",Comedy|Drama|Romance,1981,4,1
4095,"Take This Job and Shove It",Comedy,1981,1,1
4096,"Thief",Crime|Drama|Thriller,1981,4.5,2
4097,"Die Another Day",Action|Adventure|Thriller,2002,2.92592592592593,27
4098,"The Emperor's Club",Drama,2002,3.875,4
4099,"Friday After Next",Comedy,2002,2.4,5
4100,"Personal Velocity",Drama,2002,2.5,1
4101,"Quiet American, The",Drama|Thriller|War,2002,3.9,5
4102,"Talk to Her",Drama|Romance,2002,4.03571428571429,14
4103,"Eight Crazy Nights",Animation|Comedy|Musical,2002,1.5,4
4104,"Extreme Ops",Action|Adventure|Crime|Thriller,2002,1.75,2
4105,"Solaris",Drama|Romance|Sci-Fi,2002,3.075,20
4106,"Treasure Planet",Adventure|Animation|Children|Sci-Fi|IMAX,2002,3.5625,8
4107,"They",Horror|Thriller,2002,1.5,1
4108,"Chopper Chicks in Zombietown",Comedy|Horror,1989,1,1
4109,"Brother",Crime|Drama,1997,5,1
4110,"Cruel Romance, A",Drama|Romance,1984,5,1
4111,"Elling",Comedy|Drama,2001,4.5,2
4112,"I Spit on Your Grave",Horror|Thriller,1978,2.625,4
4113,"Last Seduction, The",Crime|Drama|Thriller,1994,3.25,2
4114,"New Waterford Girl",Comedy,1999,4,1
4115,"Zulu",Action|Drama|War,1964,4,4
4116,"Analyze That",Comedy|Crime,2002,2.5625,8
4117,"Empire",Crime|Drama,2002,4.5,1
4118,"Adaptation",Comedy|Drama|Romance,2002,3.94565217391304,46
4119,"Equilibrium",Action|Sci-Fi|Thriller,2002,3.875,44
4120,"Visitor Q",Comedy|Drama|Horror,2001,3.3,5
4121,"Hit the Bank",Comedy|Crime,1981,4.5,1
4122,"Victory",Action|Drama|War,1981,4.75,2
4123,"Android",Sci-Fi,1982,4.5,2
4124,"Attila",Action,1982,2.5,1
4125,"Beast Within, The",Horror,1982,2,2
4126,"Best Little Whorehouse in Texas, The",Comedy|Drama|Musical|Romance,1982,3,1
4127,"Party 2, The",Comedy|Romance,1982,3,1
4128,"Burden of Dreams",Documentary,1982,3.75,2
4129,"Deathtrap",Comedy|Crime|Mystery|Thriller,1982,4.5,2
4130,"Drumline",Comedy|Drama|Musical|Romance,2002,2.91666666666667,6
4131,"Hot Chick, The",Comedy,2002,2.83333333333333,6
4132,"Maid in Manhattan",Comedy|Romance,2002,2.60526315789474,19
4133,"Star Trek: Nemesis",Action|Drama|Sci-Fi|Thriller,2002,3.10526315789474,19
4134,"About Schmidt",Comedy|Drama,2002,3.17307692307692,26
4135,"Evelyn",Drama,2002,3,1
4136,"Intact",Thriller,2001,4.25,2
4137,"Morvern Callar",Drama,2002,3.25,4
4138,"Lord of the Rings: The Two Towers, The",Adventure|Fantasy,2002,4.02127659574468,188
4139,"Devils on the Doorstep",Drama|War,2000,4,1
4140,"25th Hour",Crime|Drama,2002,3.84090909090909,22
4141,"Antwone Fisher",Drama,2002,3.55555555555556,9
4142,"Gangs of New York",Crime|Drama,2002,3.51818181818182,55
4143,"Two Weeks Notice",Comedy|Romance,2002,3.26315789473684,19
4144,"Narc",Crime|Drama|Thriller,2002,3.27777777777778,9
4145,"Blue Steel",Action|Thriller,1990,1.5,1
4146,"Body of Evidence",Drama|Thriller,1993,1,1
4147,"Children's Hour, The",Drama,1961,3.5,2
4148,"Duellists, The",Action|War,1977,4.16666666666667,3
4149,"Miami Blues",Comedy|Crime|Drama,1990,4,1
4150,"My Girl 2",Comedy|Drama|Romance,1994,2.5,1
4151,"My Girl",Comedy|Drama|Romance,1991,3.2,10
4152,"My Neighbor Totoro",Animation|Children|Drama|Fantasy,1988,3.95945945945946,37
4153,"Thief of Bagdad, The",Adventure|Fantasy,1940,3,1
4154,"War and Peace",Drama|Romance|War,1956,3.5,1
4155,"Attack of the Crab Monsters",Horror|Sci-Fi,1957,3,1
4156,"Black Christmas",Horror|Mystery|Thriller,1974,3.5,2
4157,"Story of O, The",Drama|Romance,1975,3.5,2
4158,"Fat City",Drama,1972,4,1
4159,"Quicksilver",Drama,1986,2.625,4
4160,"Catch Me If You Can",Crime|Drama,2002,3.92173913043478,115
4161,"Pinocchio",Children|Comedy|Fantasy,2002,3.5,1
4162,"Chicago",Comedy|Crime|Drama|Musical,2002,3.72448979591837,49
4163,"Hours, The",Drama|Romance,2002,3.7,15
4164,"Max",Drama,2002,2.9,5
4165,"Nicholas Nickleby",Drama|Romance,2002,4,2
4166,"Pianist, The",Drama|War,2002,4.10869565217391,46
4167,"Heavy Metal 2000",Action|Adventure|Animation|Fantasy|Sci-Fi,2000,2.25,2
4168,"King of Comedy, The",Comedy|Drama,1983,4.07142857142857,7
4169,"Love Liza",Drama,2002,3.33333333333333,3
4170,"Confessions of a Dangerous Mind",Comedy|Crime|Drama|Thriller,2002,3.6,15
4171,"Blue Collar Comedy Tour: The Movie",Comedy|Documentary,2003,3,3
4172,"Just Married",Comedy|Romance,2003,2.75,8
4173,"City of Lost Souls, The",Crime|Drama|Thriller,2000,3,1
4174,"Guy Thing, A",Comedy|Romance,2003,2.5,4
4175,"Kangaroo Jack",Action|Comedy,2003,1.75,2
4176,"National Security",Action|Comedy,2003,2.5,5
4177,"City of God",Action|Adventure|Crime|Drama|Thriller,2002,4.14666666666667,75
4178,"Alice Adams",Comedy|Drama,1935,3.5,1
4179,"American Friend, The",Crime|Drama|Mystery|Thriller,1977,5,1
4180,"American Me",Drama,1992,2.5,3
4181,"Band of Outsiders",Comedy|Crime|Drama|Romance,1964,3.5,2
4182,"CB4 - The Movie",Comedy,1993,2.9,5
4183,"Dogfight",Drama|Romance,1991,4.16666666666667,3
4184,"Girls! Girls! Girls!",Comedy|Musical,1962,2,1
4185,"Imitation of Life",Drama|Romance,1959,3.5,2
4186,"Mystery Date",Comedy,1991,3,1
4187,"Pépé le Moko",Crime|Drama|Romance,1937,3.25,2
4188,"Secret Admirer",Comedy|Romance,1985,3,1
4189,"Woman in Red, The",Comedy|Romance,1984,2.375,4
4190,"Darkness Falls",Horror|Thriller,2003,2.125,4
4191,"Amen.",Drama,2002,3.83333333333333,3
4192,"Blind Spot: Hitler's Secretary",Documentary,2002,3,1
4193,"Blind Date",Horror|Thriller,1984,2,1
4194,"Ethan Frome",Drama,1993,4,1
4195,"Harder They Come, The",Action|Crime|Drama,1973,4.16666666666667,3
4196,"Sugar Hill",Drama,1994,2.25,2
4197,"Biker Boyz",Action|Crime|Drama,2003,2,1
4198,"Final Destination 2",Horror|Thriller,2003,3.05,10
4199,"Recruit, The",Action|Thriller,2003,3.35294117647059,17
4200,"Guru, The",Comedy|Romance,2002,3,2
4201,"Lost in La Mancha",Documentary,2002,3.08333333333333,6
4202,"May",Drama|Horror,2002,3.33333333333333,3
4203,"Harder They Fall, The",Drama|Film-Noir,1956,4,1
4204,"Ordinary Decent Criminal",Comedy|Crime,2000,4,1
4205,"Tokyo Decadence",Drama,1992,4,1
4206,"Firefox",Action|Sci-Fi|Thriller,1982,2.75,2
4207,"I, the Jury",Crime|Drama|Thriller,1982,5,1
4208,"Kiss Me Goodbye",Comedy,1982,3.5,1
4209,"Last Unicorn, The",Animation|Children|Fantasy,1982,3.375,4
4210,"Dragon Lord",Action,1982,3.5,1
4211,"Midsummer Night's Sex Comedy, A",Comedy|Romance,1982,4,3
4212,"Missing",Drama|Mystery|Thriller,1982,4,1
4213,"Monty Python Live at the Hollywood Bowl",Comedy,1982,4.16666666666667,9
4214,"Night of the Shooting Stars",Drama|War,1982,4,1
4215,"Paradise",Adventure|Romance,1982,3.5,1
4216,"Pirate Movie, The",Adventure|Comedy|Musical,1982,2.5,2
4217,"Santa Claus Is a Stinker",Comedy,1982,4,1
4218,"Richard Pryor Live on the Sunset Strip",Comedy|Documentary,1982,4,2
4219,"Sunless",Documentary,1983,4,1
4220,"Savannah Smiles",Comedy,1982,2.75,2
4221,"Secret Policeman's Other Ball, The",Comedy|Documentary|Musical,1982,3.5,1
4222,"Tenebre",Horror|Mystery|Thriller,1982,2.25,2
4223,"They Call Me Bruce?",Comedy,1982,3,1
4224,"Trail of the Pink Panther",Comedy|Crime,1982,3,2
4225,"Venom",Horror|Thriller,1982,2,1
4226,"White Dog",Drama|Horror|Thriller,1982,2.83333333333333,3
4227,"Zapped!",Comedy|Sci-Fi,1982,1.5,2
4228,"How to Lose a Guy in 10 Days",Comedy|Romance,2003,3.27586206896552,29
4229,"Shanghai Knights",Action|Adventure|Comedy,2003,3.21052631578947,19
4230,"Daredevil",Action|Crime,2003,2.5,32
4231,"Jungle Book 2, The",Animation|Children,2003,3,1
4232,"All the Real Girls",Drama|Romance,2003,4.25,2
4233,"Gerry",Adventure|Drama,2002,3.16666666666667,3
4234,"He Loves Me... He Loves Me Not",Romance|Thriller,2002,4.5,1
4235,"Dennis the Menace",Comedy,1993,1.8125,8
4236,"Black Stallion Returns, The",Adventure|Children,1983,2.5,2
4237,"Black Stallion, The",Adventure|Children|Drama,1979,3.5,3
4238,"Patch of Blue, A",Drama|Romance,1965,4,1
4239,"Red Badge of Courage, The",Drama|War,1951,4,1
4240,"Thrill of It All, The",Comedy,1963,3,1
4241,"Pillow Talk",Comedy|Musical|Romance,1959,3.83333333333333,3
4242,"Man Who Fell to Earth, The",Drama|Sci-Fi,1976,4.25,4
4243,"Dark Blue",Action|Crime|Drama|Thriller,2003,3,3
4244,"Gods and Generals",Action|Drama|War,2003,3,1
4245,"Life of David Gale, The",Crime|Drama|Thriller,2003,3.8125,8
4246,"Old School",Comedy,2003,3.51282051282051,39
4247,"Open Hearts",Romance,2002,5,1
4248,"Poolhall Junkies",Comedy|Drama|Thriller,2002,3.83333333333333,3
4249,"Stone Reader",Documentary,2002,4,2
4250,"Cradle 2 the Grave",Action|Crime|Drama|Thriller,2003,3.5,3
4251,"Spider",Drama|Mystery,2002,3.33333333333333,3
4252,"Lady Jane",Drama|Romance,1986,5,1
4253,"Late Marriage",Comedy|Drama|Romance,2001,3.5,1
4254,"Life Stinks",Comedy,1991,1.5,2
4255,"Meteor Man, The",Comedy,1993,2.5,1
4256,"Volcano High",Action|Comedy,2001,3,1
4257,"Bringing Down the House",Comedy,2003,1.91666666666667,6
4258,"Tears of the Sun",Action|Drama|Thriller,2003,2.64285714285714,7
4259,"Irreversible",Crime|Drama|Mystery|Thriller,2002,3.88888888888889,9
4260,"Laurel Canyon",Drama,2002,3,3
4261,"Nowhere in Africa",Drama,2001,3.75,2
4262,"Safety of Objects, The",Drama,2001,3,2
4263,"Bend It Like Beckham",Comedy|Drama|Romance,2002,3.3,40
4264,"Hunted, The",Action|Drama|Thriller,2003,3,3
4265,"Willard",Drama|Horror|Thriller,2003,2.5,4
4266,"Prozac Nation",Drama,2001,3,1
4267,"Spun",Comedy|Crime|Drama,2001,3.25,2
4268,"King of Kings",Drama,1961,3,1
4269,"Talk of the Town, The",Comedy|Romance|Thriller,1942,4,1
4270,"Born Free",Adventure|Children|Drama,1966,4,1
4271,"Equus",Drama|Mystery,1977,3.5,1
4272,"Europa Europa",Drama|War,1990,4.33333333333333,3
4273,"Glenn Miller Story, The",Drama,1953,4,1
4274,"Green Card",Comedy|Drama|Romance,1990,2.83333333333333,9
4275,"Journey to the Center of the Earth",Adventure|Children|Sci-Fi,1959,2.75,2
4276,"Pauline at the Beach",Comedy|Drama|Romance,1983,4,1
4277,"Ringu",Horror|Mystery|Thriller,1998,3.45454545454545,11
4278,"Salaam Bombay!",Drama,1988,3.5,2
4279,"Sweet Charity",Comedy|Drama|Musical|Romance,1969,3.5,1
4280,"Talent for the Game",Drama,1991,4,1
4281,"Boat Trip",Comedy,2003,2.375,4
4282,"Dreamcatcher",Drama|Horror|Sci-Fi|Thriller,2003,2.64285714285714,7
4283,"Piglet's Big Movie",Animation|Children,2003,2,1
4284,"View from the Top",Comedy|Romance,2003,2.375,4
4285,"Awful Truth, The",Comedy|Romance,1937,4.75,2
4286,"Basic",Drama|Thriller|War,2003,3.75,2
4287,"Core, The",Action|Drama|Sci-Fi|Thriller,2003,2.375,8
4288,"Head of State",Comedy,2003,2.25,2
4289,"What a Girl Wants",Comedy|Drama|Romance,2003,3.0625,8
4290,"Assassination Tango",Drama|Thriller,2002,2,1
4291,"Raising Victor Vargas",Comedy|Drama|Romance,2002,3.75,2
4292,"Stevie",Documentary,2002,4.25,2
4293,"Akira Kurosawa's Dreams",Drama|Fantasy,1990,4.33333333333333,3
4294,"Day for Night",Comedy|Drama|Romance,1973,2,1
4295,"In a Lonely Place",Drama|Film-Noir|Mystery|Romance,1950,3.5,1
4296,"Good Thief, The",Crime|Drama,2002,4,1
4297,"Man Apart, A",Action|Crime|Drama|Thriller,2003,2.25,2
4298,"Phone Booth",Drama|Thriller,2002,3.140625,32
4299,"Cowboy Bebop: The Movie",Action|Animation|Sci-Fi|Thriller,2001,3.9,20
4300,"Levity",Drama,2003,4,1
4301,"Man Without a Past, The",Comedy|Crime|Drama,2002,3.875,4
4302,"Anger Management",Comedy,2003,3.05882352941176,34
4303,"Better Luck Tomorrow",Crime|Drama,2002,3.875,4
4304,"Ghosts of the Abyss",Documentary|IMAX,2003,3.5,1
4305,"House of 1000 Corpses",Horror,2003,2.71428571428571,7
4306,"Lilya 4-Ever",Crime|Drama,2002,3.5,3
4307,"Bulletproof Monk",Action|Adventure|Sci-Fi,2003,2.40909090909091,11
4308,"Chasing Papi",Comedy,2003,2,1
4309,"Mighty Wind, A",Comedy|Musical,2003,3.75,14
4310,"Holes",Adventure|Children|Comedy|Mystery,2003,3.425,20
4311,"Malibu's Most Wanted",Comedy|Crime,2003,2.66666666666667,3
4312,"Winged Migration",Documentary,2001,3.5,9
4313,"Flickering Lights",Action|Comedy|Crime,2000,4.5,3
4314,"Straw Dogs",Drama|Thriller,1971,4,5
4315,"Beginning of the End",Sci-Fi,1957,1,1
4316,"Andromeda Strain, The",Mystery|Sci-Fi,1971,3.625,8
4317,"Fahrenheit 451",Drama|Sci-Fi,1966,3.6,10
4318,"I Am Trying to Break Your Heart",Documentary,2002,4.16666666666667,3
4319,"Legal Eagles",Comedy|Crime|Romance,1986,2.625,4
4320,"Memories of Me",Comedy|Drama,1988,2.5,1
4321,"Sibling Rivalry",Comedy,1990,2.5,2
4322,"Undercover Blues",Comedy|Crime,1993,2,2
4323,"Wildcats",Comedy,1986,1.83333333333333,3
4324,"Wiz, The",Adventure|Children|Comedy|Fantasy|Musical,1978,2,1
4325,"My Father the Hero",Comedy|Drama,1991,2.16666666666667,3
4326,"Scenes from a Mall",Comedy,1991,1.5,2
4327,"Confidence",Crime|Thriller,2003,2.83333333333333,6
4328,"Identity",Crime|Horror|Mystery|Thriller,2003,3.68181818181818,22
4329,"It Runs in the Family",Comedy|Drama,2003,2.5,2
4330,"Decade Under the Influence, A",Documentary,2003,3.5,3
4331,"Manic",Drama,2001,3,1
4332,"People I Know",Crime|Drama,2002,3,2
4333,"Spellbound",Documentary,2002,3.92307692307692,13
4334,"Lizzie McGuire Movie, The",Children|Comedy|Romance,2003,3,4
4335,"X2: X-Men United",Action|Adventure|Sci-Fi|Thriller,2003,3.72368421052632,76
4336,"Blue Car",Drama,2002,3.5,3
4337,"Dancer Upstairs, The",Crime|Drama|Thriller,2002,3.83333333333333,3
4338,"Marooned in Iraq",Drama,2002,3,1
4339,"Owning Mahowny",Crime|Drama|Thriller,2003,3.5,4
4340,"Daddy Day Care",Children|Comedy,2003,2.33333333333333,6
4341,"Man on the Train",Comedy|Drama,2002,3.875,4
4342,"Shape of Things, The",Drama,2003,3.25,4
4343,"Trip, The",Comedy|Drama|Romance,2002,2,1
4344,"101 Reykjavik",Comedy|Drama|Romance,2000,3.5,1
4345,"Chorus Line, A",Comedy|Drama|Musical,1985,4.66666666666667,3
4346,"Beat Street",Drama|Musical,1984,1,1
4347,"Breakin' 2: Electric Boogaloo",Musical,1984,1.66666666666667,3
4348,"Breakin'",Drama|Musical,1984,2,3
4349,"Laputa: Castle in the Sky",Action|Adventure|Animation|Children|Fantasy|Sci-Fi,1986,4.0625,24
4350,"High Society",Comedy|Musical|Romance,1956,3,2
4351,"Kiss Me Kate",Comedy|Musical|Romance,1953,3.5,1
4352,"Matrix Reloaded, The",Action|Adventure|Sci-Fi|Thriller|IMAX,2003,3.35416666666667,96
4353,"Down with Love",Comedy|Romance,2003,2.9,10
4354,"Cinemania",Documentary,2002,4,4
4355,"Spanish Apartment, The",Comedy|Drama|Romance,2002,4,5
4356,"Pokémon Heroes",Animation|Children,2003,0.5,1
4357,"Bruce Almighty",Comedy|Drama|Fantasy|Romance,2003,3.3169014084507,71
4358,"In-Laws, The",Comedy,2003,2.16666666666667,3
4359,"Gigantic",Documentary,2002,4,4
4360,"Respiro",Comedy|Drama,2002,3.5,2
4361,"Finding Nemo",Adventure|Animation|Children|Comedy,2003,3.96099290780142,141
4362,"Italian Job, The",Action|Crime,2003,3.61864406779661,59
4363,"Wrong Turn",Horror|Thriller,2003,3,2
4364,"Capturing the Friedmans",Documentary,2003,3.92857142857143,7
4365,"Together",Drama,2002,3,1
4366,"2 Fast 2 Furious",Action|Crime|Thriller,2003,2.60526315789474,19
4367,"Whale Rider",Drama,2002,3.75,14
4368,"Nevada Smith",Western,1966,4,1
4369,"Once a Thief",Action|Comedy|Crime|Thriller,1991,3.66666666666667,3
4370,"Silk Stockings",Musical,1957,3.5,1
4371,"Crazies, The",Action|Drama|Horror|Sci-Fi|Thriller,1973,3.5,1
4372,"Murder on a Sunday Morning",Documentary,2001,3.5,1
4373,"Siam Sunset",Comedy,1999,5,1
4374,"Treasure Island",Adventure|Children,1950,3.25,2
4375,"Walk, Don't Run",Comedy|Romance,1966,2,1
4376,"Animals are Beautiful People",Comedy|Documentary,1974,5,1
4377,"Car Wash",Comedy,1976,3.75,2
4378,"Destry Rides Again",Comedy|Western,1939,3.75,2
4379,"Intervista",Comedy|Drama,1987,4,1
4380,"Live Wire",Action,1992,4,1
4381,"Shenandoah",Drama|War|Western,1965,4,1
4382,"Oscar",Comedy|Crime|Mystery|Romance,1991,1,1
4383,"6th Man, The",Comedy,1997,1.5,2
4384,"Railway Children, The",Children|Drama,1970,4,1
4385,"Two Mules for Sister Sara",Comedy|War|Western,1970,3,2
4386,"Winchester '73",Western,1950,4,1
4387,"Man with the Movie Camera, The",Documentary,1929,3.33333333333333,3
4388,"Objective, Burma!",War,1945,3,1
4389,"This Boy's Life",Drama,1993,3.33333333333333,3
4390,"Barton Fink",Drama|Thriller,1991,4.03571428571429,14
4391,"Belle époque",Comedy|Romance,1992,5,2
4392,"Flight of the Phoenix, The",Action|Adventure|Drama,1965,4,2
4393,"From the Terrace",Drama,1960,3,1
4394,"Long, Hot Summer, The",Drama,1958,4,1
4395,"Man of Aran",Documentary,1934,3.5,1
4396,"Music Box",Drama,1989,3.5,1
4397,"Trial, The",Drama,1962,4.9,5
4398,"Unforgiven, The",Drama|Western,1960,3.83333333333333,6
4399,"Good Burger",Children|Comedy,1997,2,2
4400,"Jubilee",Drama,1977,3,1
4401,"Mississippi Masala",Drama|Romance,1991,3.5,3
4402,"Shattered",Mystery|Thriller,1991,3,1
4403,"Song of Bernadette, The",Drama,1943,3,1
4404,"Thoroughly Modern Millie",Comedy|Musical,1967,3,1
4405,"Dumb and Dumberer: When Harry Met Lloyd",Comedy,2003,1.95454545454545,11
4406,"From Justin to Kelly",Musical|Romance,2003,0.833333333333333,3
4407,"Hollywood Homicide",Action|Crime|Drama,2003,2.92857142857143,7
4408,"Alex and Emma",Comedy|Drama|Romance,2003,2,1
4409,"28 Days Later",Action|Horror|Sci-Fi,2002,3.97413793103448,58
4410,"Charlie's Angels: Full Throttle",Action|Adventure|Comedy|Crime|Thriller,2003,2.37037037037037,27
4411,"Fulltime Killer",Action|Thriller,2001,3.5,1
4412,"Ali: Fear Eats the Soul",Drama|Romance,1974,4,2
4413,"Bodies, Rest & Motion",Drama|Romance,1993,3,1
4414,"Ring of Terror",Horror,1962,0.5,1
4415,"You Only Live Once",Crime|Film-Noir,1937,4.5,1
4416,"Anastasia",Drama,1956,3.5,1
4417,"Babe, The",Drama,1992,2.25,2
4418,"Mr. Baseball",Comedy|Romance,1992,2.5,2
4419,"Scaramouche",Adventure|Romance,1952,3,1
4420,"Start the Revolution Without Me",Comedy,1970,2,1
4421,"Tenant, The",Drama|Horror|Mystery|Thriller,1976,4.25,2
4422,"What's Up, Doc?",Comedy,1972,4.5,1
4423,"Hulk",Action|Adventure|Sci-Fi,2003,2.56060606060606,33
4424,"Legally Blonde 2: Red, White & Blonde",Comedy,2003,2.40909090909091,11
4425,"Sinbad: Legend of the Seven Seas",Adventure|Animation|Children|Fantasy,2003,3.66666666666667,6
4426,"Terminator 3: Rise of the Machines",Action|Adventure|Sci-Fi,2003,3.04444444444444,45
4427,"Swimming Pool",Drama|Mystery|Thriller,2003,3.6,5
4428,"Pirates of the Caribbean: The Curse of the Black Pearl",Action|Adventure|Comedy|Fantasy,2003,3.77852348993289,149
4429,"League of Extraordinary Gentlemen, The",Action|Fantasy|Sci-Fi,2003,2.625,32
4430,"Cuckoo, The",Comedy|Drama|War,2002,3.5,1
4431,"I Capture the Castle",Drama|Romance,2003,4.5,1
4432,"Northfork",Drama|Fantasy,2003,2.25,2
4433,"Bad Boys II",Action|Comedy|Crime|Thriller,2003,2.88235294117647,17
4434,"How to Deal",Comedy|Drama|Romance,2003,3.5,3
4435,"Johnny English",Action|Comedy|Thriller,2003,2.96153846153846,13
4436,"Anarchist Cookbook, The",Comedy|Romance,2002,4,1
4437,"Dirty Pretty Things",Crime|Drama|Thriller,2002,3.625,12
4438,"Embalmer, The",Drama,2002,4,1
4439,"Garage Days",Comedy|Musical,2002,1.25,2
4440,"Born to Be Wild",Adventure|Children|Comedy|Drama,1995,0.5,1
4441,"Curly Sue",Comedy|Drama,1991,2.33333333333333,3
4442,"Little Giants",Children|Comedy,1994,2.5,4
4443,"Loose Cannons",Action|Comedy,1990,2,1
4444,"Mouse That Roared, The",Comedy|War,1959,3,1
4445,"Masked & Anonymous",Comedy|Drama,2003,2.5,1
4446,"Lara Croft Tomb Raider: The Cradle of Life",Action|Adventure|Comedy|Romance|Thriller,2003,2.64705882352941,17
4447,"Seabiscuit",Drama,2003,3.69444444444444,18
4448,"Spy Kids 3-D: Game Over",Action|Adventure|Children,2003,2,3
4449,"Buffalo Soldiers",Comedy|Crime|Drama|War,2001,3.5,3
4450,"Camp",Comedy|Musical,2003,3.25,2
4451,"Mondays in the Sun",Drama,2002,4,1
4452,"Scorched",Comedy|Crime,2003,3.5,2
4453,"Avanti!",Comedy|Drama,1972,4,1
4454,"Eve of Destruction",Action|Sci-Fi|Thriller,1991,1,1
4455,"Kickboxer 2: The Road Back",Action|Drama,1991,3.5,2
4456,"Kiss Me, Stupid",Comedy,1964,3.5,1
4457,"One, Two, Three",Comedy,1961,4,2
4458,"Private Life of Sherlock Holmes, The",Comedy|Drama|Mystery,1970,2.5,2
4459,"Remo Williams: The Adventure Begins",Action|Comedy|Crime|Thriller,1985,2.33333333333333,3
4460,"Blood of Heroes, The",Action|Sci-Fi,1989,4,1
4461,"What's Up, Tiger Lily?",Adventure|Comedy|Crime|Thriller,1966,3.16666666666667,3
4462,"American Wedding",Comedy,2003,3.09375,16
4463,"Gigli",Comedy|Crime|Romance,2003,1.5,1
4464,"And Now... Ladies and Gentlemen...",Romance|Thriller,2002,4,1
4465,"Magdalene Sisters, The",Drama,2002,4.33333333333333,6
4466,"Secret Lives of Dentists, The",Drama,2002,4,1
4467,"Freaky Friday",Children|Comedy|Fantasy,2003,3.20833333333333,24
4468,"S.W.A.T.",Action|Thriller,2003,3.32142857142857,14
4469,"Divorce, Le",Comedy|Drama|Romance,2003,3.5,1
4470,"Princess Blade, The",Action|Sci-Fi,2001,3,1
4471,"Step Into Liquid",Documentary,2002,3.5,1
4472,"Double Life, A",Crime|Drama|Film-Noir,1947,2.5,1
4473,"Hawks and Sparrows",Comedy,1966,4,1
4474,"Gospel According to St. Matthew, The",Drama,1964,3.5,1
4475,"Umberto D.",Drama,1952,5,1
4476,"Brother's Keeper",Documentary,1992,4.25,2
4477,"I Love You to Death",Comedy|Crime,1990,2.66666666666667,3
4478,"Freddy vs. Jason",Action|Horror|Thriller,2003,2.33333333333333,9
4479,"Grind",Action|Comedy,2003,2.75,2
4480,"Open Range",Western,2003,3.94444444444444,9
4481,"Shaolin Soccer",Action|Comedy,2001,3.82352941176471,17
4482,"Uptown Girls",Comedy,2003,2.91666666666667,6
4483,"American Splendor",Comedy|Drama,2003,3.83333333333333,18
4484,"Agent Cody Banks",Action|Adventure|Children|Fantasy,2003,1.9,5
4485,"Camp Nowhere",Adventure|Children|Comedy,1994,2.5,4
4486,"Hot Dog... The Movie",Comedy,1984,2,1
4487,"House of Wax",Crime|Horror|Mystery|Thriller,1953,3.5,3
4488,"Man's Best Friend",Horror|Sci-Fi|Thriller,1993,1.5,2
4489,"Sure Thing, The",Comedy|Romance,1985,3.75,4
4490,"Valley Girl",Comedy|Romance,1983,2.16666666666667,3
4491,"Wait Until Dark",Drama|Thriller,1967,3.42857142857143,7
4492,"Tokyo Story",Drama,1953,2.625,4
4493,"Green Ray, The",Drama|Romance,1986,4,1
4494,"THX 1138",Action|Adventure|Drama|Sci-Fi,1971,3.78571428571429,7
4495,"Kind Hearts and Coronets",Comedy|Drama,1949,3.33333333333333,3
4496,"Atragon",Adventure|Sci-Fi,1963,3.5,1
4497,"Attack of the Puppet People",Horror|Sci-Fi,1958,4,1
4498,"10",Comedy|Romance,1979,3.375,4
4499,"Tremors",Comedy|Horror|Sci-Fi,1990,3.4375,16
4500,"Red Shoes, The",Drama|Fantasy|Musical|Romance,1948,3.5,1
4501,"Pink Panther, The",Comedy|Crime,1963,3.45454545454545,11
4502,"Pink Panther Strikes Again, The",Comedy|Crime,1976,3.4,5
4503,"Commando",Action|Adventure,1985,3.5,6
4504,"Dracula",Horror|Romance,1979,4.5,1
4505,"Discreet Charm of the Bourgeoisie, The",Comedy|Drama|Fantasy,1972,4.3,5
4506,"Waco: The Rules of Engagement",Documentary,1997,3.5,1
4507,"Road Home, The",Drama|Romance,1999,NaN,NaN
4508,"Ikiru",Drama,1952,3.41666666666667,6
4509,"Comic Book Villains",Comedy,2002,2.25,2
4510,"Angel at My Table, An",Drama,1990,4,1
4511,"Handmaid's Tale, The",Drama|Sci-Fi,1990,3.5,1
4512,"Revolution OS",Documentary,2001,4,1
4513,"Death in Venice",Drama|Romance,1971,4,2
4514,"Medallion, The",Action|Comedy|Crime|Fantasy,2003,2.7,5
4515,"My Boss's Daughter",Comedy|Romance,2003,2,4
4516,"Autumn Spring",Comedy|Drama,2001,3.5,1
4517,"Battle of Shaker Heights, The",Comedy|Drama|Romance,2003,4,1
4518,"Dust",Drama|Western,2001,2.5,1
4519,"Stoked: The Rise and Fall of Gator",Documentary,2002,2,1
4520,"Jeepers Creepers 2",Horror|Thriller,2003,1.875,4
4521,"Bollywood/Hollywood",Comedy|Drama|Musical|Romance,2002,2.5,1
4522,"Once Upon a Time in the Midlands",Drama,2002,3,1
4523,"Dickie Roberts: Former Child Star",Comedy,2003,2.3,5
4524,"Party Monster",Comedy|Crime|Drama|Thriller,2003,2.5,1
4525,"Taking Sides",Drama,2001,3.5,1
4526,"Cabin Fever",Horror|Thriller,2002,2.875,8
4527,"Matchstick Men",Comedy|Crime|Drama,2003,3.72058823529412,34
4528,"Once Upon a Time in Mexico",Action|Adventure|Crime|Thriller,2003,3.21428571428571,14
4529,"Dummy",Comedy|Drama|Romance,2002,3.625,4
4530,"Lost in Translation",Comedy|Drama|Romance,2003,4.03378378378378,74
4531,"Millennium Actress",Animation|Drama|Romance,2001,3.8,5
4532,"Children of the Night",Horror,1991,3.5,1
4533,"Gotcha!",Comedy,1985,2.5,1
4534,"Kuffs",Action|Comedy|Crime,1992,2.5,2
4535,"Once Upon a Time in China",Action|Adventure|Drama,1991,3.35714285714286,7
4536,"Once Upon a Time in China II",Action|Romance,1992,2.5,1
4537,"Once Upon a Time in China III",Action,1993,3,2
4538,"Paper Moon",Comedy|Crime|Drama,1973,3.6,5
4539,"Day of the Dead",Horror|Sci-Fi|Thriller,1985,3.625,8
4540,"Hello, Dolly!",Comedy|Musical|Romance,1969,3.75,2
4541,"Memoirs of an Invisible Man",Comedy|Romance|Sci-Fi|Thriller,1992,2,2
4542,"Once Bitten",Comedy|Horror,1985,2.25,4
4543,"Squirm",Horror|Romance,1976,2,1
4544,"Brood, The",Horror,1979,3,1
4545,"Anything Else",Comedy|Drama|Romance,2003,2.83333333333333,3
4546,"Cold Creek Manor",Drama|Thriller,2003,2.5,1
4547,"Fighting Temptations, The",Drama,2003,3.5,1
4548,"Secondhand Lions",Children|Comedy|Drama,2003,3.5,12
4549,"Underworld",Action|Fantasy|Horror,2003,3.5,33
4550,"Bubba Ho-tep",Comedy|Horror,2002,3.32142857142857,14
4551,"In This World",Adventure|Drama,2002,3,2
4552,"Duplex",Comedy|Crime,2003,2.42857142857143,7
4553,"Rundown, The",Action|Adventure|Comedy,2003,3.14705882352941,17
4554,"Under the Tuscan Sun",Comedy|Drama|Romance,2003,3.27777777777778,9
4555,"Luther",Drama,2003,4,1
4556,"Mambo Italiano",Comedy,2003,3,1
4557,"My Life Without Me",Drama|Romance,2003,3.5,2
4558,"To Be and to Have",Documentary,2002,3,1
4559,"Triplets of Belleville, The",Animation|Comedy|Fantasy,2003,3.70454545454545,22
4560,"Videodrome",Fantasy|Horror|Sci-Fi|Thriller,1983,3.6875,8
4561,"Life and Debt",Documentary,2001,4,1
4562,"Lagaan: Once Upon a Time in India",Comedy|Drama|Musical|Romance,2001,4.16666666666667,3
4563,"Judgment at Nuremberg",Drama,1961,3.6,5
4564,"Brief History of Time, A",Documentary,1991,3.25,2
4565,"Leningrad Cowboys Go America",Comedy|Musical,1989,4,1
4566,"Rules of the Game, The",Comedy|Drama,1939,3.5,3
4567,"Seven Brides for Seven Brothers",Comedy|Musical|Romance|Western,1954,3.75,4
4568,"Kiss of the Spider Woman",Drama,1985,3.875,4
4569,"All the President's Men",Drama|Thriller,1976,4.01851851851852,27
4570,"Angie",Comedy|Drama|Romance,1994,2,1
4571,"Apartment, The",Drama|Mystery|Romance,1996,4,1
4572,"Avalon",Drama|Fantasy|Sci-Fi,2001,3.5,3
4573,"Babette's Feast",Drama,1987,4.4,5
4574,"Beethoven",Children|Comedy|Drama,1992,1.77272727272727,11
4575,"Beethoven's 2nd",Children|Comedy,1993,1.5,5
4576,"Boyz N the Hood",Crime|Drama,1991,3.72222222222222,18
4577,"Bugsy",Crime|Drama,1991,3,1
4578,"Bugsy Malone",Children|Comedy|Crime|Musical,1976,2.75,2
4579,"Cobra",Action|Crime,1986,2.33333333333333,3
4580,"Phenomena",Horror|Mystery|Thriller,1985,3.5,1
4581,"Crimewave",Comedy|Crime,1985,2,1
4582,"Monty Python's The Meaning of Life",Comedy,1983,3.95,40
4583,"Where Eagles Dare",Action|Adventure|War,1968,4,4
4584,"Tightrope",Thriller,1984,3,1
4585,"Sleeping with the Enemy",Drama|Thriller,1991,2.5,5
4586,"PCU",Comedy,1994,2.5,5
4587,"Rookie, The",Action|Comedy|Thriller,1990,2.25,2
4588,"City Heat",Action|Comedy,1984,3,1
4589,"Three O'Clock High",Comedy,1987,4,1
4590,"White Hunter, Black Heart",Adventure|Drama,1990,3,1
4591,"Come and See",Drama|War,1985,5,2
4592,"Ginger Snaps",Drama|Horror|Thriller,2000,4,6
4593,"More American Graffiti",Comedy,1979,3,1
4594,"It's Pat",Comedy,1994,0.833333333333333,3
4595,"Regarding Henry",Drama,1991,3.6,5
4596,"Alien Contamination",Action|Horror|Sci-Fi,1980,5,1
4597,"Amazing Transparent Man, The",Sci-Fi,1960,3.5,1
4598,"Love Affair",Comedy|Drama|Romance,1939,3,1
4599,"Scrooge",Drama|Fantasy|Musical,1970,NaN,NaN
4600,"Leap of Faith",Comedy|Drama,1992,2.33333333333333,3
4601,"Gas, Food, Lodging",Drama|Romance,1992,2.75,2
4602,"In Cold Blood",Crime|Drama,1967,3.625,4
4603,"Campus Man",Comedy,1987,1,1
4604,"Yankee Doodle Dandy",Drama|Musical,1942,4,2
4605,"Ninja Scroll",Action|Adventure|Animation|Fantasy,1995,3.76923076923077,13
4606,"Knife in the Water",Drama,1962,3.75,2
4607,"Mobsters",Crime|Drama,1991,2,1
4608,"Out of Time",Crime|Drama|Thriller,2003,3.5,2
4609,"School of Rock",Comedy|Musical,2003,3.40151515151515,66
4610,"Station Agent, The",Comedy|Drama,2003,3.58333333333333,12
4611,"Wonderland",Crime|Drama|Mystery|Thriller,2003,3.42857142857143,7
4612,"Bus 174",Crime|Documentary,2002,3.83333333333333,3
4613,"Mystic River",Crime|Drama|Mystery,2003,3.71153846153846,52
4614,"House of the Dead, The",Action|Horror,2003,1.125,4
4615,"Intolerable Cruelty",Comedy|Romance,2003,3.175,20
4616,"Kill Bill: Vol. 1",Action|Crime|Thriller,2003,3.9618320610687,131
4617,"Runaway Jury",Drama|Thriller,2003,3.44117647058824,17
4618,"Texas Chainsaw Massacre, The",Horror,2003,1.85714285714286,7
4619,"Pieces of April",Comedy|Drama,2003,3.07142857142857,7
4620,"Returner",Action|Adventure|Sci-Fi,2002,2.5,1
4621,"Sylvia",Drama|Romance,2003,3,1
4622,"Veronica Guerin",Crime|Drama|Thriller,2003,3,2
4623,"In the Cut",Crime|Drama|Mystery|Romance|Thriller,2003,2.83333333333333,3
4624,"Beyond Borders",Drama|Romance|War,2003,3.5,1
4625,"Radio",Drama,2003,4.1,5
4626,"Scary Movie 3",Comedy|Horror,2003,2.275,20
4627,"Brother Bear",Adventure|Animation|Children,2003,3,2
4628,"Elephant",Drama,2003,3.55555555555556,9
4629,"Italian Job, The",Action|Comedy|Crime,1969,3.85,10
4630,"Sweet Sixteen",Drama,2002,3.33333333333333,3
4631,"Alien from L.A.",Sci-Fi,1988,3.5,1
4632,"Interstate 60",Adventure|Comedy|Drama|Fantasy|Mystery|Sci-Fi|Thriller,2002,4,2
4633,"Eye, The",Thriller,2002,3.25,2
4634,"Jolson Story, The",Musical,1946,3.5,1
4635,"You'll Never Get Rich",Comedy|Musical|Romance,1941,3.5,1
4636,"Unvanquished, The",Drama,1957,3.75,2
4637,"Cercle Rouge, Le",Crime|Thriller,1970,3.5,3
4638,"Human Stain, The",Drama|Romance|Thriller,2003,4,1
4639,"Shattered Glass",Crime|Drama,2003,3.5,7
4640,"Matrix Revolutions, The",Action|Adventure|Sci-Fi|Thriller|IMAX,2003,3.15189873417722,79
4641,"Revolution Will Not Be Televised, The",Documentary,2003,4,1
4642,"Elf",Children|Comedy|Fantasy,2003,3.69230769230769,39
4643,"Billabong Odyssey",Documentary,2003,4,1
4644,"Gloomy Sunday",Drama|Romance,1999,4,1
4645,"Love Actually",Comedy|Drama|Romance,2003,3.78813559322034,59
4646,"Father of the Bride",Comedy,1991,3.5,13
4647,"My Architect: A Son's Journey",Documentary,2003,4.25,2
4648,"Looney Tunes: Back in Action",Action|Animation|Children|Fantasy,2003,2.75,2
4649,"Master and Commander: The Far Side of the World",Adventure|Drama|War,2003,3.63888888888889,36
4650,"Tupac: Resurrection",Documentary,2003,4,1
4651,"Big Empty, The",Comedy|Mystery|Sci-Fi,2003,3.5,1
4652,"Missing, The",Adventure|Thriller|Western,2003,3.66666666666667,3
4653,"Cat in the Hat, The",Children|Comedy,2003,2.1,5
4654,"Gothika",Horror|Thriller,2003,3.11111111111111,9
4655,"21 Grams",Crime|Drama|Mystery|Romance|Thriller,2003,3.3,25
4656,"Barbarian Invasions, The",Comedy|Crime|Drama|Mystery|Romance,2003,4,3
4657,"Bad Santa",Comedy|Crime,2003,3.36538461538462,26
4658,"Haunted Mansion, The",Children|Comedy|Fantasy|Horror,2003,2.5,10
4659,"Timeline",Action|Adventure|Sci-Fi,2003,2,3
4660,"Damage",Drama,1992,4,1
4661,"OT: Our Town",Documentary,2002,3.5,1
4662,"Devil's Playground",Documentary,2002,4.25,2
4663,"Journeys with George",Documentary,2002,3.5,1
4664,"Darkman",Action|Crime|Fantasy|Sci-Fi|Thriller,1990,3.83333333333333,3
4665,"Dead of Night",Horror|Mystery,1945,0.5,1
4666,"Dernier Combat, Le",Drama|Sci-Fi,1983,4.5,1
4667,"Desk Set",Comedy|Romance,1957,3.75,2
4668,"Europa",Drama|Thriller,1991,4,1
4669,"Final Analysis",Drama|Romance|Thriller,1992,2.5,1
4670,"Freshman, The",Comedy|Crime,1990,3,6
4671,"Funny Games",Drama|Horror|Thriller,1997,3.2,5
4672,"Slacker",Comedy|Drama,1991,3.25,4
4673,"WarGames",Drama|Sci-Fi|Thriller,1983,3.30952380952381,21
4674,"Ordet",Drama,1955,3.75,2
4675,"Forbidden Games",Drama|War,1952,3.5,1
4676,"Jane Eyre",Drama|Romance,1944,5,1
4677,"Tale of Two Cities, A",Drama,1935,4,1
4678,"Passion of Joan of Arc, The",Drama,1928,3.9,5
4679,"Ben-Hur: A Tale of the Christ",Adventure|Drama|Romance,1925,3,1
4680,"Cabinet of Dr. Caligari, The",Crime|Fantasy|Horror,1920,3.85714285714286,7
4681,"Gorky Park",Crime|Drama|Thriller,1983,3.5,4
4682,"The Great Train Robbery",Action|Adventure|Comedy|Crime|Drama,1978,3.5,1
4683,"Guarding Tess",Comedy|Drama,1994,2.75,2
4684,"Hannah and Her Sisters",Comedy|Drama|Romance,1986,3.76923076923077,13
4685,"Hard Way, The",Action|Comedy,1991,3.25,2
4686,"Highlander II: The Quickening",Action|Sci-Fi,1991,1.85714285714286,7
4687,"Hoffa",Crime|Drama,1992,3,2
4688,"House of Cards",Drama,1993,2,1
4689,"Housesitter",Comedy|Romance,1992,2.25,2
4690,"Hudson Hawk",Action|Adventure|Comedy,1991,3,4
4691,"Invasion of the Body Snatchers",Horror|Mystery|Sci-Fi|Thriller,1978,3.75,6
4692,"Kindergarten Cop",Action|Comedy|Crime|Thriller,1990,2.88235294117647,17
4693,"King Ralph",Comedy,1991,1.5,1
4694,"Last Boy Scout, The",Action|Comedy|Crime|Drama|Thriller,1991,3.5,8
4695,"Last Tango in Paris",Drama|Romance,1972,4.5,5
4696,"Lorenzo's Oil",Drama,1992,3.33333333333333,3
4697,"Lover, The",Drama|Romance,1992,3.5,3
4698,"Mr. Destiny",Comedy|Fantasy,1990,3,1
4699,"Night of the Hunter, The",Drama|Film-Noir|Thriller,1955,4,7
4700,"Only the Lonely",Comedy|Romance,1991,3.16666666666667,3
4701,"Over the Top",Action|Drama,1987,1.5,3
4702,"Passenger 57",Action|Thriller,1992,3.5,3
4703,"Presumed Innocent",Crime|Drama|Thriller,1990,3.9,5
4704,"Project X",Comedy|Drama,1987,2.75,2
4705,"Proof",Comedy|Drama|Romance,1991,NaN,NaN
4706,"Battle Royale",Action|Drama|Horror|Thriller,2000,3.93333333333333,30
4707,"Wedding Banquet, The",Comedy|Drama|Romance,1993,4.5,1
4708,"Salo, or The 120 Days of Sodom",Drama,1976,3.66666666666667,3
4709,"Midnight Clear, A",Drama|War,1992,3.75,2
4710,"Summer School",Comedy,1987,2.375,4
4711,"Silverado",Action|Western,1985,3.2,5
4712,"Quick Change",Comedy|Crime,1990,3.57142857142857,7
4713,"Radio Flyer",Drama,1992,2.75,2
4714,"Real McCoy, The",Action|Crime|Drama|Thriller,1993,4,1
4715,"Revenge",Drama|Romance|Thriller,1990,4,1
4716,"Secret of My Succe$s, The",Comedy|Romance,1987,3.125,4
4717,"Show Me Love",Drama|Romance,1998,3.8125,8
4718,"Teen Wolf",Comedy|Fantasy,1985,3.14285714285714,7
4719,"High Heels",Comedy|Drama,1991,4.5,1
4720,"Things You Can Tell Just by Looking at Her",Drama|Romance,2000,4,1
4721,"To Live and Die in L.A.",Action|Crime|Drama|Thriller,1985,2.5,1
4722,"Trapped in Paradise",Comedy|Crime,1994,2.5,1
4723,"Wild at Heart",Crime|Drama|Mystery|Romance|Thriller,1990,3.8,5
4724,"Witches, The",Children|Fantasy,1990,3.16666666666667,3
4725,"Witches of Eastwick, The",Comedy|Fantasy|Horror|Thriller,1987,2.5,11
4726,"Year of the Dragon",Action|Crime|Drama,1985,2.5,1
4727,"Nothing to Lose",Action|Adventure|Comedy|Crime,1997,3.375,4
4728,"Flying Down to Rio",Comedy|Musical|Romance,1933,3,1
4729,"Follow the Fleet",Comedy|Musical|Romance,1936,3.75,2
4730,"What's New, Pussycat",Comedy,1965,3.5,2
4731,"Mary of Scotland",Drama,1936,3,1
4732,"Roberta",Comedy|Musical|Romance,1935,4,1
4733,"Little Women",Drama,1949,3.5,2
4734,"Swing Time",Comedy|Musical|Romance,1936,4,1
4735,"Public Enemy, The",Action|Crime|Drama,1931,4.25,2
4736,"Midsummer Night's Dream, A",Comedy|Fantasy|Romance,1935,3.5,1
4737,"Life with Father",Comedy,1947,3.5,1
4738,"National Velvet",Children|Drama,1944,3.75,2
4739,"Jesus Christ Superstar",Drama|Musical,1973,4,3
4740,"Dark Victory",Drama|Romance,1939,4,1
4741,"Birdman of Alcatraz",Drama,1962,4,1
4742,"Aguirre: The Wrath of God",Adventure|Drama,1972,4,8
4743,"Beauty and the Beast",Drama|Fantasy,1946,3.25,6
4744,"Birth of a Nation, The",Drama|War,1915,2,1
4745,"Juliet of the Spirits",Comedy|Drama|Fantasy|Romance,1965,3.25,2
4746,"Macbeth",Drama,1971,3.5,4
4747,"Red River",Action|Adventure|Western,1948,4,1
4748,"Woman Under the Influence, A",Drama,1974,5,1
4749,"Stagecoach",Action|Drama|Romance|Western,1939,3.5,3
4750,"Shot in the Dark, A",Comedy|Crime|Mystery,1964,2.5,1
4751,"Navigator, The",Comedy,1924,3.5,1
4752,"Court Jester, The",Adventure|Comedy|Musical,1956,3.5,1
4753,"Bullitt",Action|Crime|Drama|Thriller,1968,3.875,8
4754,"Jezebel",Drama,1938,3.83333333333333,3
4755,"Hunchback of Notre Dame, The",Drama,1939,3.5,2
4756,"42nd Street",Drama|Musical|Romance,1933,4,3
4757,"That Touch of Mink",Comedy|Romance,1962,3.75,2
4758,"Sweet Dreams",Drama,1985,3,1
4759,"Play It Again, Sam",Comedy|Romance,1972,3.75,4
4760,"Send Me No Flowers",Comedy|Romance,1964,3.25,2
4761,"Pygmalion",Comedy|Drama,1938,3.5,1
4762,"Passage to India, A",Adventure|Drama,1984,4,2
4763,"Black Orpheus",Drama|Romance,1959,4,1
4764,"Amarcord",Comedy|Drama,1973,4,2
4765,"Hero",Action|Adventure|Drama,2002,3.92105263157895,38
4766,"Horse Feathers",Comedy,1932,4,2
4767,"Anna Karenina",Drama|Romance,1935,3.5,2
4768,"Front Page, The",Comedy,1974,3.75,2
4769,"Rivers and Tides",Documentary,2001,5,1
4770,"Nausicaä of the Valley of the Wind",Adventure|Animation|Drama|Fantasy|Sci-Fi,1984,4,23
4771,"Doc Hollywood",Comedy|Romance,1991,3,6
4772,"Dragnet",Comedy|Crime|Drama,1987,2.5,4
4773,"Madhouse",Comedy,1990,3.5,1
4774,"1941",Comedy|War,1979,2.66666666666667,3
4775,"Foul Play",Comedy|Thriller,1978,2.75,2
4776,"Crime Story",Action|Crime|Drama,1993,3.25,2
4777,"Beyond the Clouds",Drama|Romance,1996,3,1
4778,"Collector, The",Drama|Horror|Thriller,1965,0.5,1
4779,"Deep Red",Horror|Mystery|Thriller,1975,2.6,5
4780,"Diabolique",Horror|Mystery|Thriller,1955,3.125,4
4781,"Leprechaun",Comedy|Horror,1993,2.3,5
4782,"Wings of Honneamise",Animation|Drama|Sci-Fi|War,1987,3.75,2
4783,"Adam's Rib",Comedy|Romance,1949,4.75,4
4784,"King of Hearts",Comedy|Drama|War,1966,5,1
4785,"Naked Lunch",Drama|Fantasy|Mystery|Sci-Fi,1991,3.44444444444444,9
4786,"Grass",Documentary,1999,3.16666666666667,3
4787,"Spring Forward",Drama,1999,2,1
4788,"Run",Action|Drama|Thriller,1991,3.5,1
4789,"Summer Place, A",Drama,1959,3,1
4790,"Night at the Opera, A",Comedy|Musical|Romance,1935,4.11111111111111,9
4791,"Element of Crime, The",Drama|Thriller,1984,4,1
4792,"Cooler, The",Comedy|Drama|Romance,2003,3.55,10
4793,"In America",Drama|Romance,2002,3.85714285714286,7
4794,"My Flesh and Blood",Documentary,2003,4,1
4795,"Honey",Drama|Romance,2003,3,3
4796,"Last Samurai, The",Action|Adventure|Drama|War,2003,3.90322580645161,62
4797,"Big Fish",Drama|Fantasy|Romance,2003,3.83333333333333,69
4798,"Something's Gotta Give",Comedy|Drama|Romance,2003,3.64705882352941,17
4799,"Stuck on You",Comedy,2003,2.8,10
4800,"Girl with a Pearl Earring",Drama|Romance,2003,3.375,12
4801,"Lord of the Rings: The Return of the King, The",Action|Adventure|Drama|Fantasy,2003,4.11891891891892,185
4802,"Mona Lisa Smile",Drama|Romance,2003,2.8,10
4803,"Calendar Girls",Comedy,2003,2.625,8
4804,"Fog of War: Eleven Lessons from the Life of Robert S. McNamara, The",Documentary|War,2003,4.30769230769231,13
4805,"House of Sand and Fog",Drama,2003,3.77777777777778,9
4806,"Monster",Crime|Drama,2003,3.52941176470588,17
4807,"Cheaper by the Dozen",Children|Comedy,2003,1.9375,8
4808,"Cold Mountain",Drama|Romance|War,2003,3.29166666666667,12
4809,"Paycheck",Action|Sci-Fi|Thriller,2003,2.91176470588235,17
4810,"Peter Pan",Action|Adventure|Children|Fantasy,2003,3.08333333333333,6
4811,"Company, The",Drama|Musical,2003,3,1
4812,"Japanese Story",Drama,2003,3,1
4813,"Chasing Liberty",Comedy|Romance,2004,3.9375,8
4814,"Aileen: Life and Death of a Serial Killer",Documentary,2003,3.5,2
4815,"Along Came Polly",Comedy|Romance,2004,3.04166666666667,24
4816,"Torque",Action|Crime,2004,2.25,2
4817,"Crimson Gold",Drama,2003,3.5,1
4818,"Osama",Drama,2003,3.5,1
4819,"Great Gatsby, The",Drama,1974,3,1
4820,"Wuthering Heights",Drama|Romance,1992,2.5,1
4821,"Ship of Fools",Drama,1965,3.5,1
4822,"This Property is Condemned",Drama|Romance,1966,4.5,1
4823,"Jane Eyre",Drama,1970,3.5,1
4824,"Blame It on the Bellboy",Comedy,1992,2,1
4825,"Only the Strong",Action,1993,3,2
4826,"Adventures of Ford Fairlane, The",Action|Comedy,1990,3,2
4827,"Beyond Re-Animator",Horror,2003,3,1
4828,"Wind and the Lion, The",Adventure,1975,3,1
4829,"Mon Oncle",Comedy,1958,3.83333333333333,3
4830,"Dr. Jekyll and Mr. Hyde",Drama|Horror,1941,3.75,2
4831,"M. Hulot's Holiday",Comedy,1953,3.5,3
4832,"People Will Talk",Comedy|Romance,1951,3.5,1
4833,"I Was a Male War Bride",Comedy|Romance,1949,4.25,2
4834,"To Have and Have Not",Adventure|Drama|Romance|Thriller|War,1944,3.5,4
4835,"High Sierra",Crime|Drama|Film-Noir|Thriller,1941,4.16666666666667,3
4836,"Dark Passage",Crime|Drama|Film-Noir|Romance|Thriller,1947,4,1
4837,"Ox-Bow Incident, The",Drama|Western,1943,4.5,1
4838,"They Drive by Night",Drama,1940,4,1
4839,"Reefer Madness",Comedy|Drama,1938,3.25,2
4840,"D.O.A.",Drama|Film-Noir|Mystery,1950,2.5,1
4841,"Pumping Iron",Documentary,1977,3.66666666666667,3
4842,"Cool World",Animation|Comedy|Fantasy,1992,2.5,4
4843,"Strada, La",Drama,1954,4.25,6
4844,"Ichi the Killer",Action|Comedy|Crime|Drama|Horror|Thriller,2001,3.41666666666667,6
4845,"Boy and His Dog, A",Sci-Fi,1975,4,3
4846,"Ashes and Diamonds",Drama|War,1958,4,1
4847,"Intolerance: Love's Struggle Throughout the Ages",Drama,1916,3.5,1
4848,"Tormented",Horror|Thriller,1960,1,1
4849,"Chitty Chitty Bang Bang",Adventure|Children|Comedy|Fantasy|Musical,1968,3.45454545454545,11
4850,"Suriyothai",Action|Adventure|Drama|War,2001,3.5,1
4851,"Where the Day Takes You",Drama,1992,4,1
4852,"The Butterfly Effect",Drama|Sci-Fi|Thriller,2004,3.6304347826087,46
4853,"Win a Date with Tad Hamilton!",Comedy|Romance,2004,2.8125,8
4854,"Touching the Void",Adventure|Documentary,2003,4,8
4855,"Big Bounce, The",Comedy|Crime|Thriller,2004,2,4
4856,"Perfect Score, The",Comedy|Crime,2004,2.75,4
4857,"You Got Served",Drama|Musical,2004,2.125,4
4858,"Latter Days",Comedy|Drama|Romance,2003,3.5,1
4859,"Barbershop 2: Back in Business",Comedy,2004,2.16666666666667,3
4860,"Catch That Kid",Action|Adventure|Children|Comedy|Crime,2004,2,1
4861,"Miracle",Drama,2004,3.35,10
4862,"An Amazing Couple",Comedy|Romance,2002,4,1
4863,"Dreamers, The",Drama,2003,3.73076923076923,13
4864,"Lost Skeleton of Cadavra, The",Comedy|Horror|Sci-Fi,2002,4,1
4865,"Hip Hop Witch, Da",Comedy|Horror|Thriller,2000,1,1
4866,"Thirteen",Drama,2003,3.61111111111111,9
4867,"Best Defense",Comedy|War,1984,2.5,1
4868,"50 First Dates",Comedy|Romance,2004,3.5531914893617,47
4869,"Welcome to Mooseport",Comedy,2004,3.25,4
4870,"Kitchen Stories",Comedy|Drama,2003,3.66666666666667,3
4871,"Monsieur Ibrahim",Drama,2003,3.66666666666667,3
4872,"Diary of a Country Priest",Drama,1951,3.5,3
4873,"Thief of Bagdad, The",Action|Adventure|Fantasy,1924,3.5,1
4874,"The Diary of Anne Frank",Drama|War,1959,4,4
4875,"Allegro non troppo",Animation|Comedy|Fantasy|Musical,1977,4,1
4876,"Black Widow",Crime|Drama|Mystery|Thriller,1987,2.5,2
4877,"Herod's Law",Comedy|Crime|Mystery,2000,3,1
4878,"Flesh & Blood",Action|Adventure|Drama|War,1985,3,2
4879,"King Solomon's Mines",Adventure|Comedy,1985,2.5,1
4880,"Raw Deal",Action,1986,3.33333333333333,3
4881,"Goodbye, Mr. Chips",Drama|Romance,1939,3.66666666666667,3
4882,"Follow Me, Boys!",Comedy|Drama,1966,0.5,1
4883,"Against the Ropes",Comedy|Drama,2004,2,2
4884,"Confessions of a Teenage Drama Queen",Comedy,2004,2.375,4
4885,"EuroTrip",Adventure|Comedy,2004,3.13333333333333,15
4886,"Passion of the Christ, The",Drama,2004,2.61538461538462,13
4887,"Club Dread",Comedy|Horror,2004,2.08333333333333,6
4888,"Dirty Dancing: Havana Nights",Romance,2004,3.4,5
4889,"Twisted",Thriller,2004,2.75,2
4890,"Good bye, Lenin!",Comedy|Drama,2003,3.80434782608696,23
4891,"Hidalgo",Adventure|Drama,2004,3.31818181818182,11
4892,"Starsky & Hutch",Action|Comedy|Crime|Thriller,2004,3.28571428571429,21
4893,"Reckoning, The",Crime|Drama,2004,3.5,1
4894,"Persona",Drama,1966,3.75,6
4895,"Passion of Anna, The",Drama,1969,3.5,1
4896,"Corbeau, Le",Crime|Drama|Thriller,1943,4.25,2
4897,"Pickup on South Street",Film-Noir,1953,4,1
4898,"Damned, The",Drama|War,1969,3.5,1
4899,"Just One of the Guys",Comedy,1985,2.75,4
4900,"Wrong Arm of the Law, The",Comedy|Crime,1963,3.5,1
4901,"Agent Cody Banks 2: Destination London",Action|Adventure|Children|Comedy,2004,4,1
4902,"Girl Next Door, The",Comedy|Romance,2004,3.125,20
4903,"Secret Window",Mystery|Thriller,2004,3.3,15
4904,"Spartan",Thriller,2004,3.5,3
4905,"Broken Wings",Drama,2002,3,1
4906,"Wilbur Wants to Kill Himself",Comedy|Drama|Romance,2002,4,2
4907,"Mad Dog and Glory",Comedy|Drama|Romance,1993,3.33333333333333,3
4908,"Peyton Place",Drama|Romance,1957,3.5,1
4909,"Dawn of the Dead",Action|Drama|Horror|Thriller,2004,3.90625,16
4910,"Eternal Sunshine of the Spotless Mind",Drama|Romance|Sci-Fi,2004,4.16030534351145,131
4911,"Taking Lives",Crime|Drama|Thriller,2004,3.25,4
4912,"Intermission",Comedy|Crime|Drama,2003,4,1
4913,"Jersey Girl",Comedy|Drama|Romance,2004,2.9375,8
4914,"Ladykillers, The",Comedy|Crime,2004,2.57142857142857,14
4915,"Never Die Alone",Crime|Drama|Thriller,2004,3.5,1
4916,"Scooby-Doo 2: Monsters Unleashed",Action|Adventure|Children|Comedy|Mystery,2004,2.25,4
4917,"Dogville",Drama|Mystery|Thriller,2003,4.025,20
4918,"Ned Kelly",Drama,2003,3,1
4919,"Hellboy",Action|Adventure|Fantasy|Horror,2004,3.3780487804878,41
4920,"Prince & Me, The",Comedy|Romance,2004,3.07142857142857,7
4921,"Walking Tall",Action,2004,3,6
4922,"United States of Leland, The",Crime|Drama,2003,3.5,1
4923,"The Alamo",Drama|War|Western,2004,3.5,6
4924,"Ella Enchanted",Comedy|Fantasy|Romance,2004,3.35714285714286,7
4925,"Whole Ten Yards, The",Action|Comedy|Crime,2004,3.14285714285714,7
4926,"I'm Not Scared",Drama|Mystery|Thriller,2003,4.25,2
4927,"Ten Commandments, The",Adventure|Drama,1956,3.75,4
4928,"Dawn of the Dead",Action|Drama|Horror,1978,3.975,20
4929,"Prey for Rock & Roll",Drama|Musical,2003,1.5,1
4930,"Those Magnificent Men in Their Flying Machines",Action|Adventure|Comedy,1965,2.5,1
4931,"Cheaper by the Dozen",Comedy|Drama,1950,2.75,2
4932,"Scenes From a Marriage",Drama,1973,4,7
4933,"Munchies",Comedy|Horror,1987,1.5,1
4934,"Going in Style",Comedy|Drama,1979,2.5,1
4935,"After Hours",Comedy|Thriller,1985,3.78571428571429,7
4936,"Kill Bill: Vol. 2",Action|Drama|Thriller,2004,3.86818181818182,110
4937,"Punisher, The",Action|Crime|Thriller,2004,3.5,14
4938,"Paper Clips",Documentary,2004,3.25,2
4939,"This So-Called Disaster",Documentary,2003,3.5,1
4940,"13 Going on 30",Comedy|Fantasy|Romance,2004,3.19047619047619,21
4941,"Man on Fire",Action|Crime|Drama|Mystery|Thriller,2004,3.62857142857143,35
4942,"Envy",Comedy,2004,2.75,4
4943,"Godsend",Drama|Horror|Thriller,2004,2.5,2
4944,"Laws of Attraction",Comedy|Romance,2004,2.75,4
4945,"Mean Girls",Comedy,2004,3.75641025641026,39
4946,"Van Helsing",Action|Adventure|Fantasy|Horror,2004,2.70833333333333,24
4947,"Mudge Boy, The",Drama,2003,3,1
4948,"Breakin' All the Rules",Comedy|Romance,2004,3.5,1
4949,"Troy",Action|Adventure|Drama|War,2004,3.42708333333333,48
4950,"Carandiru",Crime|Drama,2003,4.5,1
4951,"Coffee and Cigarettes",Comedy|Drama,2003,3.58333333333333,6
4952,"Eye See You",Horror|Thriller,2002,2.5,1
4953,"Watch on the Rhine",Drama,1943,4,1
4954,"Enemy Mine",Adventure|Drama|Sci-Fi,1985,4,4
4955,"Enter the Dragon",Action|Crime,1973,4.03846153846154,13
4956,"Happy Together",Drama|Romance,1997,4.75,2
4957,"Henry & June",Drama,1990,4,1
4958,"Martin",Drama|Horror,1977,4,1
4959,"Three Faces of Eve, The",Drama,1957,4,2
4960,"100 Girls",Comedy|Romance,2000,3.25,4
4961,"Fail-Safe",Drama|Thriller|War,1964,4,1
4962,"Paperhouse",Fantasy|Horror|Thriller,1988,3.5,1
4963,"Dobermann",Action|Crime,1997,2.5,1
4964,"Kwaidan",Horror,1964,2.5,2
4965,"28 Up",Documentary,1985,4,3
4966,"You Only Live Twice",Action|Adventure|Sci-Fi|Thriller,1967,3.83333333333333,12
4967,"Octopussy",Action|Adventure|Thriller,1983,3.3125,8
4968,"Wit",Drama,2001,4.5,1
4969,"Never Say Never Again",Action|Adventure|Thriller,1983,3.125,8
4970,"Pride and Prejudice",Comedy|Drama|Romance,1940,3.66666666666667,3
4971,"Fountainhead, The",Drama,1949,3.25,2
4972,"Woman of the Year",Comedy|Romance,1942,4,2
4973,"Samouraï, Le",Crime|Drama|Thriller,1967,4,4
4974,"Oklahoma!",Musical|Romance|Western,1955,4.5,2
4975,"Desert Hearts",Drama,1985,4.5,1
4976,"Body Double",Mystery|Thriller,1984,2.5,1
4977,"Chaplin",Drama,1992,3.5,2
4978,"Miracle Worker, The",Drama,1962,3.66666666666667,3
4979,"Monster in a Box",Comedy|Drama,1992,4,1
4980,"School Ties",Drama,1992,2.75,6
4981,"Raising Cain",Horror|Thriller,1992,0.5,1
4982,"Rose Red",Horror|Mystery|Thriller,2002,3,2
4983,"Noises Off...",Comedy,1992,3.75,2
4984,"Babylon 5: In the Beginning",Adventure|Sci-Fi,1998,2.8,5
4985,"Witchfinder General",Horror,1968,2,3
4986,"Versus",Action|Comedy|Fantasy|Horror,2000,3.75,2
4987,"Pride and Prejudice",Drama|Romance,1995,3.55555555555556,9
4988,"China Syndrome, The",Drama|Thriller,1979,3.7,5
4989,"Wages of Fear, The",Action|Adventure|Drama|Thriller,1953,3.3,5
4990,"Look Who's Talking Too",Comedy|Romance,1990,1.78571428571429,7
4991,"Bells of St. Mary's, The",Drama,1945,3.5,1
4992,"Delta Force, The",Action,1986,2,1
4993,"Pat and Mike",Comedy|Romance,1952,4,2
4994,"Animal Crackers",Comedy|Musical,1930,4.125,4
4995,"He Said, She Said",Comedy|Drama|Romance,1991,2,1
4996,"Bedazzled",Comedy|Fantasy,1967,2,1
4997,"Cat People",Drama|Horror|Romance|Thriller,1942,4,1
4998,"Camelot",Drama|Musical|Romance,1967,4,1
4999,"Lonely Guy, The",Comedy,1984,3.5,1
5000,"Four Musketeers, The",Action|Adventure|Comedy|Romance,1974,2.75,4
5001,"Protocol",Comedy,1984,3,1
5002,"Postman Always Rings Twice, The",Crime|Drama|Film-Noir|Thriller,1946,3.66666666666667,3
5003,"Matinee",Comedy|Drama,1993,3,1
5004,"Baxter",Drama|Horror,1989,0.5,1
5005,"Explorers",Adventure|Children|Sci-Fi,1985,3.5,2
5006,"Scent of Green Papaya, The",Drama,1993,4,1
5007,"Pierrot le fou",Crime|Drama,1965,3.875,4
5008,"Weekend",Drama,1967,4,1
5009,"Tuesdays with Morrie",Drama,1999,3.5,2
5010,"Alexander Nevsky",Action|Drama|War,1938,4,2
5011,"Jason and the Argonauts",Action|Adventure|Fantasy,1963,3.5,6
5012,"Tinker, Tailor, Soldier, Spy",Drama|Thriller,1979,3.625,4
5013,"Throne of Blood",Action|Drama|Thriller|War,1957,4,4
5014,"Best of Youth, The",Drama,2003,4.75,2
5015,"Undercurrent",Film-Noir|Thriller,1946,3.5,1
5016,"Bang, Bang, You're Dead",Drama,2002,4,2
5017,"Twister",Comedy,1990,1.5,1
5018,"Sniper",Action|Drama,1993,3,2
5019,"Genghis Blues",Documentary,1999,3.5,1
5020,"11'09""01 - September 11",Drama,2002,4,2
5021,"Parallax View, The",Thriller,1974,NaN,NaN
5022,"Warriors, The",Action|Adventure|Crime|Thriller,1979,3.9375,8
5023,"Babylon 5: A Call to Arms",Adventure|Sci-Fi,1999,3.33333333333333,3
5024,"Babylon 5: The River of Souls",Drama|Sci-Fi,1998,4,1
5025,"Babylon 5: Thirdspace",Drama|Sci-Fi,1998,3.66666666666667,3
5026,"True Stories",Comedy|Musical,1986,5,1
5027,"Virgin Spring, The",Crime|Drama,1960,3.75,2
5028,"Mogambo",Adventure|Drama|Romance,1953,3,1
5029,"Secret Life of Walter Mitty, The",Comedy|Romance|Thriller,1947,3.5,1
5030,"Another Thin Man",Comedy|Crime|Drama|Mystery|Romance,1939,3.5,1
5031,"Thin Man Goes Home, The",Comedy|Crime|Mystery,1945,3.5,1
5032,"Shadow of the Thin Man",Comedy|Crime|Mystery,1941,3.5,1
5033,"After the Thin Man",Comedy|Crime|Mystery|Romance,1936,2.83333333333333,3
5034,"Song of the Thin Man",Comedy|Crime|Drama|Musical|Mystery|Romance,1947,3.5,1
5035,"Love Crazy",Comedy,1941,3.5,1
5036,"Gunga Din",Adventure|Comedy|War,1939,3.16666666666667,3
5037,"Children of Dune",Fantasy|Sci-Fi,2003,3.75,2
5038,"Dune",Drama|Fantasy|Sci-Fi,2000,4.375,4
5039,"Lammbock",Comedy,2001,4.5,1
5040,"Legend, The",Action|Comedy,1993,3.5,2
5041,"Tremors II: Aftershocks",Comedy|Horror|Sci-Fi,1996,2.7,5
5042,"Tremors 3: Back to Perfection",Comedy|Horror|Sci-Fi,2001,3,3
5043,"Notorious C.H.O.",Comedy,2002,3.5,1
5044,"The Plague of the Zombies",Horror,1966,3,1
5045,"I Walked with a Zombie",Drama|Horror,1943,2,2
5046,"Highway 61",Comedy,1991,3.25,2
5047,"How to Succeed in Business Without Really Trying",Comedy|Musical,1967,4.25,2
5048,"Pat Garrett and Billy the Kid",Western,1973,3.75,2
5049,"Last Man on Earth, The",Drama|Horror|Sci-Fi,1964,3,1
5050,"Duck, You Sucker",Action|Western,1971,3.5,4
5051,"Bring Me the Head of Alfredo Garcia",Crime|Drama|Thriller,1974,3.5,2
5052,"Ride the High Country",Adventure|Drama|Western,1962,3.5,1
5053,"Master of the Flying Guillotine",Action,1975,4.5,1
5054,"Frankenstein Must Be Destroyed",Drama|Horror|Sci-Fi,1969,3,1
5055,"Gidget",Comedy,1959,3.5,1
5056,"Desperate Living",Comedy|Crime,1977,3.5,1
5057,"Stray Dog",Drama|Film-Noir|Thriller,1949,3.5,1
5058,"Hidden Fortress, The",Action|Adventure,1958,4.25,2
5059,"High and Low",Crime|Drama|Film-Noir|Thriller,1963,4,1
5060,"People Under the Stairs, The",Horror|Mystery|Thriller,1991,3.75,2
5061,"Dark Days",Documentary,2000,3.66666666666667,3
5062,"Zelig",Comedy,1983,4,7
5063,"Shame",Drama|War,1968,4,1
5064,"Silence, The",Drama,1963,3.5,2
5065,"Winter Light",Drama,1963,3.5,1
5066,"Through a Glass Darkly",Drama,1961,4.5,1
5067,"The Magician",Drama,1958,4.5,1
5068,"Killers, The",Crime|Film-Noir,1946,4,1
5069,"Night of the Iguana, The",Drama|Thriller,1964,3,1
5070,"Nightbreed",Fantasy|Horror,1990,2,1
5071,"Ken Park",Drama,2002,4.5,1
5072,"Monterey Pop",Documentary|Musical,1968,3.5,1
5073,"Bridge Too Far, A",Action|Drama|War,1977,3.78571428571429,7
5074,"Infernal Affairs",Crime|Drama|Thriller,2002,4.33333333333333,9
5075,"Tale of Two Sisters, A",Drama|Horror|Mystery|Thriller,2003,3.25,4
5076,"Broadway Danny Rose",Comedy,1984,4.2,5
5077,"From Beyond",Horror|Sci-Fi,1986,4,1
5078,"Robot Jox",Sci-Fi,1990,1,1
5079,"Dolls",Horror,1987,2.5,1
5080,"Space Truckers",Comedy|Sci-Fi,1996,2,1
5081,"Death Race 2000",Action|Sci-Fi,1975,3.66666666666667,3
5082,"Bucket Of Blood, A",Comedy|Horror,1959,2.5,1
5083,"Brigadoon",Fantasy|Musical|Romance,1954,4,3
5084,"Power of One, The",Drama,1992,4,1
5085,"Weather Underground, The",Documentary,2002,4,4
5086,"Kikujiro",Comedy|Drama,1999,3.66666666666667,3
5087,"Spring, Summer, Fall, Winter... and Spring",Drama,2003,4.25,10
5088,"Phantom Tollbooth, The",Adventure|Animation|Children|Fantasy,1970,3.5,1
5089,"Getaway, The",Action|Crime|Drama|Thriller,1972,4,2
5090,"Dark Water",Drama|Horror|Mystery|Thriller,2002,4,1
5091,"Thing Called Love, The",Comedy|Drama|Romance,1993,3.5,2
5092,"The Thief",Drama,1997,4.5,1
5093,"How to Steal a Million",Comedy|Crime|Romance,1966,3.66666666666667,3
5094,"Stendhal Syndrome, The",Crime|Horror|Thriller,1996,2,2
5095,"Mean Streets",Crime|Drama,1973,4,7
5096,"Jack the Bear",Comedy|Drama,1993,1.5,1
5097,"I Am a Fugitive from a Chain Gang",Crime|Drama|Film-Noir,1932,3.66666666666667,3
5098,"Hamburger Hill",Action|Drama|War,1987,2,1
5099,"Sweet Bird of Youth",Drama,1962,3,1
5100,"Frankenstein Unbound",Drama|Horror|Sci-Fi,1990,3,1
5101,"Shiri",Action|Drama|Romance|Thriller,1999,3.5,1
5102,"Bad Day at Black Rock",Drama|Thriller|Western,1955,3.5,1
5103,"In China They Eat Dogs",Action|Comedy,1999,4,1
5104,"Delta Force 2",Action|Adventure|Thriller|War,1990,4,1
5105,"Crossroads",Drama,1986,3,3
5106,"Seducing Doctor Lewis",Comedy,2003,2,2
5107,"Sunrise: A Song of Two Humans",Drama|Romance,1927,4,1
5108,"Shock Corridor",Drama,1963,3.5,1
5109,"Au revoir les enfants",Drama,1987,4.1,5
5110,"Pursuit of Happiness",Comedy|Romance,2001,3.5,1
5111,"Gladiator",Action|Drama,1992,4.33333333333333,9
5112,"Indestructible Man",Crime|Horror|Sci-Fi,1956,0.5,1
5113,"Wasp Woman, The",Horror|Sci-Fi,1959,0.5,1
5114,"Attack of the Giant Leeches",Horror|Sci-Fi,1959,2.25,2
5115,"Dead or Alive: Hanzaisha",Action|Crime,1999,4.25,2
5116,"Lola Montès",Drama,1955,3.5,1
5117,"Charly",Drama|Sci-Fi,1968,4,1
5118,"Lust for Life",Drama,1956,2.5,1
5119,"Dolce Vita, La",Drama,1960,3.75,6
5120,"Jin Roh: The Wolf Brigade",Animation|Fantasy|Thriller,1998,3.5,5
5121,"Rush",Crime|Drama,1991,4,1
5122,"Captain Blood",Action|Adventure|Romance,1935,4,2
5123,"*batteries not included",Children|Comedy|Fantasy|Sci-Fi,1987,3.28571428571429,7
5124,"Educating Rita",Comedy|Drama,1983,3.16666666666667,3
5125,"Sansho the Bailiff",Drama,1954,3.5,1
5126,"Zazie dans le métro",Comedy,1960,3,1
5127,"Americanization of Emily, The",Comedy|Drama|War,1964,4,1
5128,"Anne of the Thousand Days",Drama,1969,4,1
5129,"Avventura, L'",Drama|Mystery|Romance,1960,4,2
5130,"Beyond the Valley of the Dolls",Comedy|Horror,1970,3.5,1
5131,"Hiroshima Mon Amour",Drama|Romance|War,1959,4,1
5132,"Ugetsu",Drama|Thriller,1953,2.5,2
5133,"Day of the Jackal, The",Crime|Thriller,1973,4.08333333333333,6
5134,"Night of the Living Dead",Horror,1990,4,1
5135,"Maltese Falcon, The",Mystery,1931,3.61764705882353,17
5136,"I Love You Again",Comedy|Drama,1940,3.5,1
5137,"Safety Last!",Action|Comedy|Romance,1923,4,2
5138,"While the City Sleeps",Drama|Film-Noir,1956,0.5,1
5139,"Little Murders",Comedy|Crime,1971,5,1
5140,"Viridiana",Comedy|Drama,1961,4,1
5141,"Masterminds",Action|Comedy|Thriller,1997,4,1
5142,"Lupin III: The Castle Of Cagliostro",Action|Adventure|Animation|Comedy|Crime|Mystery,1979,3.4,5
5143,"Arizona Dream",Comedy|Drama|Fantasy|Romance,1993,4.25,6
5144,"3 Women",Drama,1977,4.16666666666667,3
5145,"Grey Gardens",Documentary,1975,3.5,1
5146,"Purple Rain",Drama|Musical,1984,2.7,5
5147,"Point of No Return",Action|Thriller,1993,4.25,2
5148,"Hairdresser's Husband, The",Comedy|Drama|Romance,1990,3.75,2
5149,"College",Comedy,1927,3.5,1
5150,"Mitchell",Action|Crime,1975,0.75,2
5151,"Used People",Comedy|Drama,1992,3.5,1
5152,"Front Page, The",Comedy|Drama|Romance,1931,3.5,1
5153,"Dolls",Drama|Romance,2002,4.25,2
5154,"Man Who Came to Dinner, The",Comedy,1942,4,1
5155,"Make Way for Tomorrow",Drama,1937,3.5,1
5156,"Major and the Minor, The",Comedy|Romance,1942,3.5,1
5157,"Caine Mutiny, The",Drama|War,1954,4,2
5158,"Black Narcissus",Drama,1947,4,1
5159,"Escape from Alcatraz",Drama|Thriller,1979,3.78571428571429,7
5160,"Oliver Twist",Adventure|Crime|Drama,1948,3.83333333333333,3
5161,"Shrek 2",Adventure|Animation|Children|Comedy|Musical|Romance,2004,3.57608695652174,92
5162,"Day After Tomorrow, The",Action|Adventure|Drama|Sci-Fi|Thriller,2004,3.05,50
5163,"Raising Helen",Comedy|Drama|Romance,2004,2.75,4
5164,"Soul Plane",Comedy,2004,3.75,2
5165,"Baadasssss!",Drama,2003,3.375,4
5166,"Saved!",Comedy|Drama,2004,3.89285714285714,14
5167,"Harry Potter and the Prisoner of Azkaban",Adventure|Fantasy|IMAX,2004,3.91397849462366,93
5168,"Mindhunters",Action|Crime|Horror|Mystery|Thriller,2004,2.66666666666667,3
5169,"Blind Swordsman: Zatoichi, The",Action|Comedy|Crime|Drama,2003,3.95833333333333,12
5170,"Chronicles of Riddick, The",Action|Sci-Fi|Thriller,2004,3.30434782608696,23
5171,"Garfield: The Movie",Animation|Children|Comedy,2004,2.3,5
5172,"Stepford Wives, The",Comedy|Fantasy|Thriller,2004,2.25,12
5173,"Hunting of the President, The",Documentary,2004,2.5,1
5174,"Napoleon Dynamite",Comedy,2004,3.32432432432432,37
5175,"Doctor, The",Drama,1991,4,1
5176,"Dresser, The",Drama,1983,3,1
5177,"Father Hood",Comedy,1993,2.5,1
5178,"Hello Again",Comedy,1987,2.5,1
5179,"Hope Springs",Comedy|Romance,2003,1,1
5180,"Lover Come Back",Comedy|Romance,1961,3,1
5181,"Police Academy: Mission to Moscow",Comedy|Crime,1994,0.8,5
5182,"Big Wednesday",Comedy|Drama,1978,3,1
5183,"Book of Love",Comedy|Romance,1990,2,1
5184,"Hour of the Wolf",Drama|Horror,1968,4.5,2
5185,"Suddenly",Crime|Drama|Film-Noir,1954,3.5,1
5186,"Divorcee, The",Drama|Romance,1930,4,1
5187,"Meet the Applegates",Comedy,1991,2,1
5188,"Robot Carnival",Animation|Comedy|Drama|Fantasy|Sci-Fi,1987,4,1
5189,"Americathon",Comedy|Sci-Fi,1979,1.5,1
5190,"Sands of Iwo Jima",Action|Drama|Romance|War,1949,2.5,1
5191,"This Island Earth",Sci-Fi,1955,1,1
5192,"Anthony Adverse",Adventure|Romance,1936,3,1
5193,"Blackboard Jungle",Drama,1955,3.25,2
5194,"Luna Papa",Comedy|Drama|Fantasy,1999,3.5,1
5195,"Investigation of a Citizen Above Suspicion",Crime|Drama|Thriller,1970,4,1
5196,"To Each His Own",Drama,1946,3.5,1
5197,"Heiress, The",Drama|Romance,1949,3.5,1
5198,"Dragon Seed",Drama|War,1944,3.5,1
5199,"Executive Suite",Drama,1954,3,1
5200,"Johnny Belinda",Drama,1948,4,1
5201,"Super Size Me",Comedy|Documentary|Drama,2004,3.51,50
5202,"Johnny Eager",Crime|Drama|Film-Noir|Romance,1942,3.5,1
5203,"Jetée, La",Romance|Sci-Fi,1962,4.5,2
5204,"Northwest Passage",Action|Adventure|Drama|Romance|Thriller|Western,1940,3,1
5205,"Picture of Dorian Gray, The",Drama|Fantasy|Horror,1945,2,2
5206,"Human Condition I, The",Drama|War,1959,4.5,1
5207,"Please Don't Eat the Daisies",Children|Comedy|Musical,1960,3.5,2
5208,"White Heat",Crime|Drama|Film-Noir,1949,3.66666666666667,3
5209,"Christmas Carol, A",Drama|Fantasy,1951,3.25,2
5210,"Memphis Belle",Action|Drama|War,1990,3.08333333333333,6
5211,"Cincinnati Kid, The",Drama,1965,0.5,1
5212,"Animal Factory",Crime|Drama,2000,2.5,1
5213,"Godzilla vs. Mechagodzilla",Action|Horror|Sci-Fi,1974,2.5,1
5214,"Hitcher, The",Action|Thriller,1986,3.625,4
5215,"Show Boat",Drama|Musical|Romance,1951,3,1
5216,"Fear X",Mystery|Thriller,2003,2.25,2
5217,"Freaks",Crime|Drama|Horror,1932,3.16666666666667,9
5218,"Immigrant, The",Comedy,1917,4.5,1
5219,"Silent Movie",Comedy,1976,3.5,1
5220,"Anna Christie",Drama,1930,3.5,1
5221,"Dr. Jekyll and Mr. Hyde",Drama|Horror,1931,2,2
5222,"Around the World in 80 Days",Adventure|Children|Comedy,2004,2.5,3
5223,"Dodgeball: A True Underdog Story",Comedy,2004,3.55128205128205,39
5224,"Terminal, The",Comedy|Drama|Romance,2004,3.31914893617021,47
5225,"Dear Frankie",Drama|Romance,2004,3.75,2
5226,"White Chicks",Action|Comedy|Crime,2004,2.83333333333333,6
5227,"Door in the Floor, The",Drama,2004,2.5,1
5228,"Notebook, The",Drama|Romance,2004,3.56578947368421,38
5229,"Two Brothers",Adventure|Children|Drama,2004,3.5,1
5230,"De-Lovely",Drama|Musical,2004,4,1
5231,"Day at the Races, A",Comedy|Musical,1937,4,3
5232,"Bob & Carol & Ted & Alice",Comedy|Drama,1969,3.5,1
5233,"Claymation Christmas Celebration, A",Animation|Children|Comedy|Musical,1987,1.5,2
5234,"Happenstance",Comedy|Drama,2001,3,1
5235,"Comandante",Documentary,2003,4,1
5236,"Undead",Action|Comedy|Horror|Sci-Fi,2003,3.25,2
5237,"Into the Woods",Adventure|Comedy|Fantasy|Musical,1991,5,1
5238,"Pirates of Silicon Valley",Documentary|Drama,1999,4,4
5239,"Manufacturing Consent: Noam Chomsky and the Media",Documentary|War,1992,4.25,2
5240,"Mayor of the Sunset Strip",Documentary,2003,3.5,1
5241,"Killing Me Softly",Drama|Mystery|Romance|Thriller,2002,4,1
5242,"Philadelphia Experiment, The",Adventure|Drama|Sci-Fi,1984,3.5,1
5243,"Juice",Action|Crime|Drama|Thriller,1992,4,1
5244,"Revenge of the Pink Panther",Comedy|Crime,1978,3.25,2
5245,"Angels with Dirty Faces",Crime|Drama|Film-Noir|Thriller,1938,3.75,2
5246,"Zero de conduite",Comedy|Drama,1933,4,1
5247,"Taxi",Action|Comedy,1998,3.2,5
5248,"Taxi 3",Action|Comedy,2003,3.25,2
5249,"Tokyo Godfathers",Adventure|Animation|Drama,2003,3.9,5
5250,"Our Hospitality",Comedy,1923,3.25,2
5251,"All of Me",Comedy|Fantasy,1984,2.5,2
5252,"Farmer's Daughter, The",Comedy,1947,3.5,1
5253,"Overboard",Comedy|Romance,1987,3,6
5254,"Butterfield 8",Drama,1960,3,1
5255,"Exterminating Angel, The",Comedy|Drama|Fantasy|Mystery,1962,1.5,2
5256,"Fahrenheit 9/11",Documentary,2004,3.48648648648649,37
5257,"Roxanne",Comedy|Romance,1987,3.27272727272727,11
5258,"Dr. Terror's House of Horrors",Horror|Sci-Fi,1965,1.5,1
5259,"Secret Society",Comedy,2002,0.5,1
5260,"Last Starfighter, The",Action|Adventure|Comedy|Sci-Fi,1984,3.57142857142857,7
5261,"Spider-Man 2",Action|Adventure|Sci-Fi|IMAX,2004,3.80379746835443,79
5262,"Before Sunset",Drama|Romance,2004,3.7,15
5263,"King Arthur",Action|Adventure|Drama|War,2004,2.96153846153846,13
5264,"Anchorman: The Legend of Ron Burgundy",Comedy,2004,3.7719298245614,57
5265,"Cinderella Story, A",Comedy|Romance,2004,3.27777777777778,9
5266,"I, Robot",Action|Adventure|Sci-Fi|Thriller,2004,3.49180327868852,61
5267,"Maria Full of Grace",Crime|Drama,2004,3.9375,8
5268,"Long Day's Journey Into Night",Drama,1962,3.5,1
5269,"Short Film About Killing, A",Crime|Drama,1988,3.75,2
5270,"Bourne Supremacy, The",Action|Crime|Thriller,2004,3.78666666666667,75
5271,"Catwoman",Action|Crime|Fantasy,2004,1.33333333333333,9
5272,"A Home at the End of the World",Drama|Romance,2004,3.5,1
5273,"Testament of Dr. Mabuse, The",Crime|Horror|Mystery|Thriller,1933,4,1
5274,"Flash Gordon Conquers the Universe",Action|Sci-Fi,1940,1.25,2
5275,"Man Escaped, A",Adventure|Drama,1956,3.5,1
5276,"Miracle of Marcelino, The",Comedy|Drama,1955,3.5,1
5277,"Slaughterhouse-Five",Comedy|Drama|Sci-Fi|War,1972,4,1
5278,"Bachelor and the Bobby-Soxer, The",Comedy,1947,3,3
5279,"Mr. Blandings Builds His Dream House",Comedy,1948,3,1
5280,"My Favorite Wife",Comedy|Romance,1940,3,1
5281,"New Adventures of Pippi Longstocking, The",Adventure|Children|Fantasy|Musical,1988,3,1
5282,"Night and Day",Drama|Musical,1946,2.5,1
5283,"Snake Pit, The",Drama,1948,3.5,2
5284,"Super, The",Comedy,1991,2,1
5285,"Leopard, The",Drama|War,1963,4.25,2
5286,"Day of the Locust, The",Drama,1975,2,1
5287,"To End All Wars",Action|Drama|War,2001,4,2
5288,"Woman Is a Woman, A",Comedy|Drama|Musical|Romance,1961,5,1
5289,"Biggles",Adventure|Fantasy|Sci-Fi,1986,3,2
5290,"Yesterday, Today and Tomorrow",Comedy,1963,4,2
5291,"Unprecedented: The 2000 Presidential Election",Documentary,2002,3.5,1
5292,"Prime of Miss Jean Brodie, The",Drama,1969,4,1
5293,"My Voyage to Italy",Documentary,1999,3,1
5294,"This Gun for Hire",Crime|Film-Noir|Thriller,1942,NaN,NaN
5295,"Sherlock Holmes: Terror by Night",Crime|Mystery|Thriller,1946,3,1
5296,"Spy Who Came in from the Cold, The",Drama|Thriller,1965,0.5,1
5297,"Sherlock Holmes and the Secret Weapon",Crime|Mystery|Thriller,1942,3,1
5298,"Sherlock Holmes: The Woman in Green",Mystery,1945,3.5,1
5299,"Sherlock Holmes: Dressed to Kill",Crime|Mystery,1946,3.75,2
5300,"Manchurian Candidate, The",Thriller,2004,3.04166666666667,12
5301,"Thunderbirds",Action|Adventure|Fantasy|Sci-Fi,2004,2.75,2
5302,"Village, The",Drama|Mystery|Thriller,2004,3.19230769230769,26
5303,"Garden State",Comedy|Drama|Romance,2004,3.70833333333333,48
5304,"Musa the Warrior",Action|Adventure|Drama|War,2001,4.5,1
5305,"Funny Thing Happened on the Way to the Forum, A",Comedy|Musical,1966,3.1,5
5306,"Collateral",Action|Crime|Drama|Thriller,2004,3.76136363636364,44
5307,"Little Black Book",Comedy|Romance,2004,2.16666666666667,3
5308,"Code 46",Romance|Sci-Fi,2003,4.5,1
5309,"Story of Women",Drama,1988,5,1
5310,"Harold and Kumar Go to White Castle",Adventure|Comedy,2004,3.45588235294118,34
5311,"Princess Diaries 2: Royal Engagement, The",Comedy|Romance,2004,2.5,7
5312,"Danny Deckchair",Comedy|Romance,2003,3.25,2
5313,"AVP: Alien vs. Predator",Action|Horror|Sci-Fi|Thriller,2004,2.82352941176471,17
5314,"We Don't Live Here Anymore",Drama,2004,4,2
5315,"Without a Paddle",Comedy,2004,2,7
5316,"Exorcist: The Beginning",Horror|Thriller,2004,2.5,3
5317,"Bill Cosby, Himself",Comedy|Documentary,1983,4,5
5318,"Anacondas: The Hunt for the Blood Orchid",Adventure|Drama|Horror|Sci-Fi|Thriller,2004,1.75,2
5319,"Suspect Zero",Crime|Thriller,2004,3.5,1
5320,"Warriors of Heaven and Earth",Action|Adventure|Drama,2003,3.25,2
5321,"Vanity Fair",Drama|Romance,2004,3.5,3
5322,"Paparazzi",Drama|Thriller,2004,2.33333333333333,3
5323,"Wicker Park",Drama|Romance|Thriller,2004,3.33333333333333,3
5324,"Alice Doesn't Live Here Anymore",Drama|Romance,1974,4.16666666666667,3
5325,"Who's That Knocking at My Door?",Drama,1967,1,1
5326,"Camera Buff",Drama,1979,3,1
5327,"Vitelloni, I",Drama,1953,3.5,2
5328,"Cellular",Action|Crime|Drama|Mystery|Thriller,2004,2.85714285714286,7
5329,"Resident Evil: Apocalypse",Action|Horror|Sci-Fi|Thriller,2004,2.92857142857143,14
5330,"Mr. 3000",Comedy|Drama,2004,2.66666666666667,3
5331,"Sky Captain and the World of Tomorrow",Action|Adventure|Sci-Fi,2004,2.63888888888889,18
5332,"Wimbledon",Comedy|Romance,2004,3.11111111111111,9
5333,"First Daughter",Comedy|Romance,2004,3.33333333333333,6
5334,"Forgotten, The",Drama|Mystery|Sci-Fi|Thriller,2004,2.5,5
5335,"Motorcycle Diaries, The",Adventure|Drama,2004,3.7962962962963,27
5336,"Shaun of the Dead",Comedy|Horror,2004,4.00649350649351,77
5337,"Come Back, Little Sheba",Drama,1952,4,1
5338,"Murder on the Orient Express",Crime|Mystery|Thriller,1974,3.25,6
5339,"Mask",Drama,1985,3.42857142857143,7
5340,"Orca: The Killer Whale",Action|Drama|Horror|Thriller,1977,1.5,1
5341,"1492: Conquest of Paradise",Adventure|Drama,1992,2.5,1
5342,"Cannibal Holocaust",Horror,1980,2.66666666666667,3
5343,"Shark Tale",Animation|Children|Comedy,2004,2.34615384615385,13
5344,"Ladder 49",Action|Drama|Thriller,2004,3.66666666666667,6
5345,"I Heart Huckabees",Comedy,2004,3.45238095238095,21
5346,"Raise Your Voice",Romance,2004,5,1
5347,"Taxi",Action|Comedy,2004,1.75,2
5348,"Primer",Drama|Sci-Fi,2004,3.79411764705882,17
5349,"Stage Beauty",Drama,2004,3.5,1
5350,"Shall We Dance?",Comedy|Romance,2004,3,3
5351,"Team America: World Police",Action|Adventure|Animation|Comedy,2004,3.46875,32
5352,"Eulogy",Comedy|Crime|Drama,2004,3,1
5353,"P.S.",Comedy|Drama|Fantasy|Romance,2004,4.25,2
5354,"Country Girl, The",Drama,1954,3.5,1
5355,"Rose Tattoo, The",Drama|Romance,1955,3.5,1
5356,"Fearless Vampire Killers, The",Comedy|Horror,1967,3.66666666666667,3
5357,"Decline of the American Empire, The",Comedy|Drama,1986,4,1
5358,"Bebe's Kids",Animation|Children|Comedy,1992,1,1
5359,"Friday Night Lights",Action|Drama,2004,3.5625,8
5360,"Tarnation",Documentary,2003,4,1
5361,"Final Cut, The",Sci-Fi|Thriller,2004,3.66666666666667,3
5362,"Being Julia",Comedy|Drama,2004,1.75,2
5363,"Surviving Christmas",Comedy,2004,2.75,2
5364,"Grudge, The",Horror|Mystery|Thriller,2004,2.3,10
5365,"Alfie",Comedy|Drama|Romance,2004,2.33333333333333,3
5366,"Sideways",Comedy|Drama|Romance,2004,3.74358974358974,39
5367,"The Machinist",Drama|Mystery|Thriller,2004,3.98684210526316,38
5368,"Vera Drake",Drama,2004,3,4
5369,"Falling Angels",Drama,2003,3.5,1
5370,"Lightning in a Bottle",Documentary,2004,4,1
5371,"Undertow",Crime|Drama|Thriller,2004,3,1
5372,"Saw",Horror|Mystery|Thriller,2004,3.18181818181818,33
5373,"Ray",Drama,2004,3.68421052631579,19
5374,"Birth",Drama|Mystery,2004,2.5,3
5375,"Incredibles, The",Action|Adventure|Animation|Children|Comedy,2004,3.836,125
5376,"Callas Forever",Drama,2002,3,1
5377,"Polar Express, The",Adventure|Animation|Children|Fantasy|IMAX,2004,3.13636363636364,11
5378,"Kinsey",Drama,2004,3.125,8
5379,"Seed of Chucky",Comedy|Horror,2004,1.75,4
5380,"After the Sunset",Action|Adventure|Comedy|Crime|Thriller,2004,3.58333333333333,6
5381,"Bridget Jones: The Edge of Reason",Comedy|Drama|Romance,2004,3.025,20
5382,"Finding Neverland",Drama,2004,3.609375,32
5383,"National Treasure",Action|Adventure|Drama|Mystery|Thriller,2004,3.26315789473684,38
5384,"Bad Education",Drama|Thriller,2004,3.75,8
5385,"SpongeBob SquarePants Movie, The",Adventure|Animation|Children|Comedy,2004,3,2
5386,"Alexander",Action|Adventure|Drama|War,2004,2.2,10
5387,"Christmas with the Kranks",Children|Comedy,2004,2.5,2
5388,"Guerrilla: The Taking of Patty Hearst",Documentary,2004,4,1
5389,"Closer",Drama|Romance,2004,3.71875,16
5390,"I Am David",Drama,2003,3,3
5391,"House of Flying Daggers",Action|Drama|Romance,2004,3.52,25
5392,"Ocean's Twelve",Action|Comedy|Crime|Thriller,2004,3.2906976744186,43
5393,"Blade: Trinity",Action|Fantasy|Horror|Thriller,2004,2.85714285714286,14
5394,"Bush's Brain",Documentary,2004,3,1
5395,"Damn Yankees!",Comedy|Musical,1958,3.5,1
5396,"That's Entertainment",Documentary,1974,4,1
5397,"D.A.R.Y.L.",Adventure|Children|Sci-Fi,1985,2,1
5398,"Fire in the Sky",Drama|Mystery|Sci-Fi,1993,2,2
5399,"Invisible Man Returns, The",Horror|Sci-Fi,1940,2.5,1
5400,"Love Me If You Dare",Drama|Romance,2003,4.1,5
5401,"Control Room",Documentary|War,2004,4.33333333333333,3
5402,"Hunchback of Notre Dame, The",Drama|Horror,1923,3,1
5403,"Sherlock Jr.",Comedy|Fantasy|Romance,1924,3,2
5404,"Freshman, The",Comedy,1925,4,1
5405,"Greed",Drama,1924,4,1
5406,"Jazz Singer, The",Drama|Musical|Romance,1927,4,1
5407,"Steamboat Bill, Jr.",Comedy|Romance,1928,4.5,1
5408,"Andalusian Dog, An",Fantasy,1929,4.5,4
5409,"Little Caesar",Crime|Drama,1931,4,1
5410,"Boudu Saved From Drowning",Comedy,1932,0.5,1
5411,"Scarface",Crime|Drama,1932,3.75,2
5412,"Dinner at Eight",Comedy|Drama|Romance,1933,3.5,1
5413,"Gold Diggers of 1933",Musical,1933,3.5,1
5414,"Atalante, L'",Comedy|Drama|Romance,1934,4.5,1
5415,"Fury",Drama|Film-Noir,1936,3.375,4
5416,"Libeled Lady",Comedy|Romance,1936,3.5,1
5417,"Mr. Deeds Goes to Town",Comedy|Romance,1936,3.5,2
5418,"Camille",Drama|Romance,1936,4,1
5419,"Captains Courageous",Adventure|Drama,1937,4,1
5420,"Stage Door",Drama,1937,4.16666666666667,3
5421,"Holiday",Comedy|Drama|Romance,1938,3,3
5422,"Roaring Twenties, The",Crime|Drama|Thriller,1939,NaN,NaN
5423,"Wuthering Heights",Drama|Romance,1939,3.25,2
5424,"Letter, The",Drama|Film-Noir,1940,4,1
5425,"Here Comes Mr. Jordan",Comedy|Fantasy|Romance,1941,3.5,1
5426,"Random Harvest",Drama|Romance,1942,4,2
5427,"Tales of Manhattan",Comedy|Drama,1942,5,1
5428,"Day of Wrath",Drama,1943,4,2
5429,"Miracle of Morgan's Creek, The",Comedy|Romance,1944,3.5,1
5430,"Mr. Skeffington",Drama|Romance,1944,5,1
5431,"Great Expectations",Drama,1946,3.5,1
5432,"Stranger, The",Drama|Film-Noir|Thriller,1946,3,1
5433,"Easter Parade",Musical|Romance,1948,3.33333333333333,3
5434,"Lady from Shanghai, The",Drama|Film-Noir|Mystery,1947,3.5,1
5435,"Three Musketeers, The",Action|Adventure|Drama|Romance,1948,3.5,1
5436,"Unfaithfully Yours",Comedy,1948,5,1
5437,"Letter to Three Wives, A",Comedy|Drama,1949,4,1
5438,"Annie Get Your Gun",Comedy|Musical|Romance|Western,1950,2.5,1
5439,"King Solomon's Mines",Action|Adventure|Romance,1950,3,1
5440,"Young and the Damned, The",Crime|Drama,1950,4,1
5441,"Star Is Born, A",Drama|Musical,1954,3.5,1
5442,"The Wild One",Drama,1953,3.5,1
5443,"Confidential Report",Crime|Drama|Mystery|Thriller,1955,3.5,1
5444,"Night and Fog",Crime|Documentary|War,1955,4.5,1
5445,"Teacher's Pet",Comedy|Romance,1958,4,1
5446,"Human Condition II, The",Drama|War,1959,4.5,1
5447,"Pickpocket",Crime|Drama,1959,2.75,2
5448,"When a Woman Ascends the Stairs",Drama,1960,4.5,1
5449,"Human Condition III, The",Drama|War,1961,5,1
5450,"Advise and Consent",Drama,1962,5,1
5451,"Harakiri",Drama,1962,4.5,3
5452,"Music Man, The",Children|Comedy|Musical|Romance,1962,3.9,5
5453,"Mutiny on the Bounty",Adventure|Drama|Romance,1962,NaN,NaN
5454,"Carabineers, The",Comedy|Drama|War,1963,0.5,1
5455,"Hush... Hush, Sweet Charlotte",Horror|Thriller,1964,4.5,2
5456,"Onibaba",Drama|Horror|War,1964,4.5,1
5457,"Robinson Crusoe on Mars",Sci-Fi,1964,2,1
5458,"Battle of Algiers, The",Drama|War,1966,4.3,5
5459,"Charlie Brown Christmas, A",Animation|Children|Comedy,1965,4,6
5460,"Major Dundee",Adventure|War|Western,1965,2,1
5461,"Thousand Clowns, A",Comedy|Drama|Romance,1965,5,1
5462,"Andrei Rublev",Drama|War,1969,4.5,1
5463,"Au Hasard Balthazar",Crime|Drama,1966,3.5,2
5464,"Batman",Action|Adventure|Comedy,1966,3,5
5465,"Closely Watched Trains",Comedy|Drama|War,1966,4,1
5466,"Tokyo Drifter",Action|Crime|Drama,1966,3.75,2
5467,"Branded to Kill",Action|Crime|Drama,1967,5,1
5468,"Play Time",Comedy,1967,3.16666666666667,3
5469,"Point Blank",Action|Crime|Drama|Thriller,1967,3,2
5470,"Titicut Follies",Documentary|Drama,1967,2.5,1
5471,"Asterix and Cleopatra",Action|Adventure|Animation|Children|Comedy,1968,4.25,2
5472,"Diamond Arm, The",Action|Adventure|Comedy|Crime|Thriller,1968,3.5,2
5473,"Sympathy for the Devil",Documentary|Musical,1968,3,1
5474,"Yours, Mine and Ours",Children|Comedy,1968,2.75,2
5475,"Claire's Knee",Comedy|Romance,1970,4.5,1
5476,"Performance",Crime|Drama|Thriller,1970,4,1
5477,"White Sun of the Desert, The",Action|Adventure|Comedy|Drama|Romance|War,1970,4,1
5478,"Zabriskie Point",Drama|Romance,1970,4,1
5479,"Duel",Action|Mystery|Thriller,1971,3.2,5
5480,"They Call Me Trinity",Comedy|Western,1971,3.75,2
5481,"Topo, El",Fantasy|Western,1970,3.9,5
5482,"Dr. Phibes Rises Again",Adventure|Comedy|Horror|Romance,1972,4.5,1
5483,"Charley Varrick",Crime|Drama|Thriller,1973,3,1
5484,"Dark Star",Comedy|Sci-Fi|Thriller,1974,2.5,1
5485,"Sisters",Horror|Thriller,1973,4,1
5486,"Turkish Delight",Drama|Romance,1973,4,1
5487,"California Split",Comedy|Drama,1974,4,1
5488,"Emmanuelle",Drama|Romance,1974,3.5,1
5489,"Gone in 60 Seconds",Action|Crime|Drama,1974,3.125,4
5490,"Holy Mountain, The",Drama,1973,4.5,2
5491,"Twelve Tasks of Asterix, The",Action|Adventure|Animation|Children|Comedy|Fantasy,1976,3.66666666666667,3
5492,"French Connection II",Action|Crime|Drama|Thriller,1975,3,1
5493,"Irony of Fate, or Enjoy Your Bath!",Comedy|Drama|Romance,1975,4,1
5494,"Passenger, The",Drama,1975,5,1
5495,"Trilogy of Terror",Horror|Thriller,1975,4,1
5496,"1900",Drama|War,1976,4.5,1
5497,"Futureworld",Sci-Fi|Thriller,1976,2.5,1
5498,"Harlan County U.S.A.",Documentary,1976,5,1
5499,"Silver Streak",Action|Comedy|Crime,1976,3.66666666666667,3
5500,"High Anxiety",Comedy|Thriller,1977,3.5,1
5501,"New York, New York",Drama|Musical|Romance,1977,2.5,1
5502,"Turning Point, The",Drama|Romance,1977,4,1
5503,"Five Deadly Venoms",Action,1978,3.5,1
5504,"Last Hurrah for Chivalry",Action|Drama,1979,5,1
5505,"Clonus Horror, The",Horror|Sci-Fi,1979,2.75,2
5506,"Snake in the Eagle's Shadow",Action|Comedy,1978,3.25,2
5507,"Hair",Comedy|Drama|Musical,1979,3.16666666666667,3
5508,"Love at First Bite",Comedy|Horror|Romance,1979,4,1
5509,"Hitch Hikers Guide to the Galaxy, The",Adventure|Comedy|Sci-Fi,1981,4,2
5510,"Smiley's People",Drama|Mystery,1982,4,1
5511,"Blue Thunder",Action|Crime|Drama,1983,3,1
5512,"Day After, The",Drama|Sci-Fi,1983,3,1
5513,"Eddie Murphy Delirious",Comedy|Documentary,1983,4.375,4
5514,"Norte, El",Adventure|Drama,1984,3.5,1
5515,"Twilight Zone: The Movie",Fantasy|Horror|Sci-Fi|Thriller,1983,3,3
5516,"Boy Meets Girl",Drama,1984,3,1
5517,"Cloak & Dagger",Action|Adventure|Children|Crime|Mystery|Thriller,1984,3.25,2
5518,"Ewok Adventure, The",Adventure|Children|Fantasy|Sci-Fi,1984,2.25,2
5519,"Silent Night, Deadly Night",Horror|Thriller,1984,3.5,1
5520,"Times of Harvey Milk, The",Documentary,1984,4.5,2
5521,"What Have I Done to Deserve This?",Comedy|Drama,1984,4,1
5522,"Anne of Green Gables",Children|Drama,1985,4.5,3
5523,"Death of a Salesman",Drama,1985,3,1
5524,"Ewoks: The Battle for Endor",Adventure|Children|Fantasy|Sci-Fi,1985,3,2
5525,"Police Story",Action|Comedy|Crime|Thriller,1985,4.25,2
5526,"Quiet Earth, The",Drama|Mystery|Sci-Fi,1985,4.25,2
5527,"Spies Like Us",Comedy,1985,2.75,2
5528,"White Nights",Drama,1985,3,1
5529,"'Round Midnight",Drama|Musical,1986,3.5,2
5530,"Club Paradise",Comedy,1986,2,1
5531,"Sacrifice, The",Drama,1986,4.16666666666667,3
5532,"Better Tomorrow, A",Crime|Drama|Thriller,1986,3.83333333333333,3
5533,"Decalogue, The",Crime|Drama|Romance,1989,5,1
5534,"G.I. Joe: The Movie",Action|Adventure|Animation|Children|Fantasy|Sci-Fi,1987,2,1
5535,"Hell Comes to Frogtown",Action|Comedy|Sci-Fi,1988,2,1
5536,"Law of Desire",Comedy|Drama|Romance,1987,4,1
5537,"Prince of Darkness",Fantasy|Horror|Sci-Fi|Thriller,1987,4.5,1
5538,"Chinese Ghost Story, A",Action|Fantasy|Horror|Romance,1987,4.25,2
5539,"Better Tomorrow II, A",Crime|Drama|Thriller,1987,4,2
5540,"Bourne Identity, The",Action|Adventure|Drama|Mystery|Thriller,1988,3.38888888888889,9
5541,"Dominick and Eugene",Drama,1988,3,1
5542,"Killer Klowns from Outer Space",Comedy|Horror|Sci-Fi,1988,2,3
5543,"Moonwalker",Musical,1988,3,1
5544,"Alice",Animation|Fantasy|Mystery,1988,3.75,2
5545,"Life Is a Long Quiet River",Comedy,1988,4,1
5546,"Lonesome Dove",Adventure|Drama|Western,1989,3.75,2
5547,"Kiki's Delivery Service",Adventure|Animation|Children|Drama|Fantasy,1989,4.05882352941176,17
5548,"Almost an Angel",Comedy,1990,2.5,1
5549,"Cry-Baby",Comedy|Musical|Romance,1990,3.8,5
5550,"Bullet in the Head",Action|Drama|War,1990,4,2
5551,"Ghost Dad",Comedy|Fantasy,1990,1.5,3
5552,"It",Drama|Fantasy|Horror|Mystery|Thriller,1990,4,1
5553,"Ju Dou",Drama,1990,3.5,1
5554,"Krays, The",Drama,1990,3.5,1
5555,"Lionheart",Action,1990,0.5,1
5556,"Nuns on the Run",Comedy|Crime,1990,2.25,2
5557,"Patlabor: The Movie",Action|Animation|Crime|Drama|Film-Noir|Mystery|Sci-Fi|Thriller,1989,3,1
5558,"State of Grace",Crime|Drama|Thriller,1990,4,2
5559,"35 Up",Documentary,1991,4,3
5560,"Days of Being Wild",Drama|Romance,1990,4.5,1
5561,"Begotten",Drama|Horror,1990,0.5,1
5562,"Dutch",Comedy,1991,2.5,1
5563,"Hearts of Darkness: A Filmmakers Apocalypse",Documentary,1991,3.8,5
5564,"Johnny Stecchino",Comedy,1991,4,1
5565,"Riki-Oh: The Story of Ricky",Action|Crime|Thriller,1991,4.5,1
5566,"Mannequin 2: On the Move",Comedy|Fantasy|Romance,1991,1.5,1
5567,"Only Yesterday",Animation|Drama,1991,2.5,1
5568,"Other People's Money",Comedy|Drama|Romance,1991,2.5,1
5569,"Quigley Down Under",Adventure|Drama|Western,1990,3.25,2
5570,"Prime Suspect 2",Crime|Drama|Mystery|Romance|Thriller,1992,3,1
5571,"Captain America",Action|Fantasy|Sci-Fi|Thriller|War,1990,1.25,2
5572,"City Hunter",Action|Comedy|Romance,1993,2.75,2
5573,"Porco Rosso",Adventure|Animation|Comedy|Fantasy|Romance,1992,3.89285714285714,14
5574,"Stolen Children",Drama,1992,4,1
5575,"Ladybugs",Comedy,1992,3,3
5576,"Mambo Kings, The",Drama|Musical,1992,2,1
5577,"Shining Through",Drama|Romance|Thriller|War,1992,1.5,1
5578,"Sidekicks",Action|Adventure|Children|Comedy,1992,1.5,2
5579,"Heart in Winter, A",Drama|Romance,1992,3.5,1
5580,"Visions of Light: The Art of Cinematography",Documentary,1992,3,1
5581,"Bad Boy Bubby",Drama,1993,4.83333333333333,3
5582,"Barbarians at the Gate",Drama,1993,2.75,2
5583,"Fortress",Action|Sci-Fi,1992,2.5,1
5584,"Mr. Nanny",Action|Children|Comedy,1993,1.5,1
5585,"Snapper, The",Comedy|Drama,1993,3,1
5586,"Sonatine",Action|Comedy|Crime|Drama,1993,5,1
5587,"Stand, The",Adventure|Drama|Fantasy|Horror|Sci-Fi,1994,5,1
5588,"Darkman II: Return of Durant, The",Action|Crime|Horror,1995,2.5,1
5589,"Freaked",Comedy|Sci-Fi,1993,3.5,1
5590,"Fist of Legend",Action|Drama,1994,3.375,4
5591,"Major League II",Comedy,1994,2.66666666666667,3
5592,"My Father the Hero",Comedy|Romance,1994,2.25,2
5593,"Pure Formality, A",Crime|Film-Noir|Mystery|Thriller,1994,4,1
5594,"Langoliers, The",Drama|Fantasy|Horror|Mystery|Sci-Fi|Thriller,1995,3,1
5595,"Last Wedding, The",Comedy|Drama,1995,3,1
5596,"Last of the Dogmen",Adventure|Western,1995,2.5,1
5597,"Whisper of the Heart",Animation|Drama|Romance,1995,3.8,5
5598,"Street Fighter II: The Animated Movie",Action|Animation,1994,1.5,1
5599,"Summer's Tale, A",Comedy|Drama|Romance,1996,5,1
5600,"Late Shift, The",Comedy,1996,2.5,1
5601,"Pusher",Crime|Thriller,1996,2.5,1
5602,"Emma",Romance,1996,3.5,1
5603,"Boxer, The",Drama|Thriller,1997,3.5,2
5604,"Gummo",Drama,1997,3.16666666666667,3
5605,"Nirvana",Action|Sci-Fi,1997,4.5,1
5606,"Lion King II: Simba's Pride, The",Adventure|Animation|Children|Musical|Romance,1998,3,2
5607,"From the Earth to the Moon",Action|Documentary|Drama|Thriller,1998,3.5,1
5608,"Beowulf",Action|Horror|Sci-Fi,1999,3,1
5609,"RKO 281",Drama,1999,3.5,1
5610,"From Dusk Till Dawn 2: Texas Blood Money",Comedy|Crime|Horror,1999,1,1
5611,"Gia",Drama|Romance,1998,3.4,5
5612,"Thursday",Action|Crime|Thriller,1998,4,1
5613,"Who Am I?",Action|Adventure|Comedy|Sci-Fi|Thriller,1998,3.5,2
5614,"Merlin",Action|Adventure|Drama|Fantasy|Romance,1998,3,1
5615,"Brave New World",Sci-Fi,1998,1.5,1
5616,"Addams Family Reunion",Children|Comedy|Fantasy,1998,3,1
5617,"Purgatory",Fantasy|Western,1999,2.5,1
5618,"Bleeder",Drama|Thriller,1999,2,1
5619,"Dark Portals: The Chronicles of Vidocq",Action|Crime|Fantasy,2001,4,1
5620,"Candyman 3: Day of the Dead",Horror,1999,3,1
5621,"Batman/Superman Movie, The",Action|Adventure|Animation|Children|Fantasy|Sci-Fi,1998,2,1
5622,"Neon Genesis Evangelion: The End of Evangelion",Action|Animation|Drama|Fantasy|Sci-Fi,1997,4.3,5
5623,"Style Wars",Documentary,1983,4.5,1
5624,"In July",Comedy|Romance,2000,4,1
5625,"Kirikou and the Sorceress",Adventure|Animation|Children|Fantasy,1998,4,2
5626,"Taxi 2",Action|Comedy,2000,3.875,4
5627,"If These Walls Could Talk 2",Drama|Romance,2000,4,1
5628,"10th Kingdom, The",Adventure|Comedy|Fantasy,2000,2.75,2
5629,"Wind Will Carry Us, The",Drama,1999,3.5,1
5630,"2046",Drama|Fantasy|Romance|Sci-Fi,2004,4.07142857142857,7
5631,"Bartleby",Comedy|Drama,2001,1.5,1
5632,"Batman Beyond: Return of the Joker",Action|Animation|Crime|Sci-Fi|Thriller,2000,3.5,3
5633,"Audition",Drama|Horror|Mystery|Romance|Thriller,1999,3.75,6
5634,"Nine Lives of Tomas Katz, The",Comedy|Drama|Fantasy,2000,5,1
5635,"Monday",Action|Comedy|Crime|Fantasy|Thriller,2000,4.5,1
5636,"Paradise Lost 2: Revelations",Documentary,2000,4,1
5637,"Asterix & Obelix: Mission Cleopatra",Adventure|Comedy|Fantasy,2002,4,3
5638,"Daria: Is It Fall Yet?",Animation|Comedy,2000,4,1
5639,"Late Night Shopping",Comedy,2001,4.5,1
5640,"61*",Drama,2001,5,1
5641,"Joint Security Area",Crime|Drama|Mystery|Thriller|War,2000,4.25,4
5642,"Ripley's Game",Drama|Thriller,2002,3.33333333333333,3
5643,"Jalla! Jalla!",Comedy|Drama|Romance,2000,3.75,2
5644,"Teknolust",Comedy|Drama|Romance|Sci-Fi,2002,2,1
5645,"Accidental Spy, The",Action|Comedy|Thriller,2001,2.5,1
5646,"Darkness",Horror|Mystery,2002,1.5,3
5647,"Blood: The Last Vampire",Action|Animation|Horror,2000,3.25,2
5648,"Blueberry",Adventure|Western,2004,2.5,1
5649,"American Psycho II: All American Girl",Comedy|Crime|Horror|Mystery|Thriller,2002,2.5,1
5650,"Ali G Indahouse",Comedy,2002,3,3
5651,"Dead or Alive 2: Tôbôsha",Action|Crime|Thriller,2000,4.5,1
5652,"Cube 2: Hypercube",Horror|Mystery|Sci-Fi,2002,3.75,2
5653,"Pulse",Horror|Mystery|Thriller,2001,3,1
5654,"Dog Days",Drama,2001,3,1
5655,"My Sassy Girl",Comedy|Romance,2001,5,1
5656,"Nothing",Comedy|Fantasy|Mystery|Sci-Fi,2003,3.5,1
5657,"Undertaking Betty",Comedy|Romance,2002,2.5,1
5658,"Dead or Alive: Final",Comedy|Crime|Drama|Sci-Fi|Thriller,2002,1.5,1
5659,"Fubar",Comedy,2002,3.75,2
5660,"Happiness of the Katakuris, The",Comedy|Horror|Musical,2001,4.33333333333333,3
5661,"Dead End",Comedy|Horror|Mystery|Thriller,2003,3.5,2
5662,"Sympathy for Mr. Vengeance",Crime|Drama,2002,3.8,5
5663,"Jesus Christ Vampire Hunter",Action|Comedy|Horror|Musical,2001,0.5,1
5664,"Suicide Club",Horror|Mystery|Thriller,2001,3.125,4
5665,"Battlestar Galactica",Drama|Sci-Fi|War,2003,3.81578947368421,19
5666,"Sound of Thunder, A",Action|Adventure|Drama|Sci-Fi|Thriller,2005,2.75,2
5667,"Lion King 1½, The",Adventure|Animation|Children|Comedy,2004,4.5,2
5668,"Oasis",Drama|Romance,2002,4.5,1
5669,"Remember Me",Comedy|Drama|Romance,2003,3.5,1
5670,"Animatrix, The",Action|Animation|Drama|Sci-Fi,2003,3.7,20
5671,"Brown Bunny, The",Drama,2003,3.25,2
5672,"Ju-on: The Curse",Horror,2000,3,1
5673,"11:14",Comedy|Crime|Drama|Mystery|Thriller,2003,3.75,4
5674,"Tremors 4: The Legend Begins",Action|Comedy|Horror|Sci-Fi|Thriller|Western,2004,2,1
5675,"Bring It On Again",Comedy,2004,1.75,2
5676,"Crimson Rivers 2: Angels of the Apocalypse",Action|Crime|Thriller,2004,2.5,1
5677,"And Starring Pancho Villa as Himself",Action|Comedy|Drama|War,2003,3.5,1
5678,"Nicotina",Action|Comedy|Drama,2003,3,1
5679,"Battle Royale 2: Requiem",Action|Drama|Thriller|War,2003,5,1
5680,"In Hell",Action|Drama|Thriller,2003,1.5,1
5681,"Lemony Snicket's A Series of Unfortunate Events",Adventure|Children|Comedy|Fantasy,2004,3.16,25
5682,"Helen of Troy",Action|Adventure|Drama|Romance,2003,4,1
5683,"Green Butchers, The",Comedy|Crime|Drama|Romance,2003,4.5,1
5684,"Very Long Engagement, A",Drama|Mystery|Romance|War,2004,3.66666666666667,6
5685,"Last Life in the Universe",Drama|Romance,2003,4.16666666666667,3
5686,"Ghost in the Shell 2: Innocence",Action|Animation|Drama|Sci-Fi|Thriller,2004,2.16666666666667,3
5687,"Cat Returns, The",Adventure|Animation|Children|Fantasy,2002,3.75,8
5688,"Twilight Samurai, The",Drama|Romance,2002,3.83333333333333,6
5689,"Facing Windows",Drama|Romance,2003,4.5,1
5690,"Ginger Snaps: Unleashed",Horror|Thriller,2004,3,1
5691,"'Salem's Lot",Drama|Horror|Mystery|Thriller,2004,5,1
5692,"Comic Book: The Movie",Comedy,2004,2.5,1
5693,"Intimate Strangers",Drama,2004,3.75,2
5694,"Down to the Bone",Drama,2004,3,1
5695,"Ju-on: The Grudge",Horror,2002,2.58333333333333,6
5696,"Old Boy",Mystery|Thriller,2003,4.08974358974359,39
5697,"Red Lights",Drama,2004,4.5,1
5698,"Ginger Snaps Back: The Beginning",Fantasy|Horror,2004,3,1
5699,"One Missed Call",Horror|Mystery,2003,1.5,1
5700,"Jacket, The",Drama|Mystery|Sci-Fi|Thriller,2005,3,8
5701,"Millions",Children|Comedy|Crime|Drama|Fantasy,2004,3.5,4
5702,"Starship Troopers 2: Hero of the Federation",Action|Horror|Sci-Fi|War,2004,1.5,2
5703,"Ong-Bak: The Thai Warrior",Action|Thriller,2003,4,12
5704,"Infernal Affairs 2",Action|Crime|Drama|Thriller,2003,3,1
5705,"Sea Inside, The",Drama,2004,4,8
5706,"Spanglish",Comedy|Drama|Romance,2004,3.36363636363636,11
5707,"Chorus, The",Drama,2004,3.90909090909091,11
5708,"Saints and Soldiers",Action|Adventure|Drama|War,2003,2.5,1
5709,"Story of the Weeping Camel, The",Documentary|Drama,2003,4,2
5710,"Interpreter, The",Drama|Thriller,2005,3.25,6
5711,"Open Water",Drama|Thriller,2003,2.7,5
5712,"Touch of Pink",Comedy|Drama|Romance,2004,4,1
5713,"Slasher",Documentary,2004,3.5,1
5714,"Bobby Jones, Stroke of Genius",Drama,2004,2.5,1
5715,"Layer Cake",Crime|Drama|Thriller,2004,3.81578947368421,19
5716,"Return, The",Drama,2003,4.33333333333333,3
5717,"Flight of the Phoenix",Action|Adventure,2004,2.875,4
5718,"Mean Creek",Drama|Thriller,2004,3.75,2
5719,"Ring Two, The",Drama|Horror|Mystery|Thriller,2005,2.3,5
5720,"Corporation, The",Documentary,2003,3.9,10
5721,"Yes Men, The",Documentary,2003,3.75,2
5722,"Azumi",Action|Adventure|Drama|Thriller,2003,2.75,2
5723,"In My Father's Den",Drama,2004,3.5,1
5724,"Tae Guk Gi: The Brotherhood of War",Action|Drama|War,2004,4.5,1
5725,"Metallica: Some Kind of Monster",Documentary,2004,3.16666666666667,3
5726,"Born into Brothels",Documentary,2004,3.875,4
5727,"DiG!",Documentary,2004,4.125,4
5728,"Riding Giants",Documentary,2004,4,4
5729,"What the #$*! Do We Know!?",Comedy|Documentary|Drama,2004,2.75,2
5730,"Scanner Darkly, A",Animation|Drama|Mystery|Sci-Fi|Thriller,2006,3.61363636363636,22
5731,"Casshern",Action|Drama|Fantasy|Sci-Fi,2004,3.5,1
5732,"Outfoxed: Rupert Murdoch's War on Journalism",Documentary,2004,3.3,5
5733,"Million Dollar Baby",Drama,2004,3.84615384615385,52
5734,"Gozu",Comedy|Crime|Drama|Horror|Mystery,2003,4.75,2
5735,"Hotel Rwanda",Drama|War,2004,3.79166666666667,48
5736,"Charlie and the Chocolate Factory",Adventure|Children|Comedy|Fantasy|IMAX,2005,3,61
5737,"3-Iron",Drama|Romance,2004,4.5,3
5738,"Life Aquatic with Steve Zissou, The",Adventure|Comedy|Fantasy,2004,3.48648648648649,37
5739,"Aviator, The",Drama,2004,3.52857142857143,35
5740,"Phantom of the Opera, The",Drama|Musical|Romance,2004,3.16666666666667,12
5741,"Beyond the Sea",Drama|Musical,2004,2,1
5742,"Woodsman, The",Drama,2004,3.83333333333333,3
5743,"In Good Company",Comedy|Drama,2004,3.45454545454545,11
5744,"Meet the Fockers",Comedy,2004,3.10606060606061,33
5745,"Assassination of Richard Nixon, The",Crime|Drama|Thriller,2004,3.5,2
5746,"Love Song for Bobby Long, A",Drama,2004,3.16666666666667,3
5747,"Merchant of Venice, The",Drama,2004,3.75,4
5748,"Fat Albert",Comedy|Fantasy,2004,1.5,2
5749,"Keys to the House, The",Drama,2004,3,1
5750,"In the Realms of the Unreal",Animation|Documentary,2004,NaN,NaN
5751,"White Noise",Drama|Horror|Mystery|Sci-Fi|Thriller,2005,2.5,8
5752,"Upside of Anger, The",Comedy|Drama|Romance,2005,3.16666666666667,3
5753,"Little Miss Marker",Comedy|Drama,1980,4,1
5754,"Sweet Liberty",Comedy,1986,2.5,1
5755,"I Remember Mama",Children|Drama,1948,4,1
5756,"Smooth Talk",Drama|Romance,1985,4,1
5757,"Out Cold",Comedy|Thriller,1989,2.5,1
5758,"Man Trouble",Comedy|Romance,1992,2,1
5759,"Battles Without Honor & Humanity",Crime|Drama,1973,3.5,1
5760,"Stander",Action|Crime|Drama,2003,3.5,2
5761,"Imaginary Heroes",Comedy|Drama,2004,3,2
5762,"Sergeant York",Drama|War,1941,3.83333333333333,3
5763,"Ruby & Quentin",Comedy|Crime,2003,2.5,1
5764,"Wizards",Animation|Fantasy|Sci-Fi|War,1977,2,1
5765,"Life and Death of Peter Sellers, The",Comedy|Drama,2004,3,1
5766,"Appleseed",Action|Animation|Fantasy|Sci-Fi,2004,3.83333333333333,3
5767,"Many Adventures of Winnie the Pooh, The",Animation|Children|Musical,1977,3.5,1
5768,"Elektra",Action|Adventure|Crime|Drama,2005,2.05,10
5769,"Racing Stripes",Children|Comedy,2005,2,1
5770,"Coach Carter",Drama,2005,3.07142857142857,7
5771,"Boys Town",Drama,1938,3.5,1
5772,"Gold Diggers of 1935",Comedy|Musical,1935,3.5,1
5773,"Rocco and His Brothers",Crime|Drama,1960,3.5,1
5774,"Memories of Murder",Crime|Drama|Mystery|Thriller,2003,4.7,5
5775,"Chase, The",Action|Adventure|Comedy|Crime|Romance|Thriller,1994,2,1
5776,"Downfall",Drama|War,2004,3.875,20
5777,"Assault on Precinct 13",Action|Crime|Drama|Thriller,2005,3.1875,8
5778,"Are We There Yet?",Children|Comedy,2005,0.5,1
5779,"Alone in the Dark",Action|Horror|Sci-Fi|Thriller,2005,0.5,1
5780,"Hide and Seek",Horror|Mystery|Thriller,2005,2.33333333333333,6
5781,"Boogeyman",Drama|Horror|Mystery|Thriller,2005,2,2
5782,"Wedding Date, The",Comedy|Romance,2005,3.13636363636364,11
5783,"Rory O'Shea Was Here",Drama,2004,4.5,1
5784,"Nobody Knows",Drama,2004,4.25,2
5785,"Employee of the Month",Comedy|Drama,2004,2.25,2
5786,"Marriage of Maria Braun, The",Drama,1979,5,1
5787,"Trou, Le",Crime|Film-Noir,1960,4,1
5788,"Double Dragon",Action|Adventure|Sci-Fi,1994,1,1
5789,"Hands Off the Loot",Crime|Drama|Thriller,1954,3,1
5790,"Purple Butterfly",Drama,2003,4,1
5791,"El Cid",Action|Adventure|Drama|Romance|War,1961,3,1
5792,"Howl's Moving Castle",Adventure|Animation|Fantasy|Romance,2004,4.075,40
5793,"Steamboy",Action|Animation|Drama|Sci-Fi,2004,3,2
5794,"Gorgeous",Action|Comedy|Romance,1999,3.5,1
5795,"Hitch",Comedy|Romance,2005,3.16666666666667,45
5796,"Uncle Nino",Comedy,2003,0.5,1
5797,"Bride & Prejudice",Comedy|Musical|Romance,2004,3.25,2
5798,"Constantine",Action|Fantasy|Horror|Thriller,2005,3.47142857142857,35
5799,"Son of the Mask",Adventure|Children|Comedy|Fantasy,2005,1,1
5800,"Because of Winn-Dixie",Children|Comedy|Drama,2005,3.16666666666667,3
5801,"Turtles Can Fly",Drama|War,2004,4,1
5802,"Bunny Lake Is Missing",Mystery|Thriller,1965,3.5,1
5803,"Night Watch",Action|Fantasy|Horror|Mystery|Sci-Fi|Thriller,2004,3.25,4
5804,"Sons of the Desert",Comedy,1933,3,1
5805,"Man of the House",Action|Comedy,2005,3,1
5806,"Kung Fu Hustle",Action|Comedy,2004,3.57894736842105,19
5807,"Zelary",Drama|Romance,2003,4,1
5808,"Dr. Giggles",Comedy|Horror,1992,4,1
5809,"Seven-Per-Cent Solution, The",Adventure|Comedy|Crime|Drama|Mystery|Thriller,1976,2.5,1
5810,"Three Musketeers, The",Action|Adventure|Comedy,1973,4,3
5811,"Royal Flash",Adventure|Comedy|Romance,1975,4,1
5812,"Control",Comedy|Crime|Drama|Mystery,2003,3.5,1
5813,"Germany Year Zero",Drama|War,1948,3.5,1
5814,"Tyler Perry's Diary of a Mad Black Woman",Comedy|Drama|Romance,2005,2.66666666666667,3
5815,"Cursed",Horror|Thriller,2005,2.16666666666667,6
5816,"Pacifier, The",Action|Comedy,2005,2.71428571428571,7
5817,"Be Cool",Comedy|Crime|Musical,2005,2.4375,8
5818,"Gunner Palace",Documentary|War,2004,3.66666666666667,3
5819,"Hostage",Action|Crime|Drama|Thriller,2005,3.05,10
5820,"Robots",Adventure|Animation|Children|Comedy|Fantasy|Sci-Fi|IMAX,2005,3.02631578947368,19
5821,"Class Action",Drama,1991,2,1
5822,"Cat and the Canary, The",Horror|Mystery,1927,3,1
5823,"Oh, God! You Devil",Comedy,1984,2.5,1
5824,"Agony and the Ecstasy, The",Drama,1965,4,1
5825,"Twentieth Century",Comedy,1934,NaN,NaN
5826,"Elevator to the Gallows",Crime|Drama|Thriller,1958,4,1
5827,"Cube Zero",Horror|Mystery|Sci-Fi|Thriller,2004,2.66666666666667,3
5828,"Julia",Drama,1977,4,1
5829,"Stealing Rembrandt",Action|Comedy|Crime,2003,3.5,1
5830,"Ice Princess",Children|Comedy|Drama,2005,3.375,4
5831,"Melinda and Melinda",Comedy|Drama,2004,3.1,5
5832,"Milk and Honey",Drama,2003,3.5,1
5833,"Miss Congeniality 2: Armed and Fabulous",Adventure|Comedy|Crime,2005,2.25,8
5834,"Guess Who",Comedy|Romance,2005,2.33333333333333,3
5835,"D.E.B.S.",Action|Comedy,2004,2.83333333333333,3
5836,"League of Ordinary Gentlemen, A",Documentary,2004,4,1
5837,"Incident at Loch Ness",Adventure|Comedy|Documentary,2004,3.5,1
5838,"Call Northside 777",Crime|Drama|Film-Noir,1948,NaN,NaN
5839,"Sword of Doom, The",Action|Drama,1966,4.25,2
5840,"800 Bullets",Comedy|Crime|Drama|Western,2002,2.5,1
5841,"If Looks Could Kill",Action|Comedy,1991,2,1
5842,"Greedy",Comedy,1994,2.5,1
5843,"Pom Poko",Animation|Comedy|Drama|Fantasy,1994,4.25,2
5844,"Knockin' on Heaven's Door",Action|Comedy|Crime|Drama,1997,4.25,4
5845,"We're No Angels",Comedy|Crime|Drama,1955,4.5,1
5846,"Touch of Zen, A",Action|Adventure,1971,4.5,1
5847,"Walker",Adventure|Drama|War|Western,1987,2.5,1
5848,"Memories",Animation|Fantasy|Sci-Fi|Thriller,1995,3.83333333333333,3
5849,"Wild Parrots of Telegraph Hill, The",Documentary,2003,4.75,2
5850,"Ballad of Jack and Rose, The",Drama,2005,3.125,4
5851,"Sin City",Action|Crime|Film-Noir|Mystery|Thriller,2005,3.85714285714286,84
5852,"Beauty Shop",Comedy,2005,2,1
5853,"Sahara",Action|Adventure|Comedy,2005,3.07142857142857,7
5854,"Fever Pitch",Comedy|Romance,2005,2.9375,8
5855,"Eros",Drama,2004,3.5,1
5856,"Not on the Lips",Comedy|Musical|Romance,2003,3.5,1
5857,"Electra Glide in Blue",Action|Crime,1973,3.5,1
5858,"Special Day, A",Drama|War,1977,4,1
5859,"Man Who Planted Trees, The",Animation|Drama,1987,4.25,4
5860,"Tanguy",Comedy,2001,2.5,1
5861,"National Lampoon's Lady Killers",Comedy,2003,1,1
5862,"Little Girl Who Lives Down the Lane, The",Drama|Mystery|Thriller,1976,4,1
5863,"Ringu 0: Bâsudei",Drama|Horror|Thriller,2000,3,1
5864,"Brothers",Drama,2004,4.25,2
5865,"Maidens in Uniform",Drama|Romance,1931,3.5,1
5866,"With Six You Get Eggroll",Comedy|Romance,1968,4,1
5867,"Holiday",Comedy,1949,3,1
5868,"Ivan's Childhood",Drama|War,1962,2.75,2
5869,"Trip to the Moon, A",Action|Adventure|Fantasy|Sci-Fi,1902,3.5,5
5870,"Ascent, The",Drama|War,1977,3.5,1
5871,"Carrie",Drama|Horror|Thriller,2002,3,1
5872,"Boccaccio '70",Comedy|Fantasy|Romance,1962,4,1
5873,"Hitchhiker's Guide to the Galaxy, The",Adventure|Comedy|Sci-Fi,2005,3.42045454545455,44
5874,"Amityville Horror, The",Horror|Thriller,2005,2.25,6
5875,"Mutant Aliens",Animation|Comedy|Sci-Fi,2001,4,2
5876,"Before the Fall",Drama|War,2004,3.5,1
5877,"Frisco Kid, The",Comedy|Western,1979,2.5,1
5878,"State Property 2",Action|Crime|Drama,2005,1.5,1
5879,"Palindromes",Adventure|Comedy|Drama,2004,5,1
5880,"Lot Like Love, A",Comedy|Drama|Romance,2005,3,6
5881,"King's Ransom",Comedy|Crime,2005,2.5,1
5882,"Enron: The Smartest Guys in the Room",Documentary,2005,4,6
5883,"xXx: State of the Union",Action|Crime|Thriller,2005,2,5
5884,"Kingdom of Heaven",Action|Drama|Romance|War,2005,3.5,17
5885,"House of Wax",Horror|Thriller,2005,1.83333333333333,6
5886,"Crash",Crime|Drama,2004,3.89,50
5887,"Mysterious Skin",Drama|Mystery,2004,2,2
5888,"Mischief",Comedy|Romance,1985,2.5,1
5889,"Between Your Legs",Drama|Mystery|Romance|Thriller,1999,4.5,1
5890,"San Francisco",Drama|Musical|Romance,1936,4,1
5891,"Vampire Hunter D",Animation|Fantasy|Horror,1985,2.5,1
5892,"Common Thread, A",Drama|Romance,2004,4.5,1
5893,"Cocoanuts, The",Comedy|Musical,1929,3.5,1
5894,"Dear Wendy",Drama,2005,3.66666666666667,3
5895,"Los Angeles Plays Itself",Documentary,2003,3.5,1
5896,"Unleashed",Action|Crime|Drama|Thriller,2005,3.44444444444444,9
5897,"Star Wars: Episode III - Revenge of the Sith",Action|Adventure|Sci-Fi,2005,3.42948717948718,78
5898,"Kicking & Screaming",Comedy,2005,2.64285714285714,7
5899,"Monster-in-Law",Comedy|Romance,2005,2.5,4
5900,"Snow Walker, The",Adventure|Drama,2003,3,1
5901,"Divorce - Italian Style",Comedy,1961,4.5,2
5902,"Madagascar",Adventure|Animation|Children|Comedy,2005,3.375,40
5903,"Airborne",Adventure|Comedy,1993,2.5,1
5904,"Mad Hot Ballroom",Children|Documentary,2005,3.33333333333333,3
5905,"Dominion: Prequel to the Exorcist",Horror|Thriller,2005,2.5,1
5906,"Longest Yard, The",Comedy|Drama,2005,3.11111111111111,9
5907,"Saving Face",Comedy|Drama|Romance,2004,5,1
5908,"Cinderella Man",Drama|Romance,2005,4.08823529411765,17
5909,"Sisterhood of the Traveling Pants, The",Adventure|Comedy|Drama,2005,3.07142857142857,7
5910,"Lords of Dogtown",Action|Comedy|Drama,2005,3,7
5911,"Rock School",Documentary,2005,3.5,3
5912,"Mr. & Mrs. Smith",Action|Adventure|Comedy|Romance,2005,3.27966101694915,59
5913,"Adventures of Sharkboy and Lavagirl 3-D, The",Action|Adventure|Children|Fantasy,2005,1.75,2
5914,"High Tension",Horror|Thriller,2003,3.75,2
5915,"It's All Gone Pete Tong",Comedy|Drama|Musical,2004,3.16666666666667,3
5916,"Eddie Izzard: Dress to Kill",Comedy,1999,4.5,2
5917,"Quo Vadis",Drama|Romance,1951,3,2
5918,"Batman Begins",Action|Crime|IMAX,2005,3.86206896551724,116
5919,"Godzilla: Final Wars",Action|Adventure|Fantasy|Sci-Fi,2004,3,1
5920,"Perfect Man, The",Comedy|Drama|Romance,2005,3,2
5921,"Saint Ralph",Comedy|Drama,2004,2.5,1
5922,"Herbie: Fully Loaded",Adventure|Comedy|Romance,2005,3.16666666666667,3
5923,"Land of the Dead",Action|Horror|Thriller,2005,3.125,4
5924,"Bewitched",Comedy|Fantasy|Romance,2005,2.26923076923077,13
5925,"Rize",Documentary,2005,3.5,1
5926,"Me and You and Everyone We Know",Comedy|Drama,2005,3.75,4
5927,"Perfect Crime, The",Comedy|Crime|Thriller,2004,4.5,1
5928,"3 Extremes",Horror,2004,3.33333333333333,3
5929,"Edukators, The",Comedy|Crime|Drama|Romance,2004,4,5
5930,"Cop and ½",Comedy,1993,1.5,1
5931,"At the Circus",Comedy|Musical,1939,3,1
5932,"War of the Worlds",Action|Adventure|Sci-Fi|Thriller,2005,3.15,50
5933,"March of the Penguins",Documentary,2005,3.55555555555556,18
5934,"Rebound",Comedy,2005,3,1
5935,"Dark Water",Drama|Horror|Thriller,2005,2,3
5936,"Beat That My Heart Skipped, The",Drama,2005,3,2
5937,"Fantastic Four",Action|Adventure|Sci-Fi,2005,2.76388888888889,36
5938,"Murderball",Documentary,2005,3.83333333333333,3
5939,"Wedding Crashers",Comedy|Romance,2005,3.50862068965517,58
5940,"Happy Endings",Comedy|Drama,2005,3.5,1
5941,"Hustle & Flow",Crime|Drama,2005,3.75,4
5942,"Hardware",Action|Horror|Sci-Fi,1990,1.5,1
5943,"Calcium Kid, The",Comedy,2004,5,1
5944,"Island, The",Action|Sci-Fi|Thriller,2005,3.35483870967742,31
5945,"Bad News Bears",Children|Comedy,2005,3,3
5946,"Devil's Rejects, The",Action|Crime|Horror,2005,3.71428571428571,7
5947,"Last Days",Drama,2005,3,2
5948,"November",Drama|Mystery,2004,3,1
5949,"Sky High",Action|Adventure|Children|Comedy,2005,2.91666666666667,6
5950,"Stealth",Action|Adventure|Sci-Fi|Thriller,2005,2.5,5
5951,"Must Love Dogs",Comedy|Romance,2005,2,4
5952,"Aristocrats, The",Comedy|Documentary,2005,3.35,10
5953,"Georgy Girl",Comedy,1966,4,1
5954,"Order, The",Action|Adventure|Drama|Thriller,2001,3,1
5955,"Serenity",Action|Adventure|Sci-Fi,2005,3.94,50
5956,"Broken Flowers",Comedy|Drama,2005,3.47619047619048,21
5957,"Miracles - Mr. Canton and Lady Rose",Action|Comedy|Crime|Drama,1989,4.5,1
5958,"Browning Version, The",Drama,1951,NaN,NaN
5959,"Dukes of Hazzard, The",Action|Adventure|Comedy,2005,2.08333333333333,12
5960,"The Chumscrubber",Comedy|Drama,2005,2,3
5961,"Junebug",Comedy|Drama,2005,3.66666666666667,3
5962,"Deuce Bigalow: European Gigolo",Comedy,2005,2.83333333333333,3
5963,"Skeleton Key, The",Drama|Horror|Mystery|Thriller,2005,3,4
5964,"Four Brothers",Action|Crime|Drama,2005,3.57142857142857,7
5965,"The Great Raid",Action|Drama|War,2005,3.16666666666667,3
5966,"Pretty Persuasion",Comedy|Drama,2005,3,1
5967,"Grizzly Man",Documentary,2005,3.7,5
5968,"Private Resort",Comedy,1985,1.5,1
5969,"Pusher II: With Blood on My Hands",Action|Crime|Drama|Thriller,2004,2.5,1
5970,"Duma",Adventure|Drama,2005,3.5,1
5971,"Animal Farm",Animation|Drama,1954,1,1
5972,"Teahouse of the August Moon, The",Comedy,1956,4,1
5973,"40-Year-Old Virgin, The",Comedy|Romance,2005,3.5472972972973,74
5974,"Red Eye",Horror|Thriller,2005,3.38888888888889,9
5975,"Hidden",Drama|Mystery|Thriller,2005,2.5,2
5976,"Asterix & Obelix vs. Caesar",Adventure|Children|Comedy|Fantasy,1999,4,1
5977,"Kin-Dza-Dza!",Comedy|Drama|Sci-Fi,1986,3.75,2
5978,"Valiant",Adventure|Animation|Children|Comedy|Fantasy|War,2005,1.5,1
5979,"Brothers Grimm, The",Comedy|Fantasy|Horror|Thriller,2005,2.625,20
5980,"Baxter, The",Comedy|Drama|Romance,2005,4,1
5981,"Cave, The",Action|Adventure|Horror|Mystery|Sci-Fi|Thriller,2005,2.66666666666667,3
5982,"Constant Gardener, The",Drama|Thriller,2005,3.46153846153846,13
5983,"Transporter 2",Action|Crime|Thriller,2005,3.21875,16
5984,"Just Like Heaven",Comedy|Fantasy|Romance,2005,2.6875,8
5985,"Proof",Drama,2005,3.57142857142857,7
5986,"Lord of War",Action|Crime|Drama|Thriller|War,2005,3.71428571428571,35
5987,"Cry_Wolf",Drama|Horror|Mystery|Thriller,2005,2.25,2
5988,"Everything Is Illuminated",Comedy|Drama,2005,3.77777777777778,9
5989,"Thumbsucker",Comedy|Drama,2005,3.33333333333333,3
5990,"Family Guy Presents Stewie Griffin: The Untold Story",Adventure|Animation|Comedy,2005,3.70833333333333,12
5991,"Police Story 2",Action|Comedy|Crime|Thriller,1988,3.75,2
5992,"New Police Story",Action|Crime|Drama,2004,3.5,1
5993,"Go West",Comedy|Musical|Western,1940,3,1
5994,"Why We Fight",Documentary,2005,3.5,4
5995,"Doom",Action|Horror|Sci-Fi,2005,2.15,10
5996,"Domino",Crime|Drama|Thriller,2005,2.875,8
5997,"Waiting...",Comedy,2005,3.26923076923077,13
5998,"Aeon Flux",Action|Sci-Fi,2005,2.76190476190476,21
5999,"Frankenstein 90",Comedy|Horror|Romance,1984,4,1
6000,"Unfinished Life, An",Drama,2005,3,1
6001,"Man, The",Action|Comedy|Crime,2005,2.5,1
6002,"Survive Style 5+",Fantasy|Mystery|Romance|Thriller,2004,3.5,1
6003,"Woyzeck",Drama,1979,3.25,2
6004,"Exorcism of Emily Rose, The",Crime|Drama|Horror|Thriller,2005,2.91666666666667,6
6005,"Flightplan",Action|Drama|Thriller,2005,2.86363636363636,11
6006,"Corpse Bride",Animation|Comedy|Fantasy|Musical|Romance,2005,3.53409090909091,44
6007,"Green Street Hooligans",Crime|Drama,2005,3.72222222222222,9
6008,"History of Violence, A",Action|Crime|Drama|Thriller,2005,3.5,27
6009,"Oliver Twist",Drama,2005,3.5,3
6010,"Greatest Game Ever Played, The",Drama,2005,3.3,5
6011,"Capote",Crime|Drama,2005,3.8695652173913,23
6012,"Final Fantasy VII: Advent Children",Action|Adventure|Animation|Fantasy|Sci-Fi,2004,3.55,10
6013,"Roll Bounce",Comedy|Drama|Romance,2005,2,1
6014,"Into the Blue",Action|Adventure|Crime|Thriller,2005,2.5,2
6015,"MirrorMask",Adventure|Children|Drama|Fantasy,2005,3.61111111111111,9
6016,"Wallace & Gromit in The Curse of the Were-Rabbit",Adventure|Animation|Children|Comedy,2005,3.63333333333333,30
6017,"Kiss Kiss Bang Bang",Comedy|Crime|Mystery|Thriller,2005,4.07142857142857,35
6018,"Bittersweet Life, A",Action|Crime|Drama,2005,4.16666666666667,3
6019,"Short Film About Love, A",Drama|Romance,1988,4.5,1
6020,"All This, and Heaven Too",Drama|Romance,1940,4,1
6021,"Darwin's Nightmare",Documentary,2004,4,1
6022,"Beowulf & Grendel",Action|Adventure|Drama|Fantasy,2005,2.5,1
6023,"No Direction Home: Bob Dylan",Documentary,2005,4.625,4
6024,"Goal! The Dream Begins",Drama,2005,4.25,2
6025,"Wraith, The",Action|Horror|Sci-Fi|Thriller,1986,2.5,1
6026,"In Her Shoes",Comedy|Drama,2005,3.125,4
6027,"Squid and the Whale, The",Comedy|Drama,2005,3.44444444444444,9
6028,"Two for the Money",Drama,2005,3.5,1
6029,"Brokeback Mountain",Drama|Romance,2005,3.55882352941176,34
6030,"Elizabethtown",Comedy|Drama|Romance,2005,3.5,4
6031,"North Country",Drama,2005,3.5,4
6032,"Good Night, and Good Luck.",Crime|Drama,2005,3.775,20
6033,"Dreamer: Inspired by a True Story",Children|Drama,2005,2.5,1
6034,"Proposition, The",Crime|Drama|Western,2005,3.5625,8
6035,"Fog, The",Action|Horror|Mystery|Thriller,2005,2.1,5
6036,"Shopgirl",Comedy|Drama|Romance,2005,3,7
6037,"Stay",Thriller,2005,3,4
6038,"Legend of Zorro, The",Action|Adventure|Drama|Western,2005,2.9,5
6039,"Weather Man, The",Comedy|Drama,2005,3.38888888888889,9
6040,"Saw II",Horror|Thriller,2005,2.80769230769231,13
6041,"Prime",Comedy|Drama|Romance,2005,2.6,5
6042,"Don't Move",Drama,2004,4.5,1
6043,"American Pie Presents: Band Camp",Comedy,2005,2.14285714285714,7
6044,"Great Yokai War, The",Adventure|Comedy|Fantasy|Horror,2005,2.75,2
6045,"Manderlay",Drama,2005,4.125,4
6046,"Revolver",Crime|Drama|Thriller,2005,3.35714285714286,7
6047,"Jarhead",Action|Drama|War,2005,3.67647058823529,17
6048,"Chicken Little",Action|Adventure|Animation|Children|Comedy|Sci-Fi,2005,2.28571428571429,7
6049,"Dead Man's Shoes",Crime|Thriller,2004,4.75,2
6050,"Joyeux Noël",Drama|War,2005,3.7,5
6051,"Night of the Lepus",Horror|Sci-Fi|Thriller,1972,2.5,1
6052,"Match Factory Girl, The",Comedy|Drama,1990,5,1
6053,"Sword of the Beast",Action|Drama,1965,3,1
6054,"Just Friends",Comedy|Romance,2005,2.91666666666667,6
6055,"Syriana",Drama|Thriller,2005,3.53125,16
6056,"One-Way Ticket to Mombasa",Comedy|Drama,2002,2,1
6057,"Derailed",Drama|Thriller,2005,3.25,4
6058,"Creep",Horror|Thriller,2004,3,1
6059,"Pride & Prejudice",Drama|Romance,2005,3.55555555555556,27
6060,"Babylon 5",Sci-Fi,NaN,2.25,2
6061,"Wolf Creek",Crime|Horror|Thriller,2005,3.25,4
6062,"Descent, The",Adventure|Drama|Horror|Thriller,2005,3.54545454545455,11
6063,"Harry Potter and the Goblet of Fire",Adventure|Fantasy|Thriller|IMAX,2005,3.8169014084507,71
6064,"Walk the Line",Drama|Musical|Romance,2005,3.75641025641026,39
6065,"Rent",Drama|Musical|Romance,2005,3.15,10
6066,"Zathura",Action|Adventure|Children|Fantasy,2005,3.375,4
6067,"C.R.A.Z.Y.",Drama,2005,3.5,2
6068,"Sarah Silverman: Jesus Is Magic",Comedy|Musical,2005,2,2
6069,"Breakfast on Pluto",Comedy|Drama,2005,3.875,4
6070,"Ice Harvest, The",Action|Comedy|Crime|Thriller,2005,3.66666666666667,3
6071,"Yours, Mine and Ours",Comedy|Romance,2005,3.33333333333333,3
6072,"Libertine, The",Drama,2004,3.5,1
6073,"Bird with the Crystal Plumage, The",Crime|Horror|Mystery|Thriller,1970,4,1
6074,"Match Point",Crime|Drama|Romance,2005,3.44117647058824,17
6075,"Paradise Now",Crime|Drama|Thriller|War,2005,4,2
6076,"Chronicles of Narnia: The Lion, the Witch and the Wardrobe, The",Adventure|Children|Fantasy,2005,3.44354838709677,62
6077,"King Kong",Action|Adventure|Drama|Fantasy|Thriller,2005,3.4,40
6078,"Memoirs of a Geisha",Drama|Romance,2005,3.58333333333333,12
6079,"Family Stone, The",Comedy|Drama|Romance,2005,2.875,8
6080,"Havoc",Crime|Drama|Romance,2005,2.75,2
6081,"Samurai Rebellion",Action|Drama,1967,3.5,1
6082,"Room for Romeo Brass, A",Comedy|Drama,1999,4,1
6083,"Matador, The",Comedy|Drama|Thriller,2005,3.21428571428571,7
6084,"Wal-Mart: The High Cost of Low Price",Documentary,2005,4.5,1
6085,"Mozart and the Whale",Comedy|Drama|Romance,2005,2.5,1
6086,"Don't Look Now: We're Being Shot At",Comedy|War,1966,4.5,1
6087,"Three Burials of Melquiades Estrada, The",Adventure|Crime|Drama,2006,4,5
6088,"Munich",Action|Crime|Drama|Thriller,2005,3.80952380952381,21
6089,"Producers, The",Comedy|Musical,2005,3.38888888888889,9
6090,"Transamerica",Adventure|Comedy|Drama,2005,3.5,6
6091,"Rumor Has It...",Comedy|Drama|Romance,2005,2.83333333333333,3
6092,"Cheaper by the Dozen 2",Adventure|Comedy,2005,1.875,4
6093,"Fun with Dick and Jane",Comedy|Crime,2005,2.18181818181818,11
6094,"Ringer, The",Comedy,2005,2.75,4
6095,"Casanova",Action|Adventure|Comedy|Drama|Romance,2005,3,3
6096,"Mrs. Henderson Presents",Comedy|Drama,2005,2,2
6097,"Ear, The",Drama|Thriller,1970,4,1
6098,"Luxo Jr.",Animation|Children,1986,3.75,2
6099,"Dentist, The",Horror|Thriller,1996,3,1
6100,"New World, The",Adventure|Drama|Romance,2005,3.2,5
6101,"Voices of a Distant Star",Animation|Drama|Romance|Sci-Fi,2003,4.5,1
6102,"7 Faces of Dr. Lao",Fantasy|Mystery|Western,1964,5,1
6103,"Samurai Assassin",Action|Adventure|Drama,1965,3,1
6104,"Boys of Baraka, The",Documentary,2005,3.5,1
6105,"Lady Vengeance",Crime|Drama|Mystery|Thriller,2005,4,5
6106,"Grand Theft Parsons",Comedy|Drama,2003,2.5,1
6107,"District 13",Action|Crime|Sci-Fi,2004,3.8,5
6108,"Hostel",Horror,2005,2.86363636363636,11
6109,"Grandma's Boy",Comedy,2006,2.57142857142857,7
6110,"Tristan & Isolde",Drama|Romance,2006,3.6,5
6111,"Glory Road",Drama,2006,3.75,2
6112,"Last Holiday",Comedy,2006,3.5,3
6113,"Hoodwinked!",Animation|Children|Comedy,2005,3.25,4
6114,"Underworld: Evolution",Action|Fantasy|Horror,2006,3.09375,16
6115,"Looking for Comedy in the Muslim World",Comedy,2005,3.5,1
6116,"Casper Meets Wendy",Adventure|Children|Comedy|Fantasy,1998,4.5,1
6117,"Revolution",Adventure|Drama|War,1985,2.5,1
6118,"Project A",Action|Comedy,1983,4,2
6119,"Bird People in China, The",Adventure|Comedy|Drama|Fantasy,1998,4,1
6120,"Water",Drama|Romance,2005,3.5,1
6121,"Sophie Scholl: The Final Days",Drama|War,2005,4.625,4
6122,"World's Fastest Indian, The",Drama,2005,3.78571428571429,7
6123,"Bandidas",Action|Comedy|Crime|Western,2006,1,1
6124,"Tristram Shandy: A Cock and Bull Story",Comedy|Drama,2005,3.33333333333333,3
6125,"Helter Skelter",Action|Crime|Drama|Horror,2004,3.5,1
6126,"Annapolis",Drama,2006,2.75,2
6127,"Big Momma's House 2",Action|Comedy|Crime,2006,2,1
6128,"Nanny McPhee",Children|Comedy|Fantasy,2005,3.16666666666667,6
6129,"Tuskegee Airmen, The",Drama|War,1995,2,1
6130,"Final Destination 3",Horror|Mystery|Thriller,2006,2.83333333333333,9
6131,"Something New",Comedy|Drama|Romance,2006,4.5,1
6132,"Block Party",Comedy|Documentary,2005,3.16666666666667,3
6133,"Imagine Me & You",Comedy|Drama|Romance,2005,3.5,1
6134,"Pink Panther, The",Adventure|Comedy|Crime,2006,2.85714285714286,7
6135,"Curious George",Adventure|Animation|Children|Comedy,2006,3.5,2
6136,"Firewall",Crime|Drama|Thriller,2006,2.75,8
6137,"When a Stranger Calls",Horror|Thriller,2006,1.3,5
6138,"London",Drama,2005,3,1
6139,"Freedomland",Crime|Drama,2006,2,1
6140,"Winter Passing",Drama,2005,4,1
6141,"Eight Below",Action|Adventure|Drama|Romance,2006,3,4
6142,"Date Movie",Comedy|Romance,2006,0.833333333333333,3
6143,"Running Scared",Action|Crime|Thriller,2006,3.3,5
6144,"Ultraviolet",Action|Fantasy|Sci-Fi|Thriller,2006,1.92307692307692,13
6145,"Just My Luck",Comedy|Romance,2006,3,1
6146,"Pulse",Action|Drama|Fantasy|Horror|Mystery|Sci-Fi|Thriller,2006,1.75,2
6147,"16 Blocks",Crime|Thriller,2006,3,9
6148,"Failure to Launch",Comedy|Romance,2006,3.25,6
6149,"Ultimate Avengers",Action|Animation|Children|Sci-Fi,2006,2.75,2
6150,"Ice Age 2: The Meltdown",Adventure|Animation|Children|Comedy,2006,3.21739130434783,23
6151,"Ask the Dust",Drama|Romance,2006,4,1
6152,"V for Vendetta",Action|Sci-Fi|Thriller|IMAX,2006,3.885,100
6153,"She's the Man",Comedy|Romance,2006,3.75,6
6154,"Thank You for Smoking",Comedy|Drama,2006,4.02777777777778,36
6155,"Find Me Guilty",Comedy|Crime|Drama,2006,3,1
6156,"Inside Man",Crime|Drama|Thriller,2006,3.8,40
6157,"Tsotsi",Crime|Drama,2005,3.25,4
6158,"Aquamarine",Children|Comedy|Fantasy,2006,2,2
6159,"Leprechaun 2",Comedy|Fantasy|Horror,1994,2.5,1
6160,"Leprechaun 3",Comedy|Fantasy|Horror,1995,2,1
6161,"Leprechaun 4: In Space",Comedy|Fantasy|Horror|Sci-Fi,1997,0.5,1
6162,"Lights in the Dusk",Crime|Drama,2006,3.5,1
6163,"Hills Have Eyes, The",Drama|Horror|Thriller,2006,3.08333333333333,6
6164,"Shaggy Dog, The",Adventure|Children|Comedy|Fantasy,2006,1.25,2
6165,"Unknown White Male",Documentary,2005,3.5,1
6166,"Lives of Others, The",Drama|Romance|Thriller,2006,4.11764705882353,34
6167,"Youth of the Beast",Action|Crime|Mystery,1963,4,1
6168,"Take the Lead",Drama,2006,3.75,2
6169,"Devil and Daniel Johnston, The",Documentary,2005,4.5,1
6170,"Mouchette",Drama,1967,3,1
6171,"Lucky Number Slevin",Crime|Drama|Mystery,2006,3.85526315789474,38
6172,"Volver",Comedy|Drama,2006,3.8125,8
6173,"Akeelah and the Bee",Drama,2006,3.8,5
6174,"Brainstorm",Drama,2001,2.5,1
6175,"Stay Alive",Horror|Sci-Fi|Thriller,2006,1.33333333333333,3
6176,"Basic Instinct 2",Crime|Drama|Mystery|Thriller,2006,2.16666666666667,3
6177,"Brick",Crime|Drama|Film-Noir|Mystery,2005,3.875,12
6178,"Dead Hate the Living!, The",Comedy|Horror,2000,3,1
6179,"Evil Aliens",Comedy|Horror|Sci-Fi,2005,4.5,1
6180,"This Film Is Not Yet Rated",Documentary,2006,3.5,6
6181,"Slither",Comedy|Horror|Sci-Fi,2006,3,5
6182,"Benchwarmers, The",Comedy,2006,2.77272727272727,11
6183,"Renaissance",Action|Animation|Film-Noir|Sci-Fi|Thriller,2006,2.5,1
6184,"Go for Zucker!",Comedy,2004,5,1
6185,"Friends with Money",Comedy|Drama|Romance,2006,3.25,4
6186,"Reefer Madness: The Movie Musical",Comedy|Drama|Musical,2005,4.75,2
6187,"Candy",Drama|Romance,2006,4.25,2
6188,"Secrets of a Soul",Drama,1926,4.5,1
6189,"Child, The",Crime|Drama,2005,4,1
6190,"9/11",Documentary,2002,5,1
6191,"Scary Movie 4",Comedy|Horror,2006,2.25,12
6192,"Hard Candy",Drama|Thriller,2005,3.5,12
6193,"Prairie Home Companion, A",Comedy|Drama|Musical,2006,3.66666666666667,6
6194,"Sentinel, The",Crime|Drama|Thriller,2006,2.75,2
6195,"Wild, The",Adventure|Animation|Children|Comedy|Fantasy,2006,2.5,1
6196,"Silent Hill",Fantasy|Horror|Thriller,2006,2.95833333333333,12
6197,"American Dreamz",Comedy|Drama,2006,3,1
6198,"Kinky Boots",Comedy|Drama,2005,3.75,4
6199,"Protector, The",Action|Comedy|Crime|Thriller,2005,3,1
6200,"Mission: Impossible III",Action|Adventure|Thriller,2006,3.58928571428571,28
6201,"RV",Adventure|Children|Comedy,2006,2,3
6202,"United 93",Crime|Drama,2006,4.14285714285714,7
6203,"Stick It",Comedy,2006,2.58333333333333,6
6204,"American Haunting, An",Drama|Horror|Mystery|Thriller,2005,1.5,2
6205,"Down in the Valley",Drama|Romance,2005,3.25,2
6206,"Over the Hedge",Adventure|Animation|Children|Comedy,2006,3.42857142857143,14
6207,"Art School Confidential",Comedy|Drama,2006,3.33333333333333,6
6208,"Poseidon",Action|Adventure|Thriller|IMAX,2006,2.875,4
6209,"Da Vinci Code, The",Drama|Mystery|Thriller,2006,3.12244897959184,49
6210,"X-Men: The Last Stand",Action|Sci-Fi|Thriller,2006,3.35576923076923,52
6211,"Break-Up, The",Comedy|Drama|Romance,2006,2.59090909090909,11
6212,"Peaceful Warrior",Drama,2006,5,1
6213,"Cars",Animation|Children|Comedy,2006,3.3780487804878,41
6214,"Notorious Bettie Page, The",Drama,2005,3,2
6215,"Game 6",Comedy|Drama,2005,2.5,1
6216,"On a Clear Day",Drama,2005,2,1
6217,"Omen, The",Horror|Thriller,2006,2.3,5
6218,"Nacho Libre",Comedy,2006,2.46428571428571,14
6219,"Lake House, The",Drama|Fantasy|Romance,2006,3.1,10
6220,"Click",Adventure|Comedy|Drama|Fantasy|Romance,2006,2.97826086956522,23
6221,"Devil Wears Prada, The",Comedy|Drama,2006,3.55882352941176,34
6222,"Pirates of the Caribbean: Dead Man's Chest",Action|Adventure|Fantasy,2006,3.50694444444444,72
6223,"You, Me and Dupree",Comedy,2006,2.16666666666667,6
6224,"Clerks II",Comedy,2006,3.88461538461538,13
6225,"Lady in the Water",Drama|Fantasy|Mystery,2006,2.83333333333333,9
6226,"My Super Ex-Girlfriend",Comedy|Fantasy|Romance,2006,1.58333333333333,6
6227,"Marie Antoinette",Drama|Romance,2006,3.19230769230769,13
6228,"Who Killed the Electric Car?",Documentary,2006,3.7,5
6229,"Inconvenient Truth, An",Documentary,2006,3.57692307692308,13
6230,"Career Opportunities",Comedy|Romance,1991,2.5,1
6231,"High School Musical",Children|Comedy|Drama|Musical|Romance,2006,2,3
6232,"I Am a Sex Addict",Comedy|Documentary|Romance,2005,4.5,1
6233,"Stoned",Drama,2005,2,1
6234,"Jet Li's Fearless",Action|Drama,2006,3.125,8
6235,"Fast and the Furious: Tokyo Drift, The",Action|Crime|Drama|Thriller,2006,2.09090909090909,11
6236,"Garfield: A Tail of Two Kitties",Animation|Children|Comedy,2006,2.25,2
6237,"Metal: A Headbanger's Journey",Documentary,2005,4,2
6238,"Public Eye, The",Crime|Thriller,1992,2,1
6239,"Superman Returns",Action|Adventure|Sci-Fi|IMAX,2006,3.08,25
6240,"Road to Guantanamo, The",Drama|War,2006,3.5,1
6241,"Edmond",Drama|Thriller,2005,3.5,3
6242,"OH in Ohio, The",Comedy,2006,2.5,1
6243,"Little Miss Sunshine",Adventure|Comedy|Drama,2006,3.88311688311688,77
6244,"Fallen Idol, The",Drama|Mystery|Thriller,1948,2.5,1
6245,"Babel",Drama|Thriller,2006,3.5,31
6246,"Strangers with Candy",Comedy,2005,2.5,1
6247,"Wordplay",Documentary,2006,4,3
6248,"Army of Shadows",Action|Drama|Thriller|War,1969,4.5,1
6249,"Orchestra Rehearsal",Drama,1978,3.5,1
6250,"Little Man",Comedy,2006,1,1
6251,"Monster House",Animation|Children|Fantasy|Mystery,2006,3.11111111111111,9
6252,"Snakes on a Plane",Action|Comedy|Horror|Thriller,2006,2.64285714285714,14
6253,"Scoop",Comedy|Fantasy|Mystery,2006,3.375,4
6254,"Talladega Nights: The Ballad of Ricky Bobby",Action|Comedy,2006,3.25,28
6255,"Night at the Museum",Action|Comedy|Fantasy|IMAX,2006,3.23913043478261,23
6256,"World Trade Center",Drama,2006,2.66666666666667,6
6257,"Stranger than Fiction",Comedy|Drama|Fantasy|Romance,2006,3.69318181818182,44
6258,"Miami Vice",Action|Crime|Drama|Thriller,2006,2.75,10
6259,"Pursuit of Happyness, The",Drama,2006,3.79347826086957,46
6260,"John Tucker Must Die",Comedy|Romance,2006,2.72222222222222,9
6261,"Ant Bully, The",Adventure|Animation|Children|Comedy|Fantasy|IMAX,2006,3.25,2
6262,"Crank",Action|Thriller,2006,3.42857142857143,14
6263,"Secret Life of Words, The",Drama|Romance,2005,4,1
6264,"Chaos",Action|Crime|Drama|Thriller,2005,3.5,1
6265,"Night Listener, The",Fantasy|Mystery|Thriller,2006,2.83333333333333,3
6266,"Step Up",Drama|Romance,2006,3.5,4
6267,"Zoom",Adventure|Comedy|Drama|Fantasy,2006,2.5,1
6268,"Mind Game",Adventure|Animation|Comedy|Fantasy|Romance|Sci-Fi,2004,4.25,2
6269,"Half Nelson",Drama,2006,4,5
6270,"Moustache, La",Drama|Mystery|Thriller,2005,3.5,1
6271,"Tideland",Drama|Fantasy|Thriller,2005,3,3
6272,"Adam's Apples",Comedy|Drama,2005,4.16666666666667,3
6273,"Material Girls",Children|Comedy|Drama,2006,2,1
6274,"Accepted",Comedy,2006,2.92857142857143,14
6275,"Crime Busters",Action|Adventure|Comedy|Crime,1977,2.5,1
6276,"Born to Kill",Crime|Drama|Film-Noir,1947,4,1
6277,"Illusionist, The",Drama|Fantasy|Mystery|Romance,2006,3.77906976744186,43
6278,"The Queen",Drama,2006,3.73076923076923,13
6279,"Beerfest",Comedy,2006,3.5,6
6280,"Invincible",Drama,2006,3,7
6281,"Idlewild",Crime|Drama|Musical,2006,4,1
6282,"Red Balloon, The",Children|Fantasy,1956,3.5,1
6283,"Angel-A",Comedy|Drama|Fantasy|Romance,2005,3.5,3
6284,"Chump at Oxford, A",Comedy,1940,5,1
6285,"Icicle Thief, The",Comedy|Fantasy,1989,3,1
6286,"Puffy Chair, The",Drama|Romance,2006,2.5,1
6287,"Wicker Man, The",Horror|Mystery|Thriller,2006,1,4
6288,"Wind That Shakes the Barley, The",Drama|War,2006,3.75,4
6289,"Severance",Comedy|Horror|Thriller,2006,3,1
6290,"Hollywoodland",Crime|Drama|Mystery|Thriller,2006,3.2,5
6291,"Covenant, The",Action|Horror|Thriller,2006,3,1
6292,"Last Kiss, The",Comedy|Drama,2006,3.83333333333333,3
6293,"SherryBaby",Drama,2006,2.5,1
6294,"Idiocracy",Adventure|Comedy|Sci-Fi|Thriller,2006,3.72222222222222,18
6295,"Jesus Camp",Documentary|Drama,2006,4.07142857142857,7
6296,"Bow, The",Drama|Romance,2005,4,1
6297,"Tiger and the Snow, The",Comedy|Drama|Romance|War,2005,4,1
6298,"Fountain, The",Drama|Fantasy|Romance,2006,3.5,14
6299,"Fear City: A Family-Style Comedy",Comedy,1994,4,1
6300,"Science of Sleep, The",Comedy|Drama|Fantasy|Romance,2006,3.86363636363636,11
6301,"Black Dahlia, The",Crime|Drama|Mystery|Thriller,2006,3.25,6
6302,"Woods, The",Horror,2006,3,1
6303,"Gridiron Gang",Drama,2006,3,2
6304,"Land of Plenty",Drama,2004,3.5,1
6305,"Bridge, The",Documentary,2006,4,1
6306,"Apocalypto",Adventure|Drama|Thriller,2006,3.60526315789474,19
6307,"Flyboys",Action|Adventure|Drama|War,2006,2,1
6308,"Jackass Number Two",Comedy|Documentary,2006,3.57142857142857,7
6309,"All the King's Men",Drama,2006,3,3
6310,"Conversations with Other Women",Comedy|Drama|Romance,2005,4,2
6311,"Borat: Cultural Learnings of America for Make Benefit Glorious Nation of Kazakhstan",Comedy,2006,3.34615384615385,65
6312,"Pan's Labyrinth",Drama|Fantasy|Thriller,2006,3.81481481481481,81
6313,"Guardian, The",Action|Adventure|Drama,2006,3,4
6314,"Open Season",Adventure|Animation|Children|Comedy|IMAX,2006,3,2
6315,"School for Scoundrels",Comedy|Crime,2006,2.5,1
6316,"Departed, The",Crime|Drama|Thriller,2006,4.25233644859813,107
6317,"Texas Chainsaw Massacre: The Beginning, The",Horror|Thriller,2006,2.5,2
6318,"Employee of the Month",Comedy,2006,2.83333333333333,6
6319,"Running With Scissors",Comedy|Drama,2006,2.5,1
6320,"Man of the Year",Comedy|Thriller,2006,2.5,3
6321,"Marine, The",Action|Drama|Thriller,2006,2.75,2
6322,"Infamous",Drama,2006,3.75,2
6323,"Fellini's Casanova",Drama|Romance,1976,3.5,2
6324,"Chapayev",Drama|War,1934,4.5,1
6325,"Feast",Action|Comedy|Horror|Thriller,2005,2.75,2
6326,"Little Children",Drama|Romance,2006,3.875,4
6327,"Deliver Us from Evil",Documentary,2006,4.5,2
6328,"Last King of Scotland, The",Drama|Thriller,2006,3.975,20
6329,"U.S. vs. John Lennon, The",Documentary,2006,4,1
6330,"Shortbus",Comedy|Drama|Romance,2006,4,3
6331,"Children of Men",Action|Adventure|Drama|Sci-Fi|Thriller,2006,3.9453125,64
6332,"Prestige, The",Drama|Mystery|Sci-Fi|Thriller,2006,4.00555555555556,90
6333,"Flags of Our Fathers",Drama|War,2006,3.45454545454545,11
6334,"13 Tzameti",Film-Noir|Thriller,2005,4.5,1
6335,"Saw III",Crime|Horror|Thriller,2006,3.04545454545455,11
6336,"Catch a Fire",Drama|Thriller,2006,3.25,2
6337,"Death of a President",Crime|Drama|Mystery|Thriller,2006,3.25,2
6338,"Flushed Away",Animation|Comedy,2006,3.5,7
6339,"Perfume: The Story of a Murderer",Crime|Drama|Thriller,2006,3.25,8
6340,"Santa Clause 3: The Escape Clause, The",Comedy|Fantasy,2006,2.75,2
6341,"Mom and Dad Save the World",Comedy|Sci-Fi,1992,2,1
6342,"Good Year, A",Comedy|Drama|Romance,2006,3.66666666666667,3
6343,"Shut Up & Sing",Documentary,2006,3,3
6344,"For Your Consideration",Comedy,2006,2.375,4
6345,"Fuck",Comedy|Documentary,2005,3,1
6346,"Shooting Dogs",Documentary|Drama|War,2005,4,1
6347,"Casino Royale",Action|Adventure|Thriller,2006,3.94444444444444,81
6348,"Happy Feet",Adventure|Animation|Children|Comedy|IMAX,2006,2.68181818181818,11
6349,"Let's Go to Prison",Comedy,2006,1.33333333333333,3
6350,"Déjà Vu",Action|Sci-Fi|Thriller,2006,3.3,20
6351,"Bobby",Drama,2006,3.83333333333333,3
6352,"10 Items or Less",Comedy|Drama|Romance,2006,2.66666666666667,3
6353,"Holiday, The",Comedy|Romance,2006,3.20833333333333,24
6354,"Harsh Times",Action|Crime|Drama,2006,3,1
6355,"Fast Food Nation",Drama,2006,3.83333333333333,3
6356,"The Great Train Robbery",Crime|Western,1903,2.5,2
6357,"Tenacious D in The Pick of Destiny",Adventure|Comedy|Musical,2006,3.44444444444444,9
6358,"Nativity Story, The",Drama,2006,3.5,2
6359,"Blood Diamond",Action|Adventure|Crime|Drama|Thriller|War,2006,3.76415094339623,53
6360,"Charlotte's Web",Children|Comedy|Drama|Fantasy,2006,3.33333333333333,3
6361,"Eragon",Action|Adventure|Fantasy,2006,2.33333333333333,12
6362,"Rocky Balboa",Action|Drama,2006,3.32142857142857,14
6363,"Fur: An Imaginary Portrait of Diane Arbus",Drama|Fantasy|Romance,2006,3,1
6364,"Dam Busters, The",Action|Drama|War,1955,4,1
6365,"Another Gay Movie",Comedy,2006,3.5,1
6366,"Painted Veil, The",Drama|Romance,2006,4,4
6367,"We Are Marshall",Drama,2006,3.75,2
6368,"Good Shepherd, The",Drama|Thriller,2006,3.14285714285714,7
6369,"Dreamgirls",Drama|Musical,2006,3.1,5
6370,"Freedom Writers",Drama,2007,3.75,4
6371,"When the Levees Broke: A Requiem in Four Acts",Documentary,2006,4,1
6372,"Inland Empire",Drama|Mystery|Thriller,2006,3.66666666666667,6
6373,"History Boys, The",Comedy|Drama,2006,3,2
6374,"Notes on a Scandal",Drama,2006,3.75,4
6375,"DOA: Dead or Alive",Action|Adventure,2006,2,2
6376,"Curse of the Golden Flower",Action|Drama,2006,2.5,3
6377,"Good German, The",Drama|Mystery|Thriller,2006,3,1
6378,"Letters from Iwo Jima",Drama|War,2006,3.70588235294118,17
6379,"Black Christmas",Action|Horror|Thriller,2006,2,1
6380,"Stomp the Yard",Drama|Musical,2007,2.5,2
6381,"Miss Potter",Drama,2006,3.75,2
6382,"American Pie Presents The Naked Mile",Comedy|Romance,2006,1.16666666666667,3
6383,"Venus",Drama|Romance,2006,3.5,2
6384,"The Return of Don Camillo",Comedy,1953,3,1
6385,"The Little World of Don Camillo",Comedy,1952,3,1
6386,"Primeval",Horror|Thriller,2007,2,1
6387,"Alpha Dog",Crime|Drama,2007,3.125,8
6388,"Hitcher, The",Action|Horror|Thriller,2007,2.5,2
6389,"After the Wedding",Drama,2006,3.5,1
6390,"Bridge to Terabithia",Adventure|Children|Fantasy,2007,2.77777777777778,9
6391,"Beer League",Comedy,2006,4,1
6392,"Dead Meat",Horror,2004,4.5,1
6393,"49 Up",Documentary,2005,4,2
6394,"Waitress",Comedy|Drama|Romance,2007,3.83333333333333,6
6395,"Seven Up!",Documentary,1964,3.83333333333333,3
6396,"Catch and Release",Comedy|Drama|Romance,2006,2.25,2
6397,"Smokin' Aces",Action|Crime|Drama|Thriller,2006,3.1,10
6398,"Blood and Chocolate",Drama|Fantasy|Horror|Romance,2007,2,2
6399,"Epic Movie",Adventure|Comedy,2007,1.125,4
6400,"Messengers, The",Drama|Horror|Thriller,2007,2.5,2
6401,"Because I Said So",Comedy|Drama|Romance,2007,3,3
6402,"Hannibal Rising",Drama|Horror|Thriller,2007,3.5,3
6403,"Norbit",Comedy|Romance,2007,1,1
6404,"Boss of It All, The",Comedy|Drama,2006,4.5,2
6405,"Cocaine Cowboys",Documentary,2006,4.5,2
6406,"Ratatouille",Animation|Children|Drama,2007,3.86805555555556,72
6407,"Paris, I Love You",Romance,2006,2.9375,8
6408,"Astronaut Farmer, The",Drama,2007,2.25,2
6409,"Wake Up, Ron Burgundy",Comedy,2004,3.5,1
6410,"It's a Boy Girl Thing",Comedy|Romance,2006,1,2
6411,"Ugly Duckling and Me!, The",Animation|Comedy,2006,5,1
6412,"The Odyssey",Adventure|Drama|Fantasy,1997,3.16666666666667,3
6413,"Unknown",Drama|Mystery|Thriller,2006,3,4
6414,"Ghost Rider",Action|Fantasy|Thriller,2007,2.25,12
6415,"Breach",Drama|Thriller,2007,3.5625,8
6416,"Tyler Perry's Daddy's Little Girls",Comedy|Romance,2007,2,1
6417,"Music and Lyrics",Comedy|Romance,2007,3.1,10
6418,"Number 23, The",Drama|Mystery|Thriller,2007,2.92857142857143,14
6419,"Reno 911!: Miami",Comedy,2007,3,2
6420,"Black Snake Moan",Drama,2006,3.5,4
6421,"My Father and My Son",Drama,2005,4.5,1
6422,"Factory Girl",Drama,2006,3.5,1
6423,"Hot Fuzz",Action|Comedy|Crime|Mystery,2007,4,61
6424,"Golden Door",Adventure|Drama|Romance,2006,4.5,1
6425,"Citizen X",Crime|Drama|Thriller,1995,4,1
6426,"Next",Action|Sci-Fi|Thriller,2007,2.82142857142857,14
6427,"Amazing Grace",Drama|Romance,2006,3,1
6428,"2001 Maniacs",Comedy|Horror,2005,3.25,2
6429,"Zodiac",Crime|Drama|Thriller,2007,3.71052631578947,38
6430,"Pusher III: I'm the Angel of Death",Action|Comedy|Drama|Horror|Thriller,2005,2.5,1
6431,"Babylon 5: The Gathering",Sci-Fi,1993,4,1
6432,"Meshes of the Afternoon",Fantasy,1943,3,1
6433,"Wild Hogs",Adventure|Comedy,2007,2.3,5
6434,"300",Action|Fantasy|War|IMAX,2007,3.68125,80
6435,"Abandoned, The",Horror|Mystery|Thriller,2006,2,1
6436,"Starter for 10",Drama|Romance,2006,3.5,1
6437,"Last Mimzy, The",Adventure|Children|Sci-Fi,2007,3,2
6438,"Priceless",Comedy|Romance,2006,4.25,2
6439,"Host, The",Comedy|Drama|Horror|Sci-Fi|Thriller,2006,4,7
6440,"Becoming Jane",Drama|Romance,2007,2.91666666666667,6
6441,"Namesake, The",Drama|Romance,2006,3.66666666666667,3
6442,"I Think I Love My Wife",Comedy|Drama|Romance,2007,2.5,1
6443,"Premonition",Drama|Fantasy|Mystery|Thriller,2007,3.5,3
6444,"Dead Silence",Horror|Mystery|Thriller,2007,3.25,2
6445,"Reign Over Me",Drama,2007,4.1,5
6446,"Pride",Drama,2007,2.5,1
6447,"Shooter",Action|Drama|Thriller,2007,3.86,25
6448,"Hills Have Eyes II, The",Horror|Thriller,2007,2.5,2
6449,"TMNT",Action|Adventure|Animation|Children|Comedy|Fantasy,2007,3.08333333333333,6
6450,"Black Book",Drama|Thriller|War,2006,2.5,1
6451,"Lookout, The",Crime|Drama|Thriller,2007,3.25,6
6452,"Blades of Glory",Comedy|Romance,2007,3.08823529411765,17
6453,"Are We Done Yet?",Comedy,2007,1.5,1
6454,"Grindhouse",Action|Crime|Horror|Sci-Fi|Thriller,2007,3.42592592592593,27
6455,"Reaping, The",Horror|Thriller,2007,2.5,3
6456,"Meet the Robinsons",Action|Adventure|Animation|Children|Comedy|Sci-Fi,2007,3.54545454545455,11
6457,"American Hardcore",Documentary,2006,3.5,1
6458,"Inglorious Bastards",Action|Adventure|Drama|War,1978,3.57142857142857,7
6459,"Sunshine",Adventure|Drama|Sci-Fi|Thriller,2007,3.64285714285714,14
6460,"Hoax, The",Crime|Drama,2007,3.5,2
6461,"How the Grinch Stole Christmas!",Animation|Comedy|Fantasy|Musical,1966,3.59090909090909,11
6462,"Disturbia",Drama|Thriller,2007,3.15,10
6463,"Aqua Teen Hunger Force Colon Movie Film for Theaters",Action|Adventure|Animation|Comedy|Fantasy|Mystery|Sci-Fi,2007,3,1
6464,"Vie en Rose, La",Drama|Musical,2007,3.25,2
6465,"Fracture",Crime|Drama|Mystery|Thriller,2007,3.66666666666667,12
6466,"Vacancy",Horror|Thriller,2007,3.75,2
6467,"In the Land of Women",Comedy|Drama|Romance,2007,4,2
6468,"Mr. Bean's Holiday",Comedy,2007,2.875,4
6469,"Invisible, The",Crime|Drama|Fantasy|Mystery|Thriller,2007,2.33333333333333,3
6470,"Kickin It Old Skool",Comedy,2007,2,1
6471,"Spider-Man 3",Action|Adventure|Sci-Fi|Thriller|IMAX,2007,3,44
6472,"Lucky You",Comedy|Drama,2007,3,1
6473,"It's a Very Merry Muppet Christmas Movie",Children|Comedy,2002,1.5,2
6474,"21 Up",Documentary,1977,4,3
6475,"Sharkwater",Documentary,2006,4,1
6476,"Maniac Cop",Action|Crime|Horror|Thriller,1988,3.5,1
6477,"Ex, The",Comedy|Romance,2007,4,1
6478,"Paprika",Animation|Mystery|Sci-Fi,2006,3.77777777777778,9
6479,"Day Watch",Action|Fantasy|Horror|Thriller,2006,2.5,2
6480,"This Is England",Drama,2006,4,8
6481,"Away from Her",Drama,2006,3.625,4
6482,"Knocked Up",Comedy|Drama|Romance,2007,3.65384615384615,52
6483,"Hairspray",Comedy|Drama|Musical,2007,3.5,15
6484,"28 Weeks Later",Horror|Sci-Fi|Thriller,2007,3.5952380952381,21
6485,"Wheels on Meals",Action|Comedy|Crime|Romance,1984,3.75,2
6486,"Jonestown: The Life and Death of Peoples Temple",Documentary,2006,3.875,4
6487,"Shrek the Third",Adventure|Animation|Children|Comedy|Fantasy,2007,3.02380952380952,21
6488,"Once",Drama|Musical|Romance,2006,3.94444444444444,9
6489,"Pirates of the Caribbean: At World's End",Action|Adventure|Comedy|Fantasy,2007,3.4375,56
6490,"Bug",Drama|Horror|Thriller,2007,2.875,4
6491,"Mr. Brooks",Crime|Drama|Thriller,2007,4,7
6492,"Librarian: Return to King Solomon's Mines, The",Action|Adventure|Fantasy,2006,3.5,2
6493,"Librarian: Quest for the Spear, The",Action|Adventure|Comedy|Fantasy|Romance,2004,3.75,2
6494,"Fay Grim",Action|Thriller,2006,2,1
6495,"I'm a Cyborg, But That's OK",Comedy|Drama|Romance|Sci-Fi,2006,3,2
6496,"Breed, The",Horror|Thriller,2006,5,1
6497,"Cashback",Comedy|Drama|Romance,2006,3.25,4
6498,"Ocean's Thirteen",Crime|Thriller,2007,3.48484848484848,33
6499,"Them",Horror,2006,2,1
6500,"Sun Alley",Comedy|Romance,1999,5,1
6501,"Hostel: Part II",Crime|Horror|Thriller,2007,2,4
6502,"Paranoid Park",Crime|Drama,2007,4,1
6503,"Legend of Sleepy Hollow, The",Comedy|Fantasy|Horror,1980,1.5,1
6504,"Starcrash",Action|Adventure|Fantasy|Sci-Fi,1978,0.5,1
6505,"Surf's Up",Animation|Children|Comedy,2007,3.5,7
6506,"Fantastic Four: Rise of the Silver Surfer",Action|Adventure|Sci-Fi,2007,2.575,20
6507,"Nancy Drew",Adventure|Crime|Thriller,2007,2.83333333333333,3
6508,"Fido",Comedy|Horror|Thriller,2006,3.28571428571429,7
6509,"Death Proof",Action|Adventure|Crime|Horror|Thriller,2007,3.13461538461538,26
6510,"Rescue Dawn",Action|Adventure|Drama|War,2006,3.33333333333333,3
6511,"TV Set, The",Comedy|Drama,2006,4,2
6512,"Valet, The",Comedy,2006,5,1
6513,"Bring It On: All or Nothing",Comedy,2006,2,1
6514,"Power of Nightmares, The: The Rise of the Politics of Fear",Documentary,2004,4.5,1
6515,"Sicko",Documentary|Drama,2007,3.71428571428571,14
6516,"Mighty Heart, A",Drama|Thriller,2007,3.5,1
6517,"1408",Drama|Horror|Thriller,2007,3.16,25
6518,"Death at a Funeral",Comedy,2007,3.25,4
6519,"Live Free or Die Hard",Action|Adventure|Crime|Thriller,2007,3.40625,32
6520,"License to Wed",Comedy|Romance,2007,2.33333333333333,3
6521,"Evan Almighty",Comedy|Fantasy,2007,2.53846153846154,13
6522,"Transformers",Action|Sci-Fi|Thriller|IMAX,2007,3.34615384615385,39
6523,"Harry Potter and the Order of the Phoenix",Adventure|Drama|Fantasy|IMAX,2007,3.86206896551724,58
6524,"I Now Pronounce You Chuck and Larry",Comedy|Romance,2007,3.45454545454545,11
6525,"First Snow",Drama|Thriller,2006,3.25,2
6526,"Broken Arrow",Drama|Romance|Western,1950,3,1
6527,"Manufactured Landscapes",Documentary,2006,3.75,2
6528,"Across the Universe",Drama|Fantasy|Musical|Romance,2007,4.04545454545455,11
6529,"Hot Rod",Comedy,2007,3.14285714285714,7
6530,"Stardust",Adventure|Comedy|Fantasy|Romance,2007,3.60294117647059,34
6531,"Simpsons Movie, The",Animation|Comedy,2007,3.6195652173913,46
6532,"I Know Who Killed Me",Crime|Drama|Thriller,2007,0.5,1
6533,"No Reservations",Comedy|Drama|Romance,2007,3.25,2
6534,"Charlie Bartlett",Comedy|Drama,2007,3.5,5
6535,"Bourne Ultimatum, The",Action|Crime|Thriller,2007,3.69753086419753,81
6536,"China Blue",Documentary,2005,4,1
6537,"Tell No One",Crime|Drama|Mystery|Thriller,2006,3.83333333333333,3
6538,"Superbad",Comedy,2007,3.86363636363636,55
6539,"Brice Man, The",Comedy,2005,3.5,1
6540,"Rush Hour 3",Action|Comedy|Crime|Thriller,2007,2.7,5
6541,"Last Legion, The",Action|Adventure|Fantasy|War,2007,3,1
6542,"Balls of Fury",Comedy,2007,2.83333333333333,3
6543,"Sydney White",Comedy,2007,2.5,2
6544,"Kingdom, The",Action|Drama|Thriller,2007,3.8125,8
6545,"Rocket Science",Comedy|Drama,2007,3.25,2
6546,"Daddy Day Camp",Children|Comedy,2007,0.5,1
6547,"Invasion, The",Action|Drama|Horror|Sci-Fi|Thriller,2007,3,2
6548,"Nanny Diaries, The",Comedy|Drama|Romance,2007,3.16666666666667,3
6549,"Halloween",Horror,2007,3.25,4
6550,"Death Sentence",Drama|Thriller,2007,3.5,1
6551,"2 Days in Paris",Comedy|Drama|Romance,2007,3.5,1
6552,"King of Kong, The",Documentary,2007,3.91666666666667,12
6553,"Taxi 4",Action|Comedy,2007,2,1
6554,"Behind the Mask: The Rise of Leslie Vernon",Comedy|Horror|Thriller,2006,4,1
6555,"Brothers Solomon, The",Comedy,2007,0.5,1
6556,"Nines, The",Drama|Mystery,2007,2.5,1
6557,"Planet Terror",Action|Horror|Sci-Fi,2007,3.79545454545455,22
6558,"3:10 to Yuma",Action|Crime|Drama|Western,2007,4.06,25
6559,"Shoot 'Em Up",Action|Comedy|Crime,2007,3.45833333333333,12
6560,"Ten, The",Comedy,2007,4.5,1
6561,"Gotti",Crime|Drama,1996,2.5,1
6562,"Atonement",Drama|Romance|War,2007,3.53846153846154,13
6563,"Electroma",Drama|Sci-Fi,2006,1,1
6564,"Requiem",Drama|Thriller,2006,3.5,1
6565,"4 Months, 3 Weeks and 2 Days",Drama,2007,4,3
6566,"No End in Sight",Documentary,2007,4,1
6567,"Brave One, The",Crime|Drama|Thriller,2007,3.25,2
6568,"In the Valley of Elah",Drama|Mystery,2007,3.5,3
6569,"December Boys",Drama,2007,3,1
6570,"Shanghai Kiss",Comedy|Drama|Romance,2007,4,1
6571,"Hunting Party, The",Action|Adventure|Comedy|Drama|Thriller,2007,2.66666666666667,3
6572,"Eastern Promises",Crime|Drama|Thriller,2007,4.02631578947368,19
6573,"Unreasonable Man, An",Documentary,2006,4,1
6574,"Tekkonkinkreet",Action|Adventure|Animation|Crime|Fantasy,2006,4.625,4
6575,"Love and Other Disasters",Comedy|Romance,2006,3,1
6576,"Interview",Drama,2007,2.5,1
6577,"Cashback",Comedy|Drama,2004,3,1
6578,"Resident Evil: Extinction",Action|Horror|Sci-Fi|Thriller,2007,2.95,10
6579,"Mr. Woodcock",Comedy,2007,2.66666666666667,3
6580,"Good Luck Chuck",Comedy|Romance,2007,3.25,4
6581,"Into the Wild",Action|Adventure|Drama,2007,3.90243902439024,41
6582,"Game Plan, The",Comedy,2007,2.66666666666667,3
6583,"Lust, Caution",Drama|Romance|Thriller|War,2007,3.75,4
6584,"Seeker: The Dark Is Rising, The",Action|Adventure|Drama|Fantasy,2007,1,1
6585,"Heartbreak Kid, The",Comedy|Drama|Romance,2007,2.5,8
6586,"Dan in Real Life",Comedy|Drama|Romance,2007,3.38888888888889,9
6587,"Darjeeling Limited, The",Adventure|Comedy|Drama,2007,3.42857142857143,21
6588,"We Own the Night",Crime|Drama,2007,3.75,2
6589,"Elizabeth: The Golden Age",Drama,2007,2.75,2
6590,"Michael Clayton",Drama|Thriller,2007,3.91176470588235,17
6591,"Sleuth",Drama|Mystery|Thriller,2007,4.25,2
6592,"Lars and the Real Girl",Comedy|Drama,2007,3.5625,8
6593,"30 Days of Night",Horror|Thriller,2007,3.18181818181818,11
6594,"Gone Baby Gone",Crime|Drama|Mystery,2007,3.45,20
6595,"Comebacks, The",Comedy,2007,0.75,2
6596,"Weirdsville",Comedy|Crime|Drama,2007,2.5,1
6597,"Assassination of Jesse James by the Coward Robert Ford, The",Crime|Drama|Western,2007,4.1,10
6598,"10th & Wolf",Crime|Drama|Thriller,2006,4.5,1
6599,"Persepolis",Animation|Drama,2007,4.18181818181818,11
6600,"Control",Drama,2007,4.16666666666667,3
6601,"The Jane Austen Book Club",Comedy|Drama|Romance,2007,3.5,2
6602,"Last Winter, The",Horror,2006,4,1
6603,"Black Sheep",Comedy|Horror,2006,2.33333333333333,3
6604,"Edge of Heaven, The",Drama,2007,3.5,1
6605,"Saw IV",Crime|Horror|Thriller,2007,3.2,5
6606,"For the Bible Tells Me So",Documentary,2007,3.25,2
6607,"My Kid Could Paint That",Documentary,2007,4.5,1
6608,"Elite Squad",Action|Crime|Drama|Thriller,2007,4.3,10
6609,"King of California",Comedy,2007,3,1
6610,"American Gangster",Crime|Drama|Thriller,2007,3.90540540540541,37
6611,"Bee Movie",Animation|Comedy,2007,3.15,10
6612,"Before the Devil Knows You're Dead",Crime|Drama|Thriller,2007,3,1
6613,"Diving Bell and the Butterfly, The",Drama,2007,4.1,5
6614,"No Country for Old Men",Crime|Drama,2007,3.8984375,64
6615,"Be Kind Rewind",Comedy,2008,3.4,10
6616,"Itty Bitty Titty Committee",Comedy|Drama|Romance,2007,3.5,1
6617,"Fugitive, The",Drama,1947,3,1
6618,"August Rush",Drama|Musical,2007,3.5,6
6619,"Man from Earth, The",Drama|Sci-Fi,2007,4.1875,8
6620,"Lions For Lambs",Drama|Thriller|War,2007,4,2
6621,"Beowulf",Action|Adventure|Animation|Fantasy|IMAX,2007,2.5625,8
6622,"Southland Tales",Comedy|Drama|Sci-Fi|Thriller,2006,3,2
6623,"Evening with Kevin Smith 2: Evening Harder, An",Comedy|Documentary,2006,2.75,2
6624,"Harrison Bergeron",Drama|Sci-Fi,1995,2,1
6625,"I Served the King of England",Comedy|Drama|Romance|War,2006,4.5,1
6626,"Mist, The",Horror|Sci-Fi,2007,3.42857142857143,14
6627,"Enchanted",Adventure|Animation|Children|Comedy|Fantasy|Musical|Romance,2007,3.67647058823529,17
6628,"Hitman",Action|Crime|Thriller,2007,3.28571428571429,7
6629,"Awake",Drama|Thriller,2007,4,1
6630,"Golden Compass, The",Adventure|Children|Fantasy,2007,3.11111111111111,18
6631,"I Am Legend",Action|Horror|Sci-Fi|Thriller|IMAX,2007,3.48387096774194,62
6632,"Alvin and the Chipmunks",Children|Comedy,2007,1.5,3
6633,"Futurama: Bender's Big Score",Animation|Comedy|Sci-Fi,2007,3.9,10
6634,"Margot at the Wedding",Drama,2007,3,1
6635,"I'm Not There",Drama,2007,3.5,2
6636,"Savages, The",Comedy|Drama,2007,3.5,1
6637,"Wrong Turn 2: Dead End",Action|Horror|Thriller,2007,3,2
6638,"Orphanage, The",Drama|Horror|Mystery|Thriller,2007,3.875,8
6639,"Juno",Comedy|Drama|Romance,2007,3.76923076923077,65
6640,"Maxed Out: Hard Times, Easy Credit and the Era of Predatory Lenders",Documentary,2006,3,2
6641,"My Blueberry Nights",Drama|Romance,2007,4,1
6642,"Helvetica",Documentary,2007,3.25,4
6643,"Bucket List, The",Comedy|Drama,2007,3.23076923076923,13
6644,"Kite Runner, The",Drama,2007,3.33333333333333,3
6645,"Deaths of Ian Stone, The",Horror|Thriller,2007,3,1
6646,"Wristcutters: A Love Story",Drama|Fantasy|Romance,2006,4,6
6647,"Sweeney Todd: The Demon Barber of Fleet Street",Drama|Horror|Musical|Thriller,2007,3.71666666666667,30
6648,"National Treasure: Book of Secrets",Action|Adventure,2007,3.04166666666667,24
6649,"There Will Be Blood",Drama|Western,2007,4.14285714285714,28
6650,"Charlie Wilson's War",Comedy|Drama|War,2007,3.375,8
6651,"AVPR: Aliens vs. Predator - Requiem",Action|Horror|Sci-Fi,2007,2.58333333333333,6
6652,"Walk Hard: The Dewey Cox Story",Comedy|Musical,2007,3.3,5
6653,"As You Like It",Comedy|Drama|Romance,2006,3,1
6654,"Drained",Comedy,2006,4,1
6655,"Dedication",Comedy|Drama|Romance,2007,4,1
6656,"Water Horse: Legend of the Deep, The",Adventure|Children|Fantasy,2007,4,1
6657,"Battlestar Galactica: Razor",Action|Drama|Sci-Fi|Thriller,2007,3.8,5
6658,"P.S. I Love You",Comedy|Drama|Romance,2007,3.09090909090909,11
6659,"27 Dresses",Comedy|Romance,2008,3.3,20
6660,"Cassandra's Dream",Crime|Drama|Thriller,2007,4,1
6661,"Like Stars on Earth",Drama,2007,4.5,2
6662,"Band's Visit, The",Comedy|Drama,2007,3.5,3
6663,"[REC]",Drama|Horror|Thriller,2007,4.0625,8
6664,"In the Name of the King: A Dungeon Siege Tale",Action|Adventure|Fantasy,2008,0.5,1
6665,"Cloverfield",Action|Mystery|Sci-Fi|Thriller,2008,3.35185185185185,27
6666,"Hatchet",Comedy|Horror,2006,4,1
6667,"Heaven and Earth",Action|Adventure|Drama|War,1990,3,1
6668,"Cat Soup",Adventure|Animation|Drama|Horror,2001,4,1
6669,"Girl Who Leapt Through Time, The",Animation|Comedy|Drama|Romance|Sci-Fi,2006,4.1,10
6670,"First Sunday",Comedy|Crime,2008,3.5,1
6671,"Untraceable",Crime|Thriller,2008,3,1
6672,"Rambo",Action|Drama|Thriller|War,2008,3.27777777777778,9
6673,"Meet the Spartans",Comedy,2008,2.5,3
6674,"Strange Wilderness",Comedy,2008,3.25,2
6675,"Signal, The",Horror|Sci-Fi|Thriller,2007,3.5,1
6676,"Hellboy II: The Golden Army",Action|Adventure|Fantasy|Sci-Fi,2008,3.80555555555556,18
6677,"In Bruges",Comedy|Crime|Drama|Thriller,2008,4.15853658536585,41
6678,"World on a Wire",Crime|Sci-Fi,1973,3.75,2
6679,"Rise of the Footsoldier",Action|Crime|Drama,2007,4.5,1
6680,"Teeth",Comedy|Horror,2007,2,1
6681,"Fool's Gold",Action|Adventure|Comedy|Romance,2008,2.33333333333333,3
6682,"Jumper",Action|Adventure|Drama|Sci-Fi|Thriller,2008,3,18
6683,"Definitely, Maybe",Comedy|Drama|Romance,2008,3.42857142857143,14
6684,"Air I Breathe, The",Crime|Drama|Romance|Thriller,2007,3,1
6685,"Vantage Point",Action|Drama|Thriller,2008,3.41666666666667,6
6686,"Spiderwick Chronicles, The",Adventure|Children|Drama|Fantasy|IMAX,2008,3.4,5
6687,"Step Up 2 the Streets",Drama|Musical|Romance,2008,3.25,2
6688,"Other Boleyn Girl, The",Drama|Romance,2008,3.78571428571429,7
6689,"Semi-Pro",Comedy,2008,2.9,10
6690,"Run Fatboy Run",Comedy|Romance,2007,3,7
6691,"Taxi to the Dark Side",Documentary,2007,4,1
6692,"Descent",Drama|Thriller,2007,1,1
6693,"College Road Trip",Comedy,2008,4.5,1
6694,"10,000 BC",Adventure|Romance|Thriller,2008,2.70588235294118,17
6695,"Bank Job, The",Action|Crime|Thriller,2008,3.61538461538462,13
6696,"Doomsday",Action|Drama|Sci-Fi|Thriller,2008,4,1
6697,"Horton Hears a Who!",Adventure|Animation|Children|Comedy,2008,3.4375,8
6698,"Funny Games U.S.",Drama|Thriller,2007,4.375,4
6699,"Counterfeiters, The",Crime|Drama|War,2007,3.33333333333333,3
6700,"Mongol",Drama|War,2007,2.5,1
6701,"War Dance",Documentary,2007,4.5,1
6702,"Love Guru, The",Comedy,2008,2.125,4
6703,"Diary of the Dead",Horror|Sci-Fi,2007,2.83333333333333,3
6704,"Penelope",Comedy|Fantasy|Romance,2006,3.5,4
6705,"City of Men",Drama,2007,4,1
6706,"Zeitgeist: The Movie",Documentary|War,2007,3.75,2
6707,"Justice League: The New Frontier",Action|Adventure|Animation|Fantasy|Sci-Fi,2008,2.75,2
6708,"Heima",Documentary,2007,4.16666666666667,3
6709,"Snow Angels",Drama,2007,3,1
6710,"Class, The",Drama,2007,3.5,2
6711,"Dark Knight, The",Action|Crime|Drama|IMAX,2008,4.23825503355705,149
6712,"Never Back Down",Action,2008,3.5,1
6713,"Drillbit Taylor",Comedy,2008,3.5,2
6714,"Youth Without Youth",Drama|Romance|Sci-Fi,2007,2.5,1
6715,"21",Crime|Drama|Romance|Thriller,2008,3.75,18
6716,"Smart People",Comedy|Drama|Romance,2008,2.75,2
6717,"Shepherd: Border Patrol, The",Action|Crime|Thriller,2008,2.5,1
6718,"Leatherheads",Comedy|Drama|Romance,2008,2.375,4
6719,"Assembly",Action|Drama|War,2007,4.5,1
6720,"Zebraman",Comedy,2004,3.5,2
6721,"Stop-Loss",Drama|War,2008,3.25,2
6722,"Shine a Light",Documentary|Musical|IMAX,2008,3.5,1
6723,"Inside",Horror|Thriller,2007,4,1
6724,"Nim's Island",Adventure|Comedy|Fantasy,2008,3,2
6725,"Ruins, The",Horror|Thriller,2008,3.5,1
6726,"Forgetting Sarah Marshall",Comedy|Romance,2008,3.76923076923077,39
6727,"Superhero Movie",Action|Comedy|Sci-Fi,2008,2,3
6728,"Street Kings",Crime|Drama|Thriller,2008,2.5,1
6729,"Visitor, The",Drama|Romance,2007,4.5,1
6730,"Harold & Kumar Escape from Guantanamo Bay",Adventure|Comedy,2008,3.30769230769231,13
6731,"99 francs",Comedy,2007,4,1
6732,"Speed Racer",Action|Children|Sci-Fi|IMAX,2008,3.16666666666667,3
6733,"Forbidden Kingdom, The",Action|Adventure|Comedy|Fantasy,2008,3.83333333333333,3
6734,"Happy-Go-Lucky",Comedy|Drama,2008,3.5,1
6735,"Religulous",Comedy|Documentary,2008,3.8,5
6736,"Outpost",Action|Horror,2008,2,2
6737,"Are You Scared?",Horror,2006,3.5,1
6738,"Son of Rambow",Children|Comedy|Drama,2007,4.66666666666667,3
6739,"Super High Me",Comedy|Documentary,2007,4.25,2
6740,"Outsourced",Comedy|Romance,2006,3.5,1
6741,"Baby Mama",Comedy,2008,3.13636363636364,11
6742,"Expelled: No Intelligence Allowed",Documentary,2008,1,1
6743,"Prom Night",Horror|Mystery|Thriller,2008,0.75,2
6744,"Iron Man",Action|Adventure|Sci-Fi,2008,3.82446808510638,94
6745,"Made of Honor",Comedy|Romance,2008,2.875,4
6746,"Redbelt",Action|Drama,2008,3,1
6747,"Taken",Action|Crime|Drama|Thriller,2008,3.61904761904762,42
6748,"Fall, The",Adventure|Drama|Fantasy,2006,3.95454545454545,11
6749,"What Happens in Vegas...",Comedy|Romance,2008,2.75,8
6750,"American Pie Presents Beta House",Comedy,2007,2.75,2
6751,"Bella",Drama|Romance,2006,3.5,1
6752,"Chronicles of Narnia: Prince Caspian, The",Adventure|Children|Fantasy,2008,3.54166666666667,12
6753,"Shelter",Drama|Romance,2007,4,1
6754,"Girl Next Door, The",Crime|Drama|Horror|Thriller,2007,3.75,2
6755,"Indiana Jones and the Kingdom of the Crystal Skull",Action|Adventure|Comedy|Sci-Fi,2008,2.83333333333333,39
6756,"Nina's Heavenly Delights",Comedy,2006,4,1
6757,"Sex and the City",Comedy|Romance,2008,2.40909090909091,11
6758,"Strangers, The",Horror|Thriller,2008,3.16666666666667,3
6759,"Bigger, Stronger, Faster*",Documentary,2008,3.5,1
6760,"All the Boys Love Mandy Lane",Horror|Mystery|Thriller,2006,3,1
6761,"Kung Fu Panda",Action|Animation|Children|Comedy|IMAX,2008,3.44444444444444,54
6762,"Recount",Drama,2008,3.5,1
6763,"Ex Drummer",Comedy|Crime|Drama|Horror,2007,5,1
6764,"You Don't Mess with the Zohan",Comedy,2008,2.86666666666667,15
6765,"Stuck",Horror|Thriller,2007,3.5,1
6766,"Protector, The",Action|Comedy|Drama|Thriller,1985,2,1
6767,"Chaos Theory",Comedy|Drama|Romance,2007,4,1
6768,"Boy A",Crime|Drama,2007,4,1
6769,"Spiral",Drama|Horror|Thriller,2007,4.5,1
6770,"Happening, The",Drama|Sci-Fi|Thriller,2008,3,5
6771,"Incredible Hulk, The",Action|Sci-Fi,2008,3.17142857142857,35
6772,"Children of Huang Shi, The",Drama|War,2008,3.5,1
6773,"WALL·E",Adventure|Animation|Children|Romance|Sci-Fi,2008,4.05769230769231,104
6774,"Wanted",Action|Thriller,2008,3.15909090909091,22
6775,"Hancock",Action|Adventure|Comedy|Crime|Fantasy,2008,3.03448275862069,29
6776,"Get Smart",Action|Comedy,2008,3.46875,16
6777,"Young People Fucking",Comedy,2007,2.25,2
6778,"St. Trinian's",Children|Comedy,2007,2.5,1
6779,"Futurama: The Beast with a Billion Backs",Action|Animation|Comedy|Romance|Sci-Fi,2008,3.5,6
6780,"Kit Kittredge: An American Girl",Children|Comedy|Drama|Mystery,2008,3,2
6781,"Gonzo: The Life and Work of Dr. Hunter S. Thompson",Documentary,2008,3.75,2
6782,"Wackness, The",Comedy|Drama|Romance,2008,4,3
6783,"Strange Circus",Horror|Mystery|Thriller,2005,4,1
6784,"Encounters at the End of the World",Documentary,2008,4.5,3
6785,"Zombie Strippers!",Comedy|Horror,2008,0.5,1
6786,"Frosty the Snowman",Animation|Children|Comedy|Fantasy|Musical,1969,1.5,1
6787,"Battle for Haditha",War,2007,4,1
6788,"Mamma Mia!",Comedy|Musical|Romance,2008,2.96428571428571,14
6789,"Welcome to the Sticks",Comedy,2008,4.5,2
6790,"Rogue",Action|Adventure|Horror|Sci-Fi|Thriller,2007,3.5,1
6791,"It's the Great Pumpkin, Charlie Brown",Animation|Children|Comedy,1966,3.8,5
6792,"Journey to the Center of the Earth",Action|Adventure|Sci-Fi,2008,2.5,5
6793,"Meet Dave",Adventure|Children|Comedy|Romance|Sci-Fi,2008,3.5,2
6794,"Machine Girl, The",Action|Comedy|Fantasy|Horror|Thriller,2008,2.25,2
6795,"Shrooms",Horror|Thriller,2007,3.5,1
6796,"Transsiberian",Crime|Drama|Thriller,2008,2.5,1
6797,"Stargate: Continuum",Sci-Fi,2008,2.5,1
6798,"Watchmen",Action|Drama|Mystery|Sci-Fi|Thriller|IMAX,2009,3.98837209302326,43
6799,"Shotgun Stories",Drama|Thriller,2007,2.5,1
6800,"Watching the Detectives",Comedy|Romance,2007,5,1
6801,"Felon",Crime|Drama,2008,3.5,2
6802,"Step Brothers",Comedy,2008,3.55357142857143,28
6803,"X-Files: I Want to Believe, The",Drama|Mystery|Sci-Fi|Thriller,2008,2.875,4
6804,"Man on Wire",Documentary,2008,3.6875,8
6805,"Little Drummer Boy, The",Animation|Children|Musical,1968,2.5,1
6806,"Hogfather",Adventure|Fantasy|Thriller,2006,4,1
6807,"Pathology",Crime|Horror|Thriller,2008,4,1
6808,"Tracey Fragments, The",Drama,2007,3,1
6809,"Zone, The",Drama|Thriller,2007,3.5,2
6810,"Edge of Love, The",Drama|Romance|War,2008,3,1
6811,"Heart of a Dog",Comedy|Drama|Sci-Fi,1988,4,1
6812,"Mummy: Tomb of the Dragon Emperor, The",Action|Adventure|Fantasy|Thriller,2008,2.64285714285714,7
6813,"Midnight Meat Train, The",Horror|Mystery|Thriller,2008,2.875,4
6814,"Frozen River",Drama,2008,4.5,1
6815,"Vicky Cristina Barcelona",Comedy|Drama|Romance,2008,3.09375,16
6816,"Batman: Gotham Knight",Action|Animation|Crime,2008,3.5,3
6817,"Walker, The",Drama|Mystery,2007,2,1
6818,"Pineapple Express",Action|Comedy|Crime,2008,3.67741935483871,31
6819,"Red Cliff",Action|Adventure|Drama|War,2008,4,3
6820,"Sisterhood of the Traveling Pants 2, The",Adventure|Comedy|Drama|Romance,2008,2.5,1
6821,"Hell Ride",Action|Drama|Thriller,2008,2,1
6822,"High School Musical 2",Comedy|Drama|Musical|Romance,2007,2,1
6823,"Tropic Thunder",Action|Adventure|Comedy|War,2008,3.5,33
6824,"Star Wars: The Clone Wars",Action|Adventure|Animation|Sci-Fi,2008,2.35714285714286,7
6825,"Henry Poole is Here",Drama|Mystery,2008,4,1
6826,"Mutant Chronicles",Action|Adventure|Sci-Fi,2008,3.5,1
6827,"Waltz with Bashir",Animation|Documentary|Drama|War,2008,3,5
6828,"Let the Right One In",Drama|Fantasy|Horror|Romance,2008,3.91176470588235,17
6829,"Hamlet 2",Comedy,2008,2,1
6830,"Death Race",Action|Adventure|Sci-Fi|Thriller,2008,3.22222222222222,9
6831,"House Bunny, The",Comedy,2008,2.5,10
6832,"Rocker, The",Comedy,2008,2.75,2
6833,"I.O.U.S.A.",Documentary,2008,4,1
6834,"Mirrors",Horror|Mystery|Thriller,2008,1.5,1
6835,"Sukiyaki Western Django",Action|Western,2008,3.33333333333333,3
6836,"Somers Town",Drama,2008,3.5,1
6837,"Burn After Reading",Comedy|Crime|Drama,2008,3.48717948717949,39
6838,"Disaster Movie",Comedy,2008,0.833333333333333,3
6839,"Babylon A.D.",Action|Adventure|Sci-Fi|Thriller,2008,2.33333333333333,3
6840,"Traitor",Crime|Drama|Thriller,2008,3.375,4
6841,"Onion Movie, The",Comedy,2008,4,1
6842,"Spirit, The",Action|Comedy|Fantasy|Thriller,2008,2.5,2
6843,"John Adams",Drama,2008,4,2
6844,"Bangkok Dangerous",Action|Crime|Thriller,2008,3.25,2
6845,"Sunflower",Drama,2005,2,1
6846,"Altered",Horror|Sci-Fi|Thriller,2006,3,1
6847,"Righteous Kill",Crime|Mystery|Thriller,2008,3,1
6848,"Lakeview Terrace",Drama|Thriller,2008,3,2
6849,"Ghost Town",Comedy|Fantasy|Romance,2008,2,2
6850,"Crow, The: Wicked Prayer",Action|Adventure|Fantasy|Thriller,2005,0.5,1
6851,"Appaloosa",Western,2008,3,1
6852,"Dead Fury",Action|Animation|Comedy|Horror,2008,3,1
6853,"Eagle Eye",Action|Crime|Thriller|IMAX,2008,3.0625,8
6854,"How to Lose Friends & Alienate People",Comedy,2008,2.83333333333333,6
6855,"Nick and Norah's Infinite Playlist",Comedy|Drama|Romance,2008,3.35,10
6856,"Sound of the Mountain",Drama,1954,4.5,1
6857,"Gomorrah",Crime|Drama,2008,3.7,5
6858,"Duchess, The",Drama|Romance,2008,3.5,4
6859,"Alone in the Dark II",Action|Horror,2008,3.5,1
6860,"FLCL",Animation|Comedy|Fantasy|Sci-Fi,2000,4.27777777777778,9
6861,"Rachel Getting Married",Drama|Romance,2008,2.75,2
6862,"Body of Lies",Action|Drama|Thriller,2008,3.77272727272727,11
6863,"City of Ember",Adventure|Children|Sci-Fi,2008,2.83333333333333,3
6864,"20,000 Leagues Under the Sea",Action|Adventure|Sci-Fi,1916,3.75,2
6865,"Max Payne",Action|Crime|Drama|Thriller,2008,2.16666666666667,3
6866,"Zack and Miri Make a Porno",Comedy|Drama|Romance,2008,3.52380952380952,21
6867,"W.",Drama,2008,2.5,1
6868,"My Best Friend's Girl",Comedy|Romance,2008,4,3
6869,"Synecdoche, New York",Comedy|Drama,2008,3.125,4
6870,"Secret Life of Bees, The",Drama,2008,4,1
6871,"American Carol, An",Comedy|Fantasy,2008,2,1
6872,"Wave, The",Drama,2008,3.57142857142857,7
6873,"Tokyo-Ga",Documentary,1985,3,1
6874,"Angus, Thongs and Perfect Snogging",Comedy|Romance,2008,2.5,1
6875,"Pride and Glory",Crime|Drama,2008,3,2
6876,"Express, The",Drama,2008,3,1
6877,"Babylon 5: The Legend of the Rangers: To Live and Die in Starlight",Sci-Fi,2002,4,1
6878,"Babylon 5: The Lost Tales - Voices in the Dark",Sci-Fi,2007,4,1
6879,"RocknRolla",Action|Crime,2008,3.76923076923077,13
6880,"Futurama: Bender's Game",Action|Adventure|Animation|Comedy|Fantasy|Sci-Fi,2008,3.44444444444444,9
6881,"Tin Man",Adventure|Fantasy|Sci-Fi,2007,2.25,2
6882,"Madagascar: Escape 2 Africa",Action|Adventure|Animation|Children|Comedy|IMAX,2008,3.69230769230769,13
6883,"Blindness",Drama|Mystery|Romance|Thriller,2008,3.5,1
6884,"Changeling",Crime|Drama|Mystery,2008,3.4375,8
6885,"Road, The",Adventure|Drama|Thriller,2009,3.88888888888889,9
6886,"Slumdog Millionaire",Crime|Drama|Romance,2008,3.80985915492958,71
6887,"Quantum of Solace",Action|Adventure|Thriller,2008,3.45714285714286,35
6888,"Role Models",Comedy,2008,3.625,20
6889,"Tokyo!",Drama,2008,3.5,1
6890,"JCVD",Action|Drama|Thriller,2008,3.25,2
6891,"Cinderella",Children|Fantasy|Musical|Romance,1997,3,1
6892,"Crows Zero",Action,2007,4,2
6893,"Krabat",Drama|Fantasy,2008,2,1
6894,"Camp Rock",Comedy|Musical|Romance,2008,1,1
6895,"Farscape: The Peacekeeper Wars",Action|Adventure|Sci-Fi,2004,3.5,4
6896,"Saw V",Crime|Horror|Thriller,2008,3.16666666666667,3
6897,"Sex Drive",Comedy,2008,3.625,4
6898,"The Island",Drama|Mystery,2006,4,1
6899,"Beverly Hills Chihuahua",Adventure|Children|Comedy,2008,2.125,4
6900,"Tattooed Life",Crime|Drama,1965,3,1
6901,"Class, The",Drama,2008,2.75,2
6902,"Splinter",Action|Horror|Thriller,2008,4,1
6903,"Australia",Adventure|Drama|War|Western,2008,3.2,5
6904,"Bolt",Action|Adventure|Animation|Children|Comedy,2008,3.38888888888889,18
6905,"Milk",Drama,2008,3.54545454545455,11
6906,"Twilight",Drama|Fantasy|Romance|Thriller,2008,2.40909090909091,22
6907,"Children, The",Horror,2008,3.5,1
6908,"Transporter 3",Action|Adventure|Crime|Thriller,2008,2.66666666666667,6
6909,"Four Christmases",Comedy,2008,2.83333333333333,3
6910,"Boy in the Striped Pajamas, The",Drama|War,2008,3.41666666666667,6
6911,"Fireproof",Drama|Romance,2008,1,1
6912,"Igor",Animation|Comedy,2008,3.5,2
6913,"Dinotopia",Adventure|Fantasy,2002,3.33333333333333,3
6914,"Hunger",Drama,2008,4.75,2
6915,"Punisher: War Zone",Action|Crime|Drama|Thriller,2008,3,6
6916,"Shrek the Halls",Adventure|Animation|Comedy|Fantasy,2007,2.5,2
6917,"Pervert's Guide to Cinema, The",Documentary,2006,3.5,1
6918,"Wallace and Gromit in 'A Matter of Loaf and Death'",Animation|Comedy,2008,3.7,5
6919,"Day the Earth Stood Still, The",Drama|Sci-Fi|Thriller|IMAX,2008,2.78571428571429,7
6920,"Che: Part One",Drama|War,2008,5,1
6921,"Che: Part Two",Drama|War,2008,5,1
6922,"Doubt",Drama|Mystery,2008,3.35714285714286,7
6923,"Gran Torino",Crime|Drama,2008,3.94565217391304,46
6924,"Frost/Nixon",Drama,2008,3.94444444444444,9
6925,"Reader, The",Drama|Romance,2008,3.21428571428571,7
6926,"Sword of the Stranger",Action|Adventure|Animation,2007,4,1
6927,"Seven Pounds",Drama,2008,4.13636363636364,11
6928,"Wrestler, The",Drama,2008,3.73529411764706,34
6929,"Curious Case of Benjamin Button, The",Drama|Fantasy|Mystery|Romance,2008,3.59459459459459,37
6930,"Yes Man",Comedy,2008,3.61764705882353,34
6931,"Valkyrie",Drama|Thriller|War,2008,3.40909090909091,11
6932,"5 Centimeters per Second",Animation|Drama|Romance,2007,3.5,3
6933,"War of the Worlds",Action|Sci-Fi,2005,3,2
6934,"Ben X",Drama,2007,3.5,1
6935,"Bedtime Stories",Adventure|Children|Comedy,2008,3.36363636363636,11
6936,"Choke",Comedy|Drama,2008,3.5,3
6937,"Revolutionary Road",Drama|Romance,2008,3.7,5
6938,"Blackadder Back & Forth",Comedy,1999,3.5,2
6939,"Blackadder's Christmas Carol",Comedy,1988,3,1
6940,"Dear Zachary: A Letter to a Son About His Father",Documentary,2008,3.875,4
6941,"Wild Child",Drama|Romance,2008,3,1
6942,"Defiance",Drama|Thriller|War,2008,3.92857142857143,7
6943,"Zeitgeist: Addendum",Documentary,2008,4.5,1
6944,"Marley & Me",Comedy|Drama,2008,3.14285714285714,14
6945,"Ponyo",Adventure|Animation|Children|Fantasy,2008,4,11
6946,"General Died at Dawn, The",Adventure|Crime|Thriller,1936,0.5,1
6947,"Earthsea",Adventure|Drama|Fantasy,2004,3,1
6948,"Ip Man",Action|Drama|War,2008,3.95,10
6949,"Tale of Despereaux, The",Adventure|Animation|Children|Comedy|Fantasy,2008,3,1
6950,"Bride Wars",Comedy|Romance,2009,3.5,4
6951,"Gamers, The: Dorkness Rising",Action|Adventure|Comedy|Fantasy,2008,2.5,1
6952,"Mesrine: Killer Instinct",Action|Crime|Drama|Thriller,2008,4,1
6953,"My Bloody Valentine 3-D",Horror|Thriller,2009,2,1
6954,"Battle in Seattle",Action|Drama,2007,4,1
6955,"Timecrimes",Sci-Fi|Thriller,2007,4.25,4
6956,"Fire and Ice",Adventure|Fantasy,2008,2,1
6957,"Underworld: Rise of the Lycans",Action|Fantasy|Horror|Thriller,2009,3.64285714285714,7
6958,"Inkheart",Adventure|Fantasy,2008,3.5,5
6959,"Revenge of the Nerds III: The Next Generation",Comedy,1992,4,1
6960,"Revenge of the Nerds IV: Nerds in Love",Comedy|Romance,1994,4,1
6961,"Paul Blart: Mall Cop",Action|Comedy|Crime,2009,2.71428571428571,7
6962,"Notorious",Drama|Musical,2009,3,1
6963,"Uninvited, The",Drama|Horror|Mystery|Thriller,2009,3.5,1
6964,"Outlander",Action|Adventure|Sci-Fi,2008,3.33333333333333,3
6965,"Eden Lake",Horror|Thriller,2008,4,1
6966,"Coraline",Animation|Fantasy|Thriller,2009,3.7,35
6967,"Push",Sci-Fi|Thriller,2009,3,2
6968,"International, The",Drama|Thriller,2009,3,2
6969,"He's Just Not That Into You",Comedy|Drama|Romance,2009,2.81818181818182,11
6970,"Dead Like Me: Life After Death",Comedy|Fantasy,2009,3.5,1
6971,"Futurama: Into the Wild Green Yonder",Action|Animation|Comedy|Sci-Fi,2009,3.5,6
6972,"Frontière",Drama|Horror|Thriller,2007,3.5,1
6973,"11th Hour, The",Documentary,2007,4,1
6974,"Afro Samurai: Resurrection",Animation,2009,2.5,1
6975,"Departures",Drama,2008,4.1,5
6976,"My Name Is Bruce",Comedy|Horror,2007,3,1
6977,"Funny People",Comedy|Drama,2009,3.5,5
6978,"Berlin Calling",Comedy|Drama,2008,4.25,2
6979,"Nuremberg",Drama|War,2000,4,1
6980,"Away We Go",Comedy|Drama|Romance,2009,3.5,4
6981,"Divo, Il",Drama,2008,4,2
6982,"Friday the 13th",Horror,2009,3,2
6983,"Good, the Bad, the Weird, The",Action|Adventure|Comedy|Western,2008,3.8,5
6984,"Pink Panther 2, The",Adventure|Comedy|Mystery,2009,2.75,2
6985,"Rock-A-Doodle",Adventure|Animation|Children|Musical,1991,2,1
6986,"Dr. Horrible's Sing-Along Blog",Comedy|Drama|Musical|Sci-Fi,2008,3.91666666666667,24
6987,"Cottage, The",Comedy|Crime|Horror|Thriller,2008,4.25,2
6988,"I Love You, Man",Comedy,2009,3.52941176470588,17
6989,"Dance of the Dead",Adventure|Comedy|Horror,2008,3.5,1
6990,"Haunting in Connecticut, The",Horror|Thriller,2009,2.5,2
6991,"Duplicity",Crime|Romance|Thriller,2009,2.5,1
6992,"Knowing",Action|Drama|Mystery|Sci-Fi|Thriller,2009,2.83333333333333,9
6993,"Girl with the Dragon Tattoo, The",Crime|Drama|Mystery|Thriller,2009,3.94,25
6994,"Sunshine Cleaning",Comedy|Drama,2008,3.375,4
6995,"Kung Fu Panda: Secrets of the Furious Five",Action|Animation|Children|Comedy,2008,2.875,4
6996,"Echelon Conspiracy",Action|Mystery|Thriller,2009,2,1
6997,"Monsters vs. Aliens",Animation|Sci-Fi|IMAX,2009,3.25,8
6998,"Baader Meinhof Komplex, Der",Action|Crime|Drama|Thriller,2008,4,1
6999,"Big Stan",Comedy,2007,2.75,2
7000,"Strictly Sexual",Comedy|Drama|Romance,2008,5,1
7001,"Anvil! The Story of Anvil",Documentary|Musical,2008,3.75,2
7002,"Observe and Report",Action|Comedy,2009,2.625,4
7003,"Adventureland",Comedy|Drama,2009,3.33333333333333,15
7004,"Confessions of a Shopaholic",Comedy|Romance,2009,3.5,4
7005,"The Butterfly Effect 3: Revelations",Drama|Fantasy|Sci-Fi|Thriller,2009,0.5,1
7006,"Man on the Flying Trapeze",Comedy,1935,4.5,1
7007,"Fast & Furious",Action|Crime|Drama|Thriller,2009,3.25,10
7008,"In the Loop",Comedy,2009,4.3,5
7009,"Pirate Radio",Comedy|Drama,2009,3.4,5
7010,"17 Again",Comedy|Drama,2009,3.55,10
7011,"Inglourious Basterds",Action|Drama|War,2009,4.13636363636364,88
7012,"State of Play",Crime|Drama|Thriller,2009,4,3
7013,"Damned United, The",Drama,2009,4.25,2
7014,"Crank: High Voltage",Action|Comedy|Crime,2009,2.9375,8
7015,"Moon",Drama|Mystery|Sci-Fi|Thriller,2009,3.96875,32
7016,"Young Victoria, The",Drama|Romance,2009,4.25,2
7017,"X-Men Origins: Wolverine",Action|Sci-Fi|Thriller,2009,2.86538461538462,26
7018,"Sin Nombre",Crime|Drama|Thriller,2009,4,1
7019,"Star Trek",Action|Adventure|Sci-Fi|IMAX,2009,3.86440677966102,59
7020,"Great Buck Howard, The",Comedy,2008,3.5,1
7021,"Flatfoot on the Nile",Action|Comedy|Crime,1980,1.5,1
7022,"Red Cliff Part II",Action|Drama|War,2009,4,3
7023,"Earth",Documentary,2007,3.5,1
7024,"Stanley Kubrick: A Life in Pictures",Documentary,2001,4,1
7025,"Crossing Over",Drama,2009,2,1
7026,"Angels & Demons",Crime|Drama|Mystery|Thriller,2009,3.26470588235294,17
7027,"Scorpio",Action|Drama|Thriller,1973,4,1
7028,"Balls Out: Gary the Tennis Coach",Comedy,2009,2,1
7029,"Powder Blue",Drama,2009,2,1
7030,"Fanboys",Adventure|Comedy|Drama,2009,2.875,8
7031,"Terminator Salvation",Action|Adventure|Sci-Fi|Thriller,2009,3.25,18
7032,"Night at the Museum: Battle of the Smithsonian",Action|Comedy|IMAX,2009,3.1,10
7033,"Were the World Mine",Adventure|Fantasy|Musical|Romance,2008,3.5,1
7034,"Brothers Bloom, The",Adventure|Comedy|Crime|Romance,2008,4.33333333333333,3
7035,"Paisan",Drama|War,1946,4,1
7036,"I Do: How to Get Married and Stay Single",Comedy|Romance,2006,4,1
7037,"Soloist, The",Drama|Musical,2009,3.5,2
7038,"Neon Genesis Evangelion: Death & Rebirth",Action|Animation|Mystery|Sci-Fi,1997,4,2
7039,"Drag Me to Hell",Comedy|Horror,2009,3.75,6
7040,"Up",Adventure|Animation|Children|Drama,2009,4.0047619047619,105
7041,"Fullmetal Alchemist the Movie: Conqueror of Shamballa",Action|Adventure|Animation|Drama,2005,2.75,2
7042,"Fired Up",Comedy,2009,3.58333333333333,6
7043,"In the Electric Mist",Drama|Mystery,2009,1.5,1
7044,"Hangover, The",Comedy|Crime,2009,3.63157894736842,76
7045,"Killshot",Action|Crime|Drama|Thriller,2008,2.5,1
7046,"Antichrist",Drama|Fantasy,2009,3.8,5
7047,"Sweeney Todd",Crime|Drama|Horror|Thriller,2006,4,1
7048,"Boy Eats Girl",Comedy|Horror,2005,5,1
7049,"Marius and Jeanette",Comedy|Drama|Romance,1997,4,1
7050,"Ernest Rides Again",Children|Comedy,1993,1,1
7051,"Special",Drama|Fantasy,2006,3.5,1
7052,"Dead Snow",Action|Adventure|Comedy|Horror,2009,4.25,4
7053,"Land of the Lost",Action|Adventure|Comedy|Sci-Fi,2009,3.21428571428571,7
7054,"Imagine That",Comedy|Drama|Fantasy,2009,4,1
7055,"Taking of Pelham 1 2 3, The",Crime|Drama|Thriller,2009,3.16666666666667,6
7056,"Stoning of Soraya M., The",Crime|Drama,2008,4.5,1
7057,"Proposal, The",Comedy|Romance,2009,3.5,16
7058,"Year One",Adventure|Comedy,2009,2.78571428571429,7
7059,"Land That Time Forgot, The",Adventure|Sci-Fi,1975,1.5,2
7060,"Garfield's Pet Force",Animation,2009,5,1
7061,"Hurt Locker, The",Action|Drama|Thriller|War,2008,4.05882352941176,34
7062,"Breakfast with Scot",Drama|Romance,2007,3.5,1
7063,"Limits of Control, The",Crime|Drama|Film-Noir,2009,2.75,2
7064,"Raiders of the Lost Ark: The Adaptation",Action|Adventure|Thriller,1989,4.33333333333333,3
7065,"Transformers: Revenge of the Fallen",Action|Adventure|Sci-Fi|IMAX,2009,2.425,20
7066,"Home",Documentary,2009,4.5,2
7067,"Whatever Works",Comedy|Romance,2009,3,2
7068,"Ghosts of Girlfriends Past",Comedy|Fantasy|Romance,2009,2.5,3
7069,"Public Enemies",Crime|Drama|Thriller,2009,3.05555555555556,9
7070,"Ice Age: Dawn of the Dinosaurs",Action|Adventure|Animation|Children|Comedy|Romance,2009,2.60714285714286,14
7071,"Prison Break: The Final Break",Action|Drama|Thriller,2009,3.5,1
7072,"Daria: Is It College Yet?",Animation|Comedy,2002,1,1
7073,"My Sister's Keeper",Drama,2009,4,1
7074,"Hood of Horror",Comedy|Drama|Horror,2006,4.5,1
7075,"Watchmen: Tales of the Black Freighter",Action|Adventure|Animation|Horror,2009,3.5,1
7076,"Days of Summer",Comedy|Drama|Romance,2009,3.66666666666667,42
7077,"Brüno",Comedy,2009,3.65,10
7078,"Librarian, The: The Curse of the Judas Chalice",Action|Adventure|Fantasy,2008,3.75,2
7079,"Harry Potter and the Half-Blood Prince",Adventure|Fantasy|Mystery|Romance|IMAX,2009,3.88793103448276,58
7080,"Roots",Drama|War,1977,3.16666666666667,3
7081,"Eichmann",Drama|War,2007,5,1
7082,"Open Water 2: Adrift",Drama|Thriller,2006,2.5,1
7083,"Imaginarium of Doctor Parnassus, The",Drama|Fantasy,2009,3.8125,16
7084,"9to5: Days in Porn",Documentary,2008,3.5,1
7085,"Humpday",Comedy,2009,2.5,1
7086,"Polytechnique",Crime|Drama,2009,1.5,1
7087,"Orphan",Drama|Horror|Mystery|Thriller,2009,3,4
7088,"Ugly Truth, The",Comedy|Drama|Romance,2009,3.66666666666667,12
7089,"Collector, The",Crime|Horror|Thriller,2009,3.5,1
7090,"Perfect Getaway, A",Horror|Thriller,2009,4,1
7091,"District 9",Mystery|Sci-Fi|Thriller,2009,3.77692307692308,65
7092,"Julie & Julia",Comedy|Drama|Romance,2009,2.95833333333333,12
7093,"Obsessed",Crime|Drama|Thriller,2009,3.5,1
7094,"Race to Witch Mountain",Adventure|Children|Fantasy|Sci-Fi|Thriller,2009,3.5,2
7095,"Hannah Montana: The Movie",Comedy|Drama|Musical|Romance,2009,3.5,1
7096,"G.I. Joe: The Rise of Cobra",Action|Adventure|Sci-Fi|Thriller,2009,2.625,8
7097,"12 Rounds",Action|Thriller,2009,3,3
7098,"Max Manus",Action|Drama|War,2008,5,1
7099,"Winds of the Wasteland",Western,1936,3.5,1
7100,"Lost in Austen",Drama|Fantasy|Romance|Sci-Fi,2008,3.66666666666667,3
7101,"Evangelion: 1.0 You Are  Alone",Action|Animation|Sci-Fi,2007,3.83333333333333,3
7102,"Deal, The",Comedy,2008,2,1
7103,"Goods: Live Hard, Sell Hard, The",Comedy,2009,3.625,4
7104,"Time Traveler's Wife, The",Drama|Romance|Sci-Fi,2009,3.9,5
7105,"I Can't Think Straight",Drama|Romance,2007,4,1
7106,"Miss March",Comedy,2009,2.83333333333333,3
7107,"I Love You, Beth Cooper",Comedy|Romance,2009,2.5,1
7108,"Paper Heart",Comedy|Documentary|Drama|Romance,2009,2.75,2
7109,"G-Force",Action|Adventure|Children|Fantasy,2009,3.5,1
7110,"Christopher Columbus: The Discovery",Adventure,1992,2,1
7111,"Tetro",Drama|Mystery,2009,4.5,1
7112,"Bronson",Action|Comedy|Drama|Thriller,2009,3.83333333333333,3
7113,"It Might Get Loud",Documentary,2008,3.75,2
7114,"My Life in Ruins",Comedy,2009,2,1
7115,"Troll 2",Fantasy|Horror,1990,3.5,3
7116,"Taking Woodstock",Comedy,2009,3,3
7117,"If These Walls Could Talk",Drama,1996,2.5,1
7118,"Halloween II",Horror|Thriller,2009,3,3
7119,"Secret in Their Eyes, The",Crime|Drama|Mystery|Romance|Thriller,2009,3.85714285714286,7
7120,"9",Adventure|Animation|Sci-Fi,2009,3.64285714285714,14
7121,"Frequently Asked Questions About Time Travel",Comedy|Sci-Fi,2009,3.6,5
7122,"White Ribbon, The",Drama|Mystery,2009,4.5,1
7123,"Green Lantern: First Flight",Action|Adventure|Animation|Fantasy|Sci-Fi,2009,3.5,1
7124,"Most Hated Family in America, The",Documentary,2007,4.5,2
7125,"Pandorum",Horror|Sci-Fi|Thriller,2009,3.4,5
7126,"Death of a Cyclist",Drama,1955,3,1
7127,"Men Who Stare at Goats, The",Action|Comedy|Drama,2009,3.38888888888889,9
7128,"Hunt For Gollum, The",Action|Adventure|Fantasy,2009,3,1
7129,"Jennifer's Body",Comedy|Horror|Sci-Fi|Thriller,2009,1,2
7130,"Informant!, The",Comedy|Crime|Drama|Thriller,2009,3.66666666666667,3
7131,"Extract",Comedy,2009,2,2
7132,"Final Destination, The",Horror|Thriller,2009,2.66666666666667,3
7133,"Gamer",Action|Sci-Fi|Thriller,2009,3.42857142857143,7
7134,"Cloudy with a Chance of Meatballs",Animation|Children|Fantasy|IMAX,2009,3.52941176470588,17
7135,"Tyler Perry's I Can Do Bad All by Myself",Comedy|Drama,2009,5,1
7136,"Food, Inc.",Documentary,2008,3.6875,8
7137,"Attack of the 50 Foot Woman",Comedy|Sci-Fi,1958,4.5,1
7138,"Thirst",Drama|Horror,2009,4,3
7139,"Bright Star",Drama|Romance,2009,3.5,1
7140,"Blood Creek",Horror,2009,3,1
7141,"Paranormal Activity",Horror|Thriller,2009,3.4,5
7142,"World's Greatest Dad",Comedy|Drama,2009,3,2
7143,"Still Walking",Drama,2008,1,1
7144,"Blood of the Beasts",Documentary|Drama,1949,4,1
7145,"Cove, The",Documentary,2009,4.25,4
7146,"Serious Man, A",Comedy|Drama,2009,3.22727272727273,11
7147,"City Island",Comedy|Drama,2009,4,1
7148,"Ink",Action|Fantasy|Sci-Fi,2009,3.5,1
7149,"Metropia",Animation|Sci-Fi,2009,2.5,1
7150,"Haunted World of El Superbeasto, The",Action|Animation|Comedy|Horror|Thriller,2009,3.5,1
7151,"Trick 'r Treat",Comedy|Horror|Thriller,2007,2.5,1
7152,"Whip It",Comedy|Drama,2009,3.1,5
7153,"Invention of Lying, The",Comedy,2009,2.33333333333333,6
7154,"Surrogates",Action|Sci-Fi|Thriller,2009,3.03571428571429,14
7155,"Zombieland",Action|Comedy|Horror,2009,3.87735849056604,53
7156,"Assassination of a High School President",Comedy|Drama|Mystery,2008,1,1
7157,"Education, An",Drama|Romance,2009,3.83333333333333,6
7158,"Coco Before Chanel",Drama,2009,4,1
7159,"Burma VJ: Reporting from a Closed Country",Documentary,2008,3.5,1
7160,"Couples Retreat",Comedy|Romance,2009,3.33333333333333,3
7161,"I Sell the Dead",Comedy|Horror,2008,2.5,2
7162,"Where the Wild Things Are",Adventure|Children|Drama|Fantasy|IMAX,2009,2.66666666666667,12
7163,"Legionnaire",Action|Adventure|Drama|War,1998,0.5,1
7164,"New York, I Love You",Drama|Romance,2009,3.5,4
7165,"Law Abiding Citizen",Drama|Thriller,2009,3.0625,8
7166,"Misfortunates, The",Drama,2009,3,1
7167,"Mary and Max",Animation|Comedy|Drama,2009,4.2,10
7168,"Spread",Drama|Romance,2009,3.5,1
7169,"Tournament, The",Action,2009,2.5,1
7170,"Princess and the Pirate, The",Adventure|Comedy|Romance,1944,4,1
7171,"Aelita: The Queen of Mars",Action|Adventure|Drama|Fantasy|Romance|Sci-Fi|Thriller,1924,4.5,1
7172,"Up in the Air",Drama|Romance,2009,3.71875,32
7173,"Balance",Animation|Drama|Mystery|Sci-Fi|Thriller,1989,4.5,1
7174,"Saw VI",Crime|Horror|Mystery|Thriller,2009,3.5,3
7175,"Love Exposure",Action|Comedy|Drama|Romance,2008,5,1
7176,"Cirque du Freak: The Vampire's Assistant",Action|Adventure|Comedy|Fantasy|Horror|Thriller,2009,2,1
7177,"Boondock Saints II: All Saints Day, The",Action|Crime|Drama|Thriller,2009,3.375,4
7178,"Black Dynamite",Action|Comedy,2009,3.5,2
7179,"Welcome to Dongmakgol",Comedy|Drama|War,2005,4.5,1
7180,"Gentlemen Broncos",Comedy,2009,2.25,2
7181,"Fantastic Mr. Fox",Adventure|Animation|Children|Comedy|Crime,2009,4.08333333333333,18
7182,"Christmas Carol, A",Animation|Children|Drama|Fantasy|IMAX,2009,3,2
7183,"Battlestar Galactica: The Plan",Action|Adventure|Drama|Sci-Fi,2009,4.25,2
7184,"Private Lives of Pippa Lee, The",Drama,2009,3.5,1
7185,"Partly Cloudy",Animation|Children|Comedy|Fantasy,2009,4.375,4
7186,"2012",Action|Drama|Sci-Fi|Thriller,2009,2.61904761904762,21
7187,"Precious",Drama,2009,3.5,3
7188,"Bad Lieutenant: Port of Call New Orleans",Crime|Drama,2009,2.25,2
7189,"Twilight Saga: New Moon, The",Drama|Fantasy|Horror|Romance|Thriller,2009,2.66666666666667,9
7190,"Derailed",Action|Thriller,2002,0.5,1
7191,"Messenger, The",Drama|Romance|War,2009,3.5,1
7192,"Ninja Assassin",Action|Crime|Drama|Thriller,2009,4.16666666666667,3
7193,"Cell 211",Action|Drama,2009,4.5,1
7194,"Patriot, The",Action|Thriller,1998,3.5,1
7195,"Teenage Mutant Ninja Turtles: Turtles Forever",Action|Adventure|Animation|Comedy|Thriller,2009,3,1
7196,"Merry Madagascar",Animation,2009,3,1
7197,"Brothers",Drama|Thriller|War,2009,3.5,5
7198,"Garage",Drama,2007,3.5,1
7199,"Blind Side, The",Drama,2009,3.67741935483871,31
7200,"Mickey's Once Upon a Christmas",Animation|Comedy|Fantasy,1999,5,1
7201,"Shrink",Drama,2009,2,1
7202,"Old Dogs",Comedy,2009,0.5,1
7203,"Planet 51",Adventure|Animation|Children|Comedy|Sci-Fi,2009,3,3
7204,"Earthlings",Documentary,2006,4,1
7205,"Single Man, A",Drama,2009,3.83333333333333,3
7206,"Lovely Bones, The",Crime|Drama|Fantasy|Horror|Thriller,2009,3.16666666666667,3
7207,"Invictus",Drama,2009,3.85714285714286,7
7208,"Princess and the Frog, The",Animation|Children|Fantasy|Musical|Romance,2009,3.75,12
7209,"Peacekeeper, The",Action,1997,1,1
7210,"Did You Hear About the Morgans?",Comedy|Crime|Drama|Romance,2009,3,1
7211,"Snow White",Fantasy|Romance,1916,3.5,1
7212,"Alice",Action|Adventure|Fantasy,2009,4,1
7213,"Avatar",Action|Adventure|Sci-Fi|IMAX,2009,3.60309278350515,97
7214,"It's Complicated",Comedy|Romance,2009,2.75,4
7215,"Sherlock Holmes",Action|Crime|Mystery|Thriller,2009,3.85344827586207,58
7216,"Crazy Heart",Drama|Romance,2009,4.1,5
7217,"Alvin and the Chipmunks: The Squeakquel",Animation|Children|Comedy|Musical,2009,2.66666666666667,3
7218,"American Pie Presents: The Book of Love",Comedy,2009,2.16666666666667,3
7219,"Sorority Babes in the Slimeball Bowl-O-Rama",Comedy|Horror,1988,2.5,1
7220,"Pontypool",Horror|Thriller,2008,3.75,2
7221,"Youth in Revolt",Comedy|Drama|Romance,2009,3,5
7222,"Daybreakers",Action|Drama|Horror|Thriller,2010,3.41666666666667,6
7223,"Hachiko: A Dog's Story",Drama,2009,3.5,2
7224,"Leap Year",Comedy|Romance,2010,2.4,5
7225,"Book of Eli, The",Action|Adventure|Drama,2010,3.28125,16
7226,"Girl Who Kicked the Hornet's Nest, The",Action|Crime|Mystery,2009,4.2,5
7227,"Prophet, A",Crime|Drama,2009,4.25,4
7228,"Staten Island",Crime|Drama,2009,1.5,1
7229,"Maiden Heist, The",Comedy|Crime,2009,2.5,1
7230,"Blood: The Last Vampire",Action|Horror|Thriller,2009,2,1
7231,"MacGyver: Lost Treasure of Atlantis",Action|Adventure,1994,3.5,1
7232,"Pekka ja Pätkä Suezilla",Comedy,1958,3.5,1
7233,"Bart Got a Room",Comedy|Romance,2008,3.5,1
7234,"Project A 2",Action|Comedy|Crime,1987,3.75,2
7235,"Robin-B-Hood",Action|Comedy|Drama,2006,3,1
7236,"Concert, Le",Comedy|Drama,2009,3,1
7237,"Ninja",Action|Crime|Drama|Thriller,2009,3,1
7238,"Asterix at the Olympic Games",Adventure|Children|Comedy|Fantasy,2008,4,1
7239,"Chaser, The",Crime|Drama|Thriller,2008,3,1
7240,"Meantime",Comedy|Drama,1984,5,1
7241,"Rudolph, the Red-Nosed Reindeer",Adventure|Animation|Children|Fantasy|Musical,1964,3.83333333333333,3
7242,"Dennis the Menace Christmas, A",Comedy,2007,1.5,1
7243,"Undisputed II: Last Man Standing",Action|Crime|Drama,2006,4,1
7244,"3 Idiots",Comedy|Drama|Romance,2009,4.75,2
7245,"Legion",Action|Fantasy|Horror|Thriller,2010,2.83333333333333,3
7246,"Stan Helsing",Comedy|Horror,2009,1,2
7247,"Peter Pan",Children|Fantasy|Musical,1960,3.5,1
7248,"Wicked City",Animation|Fantasy|Horror|Sci-Fi,1987,2.5,1
7249,"When in Rome",Comedy|Romance,2010,2.5,4
7250,"Dream of Light",Documentary|Drama,1992,5,1
7251,"Triangle",Drama|Horror|Mystery|Thriller,2009,4,2
7252,"I Love You Phillip Morris",Comedy|Drama|Romance,2009,1.5,2
7253,"Anne of Green Gables: The Sequel",Children|Drama|Romance,1987,4.75,2
7254,"Temple Grandin",Drama,2010,4.375,4
7255,"Captain Newman, M.D.",Comedy|Drama|War,1963,4.5,1
7256,"House of the Devil, The",Horror|Thriller,2009,4,1
7257,"Valentine's Day",Comedy|Romance,2010,2.66666666666667,3
7258,"Wolfman, The",Horror|Thriller,2010,2.25,2
7259,"Shutter Island",Drama|Mystery|Thriller,2010,4.02238805970149,67
7260,"Persuasion",Drama|Romance,2007,3.33333333333333,3
7261,"Girl Who Played with Fire, The",Action|Crime|Drama|Mystery|Thriller,2009,4.25,4
7262,"Percy Jackson & the Olympians: The Lightning Thief",Adventure|Fantasy,2010,2.35714285714286,7
7263,"Cop Out",Action|Comedy|Crime,2010,2.5,5
7264,"Ghost Writer, The",Drama|Mystery|Thriller,2010,3.78571428571429,7
7265,"Secret of Kells, The",Animation|Fantasy,2009,4,2
7266,"Spy Next Door, The",Action|Children|Comedy,2010,2,1
7267,"Agora",Adventure|Drama|Romance,2009,4,1
7268,"Motherhood",Comedy,2009,1,1
7269,"District 13: Ultimatum",Action|Sci-Fi,2009,3.75,2
7270,"Yes Men Fix the World, The",Documentary,2009,4,1
7271,"Mike Bassett: England Manager",Comedy,2001,4,1
7272,"Crazies, The",Action|Drama|Horror|Sci-Fi|Thriller,2010,3.375,4
7273,"Dear John",Drama|Romance|War,2010,3.5,1
7274,"Last Train Home",Documentary|Drama,2009,3,1
7275,"Tooth Fairy",Comedy|Fantasy,2010,2.16666666666667,3
7276,"Gentlemen of Fortune",Comedy|Crime|Drama|Mystery,1972,4.75,2
7277,"[REC]²",Horror|Thriller,2009,3.66666666666667,3
7278,"Room, The",Comedy|Drama|Romance,2003,3.66666666666667,3
7279,"Alice in Wonderland",Adventure|Fantasy|IMAX,2010,2.875,28
7280,"Town Called Panic, A",Animation,2009,3.75,2
7281,"Green Zone",Action|Drama|Thriller|War,2010,3.5,9
7282,"From Paris with Love",Action|Crime,2010,2.5,2
7283,"Dorian Gray",Drama|Horror|Sci-Fi,2009,3,5
7284,"Greenberg",Comedy|Drama,2010,2.33333333333333,3
7285,"She's Out of My League",Comedy,2010,3.22222222222222,9
7286,"Harry Brown",Crime|Drama|Thriller,2009,4,2
7287,"Remember Me",Drama|Romance,2010,4,1
7288,"Burrowers, The",Horror|Thriller|Western,2008,3,1
7289,"Frozen",Drama|Horror|Thriller,2010,3.25,2
7290,"Generation X",Action|Adventure|Sci-Fi,1996,1.5,1
7291,"Little Ashes",Drama,2008,2.5,1
7292,"Our Family Wedding",Comedy,2010,1.5,1
7293,"Bounty Hunter, The",Action|Comedy|Romance,2010,2.75,6
7294,"Leaves of Grass",Comedy|Crime|Drama|Thriller,2009,3.16666666666667,3
7295,"Women in Trouble",Comedy,2009,2,1
7296,"Mondo Cane",Documentary,1962,2,1
7297,"Repo Men",Action|Sci-Fi|Thriller,2010,3.5,6
7298,"Case 39",Horror|Thriller,2009,0.5,1
7299,"Oceans",Documentary|Drama,2009,4,1
7300,"Slammin' Salmon, The",Comedy,2009,3.5,2
7301,"Hot Tub Time Machine",Comedy|Sci-Fi,2010,3.3,15
7302,"Mother",Crime|Drama|Mystery|Thriller,2009,5,1
7303,"How to Train Your Dragon",Adventure|Animation|Children|Fantasy|IMAX,2010,3.94339622641509,53
7304,"Bone Man, The",Crime|Thriller,2009,4.5,1
7305,"Micmacs",Comedy|Crime,2009,3.75,2
7306,"Clash of the Titans",Action|Adventure|Drama|Fantasy,2010,2.30769230769231,13
7307,"Kick-Ass",Action|Comedy,2010,3.65116279069767,43
7308,"Date Night",Action|Comedy|Romance,2010,3.31818181818182,11
7309,"Emperor's New Groove 2: Kronk's New Groove, The",Animation|Children|Comedy|Romance,2005,4.5,1
7310,"Steam of Life",Documentary,2010,3.5,1
7311,"Mortadelo & Filemon: The Big Adventure",Action|Adventure|Comedy,2003,3.5,1
7312,"American Drug War: The Last White Hope",Crime|Documentary,2007,3,1
7313,"Runaways, The",Drama|Musical,2010,3.5,1
7314,"Wild China",Documentary,2008,4,1
7315,"Death at a Funeral",Comedy,2010,3.25,2
7316,"Valhalla Rising",Action|Drama|War,2009,2.5,1
7317,"Diary of a Wimpy Kid",Children|Comedy,2010,3.5,1
7318,"Union: The Business Behind Getting High, The",Comedy|Documentary,2007,3.5,1
7319,"Disgrace",Drama,2008,3.5,1
7320,"Losers, The",Action|Adventure|Drama|Mystery|Thriller,2010,3,3
7321,"Last Song, The",Drama|Romance,2010,3.5,1
7322,"Cyrus",Comedy|Drama|Romance,2010,2.5,1
7323,"Human Centipede, The",Horror,2009,0.5,1
7324,"Exit Through the Gift Shop",Comedy|Documentary,2010,4.03846153846154,13
7325,"Iron Man 2",Action|Adventure|Sci-Fi|Thriller|IMAX,2010,3.51063829787234,47
7326,"MacGruber",Action|Comedy,2010,3,1
7327,"Three Men and a Cradle",Comedy,1985,4.5,1
7328,"Sky Crawlers, The",Adventure|Animation|Drama,2008,2.5,1
7329,"Cargo",Sci-Fi,2009,3.5,1
7330,"Nightmare on Elm Street, A",Fantasy|Horror|Thriller,2010,1.25,2
7331,"Four Lions",Comedy|Drama,2010,4,5
7332,"St Trinian's 2: The Legend of Fritton's Gold",Adventure|Comedy,2009,2,1
7333,"12 Angry Men",Crime|Drama,1997,5,1
7334,"Robin Hood",Action|Adventure|Drama|Romance|War,2010,3.16666666666667,6
7335,"Lovers & Leavers",Drama|Romance,2002,3.5,1
7336,"Merantau",Action|Drama,2009,4,1
7337,"Stingray Sam",Comedy|Musical|Sci-Fi|Western,2009,4,1
7338,"Cemetery Junction",Comedy|Drama|Romance,2010,3.5,1
7339,"Blue Valentine",Drama|Romance,2010,2.8,5
7340,"Killers",Action|Comedy,2010,2.25,2
7341,"Buried",Mystery|Thriller,2010,3.5,4
7342,"Shake Hands with the Devil",Drama|War,2007,2.5,1
7343,"Prince of Persia: The Sands of Time",Action|Adventure|Fantasy|Romance|IMAX,2010,2.88461538461538,13
7344,"Please Give",Comedy|Drama,2010,3.5,1
7345,"Baarìa",Comedy|Drama|War,2009,4.5,1
7346,"Ricky Gervais Live: Animals",Comedy,2003,3.5,1
7347,"Sex and the City 2",Comedy|Drama|Romance,2010,1,2
7348,"Get Him to the Greek",Comedy,2010,3.55,10
7349,"Unthinkable",Drama|Thriller,2010,3,1
7350,"Back-up Plan, The",Comedy|Romance,2010,3,1
7351,"Splice",Horror|Sci-Fi|Thriller,2009,3.5,3
7352,"Letters to Juliet",Drama|Romance,2010,2.83333333333333,3
7353,"Exam",Mystery|Thriller,2009,3.8,5
7354,"Jonah Hex",Action|Drama|Thriller|Western,2010,1.875,4
7355,"A-Team, The",Action|Comedy|Thriller,2010,3.14705882352941,17
7356,"Toy Story 3",Adventure|Animation|Children|Comedy|Fantasy|IMAX,2010,4.10909090909091,55
7357,"Ricky Gervais Live 3: Fame",Comedy,2007,3,1
7358,"Winter's Bone",Drama|Thriller,2010,3.4375,8
7359,"Scalphunters, The",Comedy|Western,1968,4.5,1
7360,"Barking Dogs Never Bite",Comedy|Horror,2000,3.5,1
7361,"Shrek Forever After",Adventure|Animation|Children|Comedy|Fantasy|IMAX,2010,3.57142857142857,7
7362,"TiMER",Comedy|Drama|Fantasy|Romance,2009,3.75,2
7363,"Best Worst Movie",Documentary,2009,4,1
7364,"Twilight Saga: Eclipse, The",Fantasy|Romance|Thriller|IMAX,2010,2.45,10
7365,"Enter the Void",Drama,2009,5,2
7366,"Last Airbender, The",Action|Adventure|Fantasy,2010,1.91666666666667,6
7367,"Endgame",Drama,2009,3,1
7368,"Empire of Dreams: The Story of the 'Star Wars' Trilogy",Documentary,2004,4.5,1
7369,"South Park: Imaginationland",Animation|Comedy|Fantasy,2008,4,8
7370,"Predators",Action|Sci-Fi|Thriller,2010,3.3,10
7371,"When You're Strange",Documentary,2009,4,1
7372,"Despicable Me",Animation|Children|Comedy|Crime,2010,3.68421052631579,38
7373,"Inception",Action|Crime|Drama|Mystery|Sci-Fi|Thriller|IMAX,2010,4.06643356643357,143
7374,"Grown Ups",Comedy,2010,3.45,10
7375,"Sorcerer's Apprentice, The",Action|Adventure|Children|Comedy|Fantasy,2010,3.45,10
7376,"Knight and Day",Action|Comedy|Romance,2010,3.41666666666667,6
7377,"Karate Kid, The",Action|Children|Drama,2010,2.5,8
7378,"Kids Are All Right, The",Comedy|Drama,2010,2.91666666666667,6
7379,"Serbian Film, A",Horror|Thriller,2010,2.25,2
7380,"Cherrybomb",Drama|Thriller,2009,2.5,1
7381,"Batman: Under the Red Hood",Action|Animation,2010,3.66666666666667,3
7382,"Salt",Action|Thriller,2010,2.96666666666667,15
7383,"No. 1 Ladies' Detective Agency, The",Comedy|Crime|Mystery,2008,3,1
7384,"Watch Out for the Automobile",Comedy|Crime|Romance,1966,4,1
7385,"Mr. Nobody",Drama|Fantasy|Romance|Sci-Fi,2009,4.14285714285714,7
7386,"Dinner for Schmucks",Comedy,2010,3.28571428571429,7
7387,"Deadly Outlaw: Rekka",Crime|Drama|Thriller,2002,4,1
7388,"Hellsinki",Crime,2009,3,1
7389,"Ip Man 2",Action,2010,3,5
7390,"Ramona and Beezus",Children|Comedy,2010,2.5,1
7391,"Rebound, The",Comedy|Romance,2009,2.5,1
7392,"Other Guys, The",Action|Comedy,2010,3.26190476190476,21
7393,"Two Escobars, The",Crime|Documentary,2010,3.5,1
7394,"Paper Man",Comedy|Drama,2009,4,1
7395,"Expendables, The",Action|Adventure|Thriller,2010,3.05882352941176,17
7396,"Scott Pilgrim vs. the World",Action|Comedy|Fantasy|Musical|Romance,2010,3.70454545454545,44
7397,"I Killed My Mother",Drama,2009,3.5,2
7398,"Heartless",Fantasy|Horror|Mystery|Thriller,2009,2.5,1
7399,"Piranha",Action|Horror|Thriller,2010,2.16666666666667,3
7400,"Extraordinary Adventures of Adèle Blanc-Sec, The",Action|Adventure|Fantasy|Mystery,2010,2.5,1
7401,"Get Low",Comedy|Drama|Mystery,2009,5,1
7402,"Joneses, The",Comedy|Drama,2009,3.5,1
7403,"Dragon Ball Z: Dead Zone",Action|Adventure|Animation|Fantasy|Sci-Fi,1989,4,1
7404,"Last Exorcism, The",Horror|Thriller,2010,4,1
7405,"Sisters",Action|Crime|Drama,2001,5,1
7406,"American, The",Drama|Thriller,2010,2.625,4
7407,"Jackass 2.5",Comedy|Documentary,2007,4.16666666666667,3
7408,"Horde, The",Action|Horror|Thriller,2009,2.5,1
7409,"Switch, The",Comedy|Romance,2010,2.66666666666667,6
7410,"Machete",Action|Adventure|Comedy|Crime|Thriller,2010,3.25,12
7411,"Going the Distance",Comedy|Romance,2010,3.16666666666667,3
7412,"Resident Evil: Afterlife",Action|Horror|Sci-Fi|Thriller|IMAX,2010,3.14285714285714,7
7413,"Princess",Drama,2010,2.5,1
7414,"Social Network, The",Drama,2010,3.8859649122807,57
7415,"Man Vanishes, A",Documentary|Drama|Mystery,1967,4,1
7416,"Town, The",Crime|Drama|Thriller,2010,3.95454545454545,22
7417,"Easy A",Comedy|Romance,2010,3.7962962962963,27
7418,"Eat Pray Love",Drama|Romance,2010,3.5,2
7419,"Howl",Drama,2010,3.5,1
7420,"I'm Still Here",Comedy|Drama,2010,4,1
7421,"Patrik Age 1.5",Comedy|Drama|Romance,2008,4,1
7422,"Flipped",Comedy|Drama|Romance,2010,3.83333333333333,3
7423,"Wall Street: Money Never Sleeps",Drama,2010,3.16666666666667,3
7424,"Legend of the Guardians: The Owls of Ga'Hoole",Adventure|Animation|Fantasy|IMAX,2010,4,2
7425,"It's Kind of a Funny Story",Comedy|Drama,2010,3.1875,8
7426,"Middle Men",Comedy|Crime|Drama,2009,3.25,2
7427,"Alice in Wonderland",Adventure|Children|Fantasy,1933,4,1
7428,"Let Me In",Drama|Horror|Mystery,2010,3.85714285714286,7
7429,"Sintel",Animation|Fantasy,2010,3.5,1
7430,"Secretariat",Adventure|Drama,2010,2.5,1
7431,"Devil",Horror|Mystery|Thriller,2010,3.25,2
7432,"You Again",Comedy,2010,3.5,1
7433,"Life as We Know It",Comedy|Romance,2010,3,6
7434,"Catfish",Documentary|Mystery,2010,3.66666666666667,3
7435,"You Will Meet a Tall Dark Stranger",Comedy|Romance,2010,3.5,1
7436,"Stone",Drama|Thriller,2010,3.25,2
7437,"Inside Job",Documentary,2010,4.29166666666667,12
7438,"Monsters",Drama|Sci-Fi,2010,3.5,1
7439,"Never Let Me Go",Drama|Romance|Sci-Fi,2010,4,3
7440,"Illusionist, The",Animation,2010,3,3
7441,"Luck by Chance",Drama,2009,4.5,1
7442,"Rubber",Action|Adventure|Comedy|Crime|Drama|Film-Noir|Horror|Mystery|Thriller|Western,2010,3.75,2
7443,"Jackass 3D",Action|Comedy|Documentary,2010,3.91666666666667,6
7444,"Restrepo",Documentary|War,2010,3.16666666666667,3
7445,"Waiting for 'Superman'",Documentary,2010,4,1
7446,"Red",Action|Comedy,2010,3.5,20
7447,"In a Better World",Drama,2010,3.5,1
7448,"Heartbreaker",Comedy|Romance,2010,2.5,1
7449,"Paranormal Activity 2",Horror|IMAX,2010,3.7,5
7450,"Heartbeats",Drama|Romance,2010,3,2
7451,"Hereafter",Drama|Fantasy,2010,4,1
7452,"Undisputed III: Redemption",Action|Crime|Drama,2010,4,1
7453,"Saw VII 3D - The Final Chapter",Horror|Mystery|Thriller,2010,4.5,1
7454,"Due Date",Comedy,2010,3.1,10
7455,"127 Hours",Adventure|Drama|Thriller,2010,3.83333333333333,18
7456,"Megamind",Action|Animation|Children|Comedy|Sci-Fi|IMAX,2010,3.6,20
7457,"Black Swan",Drama|Thriller,2010,3.63095238095238,42
7458,"I Shot Jesse James",Drama|Romance|Western,1949,2,1
7459,"Unstoppable",Action|Drama|Thriller,2010,3.35714285714286,7
7460,"Morning Glory",Comedy|Drama|Romance,2010,2.66666666666667,6
7461,"Certified Copy",Drama,2010,4,1
7462,"Next Three Days, The",Crime|Drama|Romance|Thriller,2010,3.85714285714286,7
7463,"Somewhere",Drama,2010,3,1
7464,"Biutiful",Drama,2010,4.25,2
7465,"First Beautiful Thing, The",Comedy|Drama,2010,4,1
7466,"Harry Potter and the Deathly Hallows: Part 1",Action|Adventure|Fantasy|IMAX,2010,3.98936170212766,47
7467,"King's Speech, The",Drama,2010,4.04310344827586,58
7468,"Tangled",Animation|Children|Comedy|Fantasy|Musical|Romance|IMAX,2010,3.91666666666667,24
7469,"Art of the Steal, The",Documentary,2009,4,2
7470,"Fighter, The",Drama,2010,3.76086956521739,23
7471,"Romantics, The",Comedy|Drama|Romance,2010,3,1
7472,"Loved Ones, The",Horror,2009,4.25,2
7473,"Casino Jack",Comedy|Crime,2010,4,2
7474,"Vincent Wants to Sea",Drama,2010,3,1
7475,"London Boulevard",Crime|Romance,2010,1.5,1
7476,"Skyline",Sci-Fi|Thriller,2010,0.5,1
7477,"Beastly",Drama|Fantasy|Romance,2011,3.5,1
7478,"Love and Other Drugs",Comedy|Drama|Romance,2010,2.78571428571429,7
7479,"Chronicles of Narnia: The Voyage of the Dawn Treader, The",Adventure|Children|Fantasy,2010,3.85714285714286,7
7480,"Tourist, The",Drama|Thriller,2010,2.71428571428571,7
7481,"Rare Exports: A Christmas Tale",Action|Comedy,2010,4.25,2
7482,"Hatchet II",Comedy|Horror|Thriller,2010,4.5,1
7483,"All Good Things",Drama|Mystery|Thriller,2010,3.75,2
7484,"True Grit",Western,2010,3.75,28
7485,"Tron: Legacy",Action|Adventure|Sci-Fi|IMAX,2010,3.23684210526316,19
7486,"How Do You Know",Comedy|Drama|Romance,2010,2.66666666666667,3
7487,"Barney's Version",Drama,2010,4,1
7488,"Company Men, The",Drama,2010,2.5,1
7489,"One-Armed Swordsman, The",Action|Drama,1967,3,1
7490,"I Saw the Devil",Crime|Thriller,2010,3.875,4
7491,"Trash Humpers",Drama,2009,0.5,1
7492,"Faster",Action|Crime|Drama,2010,5,1
7493,"Little Big Soldier",Action|Adventure|Comedy|Drama|War,2010,3.5,1
7494,"Rabbit Hole",Drama,2010,3.5,1
7495,"One Week",Comedy,1920,3.5,1
7496,"Little Fockers",Comedy,2010,1.83333333333333,6
7497,"Gulliver's Travels",Adventure|Comedy|Fantasy,2010,1.83333333333333,6
7498,"Sweetgrass",Adventure|Documentary|Western,2009,4.5,1
7499,"Burlesque",Drama|Musical|Romance,2010,2.5,1
7500,"Secret World of Arrietty, The",Animation|Children|Fantasy,2010,3.5,4
7501,"Tucker & Dale vs Evil",Comedy|Horror,2010,3.91666666666667,18
7502,"Yogi Bear",Children|Comedy,2010,1.16666666666667,3
7503,"Made in Dagenham",Comedy|Drama,2010,2,1
7504,"Green Hornet, The",Action|Comedy|Crime|Fantasy|Thriller|IMAX,2011,3,11
7505,"Way Back, The",Drama,2010,4,1
7506,"Warrior's Way, The",Action|Fantasy|Western,2010,3.5,1
7507,"Season of the Witch",Adventure|Drama|Fantasy,2011,3.5,1
7508,"Amer",Drama|Horror,2009,0.5,1
7509,"Cowboys & Aliens",Action|Sci-Fi|Thriller|Western|IMAX,2011,3,9
7510,"Anything for Her",Crime|Drama|Thriller,2008,2.5,1
7511,"Day & Night",Animation|Children,2010,4.1,5
7512,"Marwencol",Documentary,2010,4.25,2
7513,"Dilemma, The",Comedy|Drama,2011,2.5,2
7514,"Down Argentine Way",Comedy|Drama|Romance,1940,5,1
7515,"Trip, The",Comedy|Drama,2010,4,1
7516,"Limitless",Sci-Fi|Thriller,2011,3.95,30
7517,"Happy People: A Year in the Taiga",Documentary,2010,4.5,1
7518,"Evangelion: 2.0 You Can  Advance",Action|Animation|Drama|Sci-Fi,2009,3.5,3
7519,"I Spit on Your Grave",Crime|Horror|Thriller,2010,3.75,2
7520,"Even the Rain",Drama,2010,4,1
7521,"It Happened on Fifth Avenue",Comedy|Romance,1947,4.5,1
7522,"Zeitgeist: Moving Forward",Documentary,2011,5,1
7523,"No Strings Attached",Comedy|Romance,2011,2.92857142857143,14
7524,"Lincoln Lawyer, The",Crime|Drama|Thriller,2011,3.6,10
7525,"All-Star Superman",Action|Adventure|Animation|Sci-Fi,2011,4.25,2
7526,"Girls About Town",Comedy,1931,5,1
7527,"Kill!",Action|Comedy|Drama,1968,3,1
7528,"Pekka ja Pätkä salapoliiseina",Comedy,1957,4,1
7529,"Unknown",Drama|Mystery|Thriller,2011,3.33333333333333,6
7530,"Cedar Rapids",Comedy,2011,2.25,2
7531,"Gnomeo & Juliet",Adventure|Animation|Children|Comedy|Fantasy|Romance,2011,3,1
7532,"Burke and Hare",Comedy|Thriller,2010,4,1
7533,"Castaway on the Moon",Comedy|Drama|Romance,2009,4,1
7534,"Paul",Adventure|Comedy|Sci-Fi,2011,3.2,15
7535,"Asphyx, The",Horror|Sci-Fi,1973,4.5,1
7536,"Brother 2",Crime|Drama,2000,4.5,1
7537,"Emma",Comedy|Drama|Romance,2009,2.5,2
7538,"Drive Angry",Action|Fantasy|Thriller,2011,3.75,2
7539,"Rango",Action|Adventure|Animation|Children|Comedy|Western,2011,3.61764705882353,17
7540,"Take Me Home Tonight",Comedy|Drama,2011,2.5,1
7541,"Confessions",Drama|Horror,2010,4,1
7542,"Adjustment Bureau, The",Romance|Sci-Fi|Thriller,2011,3.16666666666667,21
7543,"Mechanic, The",Action|Drama|Thriller,2011,3.375,4
7544,"Hall Pass",Comedy,2011,3.125,4
7545,"Eagle, The",Adventure|Drama,2011,2,1
7546,"I Am Number Four",Action|Sci-Fi|Thriller|IMAX,2011,3.1,5
7547,"Battle: Los Angeles",Action|Sci-Fi|War,2011,2.375,4
7548,"Summer Wars",Adventure|Animation|Comedy|Sci-Fi,2009,3.83333333333333,3
7549,"Sunset Limited, The",Drama,2011,4,1
7550,"Winnie the Pooh and the Honey Tree",Animation|Children,1966,4,1
7551,"Mars Needs Moms",Action|Adventure|Animation|Children|Comedy|Sci-Fi|IMAX,2011,3.5,1
7552,"Scooby-Doo! Curse of the Lake Monster",Adventure|Children|Comedy|Mystery,2010,5,1
7553,"Winnie the Pooh and Tigger Too",Animation|Children,1974,3.5,1
7554,"Hard Ticket to Hawaii",Action|Comedy,1987,0.5,1
7555,"Elite Squad: The Enemy Within",Action|Crime|Drama,2010,4.35714285714286,7
7556,"Mesrine: Public Enemy #1",Action|Crime,2008,3.5,3
7557,"Just Go with It",Comedy|Romance,2011,3.21428571428571,7
7558,"Cave of Forgotten Dreams",Documentary,2010,3,1
7559,"Red Riding Hood",Fantasy|Horror|Mystery|Thriller,2011,3.5,2
7560,"Big Mommas: Like Father, Like Son",Comedy,2011,1,1
7561,"Super",Action|Comedy|Drama,2010,2.9,5
7562,"Troll Hunter, The",Fantasy|Horror,2010,3.75,2
7563,"Source Code",Action|Drama|Mystery|Sci-Fi|Thriller,2011,3.60294117647059,34
7564,"Jane Eyre",Drama|Romance,2011,3,1
7565,"Sucker Punch",Action|Fantasy|Thriller|IMAX,2011,3.125,12
7566,"Chalet Girl",Comedy|Romance,2011,NaN,NaN
7567,"BURN-E",Adventure|Animation|Children|Sci-Fi,2008,4.5,3
7568,"Senna",Documentary,2010,3.75,6
7569,"Family Guy Presents: It's a Trap",Animation|Comedy|Sci-Fi,2010,3.58333333333333,6
7570,"Insidious",Fantasy|Horror|Thriller,2010,2.66666666666667,3
7571,"Hobo with a Shotgun",Action|Adventure|Crime|Thriller,2011,2.375,4
7572,"Win Win",Comedy|Drama,2011,3.75,6
7573,"Room in Rome",Drama|Romance,2010,2.75,2
7574,"Boy",Comedy|Drama,2010,4,1
7575,"Diary of a Wimpy Kid: Rodrick Rules",Comedy,2011,3.5,1
7576,"Henry's Crime",Comedy|Crime,2010,2,1
7577,"Hop",Animation|Children|Comedy,2011,2.75,2
7578,"Playing the Victim",Comedy,2006,4,1
7579,"Films to Keep You Awake: The Christmas Tale",Horror|Thriller,2005,0.5,1
7580,"13 Assassins",Action,2010,4,4
7581,"Hanna",Action|Adventure|Mystery|Thriller,2011,3.31818181818182,11
7582,"Connections",Documentary,1978,5,1
7583,"Into Eternity",Documentary,2010,3.5,1
7584,"Daffy Duck's Quackbusters",Animation|Children|Comedy|Horror,1988,2,1
7585,"American: The Bill Hicks Story",Comedy|Documentary,2009,4,3
7586,"Arthur",Comedy,2011,3,6
7587,"Scream 4",Comedy|Horror|Mystery|Thriller,2011,2.66666666666667,3
7588,"Rio",Adventure|Animation|Children|Comedy,2011,3.125,8
7589,"Melancholia",Drama|Sci-Fi,2011,3.07142857142857,7
7590,"Thor",Action|Adventure|Drama|Fantasy|IMAX,2011,3.51470588235294,34
7591,"Louis C.K.: Hilarious",Comedy,2010,4.05555555555556,9
7592,"Louis C.K.: Chewed Up",Comedy,2008,3.28571428571429,7
7593,"Atlas Shrugged: Part 1",Drama|Mystery|Sci-Fi,2011,2,1
7594,"Louis C.K.: Shameless",Comedy,2007,4,7
7595,"Mildred Pierce",Drama,2011,4.5,1
7596,"Voices from the List",Documentary,2004,4.3,5
7597,"Water for Elephants",Drama|Romance,2011,3.375,4
7598,"African Cats",Adventure|Documentary,2011,2.5,1
7599,"Kill the Irishman",Action|Crime,2011,4,2
7600,"Fast Five",Action|Crime|Drama|Thriller|IMAX,2011,3.05,10
7601,"Louis Theroux: Law & Disorder",Documentary,2008,5,1
7602,"Idiots and Angels",Animation|Drama|Fantasy,2008,5,1
7603,"Incendies",Drama|Mystery|War,2010,4.4,5
7604,"Soul Surfer",Action|Drama,2011,3.5,1
7605,"Something Borrowed",Comedy|Drama|Romance,2011,3.25,2
7606,"Bridesmaids",Comedy,2011,3.76190476190476,21
7607,"Priest",Action|Horror|Sci-Fi|Thriller,2011,3,3
7608,"Mothra",Adventure|Fantasy|Sci-Fi,1961,3,1
7609,"Pirates of the Caribbean: On Stranger Tides",Action|Adventure|Fantasy|IMAX,2011,3.22916666666667,24
7610,"Midnight in Paris",Comedy|Fantasy|Romance,2011,3.56,25
7611,"The Man from Nowhere",Action|Crime|Thriller,2010,4.5,3
7612,"Tree of Life, The",Drama,2011,4,2
7613,"Hangover Part II, The",Comedy,2011,3.26666666666667,15
7614,"Nothing to Declare",Comedy,2010,4,1
7615,"Across the Hall",Thriller,2009,2,1
7616,"Roommate, The",Drama|Thriller,2011,2,1
7617,"Attack the Block",Action|Comedy|Sci-Fi,2011,3.5,6
7618,"The Way",Adventure|Comedy|Drama,2010,3.5,2
7619,"Let the Bullets Fly",Action|Comedy,2010,3,1
7620,"Kung Fu Panda 2",Action|Adventure|Animation|Children|Comedy|IMAX,2011,3.32352941176471,17
7621,"X-Men: First Class",Action|Adventure|Sci-Fi|Thriller|War,2011,3.7906976744186,43
7622,"Submarine",Comedy|Drama|Romance,2010,4.16666666666667,3
7623,"American Grindhouse",Documentary,2010,4,1
7624,"Everything Must Go",Comedy|Drama,2010,2.66666666666667,3
7625,"Beginners",Drama,2010,3.625,4
7626,"Super 8",Mystery|Sci-Fi|Thriller|IMAX,2011,3.5952380952381,21
7627,"Bernie",Comedy|Drama,1996,1.75,2
7628,"Green Lantern",Action|Adventure|Sci-Fi,2011,2.35,10
7629,"Elektra Luxx",Comedy,2010,2.5,2
7630,"Mr. Popper's Penguins",Comedy,2011,2.7,5
7631,"Bad Teacher",Comedy,2011,2.88888888888889,9
7632,"Transformers: Dark of the Moon",Action|Adventure|Sci-Fi|War|IMAX,2011,2.36363636363636,11
7633,"Larry Crowne",Comedy|Drama|Romance,2011,2.75,2
7634,"Your Highness",Action|Adventure|Comedy|Fantasy,2011,3.11111111111111,9
7635,"Too Big to Fail",Drama,2011,4.5,1
7636,"Takers",Action|Crime|Thriller,2010,2.75,2
7637,"My Life as McDull",Animation|Comedy|Drama,2001,5,1
7638,"Zookeeper",Comedy,2011,2.75,4
7639,"Horrible Bosses",Comedy|Crime,2011,3.4375,24
7640,"Cars 2",Adventure|Animation|Children|Comedy|IMAX,2011,3.16666666666667,3
7641,"Between the Folds",Documentary,2008,3,1
7642,"Delhi Belly",Comedy|Crime,2011,4,1
7643,"Upside Down: The Creation Records Story",Documentary,2010,3,1
7644,"Monte Carlo",Adventure|Comedy|Romance,2011,3,1
7645,"Harry Potter and the Deathly Hallows: Part 2",Action|Adventure|Drama|Fantasy|Mystery|IMAX,2011,3.91,50
7646,"Drive",Crime|Drama|Film-Noir|Thriller,2011,3.765625,32
7647,"Captain America: The First Avenger",Action|Adventure|Sci-Fi|Thriller|War,2011,3.546875,32
7648,"Crazy, Stupid, Love.",Comedy|Drama|Romance,2011,3.98387096774194,31
7649,"One Day",Drama|Romance,2011,3.5,1
7650,"Guard, The",Comedy|Crime,2011,3.625,4
7651,"Winnie the Pooh",Animation|Children|Comedy,2011,3,1
7652,"Woman, The",Horror,2011,3.5,2
7653,"New One-Armed Swordsman, The",Action|Drama|War,1971,3,1
7654,"Mike's New Car",Animation|Comedy,2002,4,1
7655,"Smurfs, The",Animation|Children|Comedy,2011,1.875,4
7656,"Friends with Benefits",Comedy|Romance,2011,3.05,20
7657,"Paper Birds",Comedy|Drama,2010,5,1
7658,"Blitz",Action|Crime|Thriller,2011,3,1
7659,"Yellow Sea, The",Crime|Drama|Thriller,2010,2.5,1
7660,"Our Idiot Brother",Comedy,2011,3.25,2
7661,"SUBWAYStories: Tales from the Underground",Drama,1997,2.5,1
7662,"Death Race 2",Action|Sci-Fi|Thriller,2010,3.5,2
7663,"Rise of the Planet of the Apes",Action|Drama|Sci-Fi|Thriller,2011,3.46296296296296,27
7664,"Terri",Comedy,2011,3.5,2
7665,"Change-Up, The",Comedy,2011,2.85,10
7666,"Help, The",Drama,2011,3.83333333333333,21
7667,"30 Minutes or Less",Action|Comedy|Crime,2011,2.66666666666667,6
7668,"My Afternoons with Margueritte",Comedy,2010,3,1
7669,"Final Destination 5",Horror|Thriller|IMAX,2011,4.5,1
7670,"Very Harold & Kumar 3D Christmas, A",Comedy,2011,3.25,2
7671,"Don't Be Afraid of the Dark",Horror|Thriller,2010,3,2
7672,"Fright Night",Comedy|Horror,2011,3.25,2
7673,"Another Earth",Drama|Romance|Sci-Fi,2011,4.5,1
7674,"Hesher",Drama,2010,4,1
7675,"Stake Land",Horror,2010,4,1
7676,"Debt, The",Drama|Thriller,2011,2.5,1
7677,"Colombiana",Action|Adventure|Drama|Thriller,2011,2.5,6
7678,"Bill Cunningham New York",Documentary,2011,4.5,1
7679,"Skin I Live In, The",Drama,2011,3,4
7680,"Conan the Barbarian",Action|Adventure|Fantasy,2011,1.75,2
7681,"Walled In",Horror|Thriller,2009,3.5,1
7682,"Birdemic: Shock and Terror",Romance|Thriller,2010,3.5,1
7683,"Inbetweeners Movie, The",Adventure|Comedy,2011,3.66666666666667,3
7684,"Red State",Action|Crime|Horror|Thriller,2011,3,1
7685,"Pearl Jam Twenty",Documentary|Musical,2011,0.5,1
7686,"I Don't Know How She Does It",Comedy,2011,1.5,1
7687,"Shark Night 3D",Horror|Thriller,2011,1.5,1
7688,"Contagion",Sci-Fi|Thriller|IMAX,2011,3.70833333333333,12
7689,"Moneyball",Drama,2011,3.88461538461538,26
7690,"Neds",Drama,2010,4,1
7691,"Cold Fish",Drama|Thriller,2010,4.5,2
7692,"Phineas and Ferb the Movie: Across the 2nd Dimension",Adventure|Animation|Children,2011,3.5,1
7693,"Northanger Abbey",Drama|Romance,2007,4,1
7694,"Avengers, The",Action|Adventure|Sci-Fi|IMAX,2012,3.8695652173913,69
7695,"Tinker Tailor Soldier Spy",Drama|Film-Noir|Thriller,2011,3.8125,8
7696,"Separation, A",Drama,2011,4.33333333333333,3
7697,"Dangerous Method, A",Drama|Thriller,2011,3,2
7698,"Warrior",Drama,2011,3.72727272727273,11
7699,"Ides of March, The",Drama,2011,3.22222222222222,9
7700,"Kill List",Horror|Mystery|Thriller,2011,4.5,1
7701,"Killer Elite",Action|Thriller,2011,2.83333333333333,3
7702,"Bellflower",Action|Drama|Romance,2011,3.5,1
7703,"50/50",Comedy|Drama,2011,3.63157894736842,19
7704,"Generation P",Comedy|Drama|Sci-Fi,2011,3.5,1
7705,"The Artist",Comedy|Drama|Romance,2011,4.04545454545455,11
7706,"Gigi",Comedy,1949,3.75,2
7707,"BlinkyTM",Horror|Sci-Fi,2011,3,1
7708,"Take Shelter",Drama,2011,3.75,2
7709,"Three Outlaw Samurai",Action|Drama,1964,3.5,1
7710,"Antonio Gaudí",Documentary,1985,4,1
7711,"Real Steel",Action|Drama|Sci-Fi|IMAX,2011,3,6
7712,"Footloose",Comedy|Drama|Musical,2011,2.75,2
7713,"Thing, The",Horror|Mystery|Sci-Fi|Thriller,2011,3.5,4
7714,"Beautiful Boy",Drama,2010,4,1
7715,"Tyrannosaur",Drama,2011,3.5,1
7716,"Martha Marcy May Marlene",Drama|Thriller,2011,3.75,2
7717,"We Need to Talk About Kevin",Drama|Thriller,2011,3.5,4
7718,"Behind Enemy Lines II: Axis of Evil",Action|Thriller|War,2006,2,1
7719,"Three Musketeers, The",Action|Adventure,2011,3.16666666666667,3
7720,"In Time",Crime|Sci-Fi|Thriller,2011,3.39285714285714,14
7721,"Margaret",Drama,2011,3,1
7722,"Carnage",Comedy|Drama,2011,4,4
7723,"Margin Call",Drama|Thriller,2011,3.78571428571429,7
7724,"Paranormal Activity 3",Horror,2011,3.5,2
7725,"Puncture",Drama,2011,3,2
7726,"Johnny English Reborn",Adventure|Comedy|Thriller,2011,3,6
7727,"Abduction",Action|Drama|Mystery|Thriller,2011,3.5,1
7728,"This Must Be the Place",Crime|Drama|Thriller,2011,3.5,1
7729,"Shame",Drama,2011,3.75,4
7730,"What's Your Number?",Comedy|Romance,2011,4.5,1
7731,"Headhunters",Action|Crime|Thriller,2011,3.6,5
7732,"Batman: Year One",Action|Animation|Crime,2011,3.66666666666667,3
7733,"Miss Representation",Documentary,2011,3.5,1
7734,"Puss in Boots",Adventure|Animation|Comedy|Fantasy|IMAX,2011,3.5625,8
7735,"Tower Heist",Action|Comedy|Crime,2011,3.5,4
7736,"J. Edgar",Drama,2011,2.5,1
7737,"Double, The",Action|Crime|Drama|Mystery|Thriller,2011,1.5,1
7738,"Adventures of Tintin, The",Action|Animation|Mystery|IMAX,2011,3.5,12
7739,"Starsuckers",Documentary,2009,4,1
7740,"Tomboy",Drama,2011,3,1
7741,"George Harrison: Living in the Material World",Documentary,2011,4,1
7742,"Hugo",Children|Drama|Mystery,2011,3.75,18
7743,"Immortals",Action|Drama|Fantasy,2011,2.66666666666667,3
7744,"Jack and Jill",Comedy,2011,2.3,5
7745,"Into the Abyss",Documentary,2011,5,1
7746,"Sign of Four, The",Adventure|Crime|Drama,1987,3,1
7747,"Descendants, The",Comedy|Drama,2011,4,11
7748,"Like Crazy",Drama|Romance,2011,2.5,2
7749,"Muppets, The",Children|Comedy|Musical,2011,2.6,10
7750,"Twilight Saga: Breaking Dawn - Part 1, The",Adventure|Drama|Fantasy|Romance,2011,2.21428571428571,7
7751,"War Horse",Drama|War,2011,3,3
7752,"Rum Diary, The",Comedy|Drama|Thriller,2011,3.58333333333333,6
7753,"Lifted",Animation|Comedy|Sci-Fi,2006,4,1
7754,"Hipsters",Drama|Musical|Romance,2008,3.5,1
7755,"Another Cinderella Story",Children|Comedy|Musical|Romance,2008,2.5,1
7756,"Bunraku",Action|Drama|Fantasy,2010,1.5,1
7757,"Sitter, The",Comedy,2011,2.9,5
7758,"Extremely Loud and Incredibly Close",Drama,2011,2.75,2
7759,"Play the Game",Comedy|Romance,2009,4,1
7760,"Asterix in America",Adventure|Animation|Children|Comedy,1994,3.75,2
7761,"Asterix and the Vikings",Adventure|Animation|Children|Comedy|Fantasy,2006,5,1
7762,"Happy Feet Two",Animation|Children|Comedy|IMAX,2011,5,1
7763,"Arthur Christmas",Animation|Children|Comedy|Drama,2011,0.5,1
7764,"Violet & Daisy",Action|Drama,2011,3,2
7765,"Bullet to the Head",Action|Crime|Film-Noir,2012,1.5,1
7766,"Expendables 2, The",Action|Adventure,2012,3.5,10
7767,"Snowman, The",Animation|Children|Musical,1982,3.75,2
7768,"The Hunger Games",Action|Adventure|Drama|Sci-Fi|Thriller,2012,3.43518518518519,54
7769,"Dark Knight Rises, The",Action|Adventure|Crime|IMAX,2012,3.99342105263158,76
7770,"Bourne Legacy, The",Action|Adventure|Drama|Thriller|IMAX,2012,3.13888888888889,18
7771,"Sherlock Holmes: A Game of Shadows",Action|Adventure|Comedy|Crime|Mystery|Thriller,2011,3.76315789473684,38
7772,"Coriolanus",Drama|Thriller,2011,2.5,1
7773,"Young Adult",Comedy|Drama,2011,2.25,2
7774,"New Year's Eve",Comedy|Romance,2011,2,3
7775,"Mission: Impossible - Ghost Protocol",Action|Adventure|Thriller|IMAX,2011,3.65909090909091,22
7776,"We Bought a Zoo",Comedy|Drama,2011,3.3,5
7777,"Girl with the Dragon Tattoo, The",Drama|Thriller,2011,3.48809523809524,42
7778,"Darkest Hour, The",Action|Horror|Sci-Fi|Thriller,2011,2.5,2
7779,"Last Holiday",Comedy|Drama|Romance,1950,4,1
7780,"Alvin and the Chipmunks: Chipwrecked",Animation|Comedy,2011,1,2
7781,"Salvation Boulevard",Comedy|Thriller,2011,1.5,1
7782,"Friends with Kids",Comedy,2011,3.66666666666667,3
7783,"Girl Walks Into a Bar",Comedy|Drama|Fantasy,2011,4.5,1
7784,"Contraband",Action|Crime|Drama|Thriller,2012,3,2
7785,"Way South, The",Documentary,1981,4,1
7786,"Being Elmo: A Puppeteer's Journey",Documentary,2011,3.5,1
7787,"Joyful Noise",Comedy|Musical,2012,1.5,1
7788,"Iron Lady, The",Drama,2011,3,1
7789,"Albatross",Drama,2011,2.5,1
7790,"Revenant, The",Comedy|Horror,2009,4.5,1
7791,"Underworld: Awakening",Action|Fantasy|Horror|IMAX,2012,3.8,5
7792,"Grey, The",Action|Drama,2012,2.91666666666667,6
7793,"Man on a Ledge",Crime|Thriller,2012,3.16666666666667,3
7794,"Sacrifice",Drama,2010,2.5,1
7795,"Haywire",Action|Thriller,2011,2.83333333333333,3
7796,"Contact High",Comedy,2009,3,1
7797,"Whistleblower, The",Drama|Thriller,2010,3.25,2
7798,"Einstein and Eddington",Drama,2008,3.5,1
7799,"Apollo 18",Horror|Sci-Fi|Thriller,2011,2,1
7800,"Seeking Justice",Action|Drama|Thriller,2011,2,1
7801,"Red Tails",Action|Adventure|Drama|War,2012,1.5,1
7802,"Flowers of War, The",Drama|War,2011,4.5,1
7803,"Intouchables",Comedy|Drama,2011,4.10810810810811,37
7804,"One for the Money",Action|Comedy|Crime,2012,2,2
7805,"Innkeepers, The",Horror|Thriller,2011,2.75,2
7806,"Puss in Boots",Adventure|Animation|Children|Comedy|Fantasy|Romance,1969,4,1
7807,"Grave Encounters",Horror,2011,3.16666666666667,3
7808,"Chronicle",Action|Sci-Fi|Thriller,2012,3.375,8
7809,"Woman in Black, The",Drama|Horror|Thriller,2012,3.75,2
7810,"Woman in Love",Comedy,2011,1,1
7811,"Art of Getting By, The",Drama|Romance,2011,3,2
7812,"All Watched Over by Machines of Loving Grace",Documentary,2011,4.25,2
7813,"Dylan Moran: Monster",Comedy|Documentary,2004,5,1
7814,"Safe House",Action|Crime|Mystery|Thriller,2012,3.375,4
7815,"Vow, The",Drama|Romance,2012,2.66666666666667,3
7816,"Louis C.K.: Live at the Beacon Theater",Comedy,2011,4.3,10
7817,"Pitfall",Crime|Drama|Fantasy,1962,3.5,1
7818,"Monsieur Lazhar",Children|Comedy|Drama,2011,4.5,2
7819,"For a Good Time, Call...",Comedy|Drama|Romance,2012,2.5,1
7820,"Janie Jones",Drama|Musical,2010,2.5,1
7821,"Journey 2: The Mysterious Island",Action|Adventure|Comedy|Sci-Fi|IMAX,2012,0.5,1
7822,"Perfect Sense",Drama|Romance|Sci-Fi,2011,4.25,2
7823,"Rollo and the Woods Sprite",Children|Fantasy,2001,2,1
7824,"Atomic Brain, The",Horror|Sci-Fi,1963,3.5,1
7825,"Ghost Rider: Spirit of Vengeance",Action|Fantasy|Thriller,2012,1.6,5
7826,"Prayers for Bobby",Drama,2009,3.5,1
7827,"Very Potter Musical, A",Comedy|Musical,2009,4.25,2
7828,"Very Potter Sequel, A",Comedy|Musical,2010,5,1
7829,"Miss Nobody",Comedy|Crime,2010,5,1
7830,"Civil War, The",Documentary|War,1990,4,1
7831,"Ro.Go.Pa.G.",Comedy|Drama,1963,3,1
7832,"Women on the 6th Floor, The",Comedy,2010,3.5,1
7833,"Mega Shark vs. Crocosaurus",Action|Adventure|Horror,2010,1.5,1
7834,"Red Hill",Crime|Thriller|Western,2010,3,1
7835,"Mickey's The Prince and the Pauper",Animation|Children,1990,2,1
7836,"Gone",Drama|Thriller,2012,1.5,1
7837,"Project X",Comedy,2012,2.0625,8
7838,"Dr. Seuss' The Lorax",Animation|Fantasy|Musical|IMAX,2012,3.1,5
7839,"Big Year, The",Comedy,2011,3.75,4
7840,"Act of Valor",Action|Thriller|War,2012,3.75,2
7841,"Trailer Park Boys",Comedy|Crime,1999,5,1
7842,"This Means War",Action|Comedy|Romance,2012,2.63636363636364,11
7843,"John Carter",Action|Adventure|Sci-Fi|IMAX,2012,3.09090909090909,11
7844,"Goon",Comedy|Drama,2011,3.25,4
7845,"Ledge, The",Drama|Thriller,2011,2.5,1
7846,"21 Jump Street",Action|Comedy|Crime,2012,3.86538461538462,26
7847,"Jeff, Who Lives at Home",Comedy|Drama,2012,4,1
7848,"Lockout",Action|Sci-Fi|Thriller,2012,3.16666666666667,3
7849,"Snowtown",Crime|Drama|Thriller,2011,2.5,1
7850,"Space Battleship Yamato",Action|Adventure|Drama,2010,3,1
7851,"Jiro Dreams of Sushi",Documentary,2011,4.1,5
7852,"Damsels in Distress",Comedy|Romance,2011,2.25,2
7853,"Salmon Fishing in the Yemen",Comedy|Drama|Romance,2011,1.5,1
7854,"Wrath of the Titans",Action|Adventure|Fantasy|IMAX,2012,2.625,4
7855,"Detachment",Drama,2011,4,1
7856,"Iron Sky",Action|Comedy|Sci-Fi,2012,3.75,2
7857,"Absentia",Horror,2011,3.5,1
7858,"American Reunion",Comedy,2012,2.625,4
7859,"The Raid: Redemption",Action|Crime,2011,4.33333333333333,9
7860,"Cabin in the Woods, The",Comedy|Horror|Sci-Fi|Thriller,2012,4.02272727272727,22
7861,"God Bless America",Comedy|Drama,2011,4.5,1
7862,"Three Stooges, The",Comedy,2012,1.25,2
7863,"Raven, The",Mystery|Thriller,2012,2,1
7864,"North & South",Drama|Romance,2004,4.5,1
7865,"Big Bang, The",Action|Thriller,2011,1.5,1
7866,"Mirror Mirror",Adventure|Comedy|Fantasy,2012,3,4
7867,"Battleship",Action|Sci-Fi|Thriller|IMAX,2012,2.33333333333333,3
7868,"Best Exotic Marigold Hotel, The",Comedy|Drama,2011,3.875,4
7869,"Comic-Con Episode IV: A Fan's Hope",Documentary,2011,2,1
7870,"Bully",Documentary,2011,3.5,2
7871,"Hysteria",Comedy|Romance,2011,4,2
7872,"Dante's Inferno: An Animated Epic",Action|Animation|Fantasy,2010,3,1
7873,"Atomic Submarine, The",Sci-Fi|Thriller,1959,3,1
7874,"Five-Year Engagement, The",Comedy|Romance,2012,2.5,4
7875,"Think Like a Man",Comedy,2012,2.5,2
7876,"Lucky One, The",Drama,2012,4,1
7877,"Safe",Action|Crime|Thriller,2012,3.5,2
7878,"Dark Shadows",Comedy|Horror|IMAX,2012,2.5,6
7879,"96 Minutes",Drama|Thriller,2011,2.5,1
7880,"Decoy Bride, The",Comedy|Romance,2011,3.66666666666667,3
7881,"Rocket Singh: Salesman of the Year",Comedy|Drama,2009,4,1
7882,"Dictator, The",Comedy,2012,3.55882352941176,17
7883,"Walking with Monsters",Documentary,2005,4,1
7884,"Men in Black III",Action|Comedy|Sci-Fi|IMAX,2012,3.27777777777778,18
7885,"Snow White and the Huntsman",Action|Adventure|Drama,2012,2.83333333333333,6
7886,"Sound of My Voice",Drama|Mystery|Sci-Fi,2011,3.5,1
7887,"Eva",Drama|Fantasy|Sci-Fi,2011,5,1
7888,"Pirates! Band of Misfits, The",Adventure|Animation|Children|Comedy,2012,3.33333333333333,3
7889,"Prometheus",Action|Horror|Sci-Fi|IMAX,2012,3.2962962962963,27
7890,"Pact, The",Horror|Mystery|Thriller,2012,3.5,1
7891,"Bernie",Comedy|Crime|Drama,2011,3.5,2
7892,"Inhale",Drama|Thriller,2010,2.5,1
7893,"Take This Waltz",Drama|Romance,2011,3.5,1
7894,"Wanderlust",Comedy,2012,3,5
7895,"Moonrise Kingdom",Comedy|Drama|Romance,2012,3.77586206896552,29
7896,"Get the Gringo",Action|Crime|Drama|Thriller,2012,3.83333333333333,3
7897,"Superman/Doomsday",Action|Animation,2007,4,1
7898,"Thousand Words, A",Comedy|Drama,2012,2.83333333333333,3
7899,"Safety Not Guaranteed",Comedy|Drama,2012,3.75,6
7900,"Madagascar 3: Europe's Most Wanted",Adventure|Animation|Children|Comedy|IMAX,2012,3.38888888888889,9
7901,"Your Sister's Sister",Comedy|Drama,2011,4,1
7902,"Dragon Ball: The Curse Of The Blood Rubies",Action|Adventure|Animation|Children,1986,3.5,1
7903,"Dragon Ball: Sleeping Princess in Devil's Castle",Action|Adventure|Animation|Children,1987,3.25,2
7904,"Superman/Batman: Public Enemies",Action|Animation|Fantasy,2009,5,1
7905,"Dragon Ball: Mystical Adventure",Action|Adventure|Animation|Children,1988,3.5,1
7906,"Dragon Ball Z the Movie: The World's Strongest",Action|Adventure|Animation|Sci-Fi|Thriller,1990,4,1
7907,"Brave",Action|Adventure|Animation|Children,2012,3.46666666666667,30
7908,"Beauty and the Beast: The Enchanted Christmas",Animation|Children|Fantasy|Musical,1997,4,1
7909,"Front of the Class",Drama,2008,5,1
7910,"Dragon Ball Z the Movie: The Tree of Might",Action|Adventure|Animation|Sci-Fi,1990,3,2
7911,"Pocahontas II: Journey to a New World",Adventure|Animation|Children,1998,2,1
7912,"What to Expect When You're Expecting",Comedy|Drama|Romance,2012,3,1
7913,"To Rome with Love",Comedy,2012,3,1
7914,"Abraham Lincoln: Vampire Hunter",Action|Fantasy|Horror|Thriller,2012,2.75,6
7915,"First Position",Documentary,2011,3.5,1
7916,"Rock of Ages",Comedy|Drama|Musical|IMAX,2012,2.75,4
7917,"Seeking a Friend for the End of the World",Comedy|Drama|Romance,2012,4.16666666666667,3
7918,"Presto",Animation|Children|Comedy|Fantasy,2008,5,1
7919,"Jack-Jack Attack",Adventure|Animation|Children|Comedy,2005,4.5,1
7920,"One Man Band",Animation|Comedy|Musical,2005,3.83333333333333,3
7921,"Ted",Comedy|Fantasy,2012,3.28571428571429,21
7922,"Magic Mike",Drama|Romance,2012,2.7,5
7923,"Dragon Ball Z: The Return of Cooler",Action|Adventure|Animation,1992,4,1
7924,"Dragon Ball Z: Cooler's Revenge",Action|Adventure|Animation,1991,4,2
7925,"Dragon Ball Z: Super Android 13!",Action|Adventure|Animation,1992,3.75,2
7926,"Dragon Ball Z: Broly - The Legendary Super Saiyan",Action|Adventure|Animation,1993,4,1
7927,"Cleanskin",Crime|Drama|Thriller,2012,3.5,1
7928,"Amazing Spider-Man, The",Action|Adventure|Sci-Fi|IMAX,2012,3.25,30
7929,"Dragon Ball Z: Bojack Unbound",Action|Adventure|Animation|Fantasy,1993,4,1
7930,"Ice Age 4: Continental Drift",Adventure|Animation|Comedy,2012,2.91666666666667,6
7931,"Beasts of the Southern Wild",Drama|Fantasy,2012,3.35714285714286,7
7932,"Savages",Crime|Drama|Thriller,2012,2.75,2
7933,"Firm, The",Drama,2009,3,1
7934,"Spirit Camp",Horror,2009,4.5,1
7935,"Geri's Game",Animation|Children,1997,4.16666666666667,3
7936,"Some Guy Who Kills People",Comedy|Thriller,2011,4.5,1
7937,"Treasure Island",Adventure,2012,2,1
7938,"Watch, The",Comedy|Sci-Fi,2012,3,9
7939,"Adventures of Mary-Kate and Ashley, The: The Case of the Christmas Caper",Children|Musical|Mystery,1995,3,1
7940,"2 Days in New York",Comedy,2012,2.5,1
7941,"Killer Joe",Crime|Thriller,2011,4.5,1
7942,"Dragon Ball Z: Broly Second Coming",Action|Adventure|Animation,1994,4,1
7943,"Dragon Ball Z: Bio-Broly",Action|Adventure|Animation,1994,4,1
7944,"Anaconda: The Offspring",Action|Horror|Sci-Fi|Thriller,2008,0.5,1
7945,"Christmas Carol, A",Drama|Fantasy,1999,3,1
7946,"Goodbye Charlie",Comedy|Fantasy|Romance,1964,5,1
7947,"For the Birds",Animation|Children|Comedy,2000,3.9,5
7948,"Ruby Sparks",Comedy|Fantasy|Romance,2012,3.5,4
7949,"Total Recall",Action|Sci-Fi|Thriller,2012,3.1875,8
7950,"Angels' Share, The",Comedy|Drama,2012,4,1
7951,"Immature, The",Comedy,2011,3.5,1
7952,"Dragon Ball Z: Bardock - The Father of Goku",Action|Adventure|Animation,1990,4,1
7953,"Dragon Ball Z: The History of Trunks",Action|Adventure|Animation,1993,3.25,2
7954,"Dragon Ball GT: A Hero's Legacy",Action|Adventure|Animation,1997,2,1
7955,"Sidewalls",Drama,2011,3.66666666666667,3
7956,"Skyfall",Action|Adventure|Thriller|IMAX,2012,3.81,50
7957,"Hands Over the City",Drama,1963,4.5,1
7958,"Campaign, The",Comedy,2012,3.44444444444444,9
7959,"Brake",Crime|Thriller,2012,2,1
7960,"Hope Springs",Comedy|Drama,2012,1,1
7961,"Queen of Versailles, The",Documentary,2012,2,1
7962,"ParaNorman",Adventure|Animation|Comedy,2012,3.5,2
7963,"Diary of a Wimpy Kid: Dog Days",Children|Comedy,2012,3,1
7964,"Broken",Drama,2012,4.5,1
7965,"6 Days to Air: The Making of South Park",Documentary,2011,4,1
7966,"Premium Rush",Action|Thriller,2012,3.2,5
7967,"Odd Life of Timothy Green, The",Comedy|Drama|Fantasy,2012,5,1
7968,"Lawless",Crime|Drama,2012,3.625,4
7969,"Piranha 3DD",Comedy|Horror,2012,2.16666666666667,3
7970,"Prime Suspect 3",Crime|Drama|Mystery,1993,3,1
7971,"Searching for Sugar Man",Documentary,2012,4.25,4
7972,"Prime Suspect 6: The Last Witness",Drama|Thriller,2003,3,1
7973,"Prime Suspect: The Lost Child",Drama|Mystery,1995,2,1
7974,"Conception",Comedy|Romance,2011,2.5,1
7975,"Paradise Lost 3: Purgatory",Documentary,2011,4,1
7976,"Words, The",Drama|Romance,2012,4,1
7977,"Pitch Perfect",Comedy|Musical,2012,3.625,20
7978,"Samsara",Documentary,2011,3.83333333333333,3
7979,"Runaway Brain",Animation|Comedy|Sci-Fi,1995,5,1
7980,"Looper",Action|Crime|Sci-Fi,2012,3.640625,32
7981,"That's My Boy",Comedy,2012,2.5,3
7982,"Robot & Frank",Comedy|Drama|Sci-Fi,2012,3,3
7983,"Resident Evil: Retribution",Action|Horror|Sci-Fi|IMAX,2012,3.75,2
7984,"Lola Versus",Comedy|Romance,2012,1.5,1
7985,"Master, The",Drama,2012,3.91666666666667,6
7986,"Dredd",Action|Sci-Fi,2012,3.71428571428571,14
7987,"End of Watch",Crime|Drama|Thriller,2012,3.91666666666667,6
7988,"V/H/S",Horror|Thriller,2012,2.75,2
7989,"Perks of Being a Wallflower, The",Drama|Romance,2012,3.825,20
7990,"Hunt, The",Drama,2012,4.3,10
7991,"Holy Motors",Drama|Fantasy|Musical|Mystery|Sci-Fi,2012,5,1
7992,"Taken 2",Action|Crime|Drama|Thriller,2012,3.28571428571429,7
7993,"House at the End of the Street",Horror|Thriller,2012,4,1
7994,"My Left Eye Sees Ghosts",Comedy|Fantasy|Romance,2002,5,1
7995,"Love Lasts Three Years",Comedy|Drama|Romance,2011,3.5,1
7996,"Tall Man, The",Crime|Drama|Mystery,2012,1.5,1
7997,"LOL",Comedy|Drama|Romance,2012,3.5,1
7998,"Rust and Bone",Drama|Romance,2012,0.5,1
7999,"Marley",Documentary,2012,3.5,2
8000,"Frankenweenie",Animation|Comedy|Horror|IMAX,2012,2.5,2
8001,"Sinister",Horror|Thriller,2012,4,1
8002,"Thing: Terror Takes Shape, The",Documentary,1998,1,1
8003,"Hotel Transylvania",Animation|Children|Comedy,2012,3.40909090909091,11
8004,"Side by Side",Documentary,2012,3,1
8005,"Take Aim at the Police Van",Action|Crime|Mystery,1960,3.5,1
8006,"Argo",Drama|Thriller,2012,3.98214285714286,28
8007,"Seven Psychopaths",Comedy|Crime,2012,3.46666666666667,15
8008,"Liberal Arts",Comedy|Drama,2012,3,1
8009,"Catch .44",Action|Drama|Thriller,2011,1.25,2
8010,"[REC]³ 3 Génesis",Horror|Thriller,2012,3,2
8011,"Asterix & Obelix: God Save Britannia",Adventure|Comedy,2012,2.5,1
8012,"Paranormal Activity 4",Horror|IMAX,2012,3,1
8013,"Alex Cross",Action|Crime|Mystery|Thriller,2012,1.5,1
8014,"Cloud Atlas",Drama|Sci-Fi|IMAX,2012,3.73684210526316,19
8015,"'Hellboy': The Seeds of Creation",Action|Adventure|Comedy|Documentary|Fantasy,2004,4,1
8016,"Silent Hill: Revelation 3D",Horror|Mystery|Thriller,2012,3,1
8017,"Here Comes the Boom",Action|Comedy,2012,2.57142857142857,7
8018,"Mental",Comedy|Drama,2012,2,1
8019,"Killing Them Softly",Crime|Drama|Thriller,2012,3.125,4
8020,"Imposter, The",Documentary,2012,4.75,2
8021,"Sessions, The",Drama,2012,4,1
8022,"Smashed",Comedy|Drama,2012,4,1
8023,"Wreck-It Ralph",Animation|Comedy,2012,3.75,22
8024,"Silver Linings Playbook",Comedy|Drama,2012,3.71666666666667,30
8025,"Flight",Drama,2012,3.5,9
8026,"Anna Karenina",Drama,2012,3,1
8027,"Life of Pi",Adventure|Drama|IMAX,2012,3.62903225806452,31
8028,"Man with the Iron Fists, The",Action|Adventure|Crime,2012,2.5,1
8029,"Bay, The",Horror|Sci-Fi|Thriller,2012,2.5,1
8030,"Himizu",Children|Crime|Drama,2011,3.5,1
8031,"Jackass 3.5",Comedy|Documentary,2011,4,2
8032,"Indie Game: The Movie",Documentary,2012,3,2
8033,"Batman: The Dark Knight Returns, Part 1",Action|Animation|Sci-Fi,2012,3.92857142857143,7
8034,"Lincoln",Drama|War,2012,4.5,4
8035,"Nature Calls",Comedy,2012,1.5,1
8036,"Vamps",Comedy|Horror|Romance,2012,1.5,1
8037,"Twilight Saga: Breaking Dawn - Part 2, The",Adventure|Drama|Fantasy|Romance|IMAX,2012,1.875,4
8038,"10 Years",Comedy|Drama|Romance,2011,3.5,1
8039,"Red Dawn",Action|War,2012,2.25,2
8040,"Rise of the Guardians",Adventure|Animation|Children|Fantasy|IMAX,2012,3.79166666666667,12
8041,"Fantastic Fear of Everything, A",Comedy,2012,4,2
8042,"Deadfall",Crime|Drama|Thriller,2012,1.5,1
8043,"Byzantium",Drama|Fantasy|Thriller,2012,4,1
8044,"Paperman",Animation|Comedy|Romance,2012,4.375,8
8045,"Fearless Hyena, The",Action|Comedy,1979,3,2
8046,"Half a Loaf of Kung Fu",Action|Comedy,1980,3,1
8047,"Hitchcock",Drama,2012,3.5,5
8048,"From Up on Poppy Hill",Animation|Drama|Romance,2011,4.5,1
8049,"Redline",Action|Animation|Sci-Fi,2009,4.5,1
8050,"Winners and Sinners",Action|Comedy|Crime,1983,3,2
8051,"My Lucky Stars",Action|Comedy,1985,3.5,1
8052,"Money Money Money",Adventure|Comedy,1972,2.5,1
8053,"Liar's Autobiography: The Untrue Story of Monty Python's Graham Chapman, A",Animation|Comedy,2012,2.5,1
8054,"Hobbit: An Unexpected Journey, The",Adventure|Fantasy|IMAX,2012,3.8125,40
8055,"Hyde Park on Hudson",Comedy|Drama,2012,2,1
8056,"How to Make Love to a Woman",Comedy|Romance,2010,1.5,1
8057,"Zero Dark Thirty",Action|Drama|Thriller,2012,4.10714285714286,14
8058,"Fire with Fire",Action|Crime|Drama,2012,1.5,1
8059,"Warm Bodies",Comedy|Horror|Romance,2013,3.5,14
8060,"Wrong",Comedy|Drama,2012,4,1
8061,"Playing for Keeps",Comedy|Romance,2012,3,1
8062,"Guilt Trip, The",Comedy,2012,2.5,3
8063,"Jack Reacher",Action|Crime|Thriller,2012,3.41666666666667,12
8064,"Django Unchained",Action|Drama|Western,2012,3.94366197183099,71
8065,"This Is 40",Drama,2012,3.125,8
8066,"I Bought a Vampire Motorcycle",Comedy|Horror,1990,3.5,1
8067,"Ice Cream Man",Comedy|Horror,1995,3.5,1
8068,"Impossible, The",Drama|Thriller,2012,3.66666666666667,3
8069,"Misérables, Les",Drama|Musical|Romance|IMAX,2012,3.5,7
8070,"Campfire Tales",Horror,1997,4,1
8071,"Parental Guidance",Comedy,2012,2,1
8072,"John Dies at the End",Comedy|Fantasy|Horror,2012,4,2
8073,"Misérables, Les",Drama|Romance,2000,2.25,2
8074,"Promised Land",Drama,2012,3,1
8075,"English Vinglish",Comedy|Drama,2012,5,1
8076,"Fish Story",Comedy,2009,3,1
8077,"Texas Chainsaw 3D",Horror|Mystery|Thriller,2013,1.5,1
8078,"Gangster Squad",Action|Crime|Drama,2013,3.33333333333333,3
8079,"Iceman, The",Crime|Drama|Thriller,2012,3.5,1
8080,"It's Such a Beautiful Day",Animation|Comedy|Drama|Fantasy|Sci-Fi,2012,4.25,2
8081,"Batman: The Dark Knight Returns, Part 2",Action|Animation,2013,3.875,8
8082,"Everything or Nothing: The Untold Story of 007",Documentary,2012,3,1
8083,"Codependent Lesbian Space Alien Seeks Same",Comedy|Romance|Sci-Fi,2011,4,1
8084,"Last Stand, The",Action|Crime|Thriller,2013,3.25,2
8085,"Upstream Color",Romance|Sci-Fi|Thriller,2013,3.16666666666667,3
8086,"Shadow Dancer",Crime|Drama|Thriller,2012,3,1
8087,"Human Planet",Documentary,2011,4,1
8088,"Comme un chef",Comedy,2012,3.5,1
8089,"Movie 43",Comedy,2013,3.5,3
8090,"Pervert's Guide to Ideology, The",Documentary,2012,3.5,1
8091,"Sightseers",Comedy,2012,4.5,1
8092,"Hansel & Gretel: Witch Hunters",Action|Fantasy|Horror|IMAX,2013,2.9,5
8093,"Jim Jefferies: Fully Functional",Comedy,2012,4.5,1
8094,"Why Stop Now",Comedy|Drama,2012,1.5,1
8095,"Tabu",Drama|Romance,2012,4,1
8096,"Upside Down",Drama|Romance|Sci-Fi,2012,3,1
8097,"Liability, The",Action|Thriller,2012,3,1
8098,"Angst",Drama|Horror,1983,3.5,1
8099,"Stand Up Guys",Comedy|Crime,2012,2.5,1
8100,"Side Effects",Crime|Drama|Mystery|Thriller,2013,3.91666666666667,6
8101,"Identity Thief",Comedy|Crime,2013,2.875,4
8102,"ABCs of Death, The",Horror,2012,3.5,1
8103,"Beautiful Creatures",Drama|Fantasy|Romance,2013,2,1
8104,"Good Day to Die Hard, A",Action|Crime|Thriller|IMAX,2013,2.08333333333333,6
8105,"21 and Over",Comedy,2013,3.625,4
8106,"Safe Haven",Drama|Mystery|Romance,2013,4,1
8107,"Frozen Planet",Documentary,2011,4.5,2
8108,"Act of Killing, The",Documentary,2012,5,1
8109,"Universal Soldier: Day of Reckoning",Action|Sci-Fi|Thriller,2012,4,1
8110,"Escape from Planet Earth",Adventure|Animation|Comedy|Sci-Fi,2013,4,2
8111,"Before Midnight",Drama|Romance,2013,3.5,3
8112,"Snitch",Action|Drama|Thriller,2013,3.5,1
8113,"Dark Skies",Horror|Sci-Fi|Thriller,2013,3,2
8114,"Oh Boy",Comedy|Drama,2012,3.5,1
8115,"Journey to the West: Conquering the Demons",Adventure|Comedy|Fantasy|Romance|IMAX,2013,4.75,2
8116,"Maniac Cop 2",Action|Horror|Thriller,1990,5,1
8117,"Jack the Giant Slayer",Adventure|Fantasy|IMAX,2013,2.2,5
8118,"Wadjda",Drama,2012,2.5,1
8119,"Unintentional Kidnapping of Mrs. Elfriede Ott, The",Comedy,2010,2.5,1
8120,"Legend of Sleepy Hollow, The",Animation|Comedy|Horror|Musical,1949,2,1
8121,"G.I. Joe: Retaliation",Action|Adventure|Sci-Fi|Thriller|IMAX,2013,3,3
8122,"Stoker",Drama|Mystery|Thriller,2013,3.75,2
8123,"Oz the Great and Powerful",Action|Adventure|Fantasy|IMAX,2013,3.08333333333333,6
8124,"Croods, The",Adventure|Animation|Comedy,2013,3.77777777777778,9
8125,"Incredible Burt Wonderstone, The",Comedy,2013,2.83333333333333,3
8126,"Call, The",Drama|Thriller,2013,1.5,1
8127,"Olympus Has Fallen",Action|Thriller,2013,2.875,8
8128,"First Time, The",Comedy|Drama|Romance,2012,1.5,2
8129,"Mezzo Forte",Action|Animation|Comedy,1998,3,1
8130,"Place Beyond the Pines, The",Crime|Drama,2012,3.5,5
8131,"Brass Teapot, The",Comedy|Fantasy|Thriller,2012,2,1
8132,"Phil Spector",Drama,2013,2,1
8133,"Host, The",Action|Adventure|Romance,2013,2.5,4
8134,"Admission",Comedy|Romance,2013,3,4
8135,"Evil Dead",Horror,2013,3.25,2
8136,"Trance",Crime|Thriller,2013,3.75,2
8137,"Perfect Plan, A",Adventure|Comedy|Romance,2012,4.25,2
8138,"Oblivion",Action|Adventure|Sci-Fi|IMAX,2013,3.3,20
8139,"Dark Tide",Adventure|Drama|Thriller,2012,1.5,1
8140,"42",Drama,2013,4,1
8141,"Wolf Children",Animation|Fantasy,2012,4,4
8142,"Disconnect",Drama|Thriller,2012,1.5,1
8143,"Invincible Iron Man, The",Animation,2007,3,1
8144,"Yongary: Monster from the Deep",Children|Horror|Sci-Fi,1967,0.5,1
8145,"Pain & Gain",Action|Comedy|Crime,2013,3.2,5
8146,"Hulk Vs.",Animation,2009,3,1
8147,"Resolution",Horror|Thriller,2012,4,1
8148,"Grabbers",Comedy|Horror|Sci-Fi,2012,3,1
8149,"Justice League: Doom",Action|Animation|Fantasy,2012,5,1
8150,"Grandmaster, The",Action|Drama|IMAX,2013,2,1
8151,"This Is the End",Action|Comedy,2013,3.21428571428571,14
8152,"Iron Man 3",Action|Sci-Fi|Thriller|IMAX,2013,3.5625,32
8153,"English Teacher, The",Comedy|Drama,2013,2,1
8154,"Mud",Adventure|Crime|Drama,2012,4.33333333333333,3
8155,"Bill Hicks: Revelations",Comedy,1993,5,1
8156,"Pawn",Crime|Thriller,2013,2,1
8157,"Shaolin Temple",Action|Adventure|Drama,1976,4.5,1
8158,"Syrup",Comedy|Drama,2013,2.75,2
8159,"Great Gatsby, The",Drama,2013,3.375,20
8160,"Star Trek Into Darkness",Action|Adventure|Sci-Fi|IMAX,2013,3.68518518518519,27
8161,"Internship, The",Comedy,2013,3.55,10
8162,"Darkon",Documentary|Fantasy,2006,3,1
8163,"Mimino",Comedy,1977,4,1
8164,"Ivan Vasilievich: Back to the Future",Adventure|Comedy,1973,4.5,1
8165,"Only God Forgives",Drama|Thriller,2013,3.75,2
8166,"Hangover Part III, The",Comedy,2013,3.375,8
8167,"Fast & Furious 6",Action|Crime|Thriller|IMAX,2013,3.35714285714286,7
8168,"Epic",Adventure|Animation|Fantasy,2013,3,2
8169,"Captain America",Action|Drama,1979,0.5,1
8170,"Tie Xi Qu: West of the Tracks",Documentary,2003,4,1
8171,"Rink, The",Comedy,1916,3.5,1
8172,"Captain America II: Death Too Soon",Action|Crime,1979,0.5,1
8173,"Down Terrace",Comedy|Crime|Drama,2009,4,1
8174,"Frances Ha",Comedy|Drama,2012,2.5,1
8175,"Lords of Salem, The",Horror|Thriller,2012,2.5,1
8176,"Behind the Candelabra",Drama,2013,3,1
8177,"As I Was Moving Ahead Occasionally I Saw Brief Glimpses of Beauty",Documentary,2000,3.5,1
8178,"With Great Power: The Stan Lee Story",Documentary,2012,3,1
8179,"After Earth",Action|Adventure|Sci-Fi|IMAX,2013,1,2
8180,"Now You See Me",Crime|Mystery|Thriller,2013,3.40909090909091,22
8181,"Inhuman Resources",Horror|Thriller,2012,4.5,1
8182,"Way, Way Back, The",Comedy|Drama,2013,3.125,4
8183,"Much Ado About Nothing",Comedy|Drama|Romance,2012,3,1
8184,"Man of Steel",Action|Adventure|Fantasy|Sci-Fi|IMAX,2013,3.29545454545455,22
8185,"Kings of Summer, The",Comedy,2013,3.5,2
8186,"Purge, The",Crime|Horror|Thriller,2013,3.25,4
8187,"Rapture-Palooza",Comedy|Fantasy,2013,3,1
8188,"20 Feet from Stardom",Documentary,2013,4.25,2
8189,"Bling Ring, The",Crime|Drama,2013,2,2
8190,"Monsters University",Adventure|Animation|Comedy,2013,3.875,16
8191,"Schlussmacher",Comedy,2013,1,1
8192,"Fullmetal Alchemist: The Sacred Star of Milos",Action|Adventure|Animation,2011,2,1
8193,"Maniac",Horror|Thriller,2012,3.5,1
8194,"Not Suitable for Children",Comedy|Romance,2012,2.5,1
8195,"Pacific Rim",Action|Adventure|Sci-Fi|IMAX,2013,3.60714285714286,14
8196,"LEGO Batman: The Movie - DC Heroes Unite",Action|Adventure|Animation,2013,3,1
8197,"Best Offer, The",Thriller,2013,4,5
8198,"Adam and Eve",Comedy|Drama|Romance,2005,2.5,1
8199,"World War Z",Action|Drama|Horror|IMAX,2013,3.02631578947368,19
8200,"Elysium",Action|Drama|Sci-Fi|IMAX,2013,3.3125,16
8201,"Despicable Me 2",Animation|Children|Comedy|IMAX,2013,3.57894736842105,19
8202,"White House Down",Action|Drama|Thriller|IMAX,2013,2.91666666666667,6
8203,"World's End, The",Action|Comedy|Sci-Fi,2013,3.41666666666667,18
8204,"Redemption",Action|Crime|Thriller,2013,2,1
8205,"Heat, The",Action|Comedy|Crime,2013,3.41666666666667,6
8206,"Lone Ranger, The",Action|Adventure|Western|IMAX,2013,2.78571428571429,7
8207,"Passion",Crime|Drama|Mystery|Thriller,2012,1,1
8208,"V/H/S/2",Horror|Thriller,2013,4.5,1
8209,"Knot, The",Comedy|Romance,2012,1.5,1
8210,"The Spectacular Now",Comedy|Drama|Romance,2013,3.25,2
8211,"Lifeguard, The",Comedy|Drama,2013,3.5,2
8212,"Sharknado",Sci-Fi,2013,1.875,4
8213,"Craig Ferguson: I'm Here To Help",Comedy|Documentary,2013,5,1
8214,"Stuck in Love",Comedy|Drama|Romance,2012,4,1
8215,"Class Act",Comedy,1992,1.5,1
8216,"Fruitvale Station",Drama,2013,4,2
8217,"R.I.P.D.",Action|Comedy|Fantasy,2013,1.83333333333333,3
8218,"Field in England, A",Drama|Fantasy|Thriller|War,2013,4.5,1
8219,"Conjuring, The",Horror|Thriller,2013,4.21428571428571,7
8220,"Turbo",Adventure|Animation|Children|Comedy|Fantasy,2013,2.5,1
8221,"Wolverine, The",Action|Adventure|Fantasy|Sci-Fi,2013,3.375,16
8222,"Drinking Buddies",Comedy|Drama|Romance,2013,2.33333333333333,3
8223,"Red 2",Action|Comedy|Crime|Thriller,2013,3.2,5
8224,"Coffee Town",Comedy,2013,2.25,2
8225,"Revenge for Jolly!",Comedy|Drama,2012,2,1
8226,"2 Guns",Action|Comedy|Crime,2013,4,3
8227,"Blue Jasmine",Drama,2013,3.375,4
8228,"Great Beauty, The",Comedy|Drama,2013,3.5,3
8229,"3 dev adam",Action|Adventure|Sci-Fi,1973,0.5,1
8230,"Louis C.K.: Oh My God",Comedy,2013,4.125,4
8231,"Percy Jackson: Sea of Monsters",Adventure|Children|Fantasy,2013,1.75,2
8232,"Smurfs 2, The",Animation|Children|Comedy,2013,1.875,4
8233,"Alan Partridge: Alpha Papa",Comedy,2013,4,1
8234,"Man of Tai Chi",Action|IMAX,2013,3.25,2
8235,"Batman: Mystery of the Batwoman",Action|Animation|Children|Crime,2003,3,1
8236,"We're the Millers",Comedy|Crime,2013,3.73809523809524,21
8237,"Grown Ups 2",Comedy,2013,3.4,5
8238,"Kick-Ass 2",Action|Comedy|Crime,2013,3.45454545454545,11
8239,"Riddick",Action|Sci-Fi|Thriller|IMAX,2013,3.3,5
8240,"Planes",Adventure|Animation|Comedy,2013,3,2
8241,"Blackfish",Documentary,2013,3,2
8242,"Wind Rises, The",Animation|Drama|Romance,2013,4,3
8243,"Jobs",Drama,2013,2.5,3
8244,"Lee Daniels' The Butler",Drama,2013,1.5,1
8245,"In a World...",Comedy,2013,4,2
8246,"About Time",Drama|Fantasy|Romance,2013,3.93333333333333,15
8247,"Justice League: Crisis on Two Earths",Action|Animation|Sci-Fi,2010,3.25,2
8248,"You're Next",Horror|Thriller,2011,3.75,2
8249,"Maria Bamford: The Special Special Special!",Comedy,2012,0.5,1
8250,"Getaway",Action|Crime,2013,1,1
8251,"Mystery of the Third Planet, The",Adventure|Animation|Sci-Fi,1981,5,1
8252,"Rage of Honor",Action|Crime,1987,2,1
8253,"Gravity",Action|Sci-Fi|IMAX,2013,3.578125,32
8254,"What If",Comedy|Drama|Romance,2013,2.66666666666667,3
8255,"History of Future Folk, The",Adventure|Comedy|Musical|Sci-Fi,2012,4,2
8256,"Prisoners",Drama|Mystery|Thriller,2013,4.15625,16
8257,"Austenland",Comedy|Romance,2013,3.16666666666667,3
8258,"Insidious: Chapter 2",Horror|Thriller,2013,3,2
8259,"Rush",Action|Drama,2013,3.81818181818182,11
8260,"Family, The",Action|Comedy|Crime,2013,3.5,3
8261,"Short Term 12",Drama,2013,3.75,2
8262,"Collision Course",Action|Comedy|Thriller,1989,1.5,1
8263,"To Do List, The",Comedy,2013,2.5,4
8264,"Inescapable",Action|Drama|War,2012,1,1
8265,"Nebraska",Adventure|Drama,2013,4.125,4
8266,"Enough Said",Comedy|Drama|Romance,2013,3,2
8267,"Don Jon",Comedy|Drama|Romance,2013,3.125,8
8268,"Mood Indigo",Drama|Fantasy,2013,3.5,1
8269,"Century of the Self, The",Documentary,2002,3.75,2
8270,"Crystal Fairy & the Magical Cactus and 2012",Adventure|Comedy,2013,3.5,2
8271,"Bad Milo",Comedy|Horror,2013,1,1
8272,"Runner Runner",Crime|Drama|Thriller,2013,2.25,2
8273,"Blue Is the Warmest Color",Drama|Romance,2013,3.25,2
8274,"Cloudy with a Chance of Meatballs 2",Animation|Children|Comedy|Fantasy,2013,2.25,2
8275,"Captain Phillips",Adventure|Drama|Thriller|IMAX,2013,4.04761904761905,21
8276,"All Dogs Christmas Carol, An",Animation|Children|Comedy|Musical,1998,4.5,1
8277,"Machete Kills",Action|Crime|Thriller,2013,4,2
8278,"Filth",Comedy|Crime|Drama,2013,4.5,2
8279,"Escape Plan",Action|Mystery|Thriller,2013,4,4
8280,"Thief of Paris, The",Comedy|Crime|Drama,1967,3,1
8281,"Carrie",Drama|Horror,2013,2.5,2
8282,"UnHung Hero",Documentary,2013,4.5,1
8283,"Counselor, The",Crime|Drama|Thriller,2013,1.5,1
8284,"Escape From Tomorrow",Drama|Fantasy|Horror,2013,3,1
8285,"Double, The",Comedy|Drama|Thriller,2013,4,1
8286,"12 Years a Slave",Drama,2013,3.625,16
8287,"All Is Lost",Action|Adventure|Drama,2013,3.625,4
8288,"Ender's Game",Action|Adventure|Sci-Fi|IMAX,2013,3.4375,16
8289,"Jackass Presents: Bad Grandpa",Comedy,2013,3.25,2
8290,"Thor: The Dark World",Action|Adventure|Fantasy|IMAX,2013,3.30952380952381,21
8291,"Dallas Buyers Club",Drama,2013,3.97058823529412,17
8292,"Selfish Giant, The",Drama,2013,3.5,1
8293,"Last Vegas",Comedy|Drama|Romance,2013,2,2
8294,"Philomena",Comedy|Drama,2013,3.25,2
8295,"Book Thief, The",Children|Drama|War,2013,3,1
8296,"The Hunger Games: Catching Fire",Action|Adventure|Sci-Fi|IMAX,2013,3.63461538461538,26
8297,"Hobbit: The Desolation of Smaug, The",Adventure|Fantasy|IMAX,2013,3.58,25
8298,"47 Ronin",Action|Adventure|Fantasy,2013,2.64285714285714,7
8299,"Delivery Man",Comedy,2013,2.875,4
8300,"Charlie Countryman",Action|Comedy|Romance,2013,1.5,1
8301,"Red Flag",Comedy|Drama|Romance,2012,4.5,1
8302,"Day of the Doctor, The",Adventure|Drama|Sci-Fi,2013,4.57142857142857,7
8303,"Guilty of Romance",Crime|Drama|Horror,2011,3,1
8304,"Frozen",Adventure|Animation|Comedy|Fantasy|Musical|Romance,2013,3.62068965517241,29
8305,"Inside Llewyn Davis",Drama,2013,3.64285714285714,7
8306,"Wolf of Wall Street, The",Comedy|Crime|Drama,2013,3.91666666666667,54
8307,"Homefront",Action|Crime|Thriller,2013,3,1
8308,"Mandela: Long Walk to Freedom",Drama,2013,3.75,2
8309,"Evangelion: 3.0 You Can  Redo",Action|Animation|Drama,2012,2.5,3
8310,"All is Bright",Comedy|Drama,2013,1.5,1
8311,"Tim's Vermeer",Documentary,2013,4,1
8312,"American Hustle",Crime|Drama,2013,3.25,16
8313,"Secret Life of Walter Mitty, The",Adventure|Comedy|Drama,2013,4,20
8314,"Her",Drama|Romance|Sci-Fi,2013,3.92,25
8315,"RoboGeisha",Action|Comedy|Sci-Fi,2009,3,1
8316,"Christmas Carol, A",Drama|Fantasy,1977,0.5,1
8317,"Lone Survivor",Action|Drama|Thriller|War,2013,3,2
8318,"Saving Mr. Banks",Comedy|Drama,2013,3.6875,8
8319,"Zatoichi and the Chest of Gold",Action|Drama,1964,4,1
8320,"Oldboy",Action|Drama|Mystery,2013,3,2
8321,"Dampfnudelblues",Comedy|Crime,2013,2.5,1
8322,"Anchorman 2: The Legend Continues",Comedy,2013,3.36363636363636,11
8323,"Snowpiercer",Action|Drama|Sci-Fi,2013,3.42857142857143,21
8324,"Only Old Men Are Going to Battle",Comedy|Drama|War,1973,4.5,1
8325,"Guest from the Future",Adventure|Drama|Sci-Fi,1985,4,1
8326,"Kidnapping, Caucasian Style",Comedy|Romance,1967,4.5,1
8327,"Haunter",Horror|Mystery|Thriller,2013,3,1
8328,"Wrong Cops",Comedy|Crime,2013,4,1
8329,"Muppet Christmas: Letters to Santa, A",Children|Comedy,2008,1.5,1
8330,"Ninja: Shadow of a Tear",Action|Crime|Thriller,2013,4.5,1
8331,"Fuck You, Goethe",Comedy,2013,2.75,2
8332,"High School",Comedy,2010,4.5,1
8333,"Grudge Match",Comedy,2013,2.5,2
8334,"Highlander: The Search for Vengeance",Action|Adventure|Fantasy,2007,3,1
8335,"Only Lovers Left Alive",Drama|Horror|Romance,2013,5,1
8336,"Cats",Musical,1998,4,1
8337,"MacGyver: Trail to Doomsday",Action|Adventure,1994,3.5,1
8338,"Bad Karma",Thriller,2012,2,1
8339,"Hunting Elephants",Comedy|Crime,2013,5,1
8340,"Dragon Ball Z: Battle of Gods",Action|Animation|Fantasy|IMAX,2013,4,2
8341,"Freezer",Action|Thriller,2014,2,1
8342,"We Are What We Are",Drama|Horror|Mystery|Thriller,2013,2.25,2
8343,"Dragon ball Z 04: Lord Slug",Animation|Children,1991,4,1
8344,"Chinese Puzzle",Comedy|Romance,2013,5,1
8345,"Dragon Ball: The Path to Power",Action|Adventure|Animation|Children,1996,3.5,1
8346,"Ride Along",Action|Comedy,2014,3.16666666666667,6
8347,"Jack Ryan: Shadow Recruit",Action|Drama|Thriller|IMAX,2014,2,2
8348,"Divergent",Adventure|Romance|Sci-Fi|IMAX,2014,3,18
8349,"Hotel Chevalier",Drama,2007,3.5,1
8350,"Ernest & Célestine",Adventure|Animation|Children|Comedy|Drama|Romance,2012,4.5,1
8351,"Drift",Drama,2013,2,1
8352,"I, Frankenstein",Action|Fantasy|Sci-Fi|IMAX,2014,2.25,2
8353,"Better Living Through Chemistry",Comedy|Drama,2014,1.5,1
8354,"Nymphomaniac: Volume I",Drama,2013,4.25,2
8355,"Enemy",Mystery|Thriller,2013,3.5,7
8356,"Wonder Woman",Action|Adventure|Animation|Fantasy,2009,5,1
8357,"Monuments Men, The",Action|Drama|War,2014,2.66666666666667,6
8358,"The Lego Movie",Action|Adventure|Animation|Children|Comedy|Fantasy,2014,3.87096774193548,31
8359,"RoboCop",Action|Crime|Sci-Fi|IMAX,2014,2.33333333333333,6
8360,"Art of the Steal, The",Crime,2013,3.33333333333333,3
8361,"Nymphomaniac: Volume II",Drama|Mystery,2013,4.5,1
8362,"Knights of Badassdom",Adventure|Comedy|Fantasy,2013,2.25,2
8363,"Venus in Fur",Drama,2013,4.5,1
8364,"Date and Switch",Comedy,2014,2,1
8365,"Zero Theorem, The",Drama|Fantasy|Sci-Fi,2013,3,3
8366,"Winter's Tale",Drama|Fantasy|Mystery,2014,1.5,1
8367,"On the Other Side of the Tracks",Action|Comedy|Crime,2012,5,1
8368,"GLOW: The Story of the Gorgeous Ladies of Wrestling",Documentary,2012,3,1
8369,"Cold Comes the Night",Crime|Drama|Thriller,2013,2,1
8370,"Chouchou",Comedy,2003,4,1
8371,"Someone Marry Barry",Comedy,2014,2.5,1
8372,"About Last Night",Comedy|Romance,2014,2.25,2
8373,"Grand Budapest Hotel, The",Comedy|Drama,2014,3.77884615384615,52
8374,"Oversimplification of Her Beauty, An",Animation|Comedy|Drama|Romance,2012,3.5,1
8375,"Bring It On: Fight to the Finish",Comedy,2009,2,1
8376,"That Awkward Moment",Comedy|Romance,2014,2.625,4
8377,"Interstellar",Sci-Fi|IMAX,2014,3.99315068493151,73
8378,"3 Days to Kill",Action|Crime|Drama,2014,1,2
8379,"Welcome to the Jungle",Comedy,2013,2,2
8380,"Non-Stop",Action|Mystery|Thriller,2014,3.25,4
8381,"Wrinkles",Animation|Drama,2011,4,1
8382,"Garden of Words, The",Animation|Romance,2013,5,1
8383,"300: Rise of an Empire",Action|Drama|War|IMAX,2014,2.125,4
8384,"Particle Fever",Documentary,2013,5,1
8385,"Bag Man, The",Crime|Drama|Thriller,2014,3.5,1
8386,"Mr. Peabody & Sherman",Adventure|Animation|Comedy,2014,3.25,4
8387,"Under the Skin",Horror|Sci-Fi|Thriller,2013,2.75,2
8388,"Need for Speed",Action|Crime|Drama|IMAX,2014,3.75,2
8389,"Barefoot",Comedy|Drama|Romance,2014,3,2
8390,"Veronica Mars",Comedy|Crime|Drama,2014,1.75,2
8391,"Bad Words",Comedy,2013,2,3
8392,"Son of God",Drama,2014,0.5,1
8393,"Puss in Boots: The Three Diablos",Animation|Comedy,2012,3,1
8394,"Why Don't You Play In Hell?",Action|Drama,2013,4.25,2
8395,"Ocho apellidos vascos",Comedy,2014,4.5,1
8396,"Captain America: The Winter Soldier",Action|Adventure|Sci-Fi|IMAX,2014,3.74193548387097,31
8397,"Noah",Adventure|Drama|IMAX,2014,2.8,5
8398,"Nut Job, The",Adventure|Animation|Children|Comedy,2014,4.33333333333333,3
8399,"King of Comedy",Comedy|Drama|Romance,1999,4,1
8400,"13 Sins",Horror|Thriller,2014,3.5,1
8401,"Muppets Most Wanted",Adventure|Comedy|Crime,2014,3.33333333333333,3
8402,"Me and you",Drama,2012,4.5,1
8403,"Free to Play",Documentary,2014,4.5,1
8404,"Unknown Known, The",Documentary,2013,4,1
8405,"The Raid 2: Berandal",Action|Crime|Thriller,2014,3.92857142857143,7
8406,"Brain Smasher... A Love Story",Action|Comedy,1993,2.5,1
8407,"The Amazing Spider-Man 2",Action|Sci-Fi|IMAX,2014,2.63636363636364,11
8408,"Calvary",Comedy|Drama,2014,4,1
8409,"Oculus",Horror,2013,4.5,1
8410,"God's Not Dead",Drama,2014,0.5,1
8411,"Cold in July",Drama|Thriller,2014,2.5,1
8412,"Rio 2",Adventure|Animation|Children|Comedy,2014,2,2
8413,"Honest Liar, An",Comedy|Documentary,2014,3.75,2
8414,"Fading Gigolo",Comedy,2013,4,1
8415,"Transcendence",Drama|Sci-Fi|IMAX,2014,2.28571428571429,7
8416,"Hatchet III",Comedy|Horror,2013,4,1
8417,"Other Woman, The",Comedy|Romance,2014,2.91666666666667,6
8418,"Haunted House 2, A",Comedy|Horror,2014,0.5,1
8419,"Mulan II",Action|Animation|Children|Comedy|Musical,2004,2.5,1
8420,"Brick Mansions",Action|Crime|Drama,2014,1.5,1
8421,"Locke",Drama,2013,3.83333333333333,3
8422,"Neighbors",Comedy,2014,3.29166666666667,12
8423,"Alpha and Omega 3: The Great Wolf Games",Action|Adventure|Animation|Children|Comedy,2014,4.5,1
8424,"Mom's Night Out",Comedy,2014,1.5,1
8425,"Lucy",Action|Sci-Fi,2014,2.82142857142857,14
8426,"X-Men: Days of Future Past",Action|Adventure|Sci-Fi,2014,3.83333333333333,30
8427,"Godzilla",Action|Adventure|Sci-Fi|IMAX,2014,2.61538461538462,13
8428,"Walk of Shame",Comedy,2014,2.5,1
8429,"Blue Ruin",Thriller,2013,4,1
8430,"Chef",Comedy,2014,2.75,2
8431,"Afflicted",Horror|Sci-Fi|Thriller,2013,3.5,1
8432,"Blended",Comedy,2014,3.8125,8
8433,"Begin Again",Comedy|Romance,2013,4,3
8434,"Maleficent",Action|Adventure|Children|IMAX,2014,2.75,16
8435,"Zombeavers",Action|Comedy|Horror,2014,2.5,2
8436,"At Middleton",Comedy|Romance,2013,1.5,1
8437,"Dance of Reality, The",Drama|Fantasy,2013,3.5,1
8438,"A Million Ways to Die in the West",Comedy|Western,2014,2.95833333333333,12
8439,"Edge of Tomorrow",Action|Sci-Fi|IMAX,2014,3.97727272727273,44
8440,"Mission: Impossible - Rogue Nation",Action|Adventure|Thriller,2015,3.64705882352941,17
8441,"Midnight Chronicles",Action|Adventure|Fantasy,2009,0.5,1
8442,"Million Dollar Arm",Comedy|Drama,2014,3,1
8443,"G.B.F.",Comedy,2013,3,1
8444,"Jimi: All Is by My Side",Drama,2013,3.5,1
8445,"Bad Asses",Action|Drama,2014,3.5,1
8446,"Lilting",Drama,2014,4.5,1
8447,"The Fault in Our Stars",Drama|Romance,2014,3.38888888888889,9
8448,"Tangled Ever After",Action|Animation|Children,2012,3.83333333333333,3
8449,"Maps to the Stars",Drama,2014,3.5,1
8450,"22 Jump Street",Action|Comedy|Crime,2014,3.68421052631579,19
8451,"Equalizer, The",Action|Crime|Thriller,2014,3.27777777777778,9
8452,"How to Train Your Dragon 2",Action|Adventure|Animation,2014,3.76666666666667,15
8453,"Birdman: Or",Comedy|Drama,2014,3.34615384615385,26
8454,"Boyhood",Drama,2014,3.82352941176471,17
8455,"Think Like a Man Too",Comedy|Romance,2014,1.5,1
8456,"Jersey Boys",Drama|Musical,2014,2.5,1
8457,"Nick Fury: Agent of S.H.I.E.L.D.",Action|Sci-Fi,1998,1,1
8458,"Internet's Own Boy: The Story of Aaron Swartz, The",Documentary,2014,4.5,1
8459,"Transformers: Age of Extinction",Action|Adventure|Sci-Fi,2014,1.875,4
8460,"Frank",Comedy|Drama|Mystery,2014,4.33333333333333,3
8461,"They Came Together",Comedy|Romance,2014,2,1
8462,"Honey",Drama,2013,3.5,1
8463,"Planes: Fire & Rescue",Adventure|Animation|Comedy,2014,2.25,2
8464,"Tammy",Comedy,2014,2,2
8465,"Colourful",Animation|Drama|Fantasy|Mystery,2010,5,1
8466,"Babadook, The",Drama|Horror|Thriller,2014,4.5,3
8467,"Whiplash",Drama,2014,4.03947368421053,38
8468,"Gone Girl",Drama|Thriller,2014,3.71621621621622,37
8469,"Angriest Man in Brooklyn, The",Comedy|Drama,2014,4,1
8470,"Dawn of the Planet of the Apes",Sci-Fi,2014,3.43333333333333,15
8471,"Deliver Us from Evil",Crime|Horror|Thriller,2014,3,1
8472,"And So It Goes",Comedy|Drama|Romance,2014,2,1
8473,"Sex Tape",Comedy,2014,2.6,5
8474,"I Origins",Drama|Sci-Fi,2014,3.83333333333333,3
8475,"Purge: Anarchy, The",Action|Horror|Thriller,2014,3.3,5
8476,"Guardians of the Galaxy",Action|Adventure|Sci-Fi,2014,4.05084745762712,59
8477,"Signal, The",Sci-Fi|Thriller,2014,4.5,1
8478,"The Expendables 3",Action|Adventure,2014,3.5,3
8479,"Hercules",Action|Adventure,2014,2,4
8480,"A Most Wanted Man",Thriller,2014,4.5,1
8481,"Life After Beth",Comedy|Horror|Romance,2014,3.5,1
8482,"Felony",Thriller,2013,3,1
8483,"Get on Up",Drama|Musical,2014,3.5,1
8484,"Magic in the Moonlight",Comedy|Drama|Romance,2014,3,1
8485,"Housebound",Comedy|Horror|Thriller,2014,4.25,2
8486,"The Hundred-Foot Journey",Comedy|Drama,2014,4.5,1
8487,"Batman: Assault on Arkham",Action|Animation|Crime|Thriller,2014,3,1
8488,"White Frog",Drama,2012,4,1
8489,"Den, The",Horror|Thriller,2013,3.5,1
8490,"Jupiter Ascending",Action|Adventure|Sci-Fi,2015,2,2
8491,"Teenage Mutant Ninja Turtles",Action|Adventure|Comedy,2014,2.75,4
8492,"I'll Follow You Down",Drama|Mystery|Sci-Fi,2013,1.5,1
8493,"Old Lady and the Pigeons, The",Animation|Comedy,1997,3,1
8494,"Giver, The",Drama|Sci-Fi,2014,2.3,5
8495,"Pretty One, The",Comedy|Drama,2013,4,1
8496,"Revenge of the Green Dragons",Action|Crime|Drama,2014,1.5,1
8497,"Let's Be Cops",Comedy|Crime,2014,3.1,5
8498,"Inbetweeners 2, The",Comedy,2014,3.5,2
8499,"Sacrament, The",Horror|Thriller,2013,4,1
8500,"Sin City: A Dame to Kill For",Action|Crime|Thriller,2014,3.25,4
8501,"If I Stay",Drama,2014,2,1
8502,"Two Days, One Night",Drama,2014,3.5,1
8503,"Coherence",Drama|Mystery|Sci-Fi|Thriller,2013,4,2
8504,"As Above, So Below",Horror|Thriller,2014,3,1
8505,"One I Love, The",Comedy|Drama|Romance,2014,5,1
8506,"Headshot",Crime|Drama|Thriller,2011,2.5,1
8507,"Guest, The",Thriller,2014,4,1
8508,"Pride",Comedy|Drama,2014,4,2
8509,"Honeymoon",Horror,2014,3.5,1
8510,"The Drop",Crime|Drama|Thriller,2014,2.83333333333333,3
8511,"20,000 Days on Earth",Documentary|Drama|Musical,2014,4,1
8512,"The Skeleton Twins",Drama,2014,3.33333333333333,3
8513,"Beautiful Losers",Documentary,2008,2.5,1
8514,"Maze Runner, The",Action|Mystery|Sci-Fi,2014,2.9375,16
8515,"Camp X-Ray",Drama,2014,3.5,1
8516,"Walk Among the Tombstones, A",Action|Crime|Mystery|Thriller,2014,3,1
8517,"Laggies",Comedy|Romance,2014,5,1
8518,"La cravate",(no genres listed),1957,3,1
8519,"Cesar Chavez",Drama,2014,1.5,1
8520,"Who Am I",Thriller,2014,1.5,1
8521,"Tale of Princess Kaguya, The",Animation|Drama|Fantasy,2013,1,1
8522,"This Is Where I Leave You",Comedy|Drama,2014,2.75,2
8523,"Angel's Egg",Animation|Drama|Fantasy,1985,3.25,2
8524,"American Sniper",Action|War,2014,3.8,15
8525,"Tusk",Comedy|Drama|Horror,2014,3.5,1
8526,"Hector and the Search for Happiness",Adventure|Comedy|Drama,2014,4.25,2
8527,"Horns",Horror|Mystery,2014,3,1
8528,"Annabelle",Horror,2014,3,2
8529,"Two Night Stand",Comedy|Romance,2014,2.83333333333333,3
8530,"Dracula Untold",Action|Drama|Fantasy,2014,3.5,4
8531,"Stretch",Action|Comedy|Crime,2014,2.16666666666667,3
8532,"Autómata",Sci-Fi|Thriller,2014,3,1
8533,"Captive, The",Crime|Drama|Thriller,2014,2,1
8534,"Predestination",Action|Mystery|Sci-Fi|Thriller,2014,3.9,10
8535,"Justin and the Knights of Valour",Adventure|Animation,2013,2,1
8536,"Ward 13",Action|Animation|Comedy|Horror,2003,3.5,1
8537,"What We Do in the Shadows",Comedy|Horror,2014,4.83333333333333,3
8538,"John Wick",Action|Thriller,2014,3.8448275862069,29
8539,"Plastic",Action|Crime,2014,2,1
8540,"Judge, The",Drama,2014,2.5,1
8541,"Culture High, The",Documentary,2014,3,1
8542,"Fury",Action|Drama|War,2014,3.76923076923077,13
8543,"Salvation, The",Drama|Western,2014,3,1
8544,"St. Vincent",Comedy,2014,3.25,2
8545,"Rewrite, The",Comedy|Romance,2014,3.5,1
8546,"Nightcrawler",Crime|Drama|Thriller,2014,4.16666666666667,18
8547,"Big Hero 6",Action|Animation|Comedy,2014,3.85365853658537,41
8548,"The Book of Life",Adventure|Animation|Romance,2014,4,2
8549,"Love, Rosie",Comedy|Romance,2014,3.5,1
8550,"Time Lapse",Crime|Drama|Sci-Fi|Thriller,2014,3.83333333333333,3
8551,"Ex Machina",Drama|Sci-Fi|Thriller,2015,3.91071428571429,28
8552,"Crippled Avengers",Action|Adventure,1981,5,1
8553,"Mr Hublot",Animation|Comedy,2013,3,1
8554,"Copenhagen",Adventure|Drama|Romance,2014,4.5,1
8555,"Simpsons: The Longest Daycare, The",Animation|Comedy,2012,3.66666666666667,3
8556,"Generation War",Drama|War,2013,4,1
8557,"Christmas in Connecticut",Comedy|Romance,1992,1.5,1
8558,"Leviathan",Drama,2014,2,1
8559,"Reign of Assassins",Action,2010,2.5,1
8560,"Zulu",Crime|Drama|Thriller,2013,1.5,1
8561,"Tangerines",Drama,2013,4.5,1
8562,"Life Partners",Comedy|Romance,2014,3,1
8563,"Drive Hard",Action|Comedy|Crime,2014,1.5,1
8564,"New Kids Nitro",Action|Comedy,2011,3,1
8565,"Stalingrad",Action|Drama|War|IMAX,2013,3,1
8566,"Dead Snow 2: Red vs. Dead",Action|Comedy|Horror,2014,4,2
8567,"Volga - Volga",Comedy|Musical,1938,3.5,1
8568,"You Are the Apple of My Eye",Comedy|Drama|Romance,2011,4,1
8569,"DeadHeads",Adventure|Comedy|Horror,2011,3.5,1
8570,"The Imitation Game",Drama|Thriller|War,2014,4.02,50
8571,"Inherent Vice",Comedy|Crime|Drama|Mystery|Romance,2014,3.66666666666667,6
8572,"Rudderless",Comedy|Drama,2014,4.5,1
8573,"The Hunger Games: Mockingjay - Part 1",Adventure|Sci-Fi|Thriller,2014,3.8695652173913,23
8574,"Sex Ed",Comedy|Romance,2014,2.5,1
8575,"Exodus: Gods and Kings",Action|Adventure|Drama,2014,2.75,2
8576,"Wild Tales",Comedy|Drama|Thriller,2014,4.25,10
8577,"Jetsons: The Movie",Animation|Children|Comedy|Musical|Sci-Fi,1990,2,1
8578,"Ski School",Comedy,1991,1.5,1
8579,"Dumb and Dumber To",Comedy,2014,2.33333333333333,3
8580,"The Longest Week",Comedy|Drama,2014,1.5,1
8581,"Miss Meadows",Drama,2014,2.5,1
8582,"Too Many Cooks",Comedy,2014,3,2
8583,"Painted Skin",Action|Drama|Thriller,2008,3.5,1
8584,"The Theory of Everything",Drama|Romance,2014,3.70588235294118,17
8585,"Doctor Who: The Time of the Doctor",Adventure|Drama,2013,4.5,3
8586,"Virunga",Documentary|War,2014,4,1
8587,"The Madagascar Penguins in a Christmas Caper",Animation|Comedy,2005,3.5,1
8588,"Song of the Sea",Animation|Children|Fantasy,2014,3,1
8589,"In the Heart of the Sea",Action|Adventure|Drama,2015,3.5,3
8590,"Hello Ladies: The Movie",Comedy,2014,3,1
8591,"Jurassic World",Action|Adventure|Drama|Sci-Fi|Thriller,2015,3.26086956521739,23
8592,"Watermark",Documentary,2014,5,1
8593,"Citizenfour",Documentary,2014,3.875,4
8594,"Asterix: The Land of the Gods",Animation,2014,3.75,2
8595,"Hit by Lightning",Comedy|Crime|Romance,2014,2.5,1
8596,"Horrible Bosses 2",Comedy|Crime,2014,3.63636363636364,11
8597,"Double Trouble",Action|Comedy|Crime|Romance,1992,1,1
8598,"Dragonheart 2: A New Beginning",Action|Adventure|Comedy|Drama|Fantasy|Thriller,2000,4.5,1
8599,"La Belle Verte",Comedy,1996,4.5,1
8600,"Penguins of Madagascar",Adventure|Animation|Children|Comedy,2014,3.7,5
8601,"'71",Action|Drama|Thriller|War,2014,4,1
8602,"The Rabbi's Cat",Adventure|Animation,2011,3,1
8603,"Still Alice",Drama,2014,3.8,5
8604,"Paddington",Children|Comedy,2014,4,4
8605,"Maze Runner: Scorch Trials",Action|Thriller,2015,1.83333333333333,6
8606,"Ice Age: A Mammoth Christmas",Adventure|Animation|Children,2011,3.5,1
8607,"The Voices",Comedy|Crime|Thriller,2014,3.5,1
8608,"Courier",Comedy|Drama|Romance,1987,3.5,1
8609,"The Green Prince",Documentary|Drama|Thriller,2014,2.5,1
8610,"Dying of the Light",Drama|Thriller,2014,1.5,1
8611,"Hellbenders",Comedy|Horror|Thriller,2012,5,1
8612,"Omega Doom",Sci-Fi,1996,2,1
8613,"By the Gun",Crime|Drama|Thriller,2014,2,1
8614,"Kill the Messenger",Crime|Drama|Mystery|Thriller,2014,3,1
8615,"Bring It On: In It To Win It",Comedy,2007,1.5,1
8616,"Fans",Comedy,1999,4.5,1
8617,"The Mule",Comedy|Crime|Drama,2014,3.5,2
8618,"The Hobbit: The Battle of the Five Armies",Adventure|Fantasy,2014,3.41666666666667,18
8619,"Selma",Drama,2014,2.5,2
8620,"Unbroken",Drama|War,2014,2.5,3
8621,"Black Sea",Adventure|Mystery|Thriller,2015,4,1
8622,"Good Copy Bad Copy",Documentary,2007,3.5,1
8623,"Playing It Cool",Comedy|Romance,2014,2,1
8624,"National Lampoon's Bag Boy",Comedy,2007,5,1
8625,"Closer to the Moon",Comedy|Drama,2013,4,1
8626,"Girl Walks Home Alone at Night, A",Horror|Romance|Thriller,2014,3.5,2
8627,"Dave Chappelle: For What it's Worth",Comedy,2004,4.25,2
8628,"Scooby-Doo! Abracadabra-Doo",Animation|Children|Mystery,2010,5,1
8629,"Mommy",Drama,2014,4,1
8630,"Wild",Drama,2014,2.9,5
8631,"Top Five",Comedy,2014,3,2
8632,"Bill Burr: I'm Sorry You Feel That Way",Comedy,2014,4.5,1
8633,"Big Eyes",Drama,2014,3.75,2
8634,"Into the Woods",Children|Comedy|Fantasy|Musical,2014,2.8,5
8635,"Men, Women & Children",Comedy|Drama,2014,2,1
8636,"The Interview",Action|Comedy,2014,3.45833333333333,12
8637,"Kingsman: The Secret Service",Action|Adventure|Comedy|Crime,2015,3.98611111111111,36
8638,"Bill Burr: You People Are All the Same",Comedy,2012,4.5,1
8639,"Night at the Museum: Secret of the Tomb",Adventure|Children|Comedy|Fantasy,2014,3.5,6
8640,"Paradox",Sci-Fi|Thriller,2010,3.5,1
8641,"The Punisher: Dirty Laundry",Action|Crime|Drama,2012,2.5,1
8642,"Seventh Son",Adventure|Children|Fantasy,2014,2.25,2
8643,"Corner Gas: The Movie",Comedy,2014,3.5,1
8644,"A Man Called Blade",Action|Drama|Thriller|Western,1977,3,1
8645,"A Merry Friggin' Christmas",Comedy,2014,2,1
8646,"Into the Forest of Fireflies' Light",Animation|Drama|Fantasy,2011,5,1
8647,"PK",Comedy|Drama|Fantasy|Mystery|Romance,2014,5,1
8648,"Chappie",Action|Thriller,2015,3.25,10
8649,"The Salt of the Earth",Documentary,2014,4.33333333333333,3
8650,"The Fool",Drama,2014,4.5,1
8651,"Taken 3",Action|Crime|Thriller,2015,2.7,5
8652,"Blackhat",Action|Crime|Drama|Mystery|Thriller,2015,2.5,2
8653,"By the Law",Drama,1926,3.5,1
8654,"Son of a Gun",Action|Crime|Drama,2014,2.5,1
8655,"Terminator Genisys",Action|Adventure|Sci-Fi|Thriller,2015,2.5,9
8656,"John Mulaney: New In Town",Comedy,2012,4,1
8657,"Patton Oswalt: My Weakness Is Strong",Comedy,2009,4.5,1
8658,"The Hound of the Baskervilles",Crime|Drama|Horror|Mystery,1988,3,1
8659,"Man on High Heels",Action|Comedy,2014,3,1
8660,"Space Buddies",Adventure|Children|Fantasy|Sci-Fi,2009,4,1
8661,"Houdini",Drama,2014,2,1
8662,"To Grandmother's House We Go",Adventure|Children|Comedy,1992,2.75,2
8663,"101 Dalmatians II: Patch's London Adventure",Animation|Children,2003,2.5,1
8664,"The Hungover Games",Comedy,2014,2.5,1
8665,"The Duke of Burgundy",Drama,2014,3.5,1
8666,"Red Army",Documentary,2014,4,1
8667,"It Follows",Horror,2014,4.125,4
8668,"The Town that Dreaded Sundown",Horror|Thriller,2014,3,1
8669,"Carry on Cabby",Adventure|Comedy|Romance,1963,4.5,1
8670,"Carry on Cruising",Comedy|Romance,1962,3.5,1
8671,"Bill Burr: Let It Go",Comedy,2010,4.5,1
8672,"Bill Burr: Why Do I Do This?",Comedy,2008,4.5,1
8673,"Killer Movie",Comedy|Horror|Mystery|Thriller,2008,4.5,1
8674,"Sebastian Maniscalco: What's Wrong with People?",Comedy,2012,3.5,1
8675,"Stuart Little 3: Call of the Wild",Animation|Children|Comedy|Fantasy,2005,5,1
8676,"Guy X",Comedy|War,2005,5,1
8677,"Tooth Fairy 2",Children|Comedy,2012,0.5,1
8678,"The Diary of Anne Frank",Drama|War,2009,2.5,1
8679,"The Deadly Bees",Horror|Mystery|Thriller,1967,1,1
8680,"Wicked Blood",Action|Drama|Thriller,2014,1.5,1
8681,"Oblivion 2: Backlash",Sci-Fi,1996,0.5,1
8682,"Mad Max: Fury Road",Action|Adventure|Sci-Fi|Thriller,2015,3.81914893617021,47
8683,"Insidious: Chapter 3",Fantasy|Horror|Thriller,2015,2.5,2
8684,"Star Wars: Episode VII - The Force Awakens",Action|Adventure|Fantasy|Sci-Fi|IMAX,2015,3.85365853658537,41
8685,"Ben-hur",(no genres listed),2016,0.5,1
8686,"Warcraft",Action|Adventure|Fantasy,2016,3.41666666666667,6
8687,"Avengers: Age of Ultron",Action|Adventure|Sci-Fi,2015,3.51851851851852,27
8688,"Pirates of the Caribbean: Dead Men Tell No Tales",(no genres listed),2017,3.78571428571429,7
8689,"Justice League",Action|Adventure|Sci-Fi,2017,2.5,6
8690,"Ant-Man",Action|Adventure|Sci-Fi,2015,3.72222222222222,27
8691,"Fantastic Four",Action|Adventure|Fantasy|Sci-Fi,2015,2.1,5
8692,"Deadpool",Action|Adventure|Comedy|Sci-Fi,2016,3.83333333333333,54
8693,"Black Panther",Action|Adventure|Sci-Fi,2017,3.72727272727273,11
8694,"Avengers: Infinity War - Part I",Action|Adventure|Sci-Fi,2018,4,13
8695,"Thor: Ragnarok",Action|Adventure|Sci-Fi,2017,4.025,20
8696,"Guardians of the Galaxy 2",Action|Adventure|Sci-Fi,2017,3.92592592592593,27
8697,"Captain America: Civil War",Action|Sci-Fi|Thriller,2016,3.61363636363636,22
8698,"Doctor Strange",Action|Adventure|Sci-Fi,2016,3.70454545454545,22
8699,"X-Men: Apocalypse",Action|Adventure|Fantasy|Sci-Fi,2016,3.07142857142857,14
8700,"Untitled Spider-Man Reboot",Action|Adventure|Fantasy,2017,4.15625,16
8701,"Elsa & Fred",Children|Comedy|Romance,2014,2,1
8702,"Jim Jefferies: I Swear to God",Comedy,2009,4.5,1
8703,"Tornado!",Action,1996,2,1
8704,"The Blue Lagoon",Drama|Romance,1949,3,1
8705,"In the Name of the King III",Action|Adventure|Drama|Fantasy,2014,1,1
8706,"Cake",Drama,2014,2.75,2
8707,"Kevin Smith: Too Fat For 40",Comedy,2010,4.5,1
8708,"Snowflake, the White Gorilla",Adventure|Animation|Children|Comedy,2011,5,1
8709,"Kenny & Company",Comedy|Drama,1976,3,1
8710,"Delirium",Adventure|Romance|Sci-Fi,2014,5,1
8711,"Why Man Creates",Animation|Documentary,1968,4,1
8712,"The Gambler",Crime|Drama|Thriller,2014,2,1
8713,"The Beast of Hollow Mountain",Horror|Sci-Fi|Western,1956,0.5,1
8714,"Mortdecai",Adventure|Comedy|Mystery|Romance,2015,3,1
8715,"Fifty Shades of Grey",Drama|Romance,2015,1,3
8716,"Halloweentown",Adventure|Children|Comedy|Fantasy,1998,3.5,1
8717,"Halloweentown High",Adventure|Children|Comedy|Fantasy,2004,3.75,2
8718,"A Flintstones Christmas Carol",Animation|Children|Comedy,1994,5,1
8719,"Hedgehog in the Fog",Animation,1975,4.5,1
8720,"The Cave of the Golden Rose",Adventure|Children|Fantasy,1991,4,1
8721,"American Heist",Action,2015,1.5,1
8722,"Solyaris",Drama|Sci-Fi,1968,4,1
8723,"The Pacific",Action|Adventure|Drama|War,2010,4.75,2
8724,"Strange Magic",Animation|Children|Fantasy|Musical,2015,3,1
8725,"The DUFF",Comedy,2015,3.25,6
8726,"Daddy, I'm A Zombie",Animation|Comedy|Fantasy,2012,4,1
8727,"The Fox and the Hound 2",Adventure|Animation|Children|Comedy,2006,5,1
8728,"Operation 'Y' & Other Shurik's Adventures",Comedy|Crime|Romance,1965,3.83333333333333,3
8729,"Project Almanac",Sci-Fi|Thriller,2015,3.75,4
8730,"Louis C.K.: Live at The Comedy Store",Comedy,2015,4.375,4
8731,"Brooklyn",Drama|Romance,2015,3.875,4
8732,"The End of the Tour",Drama,2015,4,1
8733,"Experimenter",Drama,2015,4.5,1
8734,"Mistress America",Comedy,2015,4,1
8735,"Zipper",Drama|Thriller,2015,2,1
8736,"A Walk in the Woods",Adventure|Comedy|Drama,2015,3.5,1
8737,"True Story",Drama|Mystery|Thriller,2015,3.25,2
8738,"Kurt Cobain: Montage of Heck",Documentary,2015,3,1
8739,"Going Clear: Scientology and the Prison of Belief",Documentary,2015,4.25,2
8740,"What Happened, Miss Simone?",Documentary,2015,3.5,1
8741,"A Story of Children and Film",Documentary,2013,3.5,1
8742,"Story of Film: An Odyssey, The",Documentary,2011,4,1
8743,"Eden",Drama,2014,4,1
8744,"The D Train",Comedy,2015,2,1
8745,"Dope",Comedy|Drama,2015,3.58333333333333,6
8746,"Me and Earl and the Dying Girl",Drama,2015,3.75,6
8747,"The Overnight",Comedy,2015,3.75,2
8748,"The Stanford Prison Experiment",Drama|Thriller,2015,4.5,1
8749,"A Pigeon Sat on a Branch Reflecting on Existence",Comedy|Drama,2014,4,2
8750,"The Loft",Thriller,2014,1.5,1
8751,"Vice",Action|Adventure|Sci-Fi|Thriller,2015,1,1
8752,"Family Guy Presents: Blue Harvest",Animation|Comedy,2007,4,1
8753,"Trinity and Sartana Are Coming",Comedy|Western,1972,5,1
8754,"Kevin Hart: I'm a Grown Little Man",Comedy,2009,4.5,1
8755,"Jim Norton: American Degenerate",Comedy,2013,4,1
8756,"Jim Jefferies: BARE",Comedy,2014,4.5,1
8757,"Hard Promises",Comedy|Romance,1991,2,1
8758,"The Hateful Eight",Western,2015,3.75,18
8759,"Patton Oswalt: Tragedy Plus Comedy Equals Time",Comedy,2014,4,1
8760,"Wild Card",Action|Crime|Drama|Thriller,2015,3,1
8761,"Paper Towns",Drama|Mystery|Romance,2015,2,2
8762,"The Wedding Ringer",Comedy,2015,3.8,5
8763,"Wyrmwood",Action|Horror|Sci-Fi,2015,3.5,1
8764,"The Boy Next Door",Mystery|Thriller,2015,1,1
8765,"Boy Meets Girl",Comedy|Drama|Romance,2015,4,1
8766,"Victoria",Crime|Drama|Romance,2015,3.9,5
8767,"The Dark Valley",Western,2014,2.5,1
8768,"I'm Here",Drama,2010,3.5,1
8769,"The Last Five Years",Comedy|Drama|Musical|Romance,2014,3.5,1
8770,"Crimson Peak",Horror,2015,3.5,1
8771,"Dragonheart 3: The Sorcerer's Curse",Action|Adventure|Fantasy,2015,4,1
8772,"Chris Rock: Bigger & Blacker",Comedy,1999,3.75,2
8773,"The Natural Love",Documentary,1996,4.5,1
8774,"The Forgotten Space",Documentary,2010,4,1
8775,"Cloudburst",Adventure|Comedy|Drama,2011,4,1
8776,"Tom Segura: Completely Normal",Comedy,2014,5,1
8777,"Honey, We Shrunk Ourselves",Action|Adventure|Children|Comedy|Sci-Fi,1997,3.5,1
8778,"Stitch! The Movie",Animation|Children|Comedy,2003,4,2
8779,"Hot Tub Time Machine 2",Comedy|Sci-Fi,2015,2.875,4
8780,"Johnny Express",Animation|Comedy|Sci-Fi,2014,4.5,1
8781,"Eddie Izzard: Glorious",Comedy,1997,3.5,1
8782,"Northmen - A Viking Saga",Action|Adventure,2014,2,1
8783,"Superfast!",(no genres listed),2015,0.5,1
8784,"Reality",Comedy,2014,4,1
8785,"Julia",Horror|Thriller,2014,1.5,1
8786,"Focus",Comedy|Crime|Drama|Romance,2015,3.25,10
8787,"Marvel One-Shot: Item 47",Action|Fantasy|Sci-Fi,2012,2.75,2
8788,"The Second Best Exotic Marigold Hotel",Comedy|Drama,2015,3,2
8789,"George Carlin: It's Bad for Ya!",Comedy,2008,5,1
8790,"Tracers",Action,2015,1,1
8791,"McFarland, USA",Drama,2015,3.5,1
8792,"Unfinished Business",Comedy,2015,2.25,2
8793,"Ghost in the Shell Arise - Border 1: Ghost Pain",Action|Animation|Sci-Fi,2013,2.5,1
8794,"Run All Night",Action|Crime|Drama|Thriller,2015,2.16666666666667,3
8795,"Digging Up the Marrow",Drama|Fantasy|Horror|Mystery|Thriller,2014,3,1
8796,"Clown",Drama|Horror,2014,3.5,1
8797,"Cinderella",Children|Drama|Fantasy|Romance,2015,4,1
8798,"Kidnapping Mr. Heineken",Action|Crime|Drama|Thriller,2015,2,1
8799,"The Cobbler",Comedy|Drama|Fantasy,2015,3.75,2
8800,"Ruby Red",Adventure|Children|Fantasy|Sci-Fi,2013,4,1
8801,"Pan",Adventure|Children|Fantasy,2015,2.5,3
8802,"While We're Young",Comedy|Drama,2014,4,1
8803,"Too Late for Tears",Crime|Drama|Film-Noir|Mystery|Thriller,1949,4,1
8804,"Insurgent",Action|Sci-Fi|Thriller,2015,2.83333333333333,6
8805,"La vérité si je mens !",Comedy,1997,3.5,1
8806,"The Amazing Screw-On Head",Action|Adventure|Animation|Comedy|Sci-Fi,2006,4,3
8807,"Home",Adventure|Animation|Children|Comedy|Fantasy|Sci-Fi,2015,3.25,8
8808,"Midnight Special",Drama|Sci-Fi,2015,2.375,4
8809,"Gunman, The",Action|Thriller,2015,4,1
8810,"Furious 7",Action|Crime|Thriller,2015,2.75,6
8811,"The Final Girls",Comedy|Horror,2015,3,1
8812,"Spring",Horror|Romance|Sci-Fi,2015,4.5,1
8813,"Power/Rangers",Action|Adventure|Sci-Fi,2015,4,1
8814,"George Carlin: Life Is Worth Losing",Comedy,2005,5,1
8815,"Legend No. 17",Drama,2013,4.5,1
8816,"Love and Pigeons",Comedy|Romance,1985,5,1
8817,"Get Hard",Comedy|Crime,2015,3.125,8
8818,"That Sugar Film",Documentary,2014,4.5,1
8819,"Saving Santa",Animation|Children|Comedy,2013,5,1
8820,"The Brain",Comedy|Crime,1969,4.5,1
8821,"Tom and Jerry: A Nutcracker Tale",Animation|Comedy,2007,5,1
8822,"What Men Talk About",Comedy,2010,5,1
8823,"Kill Me Three Times",Thriller,2014,3,1
8824,"Poker Night",Action|Crime|Thriller,2014,2,1
8825,"Reckless Kelly",Comedy,1994,2.5,1
8826,"Willy/Milly",Comedy|Fantasy,1986,5,1
8827,"Shaun the Sheep Movie",Adventure|Animation|Children|Comedy,2015,3,2
8828,"Last Knights",Action|Adventure,2015,3,3
8829,"The Jinx: The Life and Deaths of Robert Durst",Documentary,2015,5,1
8830,"Batman vs. Robin",Action|Adventure|Animation,2015,3,1
8831,"Libre et assoupi",Comedy,2014,3,1
8832,"Woman in Gold",Drama,2015,4,1
8833,"Iliza Shlesinger: Freezing Hot",Comedy,2015,3.75,2
8834,"The Road Within",Comedy|Drama,2014,4.5,1
8835,"The Malibu Bikini Shop",Comedy,1986,1,1
8836,"Tomorrowland",Action|Adventure|Children|Mystery|Sci-Fi,2015,2.5,7
8837,"Let It Be Me",(no genres listed),1995,2.5,1
8838,"Buzzard",Comedy|Drama|Horror,2015,5,1
8839,"Paul Blart: Mall Cop 2",Action|Comedy|Crime,2015,2.75,4
8840,"Seve",Documentary|Drama,2014,5,1
8841,"Breathe",Drama,2014,1,1
8842,"Patlabor 2: The Movie",Action|Animation|Sci-Fi,1993,3.5,1
8843,"Da Sweet Blood of Jesus",Comedy|Romance|Thriller,2014,3.25,2
8844,"The Longest Ride",Drama|Romance,2015,1.75,2
8845,"Girltrash: All Night Long",Comedy|Crime|Drama,2014,3.5,1
8846,"Sword of Vengeance",Action|Adventure|Drama,2014,1,1
8847,"Lovesick",Comedy|Romance,2014,2,1
8848,"Danny Collins",Comedy|Drama,2015,4.5,1
8849,"The Even Stevens Movie",Children|Comedy,2003,3.5,1
8850,"Kite",Action|Crime|Drama|Mystery|Thriller,2014,1.5,1
8851,"Man Up",Comedy|Romance,2015,3.75,2
8852,"San Andreas",Action|Drama|Thriller,2015,1.875,4
8853,"Welcome to Me",Comedy|Drama,2014,3,2
8854,"Comedy Central Roast of James Franco",Comedy,2013,3,1
8855,"We Could Be King",Documentary,2014,4,1
8856,"Hitman: Agent 47",Action|Crime|Thriller,2015,1.5,1
8857,"B/W",Comedy|Crime|Sci-Fi,2015,3.5,1
8858,"Ricki and the Flash",Comedy|Drama,2015,2,1
8859,"Partisan",Drama|Thriller,2015,2,1
8860,"Infini",Horror|Sci-Fi|Thriller,2015,1.5,1
8861,"Pitch Perfect 2",Comedy,2015,3.44444444444444,9
8862,"Just Before I Go",Comedy|Drama,2014,1,1
8863,"Carol",Drama|Romance,2015,4,1
8864,"Office Romance",Comedy|Romance,1977,3.75,2
8865,"Bootleggers",Comedy|Crime,1961,4.5,1
8866,"The Lobster",Comedy|Romance|Sci-Fi,2015,4,7
8867,"Güeros",Comedy|Drama,2014,3,1
8868,"Maggie",Drama|Horror|Thriller,2015,2,1
8869,"Hot Pursuit",Action|Comedy,2015,1.5,1
8870,"Slow West",Action|Thriller|Western,2015,4.25,2
8871,"The Green Inferno",Horror|Thriller,2014,3.5,1
8872,"Barely Lethal",Action|Adventure|Comedy,2015,4.5,1
8873,"Carry On Don't Lose Your Head",Comedy,1966,4,1
8874,"What Love Is",Comedy|Romance,2007,5,1
8875,"The Monkey King",Animation,1964,3.5,1
8876,"5 to 7",Comedy|Drama|Romance,2014,2.5,1
8877,"Afonya",Comedy|Drama|Romance,1975,4,1
8878,"My Love",Animation|Drama,2006,5,1
8879,"Radio Day",Comedy,2008,5,1
8880,"The Martian",Adventure|Drama|Sci-Fi,2015,4,48
8881,"Return to Sender",Thriller,2015,1.5,1
8882,"Kung Fury",Action|Comedy|Fantasy|Sci-Fi,2015,3.71428571428571,7
8883,"Elections Day",Comedy,2007,4.5,1
8884,"Youth",Drama,2015,3.5,4
8885,"Survivor",Action|Thriller,2015,0.5,1
8886,"Hot Girls Wanted",Documentary,2015,3,1
8887,"That Munchhausen",Comedy|Drama|Fantasy,1979,4.5,1
8888,"The Taming of the Scoundrel",Comedy,1980,4.5,1
8889,"Phir Hera Pheri",Comedy,2006,4.5,1
8890,"Spy",Action|Comedy|Crime,2015,3.6875,16
8891,"Trainwreck",Comedy|Romance,2015,3.2,10
8892,"BMX Bandits",Adventure|Crime|Drama,1983,3,1
8893,"Turtle Power: The Definitive History of the Teenage Mutant Ninja Turtles",Documentary,2014,3,1
8894,"Aloha",Comedy|Drama|Romance,2015,0.5,1
8895,"Dragon Blade",Action|Adventure|Drama,2015,2,1
8896,"Entourage",Comedy,2015,2,1
8897,"Bitter Lake",Documentary,2015,5,1
8898,"No Way Jose",Comedy,2015,2,1
8899,"Ghost Graduation",Comedy,2012,5,1
8900,"Duck Amuck",Animation|Children|Comedy,1953,4,1
8901,"Inside Out",Adventure|Animation|Children|Comedy|Drama|Fantasy,2015,3.81395348837209,43
8902,"The Wolfpack",Documentary,2015,3.5,1
8903,"Trevor Noah: African American",(no genres listed),2013,2.5,1
8904,"Love & Mercy",Drama,2014,4.33333333333333,3
8905,"The Hunger Games: Mockingjay - Part 2",Adventure|Sci-Fi,2015,3.7,10
8906,"Pixels",Action|Comedy|Sci-Fi,2015,2.58333333333333,6
8907,"Fantastic Beasts and Where to Find Them",Fantasy,2016,3.67857142857143,14
8908,"The Hairdresser",Comedy|Drama,2010,4,1
8909,"The Star Wars Holiday Special",Adventure|Children|Comedy|Sci-Fi,1978,0.5,1
8910,"Mr. Holmes",Drama|Mystery,2015,3,1
8911,"The Secret Life of Pets",Animation|Comedy,2016,3.07142857142857,7
8912,"Ghost in the Shell: Stand Alone Complex - The Laughing Man",Action|Animation|Crime|Sci-Fi,2005,3.25,2
8913,"Self/less",Action|Mystery|Sci-Fi|Thriller,2015,2.75,2
8914,"The Last Witch Hunter",Action|Adventure|Fantasy,2015,3.33333333333333,3
8915,"Krampus",Comedy|Fantasy|Horror,2015,3.5,1
8916,"Suicide Squad",Action|Crime|Sci-Fi,2016,2.91666666666667,12
8917,"Independence Day: Resurgence",Action|Adventure|Sci-Fi,2016,2.375,4
8918,"Star Trek Beyond",Action|Adventure|Sci-Fi,2016,3.46666666666667,15
8919,"Golmaal",Children|Comedy,2006,4.5,1
8920,"Bruce Lee: A Warrior's Journey",Documentary,2000,3.5,1
8921,"Five Element Ninjas",Action,1982,3.5,1
8922,"The Magnificent Ruffians",Action|Drama,1979,4,1
8923,"Ted 2",Comedy,2015,2.77777777777778,9
8924,"Absolutely Anything",Comedy|Sci-Fi,2015,3,1
8925,"Minions",Adventure|Animation|Children|Comedy,2015,3.16666666666667,15
8926,"The Silence of the Hams",Comedy|Thriller,1994,3,1
8927,"Bloodsport III",Action|Thriller,1996,1.5,1
8928,"The Good Dinosaur",Adventure|Animation|Children|Comedy|Fantasy,2015,3,4
8929,"Black Mass",Crime|Drama,2015,2.5,3
8930,"Spectre",Action|Adventure|Crime,2015,3.05882352941176,17
8931,"The Professional: Golgo 13",Action|Animation|Crime,1983,3,1
8932,"Mortal Kombat: The Journey Begins",Action|Animation,1995,0.5,1
8933,"Sharknado 3: Oh Hell No!",Horror|Sci-Fi,2015,1,2
8934,"Scooby-Doo! and the Samurai Sword",Animation|Children|Comedy,2009,5,1
8935,"Scooby-Doo! and the Loch Ness Monster",Animation|Children|Comedy,2004,5,1
8936,"Big Top Scooby-Doo!",Animation|Children|Comedy,2012,5,1
8937,"Scooby-Doo Goes Hollywood",Animation|Children|Comedy,1979,5,1
8938,"Gabriel Iglesias: Hot and Fluffy",Comedy,2007,1.5,1
8939,"George Carlin: Back in Town",Comedy,1996,5,1
8940,"George Carlin: You Are All Diseased",Comedy,1999,5,1
8941,"Ghost in the Shell 2.0",Action|Animation|Sci-Fi,2008,3.75,2
8942,"Larry David: Curb Your Enthusiasm",Comedy,1999,5,1
8943,"Kevin Hart: Laugh at My Pain",Comedy|Documentary,2011,3.5,1
8944,"Tom and Jerry: Shiver Me Whiskers",Animation|Children|Comedy,2006,5,1
8945,"Jeff Dunham: All Over the Map",Comedy,2014,2,1
8946,"The FP",Comedy,2012,4.5,1
8947,"Kung Fu Panda: Secrets of the Masters",Animation|Children,2011,5,1
8948,"Steve Jobs",Drama,2015,3.75,6
8949,"Macbeth",Drama,2015,2.5,1
8950,"Vacation",Adventure|Comedy,2015,3.41666666666667,6
8951,"Creep",Horror|Thriller,2014,3,2
8952,"The Face of an Angel",Drama,2015,1.5,1
8953,"Wild Horses",Crime|Drama,2015,1,1
8954,"Search Party",Comedy,2014,2.25,2
8955,"The Squeeze",Comedy|Drama,2015,2,1
8956,"Careful What You Wish For",Thriller,2015,1.5,1
8957,"Robot Overlords",Action|Adventure|Sci-Fi,2014,1.5,1
8958,"Bad Asses on the Bayou",Action|Comedy,2015,2.5,1
8959,"The Eye: Infinity",Horror,2005,5,1
8960,"Kiss me Kismet",Comedy|Romance,2006,2.5,1
8961,"Da geht noch was!",Comedy|Drama|Romance,2013,3.5,1
8962,"Villain",Crime|Drama|Thriller,1971,5,1
8963,"The Lovers",Action|Adventure|Romance|Sci-Fi,2015,1.5,1
8964,"Batman v Superman: Dawn of Justice",Action|Adventure|Fantasy|Sci-Fi,2016,2.34375,16
8965,"God Loves Caviar",Adventure,2012,2,1
8966,"Mortuary",Horror,1983,2,1
8967,"April Morning",Drama,1988,2.5,1
8968,"Amy",Documentary,2015,3.5,4
8969,"That Demon Within",Crime|Thriller,2014,2,1
8970,"Carnival Magic",Drama|Fantasy,1981,0.5,1
8971,"Magic Mike XXL",Comedy|Drama,2015,4,1
8972,"The Jungle Book",Adventure|Drama|Fantasy,2016,3.63636363636364,11
8973,"Dragon Ball Z Gaiden: The Plot to Destroy the Saiyans",Action|Adventure|Animation,1993,4,1
8974,"Dragon Ball Z: Resurrection of F",Action|Adventure|Animation|Fantasy,2015,4,1
8975,"The Man from U.N.C.L.E.",Action|Adventure|Comedy,2015,3.47222222222222,18
8976,"Sorrow",Crime|Drama|Horror,2015,0.5,1
8977,"7 Days in Hell",Comedy,2015,4,2
8978,"The Walk",Adventure|Drama|Thriller,2015,3,2
8979,"13 Hours",Drama,2016,3.3,5
8980,"There Will Come a Day",Comedy|Drama,2013,3.5,1
8981,"The Opposite Sex",Comedy,2014,1.5,1
8982,"The Gallows",Horror|Thriller,2015,1.5,1
8983,"Tokyo Tribe",Action|Crime|Drama|Sci-Fi,2014,5,1
8984,"Feast",Animation|Children|Comedy|Drama|Romance,2014,3,1
8985,"Joe Dirt 2: Beautiful Loser",Comedy,2015,0.5,1
8986,"Return to Treasure Island",Adventure|Animation|Comedy,1988,5,1
8987,"Nasu: Summer in Andalusia",Animation,2003,5,1
8988,"Dark Places",Drama|Mystery|Thriller,2015,2,1
8989,"Afro Samurai",Action|Adventure|Animation|Drama|Fantasy,2007,2.5,1
8990,"Massu Engira Maasilamani",Comedy|Horror|Thriller,2015,4.5,1
8991,"The Revenant",Adventure|Drama,2015,3.90322580645161,31
8992,"Irrational Man",Crime|Drama,2015,3,1
8993,"Exte: Hair Extensions",Horror,2007,3,1
8994,"Ooops! Noah is Gone...",Animation,2015,5,1
8995,"Southpaw",Action|Drama,2015,2.83333333333333,6
8996,"Sicario",Crime|Drama|Mystery,2015,3.54545454545455,11
8997,"Goodnight Mommy",Drama|Fantasy|Horror|Thriller,2014,3,1
8998,"10 Cent Pistol",Crime|Thriller,2015,1.25,2
8999,"Before We Go",Romance,2014,3.5,1
9000,"Anomalisa",Animation|Comedy|Fantasy,2015,3.25,2
9001,"Colonia",Thriller,2016,1.5,1
9002,"Ghost in the Shell Arise - Border 2: Ghost Whispers",Action|Animation|Sci-Fi|Thriller,2013,2.5,1
9003,"How to Make Love Like an Englishman",Comedy|Romance,2014,2.25,2
9004,"Fracchia contro Dracula",Comedy|Horror,1985,4,1
9005,"Always Watching: A Marble Hornets Story",Horror,2015,2,1
9006,"Madly in Love",Comedy,1981,4.5,1
9007,"The Intern",Comedy,2015,3.65384615384615,13
9008,"Hollywood Chainsaw Hookers",Comedy|Horror,1988,5,1
9009,"Love",Drama|Romance,2015,4.5,1
9010,"Room",Drama,2015,3.5625,8
9011,"The Runner",Drama,2015,2,1
9012,"The Gift",Drama|Horror,2015,3.25,4
9013,"George Carlin: Jammin' in New York",Comedy,1992,5,1
9014,"The Witch",Horror,2015,4,1
9015,"Men & Chicken",Comedy|Drama,2015,4,1
9016,"The Escort",Comedy|Romance,2015,3,1
9017,"Doctor Who: The Waters of Mars",Adventure|Children|Sci-Fi,2009,4,4
9018,"Family Guy Presents: Something, Something, Something, Dark Side",Animation|Comedy|Sci-Fi,2009,4.5,1
9019,"Visit, The",Comedy|Horror,2015,3.5,1
9020,"Secret in Their Eyes",Crime|Drama|Mystery,2015,1.5,1
9021,"The Electric Hotel",Animation|Comedy|Sci-Fi,1908,4,1
9022,"Jeff Ross Roasts Criminals: Live at Brazos County Jail",Comedy|Documentary,2015,4,1
9023,"Battle For Sevastopol",Drama|Romance|War,2015,5,1
9024,"American Ultra",Action|Comedy|Sci-Fi|Thriller,2015,2.66666666666667,6
9025,"Straight Outta Compton",Drama,2015,4.21428571428571,7
9026,"Cop Car",Crime|Thriller,2015,3.5,2
9027,"The Lost Room",Action|Fantasy|Mystery,2006,3.5,1
9028,"Tangerine",Comedy|Drama,2015,4.5,1
9029,"Every Secret Thing",Crime|Drama|Mystery|Thriller,2014,2,1
9030,"964 Pinocchio",Horror|Sci-Fi,1991,1,1
9031,"Joy",Comedy|Drama,2015,3.2,5
9032,"Ready Player One",Action|Sci-Fi|Thriller,NaN,3.5,4
9033,"Victor Frankenstein",Drama|Horror|Sci-Fi,2015,3.25,2
9034,"Guardians",(no genres listed),2016,2.5,1
9035,"Invincible Shaolin",Action,1978,4,1
9036,"Scouts Guide to the Zombie Apocalypse",Action|Comedy|Horror,2015,3.75,2
9037,"Suffragette",Drama,2015,2.5,1
9038,"Fort Tilden",Comedy,2014,4,1
9039,"Turbo Kid",Action|Adventure|Sci-Fi,2015,3.5,3
9040,"The Unauthorized Saved by the Bell Story",Comedy|Drama,2014,3.5,1
9041,"War Room",Drama,2015,0.5,1
9042,"Legend",Crime|Thriller,2015,3.5,2
9043,"Deathgasm",Comedy|Horror,2015,5,1
9044,"The Danish Girl",Drama,2015,3.75,2
9045,"Cooties",Comedy|Horror,2015,3.5,1
9046,"Autumn Marathon",Comedy|Drama,1979,4,1
9047,"12 Chairs",Adventure|Comedy,1976,5,1
9048,"Ordinary Miracle",Comedy|Drama|Fantasy|Romance,1978,4.5,1
9049,"Old Men: Robbers",Comedy,1971,4,1
9050,"Unbelievable Adventures of Italians in Russia",Adventure|Comedy,1974,3.25,2
9051,"It Can't Be!",Comedy,1975,4.5,1
9052,"12 Chairs",Adventure|Comedy,1971,4.5,1
9053,"Steve Jobs: The Man in the Machine",Documentary,2015,4,1
9054,"Green Room",(no genres listed),2015,3.33333333333333,3
9055,"Beasts of No Nation",Drama|War,2015,3,2
9056,"Bloodsucking Bastards",Comedy|Horror,2015,5,1
9057,"Saving Christmas",Children|Comedy,2014,0.5,1
9058,"Oscar",Comedy,1967,5,1
9059,"Iron Man & Hulk: Heroes United",Action|Adventure|Animation,2013,3,1
9060,"Knock Knock",Crime|Horror|Thriller,2015,1.5,1
9061,"The Blue Planet",Documentary,2001,4.75,2
9062,"Cornered!",Comedy|Horror,2009,4.5,1
9063,"Demolition",Drama,2016,3.125,4
9064,"Cigarette Burns",Horror|Thriller,2005,3,1
9065,"Our Brand Is Crisis",Comedy|Drama,2015,2.75,2
9066,"High Rise",Action|Drama|Sci-Fi,2015,3,2
9067,"The Night Before",Comedy,2015,4.25,4
9068,"Into the Forest",Drama|Sci-Fi,2015,2,1
9069,"The Editor",Comedy|Horror|Mystery,2015,5,1
9070,"Everest",Adventure|Drama|Thriller,2015,3.08333333333333,6
9071,"The Brand New Testament",(no genres listed),2015,4,2
9072,"Spotlight",Thriller,2015,4.15789473684211,19
9073,"Pawn Sacrifice",Drama,2015,2.5,1
9074,"Hardcore Henry",Action|Adventure|Sci-Fi,2015,3.75,2
9075,"Burnt",Drama,2015,2,3
9076,"Ryuzo and the Seven Henchmen",Action|Comedy,2015,4.5,1
9077,"If I Were a Rich Man",Comedy,2002,3,1
9078,"Last Shift",Horror,2014,4,1
9079,"F*ck You, Goethe 2",Comedy,2015,1,1
9080,"Garam Masala",Comedy,2005,4.5,1
9081,"Life Eternal",Comedy|Crime|Thriller,2015,2.5,1
9082,"Hotel Transylvania 2",Animation|Comedy,2015,2.875,4
9083,"Anti-Social",Crime,2015,1.5,1
9084,"Jump In!",Comedy|Drama|Romance,2007,5,1
9085,"The Little Prince",Animation|Fantasy,2015,2.25,2
9086,"Narcopolis",Mystery|Sci-Fi|Thriller,2014,1.5,1
9087,"Ashby",Comedy|Drama,2015,3,2
9088,"Wonder Woman",Action|Adventure|Fantasy,2017,3.30769230769231,13
9089,"The Circle",Drama|Sci-Fi|Thriller,2016,2.5,1
9090,"Silence",Drama|Thriller,2016,3.75,2
9091,"Bridge of Spies",Drama|Thriller,2015,3.4375,8
9092,"Hyena Road",(no genres listed),NaN,2,1
9093,"The Great Hypnotist",Drama|Mystery|Thriller,2014,4,1
9094,"Into the Grizzly Maze",Action|Horror|Thriller,2015,1.5,1
9095,"Human",Documentary,2015,5,1
9096,"Chasuke's Journey",Comedy|Drama,2015,4,1
9097,"L.A. Slasher",Comedy|Crime|Fantasy,2015,5,1
9098,"Hail, Caesar!",Comedy,2016,2.8125,8
9099,"How To Change The World",Documentary,2015,4.5,1
9100,"Er ist wieder da",Comedy,2015,2.83333333333333,3
9101,"Just Eat It: A Food Waste Story",Documentary,2014,4,1
9102,"Bros Before Hos",Comedy,2013,3,1
9103,"Slow Learners",Comedy|Romance,2015,2,1
9104,"Unforgiven",Action|Crime|Drama,2013,0.5,1
9105,"Sex, Drugs & Taxation",Comedy|Drama,2013,4.5,1
9106,"Sky High",Action|Horror|Thriller,2003,2,1
9107,"Confessions of a Dangerous Mind",Comedy|Crime|Drama|Romance|Thriller,2002,4,1
9108,"Goosebumps",Adventure|Comedy|Horror,2015,2,2
9109,"The Perfect Guy",Drama|Thriller,2015,1.5,1
9110,"Rock the Kasbah",Comedy,2015,2,1
9111,"Freaks of Nature",Comedy|Horror|Sci-Fi,2015,4.5,1
9112,"Bone Tomahawk",Horror|Western,2015,4.5,2
9113,"Extraordinary Tales",Animation|Horror|Mystery,2015,2.5,1
9114,"The Dressmaker",Comedy|Drama|Thriller,2015,3,1
9115,"Nowitzki: The Perfect Shot",Documentary,2014,3.5,1
9116,"Trumbo",Drama,2015,4,1
9117,"Our Lips Are Sealed",Children|Comedy|Drama,2000,3.5,1
9118,"Idaho Transfer",Sci-Fi,1973,0.5,1
9119,"Witch Hunt",Crime|Drama,1999,2.5,1
9120,"Concussion",Drama,2015,2.5,3
9121,"Peanuts Movie, The",Adventure|Animation|Children|Comedy,2015,1.5,1
9122,"Bloodsport: The Dark Kumite",Action|Thriller,1999,0.5,1
9123,"Formula of Love",Comedy,1984,5,1
9124,"A Man from Boulevard des Capucines",Comedy|Romance|Western,1987,4,1
9125,"The Adventures of Sherlock Holmes and Dr. Watson: The Hound of the Baskervilles",Crime|Mystery,1981,4,1
9126,"Blue Mountain State: The Rise of Thadland",Comedy,2015,3,1
9127,"Dil To Pagal Hai",Comedy|Drama|Romance,1997,4,1
9128,"The Boy and the Beast",Action|Adventure|Animation,2015,4,1
9129,"Creed",Drama,2015,3.75,8
9130,"Dragons: Gift of the Night Fury",Adventure|Animation|Comedy,2011,5,1
9131,"Twinsters",Documentary,2015,4,1
9132,"Cosmic Scrat-tastrophe",Animation|Children|Comedy,2015,5,1
9133,"Solace",Fantasy|Mystery|Thriller,2015,2,1
9134,"Lost in the Sun",Action|Drama|Thriller,2015,2,1
9135,"Le Maître d'école",Comedy,1981,4,1
9136,"Eros",Drama|Romance,2004,4,1
9137,"Those Happy Days",Children|Comedy,2006,3,1
9138,"The Girls",Comedy|Romance,1961,5,1
9139,"The Adventures of Sherlock Holmes and Doctor Watson",(no genres listed),NaN,5,1
9140,"What Men Still Talk About",Comedy,2011,4,1
9141,"The Adventures of Sherlock Holmes and Doctor Watson: The Treasures of Agra",Crime|Mystery,1983,5,1
9142,"Adventures Of Sherlock Holmes And Dr. Watson: The Twentieth Century Approaches",Crime|Mystery,1986,5,1
9143,"The Adventures of Sherlock Holmes and Doctor Watson: King of Blackmailers",Crime|Mystery,1980,5,1
9144,"The Adventures of Sherlock Holmes and Dr. Watson: Bloody Signature",Crime,1979,5,1
9145,"Sherlock Holmes and Dr. Watson: Acquaintance",Crime,1979,5,1
9146,"Doctor Who: Last Christmas",Adventure|Drama|Fantasy|Sci-Fi,2014,3.75,2
9147,"Doctor Who: The Doctor, the Widow and the Wardrobe",Adventure|Drama,2011,4.16666666666667,3
9148,"Doctor Who: A Christmas Carol",Sci-Fi,2010,4.75,2
9149,"Doctor Who: Planet of the Dead",Adventure|Children|Drama|Sci-Fi,2009,3,4
9150,"Doctor Who: The Next Doctor",Adventure|Children|Drama|Sci-Fi,2008,2.875,4
9151,"Doctor Who: Voyage Of The Damned",Action|Sci-Fi,2007,4.5,3
9152,"Doctor Who: The Runaway Bride",Sci-Fi,2007,4,4
9153,"A Perfect Day",Comedy|Drama,2015,5,1
9154,"Masked Avengers",Action,1981,4,1
9155,"Return of the One-Armed Swordsman",Action|Adventure,1969,3,1
9156,"The Lord's Lantern in Budapest",Comedy|Drama,1999,4.5,1
9157,"Hitchcock/Truffaut",Documentary,2015,3.5,1
9158,"The 5th Wave",Adventure|Sci-Fi|Thriller,2016,2.5,2
9159,"A Very Murray Christmas",Comedy,2015,2.5,1
9160,"Chi-Raq",Comedy|Drama,2015,3.75,2
9161,"Truth",Drama,2015,3,1
9162,"Just Jim",Comedy,2015,3,1
9163,"Big Short, The",Drama,2015,3.96153846153846,26
9164,"Applesauce",Comedy,2015,4.5,1
9165,"The Ridiculous 6",Comedy|Western,2015,3.25,2
9166,"John Mulaney: The Comeback Kid",Comedy,2015,3.5,1
9167,"Saw",Crime|Horror,2003,4.5,2
9168,"North Pole: Open For Christmas",Children|Fantasy,2015,2,1
9169,"Mojave",Thriller,2015,2,1
9170,"Wizards of Waverly Place: The Movie",Adventure|Children|Comedy|Drama|Fantasy|Sci-Fi,2009,4,1
9171,"World of Tomorrow",Animation|Comedy,2015,4.5,2
9172,"Zoolander 2",Comedy,2016,2.5,3
9173,"How to Be Single",Comedy|Romance,2016,3.125,4
9174,"Blue Exorcist: The Movie",Animation|Fantasy|Horror|Mystery,2012,4,1
9175,"Devil Dog: The Hound of Hell",Horror,1978,4,1
9176,"He Never Died",Comedy|Drama|Horror,2015,3.5,1
9177,"Parasyte: Part 1",Horror|Sci-Fi,2014,4,1
9178,"Parasyte: Part 2",Horror|Sci-Fi,2015,4,1
9179,"A Cosmic Christmas",(no genres listed),1977,4,1
9180,"Nocturnal Animals",Drama|Thriller,NaN,3,1
9181,"Lumberjack Man",Comedy|Horror,2015,5,1
9182,"Daddy's Home",Comedy,2015,2.66666666666667,6
9183,"Sisters",Children|Comedy,2015,2.5,7
9184,"'Tis the Season for Love",Romance,2015,1.5,1
9185,"Kung Fu Panda 3",Action|Adventure|Animation,2016,3.375,8
9186,"Spellbound",Comedy|Romance,2011,5,1
9187,"Unicorn City",Comedy|Romance,2012,5,1
9188,"Standoff",Thriller,2016,2.5,1
9189,"Swelter",Action|Drama|Thriller,2014,2,1
9190,"Pride and Prejudice and Zombies",Comedy|Horror|Romance|Thriller,2016,4.5,1
9191,"Garm Wars: The Last Druid",Action|Sci-Fi|Thriller,2014,2,1
9192,"The Devil's Candy",Horror,2015,2,1
9193,"Close Range",Action|Crime,2015,3,2
9194,"Sherlock: The Abominable Bride",Action|Crime|Drama|Mystery|Thriller,2016,3.85,10
9195,"The Love Bug",Adventure|Children|Comedy|Fantasy,1997,5,1
9196,"Doctor Who: The Husbands of River Song",Comedy|Drama|Sci-Fi,2015,4.25,2
9197,"Moonwalkers",Comedy,2015,2.5,1
9198,"Tomorrow",Documentary,2015,4.5,1
9199,"Anacleto: Agente secreto",Action|Comedy,2015,4,1
9200,"Wiener-Dog",Comedy,2016,3,1
9201,"Ride Along 2",Action|Comedy,2016,2,3
9202,"Maggie's Plan",Comedy,2015,2,1
9203,"Eddie the Eagle",Comedy,2016,2.83333333333333,3
9204,"The Flash 2 - Revenge of the Trickster",Action|Fantasy|Sci-Fi,1991,1.5,1
9205,"Exposed",Drama,2016,1.5,1
9206,"Stonewall",Drama,2015,2.5,1
9207,"Frankenstein",Horror|Thriller,2015,2,1
9208,"Welcome to Happiness",Comedy|Drama|Fantasy,2015,1.5,1
9209,"Risen",Children|Drama,2016,0.5,1
9210,"The Survivalist",Drama|Sci-Fi|Thriller,2015,4,1
9211,"Dirty Grandpa",Comedy,2016,2.875,4
9212,"Reptilicus",Horror|Sci-Fi,1961,0.5,1
9213,"Requiem for the American Dream",Documentary,2015,2.5,1
9214,"Death Note Rewrite: Genshisuru Kami",Mystery,2007,4,2
9215,"Three from Prostokvashino",Animation,1978,5,1
9216,"The Finest Hours",Drama|Thriller,2016,3,1
9217,"Ghost in the Shell: Solid State Society",Action|Animation|Crime|Sci-Fi|Thriller,2006,3.5,1
9218,"Grease Live",(no genres listed),2016,2,2
9219,"Gods of Egypt",Adventure|Fantasy,2016,0.5,1
9220,"Embrace of the Serpent",Adventure|Drama,2016,3.5,1
9221,"Race",Drama,2016,1.5,1
9222,"10 Cloverfield Lane",Thriller,2016,3.67857142857143,14
9223,"London Has Fallen",Action|Crime|Thriller,2016,2,2
9224,"Zootopia",Action|Adventure|Animation|Children|Comedy,2016,3.890625,32
9225,"Whiskey Tango Foxtrot",Comedy|War,2016,3.33333333333333,3
9226,"Desierto",Drama,2016,2.5,1
9227,"The Brothers Grimsby",Comedy,2016,3.125,4
9228,"Dad's Army",Comedy,1971,4.5,1
9229,"Michael Jackson's Thriller",Horror,1983,4,1
9230,"The Wait",Drama,2015,3.5,1
9231,"War and Peace",Drama|Romance,2016,3.5,1
9232,"Southbound",Horror,2016,3.5,1
9233,"Ip Man 3",Action,2015,4,1
9234,"Santa's Little Helper",Children,2015,1.5,1
9235,"Who Killed Chea Vichea?",Documentary,2010,5,1
9236,"Hunt for the Wilderpeople",Adventure|Comedy,2016,4.375,4
9237,"Rabbits",Comedy|Drama|Fantasy,2002,3.5,1
9238,"Genius Party",Animation,2007,3,1
9239,"Long Live Ghosts!",Children|Comedy|Fantasy,1977,3,1
9240,"Tears for Sale",Comedy|Drama|Fantasy,2008,4,1
9241,"Dad's Army",Comedy,2016,2,1
9242,"The Barkley Marathons: The Race That Eats Its Young",Documentary,2015,4,1
9243,"Merci Patron !",Comedy|Documentary,2016,4,1
9244,"The Neon Demon",Drama|Horror|Mystery,2016,3,2
9245,"Fraktus",Comedy,2012,4,1
9246,"Eye in the Sky",Drama|Thriller|War,2016,2.83333333333333,3
9247,"Camino",Action|Adventure|Thriller,2016,2,1
9248,"Mr. Right",Action|Comedy|Romance,2016,3.5,3
9249,"Noin 7 veljestä",(no genres listed),1968,3,1
9250,"Florence Foster Jenkins",Comedy|Drama,2016,4,1
9251,"My Big Fat Greek Wedding 2",Comedy,2016,2,1
9252,"Neon Bull",Adventure,2015,3.5,1
9253,"Get a Job",Comedy,2016,3.25,2
9254,"Keanu",Comedy,2016,2.5,2
9255,"Me Him Her",Comedy,2015,2,1
9256,"Ice Age: The Great Egg-Scapade",Adventure|Animation|Children|Comedy,2016,5,1
9257,"Everybody Wants Some",Comedy,2016,4.16666666666667,3
9258,"Sing Street",Drama,2016,3.83333333333333,3
9259,"Zoom",Animation|Comedy|Drama,2015,2.5,1
9260,"Paterson",(no genres listed),NaN,4.5,1
9261,"The Huntsman Winter's War",Action|Adventure|Drama|Fantasy,2016,1,3
9262,"Neighbors 2: Sorority Rising",Comedy,2016,2.6,5
9263,"Project X",Mystery|Sci-Fi,1968,2,1
9264,"The Trust",Crime|Thriller,2016,2.5,1
9265,"Hush",Thriller,2016,2.66666666666667,3
9266,"Jimmy Carr: Telling Jokes",Comedy,2009,4,1
9267,"Jimmy Carr: Making People Laugh",Comedy,2010,2.5,1
9268,"Texas - Doc Snyder hält die Welt in Atem",Comedy|Western,1993,4.5,1
9269,"00 Schneider - Jagd auf Nihil Baxter",Comedy|Crime,1994,4.5,1
9270,"The Man Who Knew Infinity",Drama,2016,3,1
9271,"Despite the Falling Snow",Drama|Romance|Thriller,2016,2,1
9272,"Wizards of the Lost Kingdom II",Action|Fantasy,1989,0.5,1
9273,"Money Monster",Drama|Thriller,2016,2.25,2
9274,"Barbershop: The Next Cut",Comedy,2016,2.5,1
9275,"Finding Dory",Adventure|Animation|Comedy,2016,3.57692307692308,13
9276,"The Boss",Comedy,2016,2.66666666666667,3
9277,"The Angry Birds Movie",Animation|Comedy,2016,2.5,1
9278,"Bakuman",Comedy|Drama,2015,4,1
9279,"I Am Wrath",Action|Crime|Drama|Thriller,2016,1.5,1
9280,"Precious Cargo",Action|Crime,2016,1,1
9281,"Snowden",Drama|Thriller,2016,3.83333333333333,6
9282,"Tenchi Muyô! In Love",Animation|Comedy,1996,5,1
9283,"Ratchet & Clank",Action|Adventure|Animation|Children|Comedy|Sci-Fi,2016,1.5,1
9284,"Kicking Off",Comedy,2016,1.5,1
9285,"SORI: Voice from the Heart",Drama|Sci-Fi,2016,5,1
9286,"Gintama: The Final Chapter - Be Forever Yorozuya",Action|Animation|Comedy,2013,3.5,1
9287,"The Nice Guys",Crime|Mystery|Thriller,2016,3.83333333333333,15
9288,"Kindergarten Cop 2",Action|Comedy,2016,1.5,1
9289,"Buck Rogers in the 25th Century",Sci-Fi,1979,2.5,1
9290,"World of Glory",Comedy,1991,5,1
9291,"The Crew",Action,2016,2.5,1
9292,"The Shallows",Drama|Thriller,2016,2.5,1
9293,"Gen-X Cops",Action|Comedy|Thriller,1999,3.5,1
9294,"The Handmaiden",Drama|Romance|Thriller,2016,2.66666666666667,3
9295,"Alice Through the Looking Glass",Adventure|Children|Fantasy,2016,2,4
9296,"The BFG",Children|Fantasy,2016,2.5,1
9297,"My Scientology Movie",Documentary,2016,3.5,1
9298,"Sausage Party",Animation|Comedy,2016,3.64285714285714,7
9299,"Karate Bullfighter",Action|Drama,1975,3,1
9300,"All Yours",Comedy|Drama|Romance,2016,5,1
9301,"Kill Command",Action|Horror|Sci-Fi,2016,2.5,2
9302,"Captain Fantastic",Drama,2016,4.5,5
9303,"Toni Erdmann",Drama,2016,3.66666666666667,3
9304,"The Wailing",Mystery|Thriller,2016,3,1
9305,"Comedy of the Strict Regime",Comedy,1993,4.5,1
9306,"The Meddler",Comedy|Drama,2016,2.5,1
9307,"Now You See Me 2",Action|Comedy|Thriller,2016,3.63636363636364,11
9308,"Ali Wong: Baby Cobra",(no genres listed),2016,4.5,1
9309,"Café Society",Comedy|Drama|Romance,2016,3,1
9310,"Neo Tokyo",Adventure|Animation|Fantasy|Horror|Sci-Fi,1987,3,1
9311,"Swiss Army Man",Comedy|Drama|Romance,2016,3.25,2
9312,"The Do-Over",Comedy,2016,3.5,2
9313,"Death Smiles on a Murderer",Horror,1973,2,1
9314,"Teenage Mutant Ninja Turtles: Out of the Shadows",Action|Adventure|Comedy,2016,2,1
9315,"The Fundamentals of Caring",Drama,2016,3.75,2
9316,"Popstar: Never Stop Never Stopping",Comedy,2016,2.75,2
9317,"A Midsummer Night's Dream",(no genres listed),2016,4,1
9318,"The Bremen Town Musicians",Animation|Drama|Fantasy,1969,5,1
9319,"Planet Earth",Documentary,2006,4.21428571428571,7
9320,"Bo Burnham: Make Happy",Comedy,2016,2.5,1
9321,"The Conjuring 2",Horror,2016,2.25,2
9322,"Pelé: Birth of a Legend",Drama,2016,4.5,1
9323,"Ghostbusters",Action|Comedy|Horror|Sci-Fi,2016,3.125,8
9324,"Central Intelligence",Action|Comedy,2016,3.625,4
9325,"O.J.: Made in America",Documentary,2016,4.5,1
9326,"Bloodmoon",Action|Thriller,1997,2.5,1
9327,"Genius",Drama,2016,3,1
9328,"The Wooden Horse",Drama|War,1950,3,1
9329,"Jason Bourne",Action,2016,2.72222222222222,9
9330,"The Maid's Room",Thriller,2014,1.5,1
9331,"Sympathy for the Underdog",Action|Crime|Drama,1971,4.5,1
9332,"The Legend of Tarzan",Action|Adventure,2016,3.08333333333333,6
9333,"The Purge: Election Year",Action|Horror|Sci-Fi,2016,2.75,2
9334,"Mike & Dave Need Wedding Dates",Comedy,2016,3.33333333333333,3
9335,"Ice Age: Collision Course",Adventure|Animation|Children|Comedy,2016,1,1
9336,"Lights Out",Horror,2016,3,2
9337,"Pete's Dragon",Adventure|Children|Fantasy,2016,3,1
9338,"Indignation",Drama,2016,5,1
9339,"Goat",Drama,2016,2.5,1
9340,"Marauders",Action,2016,3.5,1
9341,"Piper",Animation,2016,4.5,2
9342,"The Adderall Diaries",Action|Drama|Thriller,2015,2,1
9343,"Hazard",Action|Drama|Thriller,2005,3,1
9344,"The Red Turtle",Animation,2016,4.5,1
9345,"Satanic",Horror,2016,0.5,1
9346,"Nerve",Drama|Thriller,2016,2.625,4
9347,"Hellevator",Horror|Sci-Fi,2004,1,1
9348,"Sully",Drama,2016,3.16666666666667,6
9349,"The Forbidden Dance",(no genres listed),1990,2.5,1
9350,"Jim Jefferies: Freedumb",Comedy,2016,4.5,1
9351,"The Grandmother",Action|Drama,1970,2.5,1
9352,"Webmaster",Sci-Fi,1998,3,1
9353,"The Infiltrator",Crime|Drama,2016,3.75,2
9354,"War Dogs",Comedy,2016,3.625,8
9355,"Vigilante Diaries",Action,2016,1,1
9356,"Batman: The Killing Joke",Action|Animation|Crime|Drama,2016,3,1
9357,"Bad Moms",Comedy,2016,3.83333333333333,3
9358,"Hell or High Water",Crime|Drama,2016,3.5625,8
9359,"Kingsglaive: Final Fantasy XV",Action|Adventure|Animation|Drama|Fantasy|Sci-Fi,2016,3.5,1
9360,"Don't Breathe",Thriller,2016,3.3,5
9361,"Body",Drama|Horror|Thriller,2015,1,1
9362,"Sharknado 4: The 4th Awakens",Action|Adventure|Horror|Sci-Fi,2016,1.5,1
9363,"The Edge of Seventeen",Comedy,2016,3.25,2
9364,"Elle",Thriller,2016,4,1
9365,"Train to Busan",Action|Thriller,2016,3.5,1
9366,"Tom Segura: Mostly Stories",Comedy,2016,5,1
9367,"The Magnificent Seven",Action|Western,2016,3.58333333333333,6
9368,"Moonlight",Drama,NaN,5,1
9369,"Masterminds",Action|Comedy|Crime,2016,4,3
9370,"Kubo and the Two Strings",Adventure|Animation|Children|Fantasy,2016,4,6
9371,"Bridget Jones's Baby",Comedy|Romance,2016,1,1
9372,"Deepwater Horizon",Drama,2016,3.5,1
9373,"Miss Peregrine's Home for Peculiar Children",Fantasy,2016,3,3
9374,"The Girl on the Train",Thriller,2016,4.5,1
9375,"The Accountant",Crime|Drama|Thriller,2016,3,6
9376,"Imperium",Crime|Drama|Thriller,2016,2.5,1
9377,"Kizumonogatari Part 1: Tekketsu",Action|Animation|Mystery,2016,4,1
9378,"Steins;Gate the Movie: The Burden of Déjà vu",Animation|Drama|Sci-Fi,2013,3,1
9379,"Shin Godzilla",Action|Adventure|Fantasy|Sci-Fi,2016,4,1
9380,"Winnie Pooh",Animation|Children,1969,5,1
9381,"Winnie the Pooh Goes Visiting",Animation,1971,5,1
9382,"Your Name.",Animation|Drama|Fantasy|Romance,2016,4,3
9383,"Winnie the Pooh and the Day of Concern",Animation,1972,5,1
9384,"Comedy Central Roast of David Hasselhoff",Comedy,2010,4,1
9385,"DC Super Hero Girls: Hero of the Year",Animation,2016,4,1
9386,"Hacksaw Ridge",Drama|War,2016,3.9375,8
9387,"David Cross: Making America Great Again",Comedy,2016,3,1
9388,"Over the Garden Wall",Adventure|Animation|Drama,2013,2.5,1
9389,"Wings, Legs and Tails",Animation|Comedy,1986,5,1
9390,"Blair Witch",Horror|Thriller,2016,3.5,1
9391,"31",Horror,2016,3.5,1
9392,"ARQ",Sci-Fi|Thriller,2016,4.5,1
9393,"Arrival",Sci-Fi,2016,3.98076923076923,26
9394,"Storks",Animation|Children|Comedy,2016,4,2
9395,"Maximum Ride",Action|Adventure|Comedy|Fantasy|Sci-Fi|Thriller,2016,4.5,1
9396,"Endless Poetry",Drama|Fantasy,2016,3.5,1
9397,"The Girl with All the Gifts",Drama|Horror|Sci-Fi|Thriller,2016,5,1
9398,"All Roads Lead to Rome",Comedy,2016,1.5,1
9399,"Amanda Knox",Documentary,2016,3.5,1
9400,"Dirty 30",Comedy|Romance,2016,2.5,1
9401,"Gimme Danger",Documentary,2016,2,1
9402,"Go Figure",Children|Comedy|Drama,2005,4,1
9403,"Anything for Love",Romance,2016,2,1
9404,"Night Guards",Action|Sci-Fi,2016,1.5,1
9405,"La La Land",Comedy|Drama|Romance,2016,3.38888888888889,9
9406,"13th",Documentary,2016,4.5,2
9407,"London Town",Drama,2016,2.5,1
9408,"Inferno",Mystery|Thriller,2016,2.875,4
9409,"Keeping Up with the Joneses",Comedy,2016,3.75,2
9410,"Wild Oats",Comedy,2016,2,1
9411,"The Rocky Horror Picture Show: Let's Do the Time Warp Again",Comedy|Horror|Sci-Fi|Thriller,2016,1.5,1
9412,"Jack Reacher: Never Go Back",Action|Crime|Drama|Mystery|Thriller,2016,2,1
9413,"Joe Rogan: Triggered",Comedy,2016,4,1
9414,"Ethel & Ernest",(no genres listed),2016,2.5,1
9415,"Flowers for Algernon",Drama,2000,2,1
9416,"Manchester by the Sea",Drama,2016,2.9,5
9417,"Lion",Drama,2016,4.5,1
9418,"The Thinning",Thriller,2016,1,1
9419,"While You Were Fighting: A Thor Mockumentary",Comedy|Fantasy|Sci-Fi,2016,3.83333333333333,3
9420,"Bad Santa 2",Comedy,2016,0.5,1
9421,"Ice Guardians",Documentary,2016,4.5,1
9422,"Risk",Documentary,2016,4,1
9423,"The True Memoirs of an International Assassin",Action|Comedy,2016,3.25,2
9424,"Alesha Popovich and Tugarin the Dragon",Animation|Comedy|Drama,2004,5,1
9425,"HyperNormalisation",Documentary,2016,4,2
9426,"The African Doctor",Comedy|Drama,2016,3.5,1
9427,"Whiplash",(no genres listed),2013,4.75,2
9428,"Junior and Karlson",Adventure|Animation|Children,1968,5,1
9429,"Sapphire Blue",Adventure|Children|Fantasy|Sci-Fi,2014,4,1
9430,"A Silent Voice",Animation|Drama|Romance,2016,4,2
9431,"Moana",Adventure|Animation|Children|Comedy|Fantasy,2016,3.45,10
9432,"Office Christmas Party",Comedy,2016,3.5,3
9433,"The Space Between Us",Adventure|Sci-Fi,2016,1,1
9434,"Rogue One: A Star Wars Story",Action|Adventure|Fantasy|Sci-Fi,2016,3.92592592592593,27
9435,"Split",Drama|Horror|Thriller,2017,3.33333333333333,6
9436,"Underworld: Blood Wars",Action|Horror,2016,3,1
9437,"Miss Sloane",Thriller,2016,4.5,2
9438,"Passengers",Adventure|Drama|Romance|Sci-Fi,2016,3.66666666666667,6
9439,"Hidden Figures",Drama,2016,3.8,10
9440,"Fences",Drama,2016,3,1
9441,"The Founder",Drama,2016,4.25,2
9442,"Why Him?",Comedy,2016,3.125,4
9443,"Sing",Animation|Children|Comedy,2016,3.75,4
9444,"I Am Not Your Negro",Documentary,2017,5,1
9445,"Iron Man",Drama,1931,0.5,1
9446,"Assassin's Creed",Action|Adventure|Sci-Fi,2016,2.5,2
9447,"A Dog's Purpose",Comedy|Drama,2017,4.5,1
9448,"Microwave Massacre",Horror,1983,1,1
9449,"The OA",(no genres listed),NaN,4,1
9450,"Fist Fight",Comedy,2017,4.5,1
9451,"Shakespeare Behind Bars",Documentary,2005,2.5,1
9452,"A Street Cat Named Bob",Comedy|Drama,2016,3.5,1
9453,"The Lego Batman Movie",Action|Animation|Comedy,2017,3.71428571428571,7
9454,"The Spirit of Christmas",Animation|Comedy,1995,1.5,1
9455,"The Good Boy",Children|Comedy|Drama,2016,3.5,1
9456,"Dana Carvey: Straight White Male, 60",Comedy,2016,4.5,1
9457,"Marvel One-Shot: Agent Carter",Action|Adventure|Fantasy|Sci-Fi,2013,4,1
9458,"Kizumonogatari II: Passionate Blood",Animation|Fantasy|Mystery,2016,4,1
9459,"Joe Rogan: Live",Comedy,2006,4,1
9460,"Jim Gaffigan: Cinco",Comedy,2017,3,1
9461,"Kizumonogatari III: Cold Blood",Animation|Fantasy|Mystery,2017,4.5,1
9462,"John Wick: Chapter Two",Action|Crime|Thriller,2017,4.14285714285714,7
9463,"Get Out",Horror,2017,3.63333333333333,15
9464,"Logan",Action|Sci-Fi,2017,4.28,25
9465,"Kong: Skull Island",Action|Adventure|Fantasy,2017,3.125,4
9466,"T2: Trainspotting",Crime|Drama,2017,3.75,4
9467,"The Big Sick",Comedy|Romance,2017,4,4
9468,"100 Streets",Drama,2016,2.5,1
9469,"Saturn 3",Sci-Fi|Thriller,1980,2.5,1
9470,"Beauty and the Beast",Fantasy|Romance,2017,3.5,2
9471,"The Boss Baby",Animation|Children|Comedy,2017,3.8,5
9472,"Mercury Plains",Action|Adventure|Drama,2016,2,1
9473,"Call Me by Your Name",Drama|Romance,2017,3.75,4
9474,"Mudbound",Drama,2017,3,1
9475,"Ghost in the Shell",Action|Drama|Sci-Fi,2017,3.75,2
9476,"Bill Burr: Walk Your Way Out",Comedy,2017,4,1
9477,"Fifty Shades Darker",Drama|Romance,2017,1,1
9478,"Neal Brennan: 3 Mics",Comedy,2017,4.5,1
9479,"Lemonade",(no genres listed),2016,4.5,1
9480,"American Fable",Thriller,2017,2.5,1
9481,"The Void",Horror,2016,1.5,1
9482,"Guyver: Dark Hero",Sci-Fi,1994,2,1
9483,"Denis Leary: No Cure for Cancer",Comedy,1993,3,2
9484,"Buster's Mal Heart",Drama|Mystery,2017,1,1
9485,"Power Rangers",Action|Adventure|Sci-Fi,2017,3,1
9486,"Alien: Covenant",Action|Horror|Sci-Fi|Thriller,2017,2.8,5
9487,"Free Fire",Action|Crime|Drama,2017,3.5,1
9488,"Species III",Action|Horror|Sci-Fi,2004,1,1
9489,"Ultimate Avengers 2",Action|Animation|Sci-Fi,2006,2,1
9490,"Mulholland Dr.",Drama|Mystery|Romance,1999,3.75,2
9491,"Dave Chappelle: The Age of Spin",Comedy,2017,4,1
9492,"CHiPS",Action|Comedy|Drama,2017,4,1
9493,"Table 19",Comedy|Drama,2017,3,1
9494,"Dave Chappelle: Deep in the Heart of Texas",Comedy,2017,4,1
9495,"The Quiet Family",Comedy,1998,2.5,1
9496,"A Plasticine Crow",Animation,1981,5,1
9497,"Gifted",Drama,2017,4.125,4
9498,"Band of Brothers",Action|Drama|War,2001,4.28571428571429,7
9499,"There Once Was a Dog",Animation|Children|Comedy,1982,5,1
9500,"Baywatch",Action|Comedy,2017,3,3
9501,"Snatched",Action|Comedy,2017,4,1
9502,"The Mummy",Action|Adventure|Fantasy|Horror|Thriller,2017,3.5,1
9503,"Life-Size",Children|Comedy|Fantasy,2000,4,1
9504,"The Fate of the Furious",Action|Crime|Drama|Thriller,2017,2.33333333333333,3
9505,"Sandy Wexler",Comedy,2017,2,1
9506,"Betting on Zero",Documentary,2016,4,1
9507,"Win It All",Comedy,2017,3,1
9508,"Captain Underpants: The First Epic Movie",Action|Animation|Children|Comedy,2017,3.5,1
9509,"It Comes at Night",Horror|Mystery|Thriller,2017,3.5,1
9510,"Cars 3",Adventure|Animation|Comedy,2017,3,1
9511,"Mini's First Time",Comedy|Crime|Drama,2006,4,1
9512,"Planet Earth II",Documentary,2016,4.2,5
9513,"The Hero",Drama,2017,4,1
9514,"Nobody Speak: Hulk Hogan, Gawker and Trials of a Free Press",Documentary,2017,4,1
9515,"Cosmos",(no genres listed),NaN,4.5,2
9516,"Maria Bamford: Old Baby",(no genres listed),NaN,1,1
9517,"Robin Williams: Live on Broadway",Comedy,2002,3,1
9518,"The Death of Louis XIV",Drama,2016,3.5,1
9519,"Death Note: Desu nôto",(no genres listed),NaN,5,1
9520,"Munna bhai M.B.B.S.",Comedy,2003,2.5,1
9521,"The Beguiled",Drama|Thriller|Western,2017,3,1
9522,"Baby Driver",Action|Crime|Thriller,2017,4.33333333333333,9
9523,"Okja",Action|Adventure|Drama|Sci-Fi,2017,3.75,2
9524,"Embassy",Comedy|Sci-Fi|War,2013,4,1
9525,"Rough Night",Comedy|Drama,2017,3.25,2
9526,"Generation Iron 2",(no genres listed),NaN,3.5,1
9527,"Mystère à la Tour Eiffel",Drama|Mystery|Thriller,2015,4.5,1
9528,"Stefan Zweig: Farewell to Europe",Drama,2016,3,1
9529,"Saved by the Bell: Hawaiian Style",Comedy,1992,2.75,2
9530,"Plain Clothes",Comedy|Mystery|Romance|Thriller,1988,3,1
9531,"The Prime Gig",Drama|Romance,2000,2.5,1
9532,"The Night Before",Comedy,1988,3,1
9533,"Late Night with Conan O'Brien: The Best of Triumph the Insult Comic Dog",Comedy,2004,2,1
9534,"Get Me Roger Stone",Documentary,2017,3,1
9535,"T2 3-D: Battle Across Time",(no genres listed),1996,4,1
9536,"Despicable Me 3",Adventure|Animation|Children|Comedy,2017,2.25,2
9537,"Last Year's Snow Was Falling",Animation|Children|Comedy|Fantasy,1983,5,1
9538,"Investigation Held by Kolobki",Animation,1986,5,1
9539,"Karlson Returns",Adventure|Animation|Children,1970,5,1
9540,"Vacations in Prostokvashino",Animation,1980,5,1
9541,"Winter in Prostokvashino",Animation,1984,5,1
9542,"The Godfather Trilogy: 1972-1990",(no genres listed),1992,4.75,2
9543,"Priklyucheniya Kapitana Vrungelya",Action|Adventure|Animation|Comedy,1979,5,1
9544,"Tickling Giants",Documentary,2017,5,1
9545,"Vovka in the Kingdom of Far Far Away",Adventure|Animation|Children|Fantasy,1965,5,1
9546,"Adventures of Mowgli: The Kidnapping",Adventure|Animation|Children,1968,4.5,1
9547,"A Detective Story",Animation|Sci-Fi,2003,5,1
9548,"Final Flight of the Osiris",Action|Animation|Sci-Fi,2003,3.5,1
9549,"Kid's Story",Animation|Sci-Fi,2003,3,1
9550,"Cheburashka",Animation,1971,5,1
9551,"War for the Planet of the Apes",Action|Adventure|Drama|Sci-Fi,2017,2.875,4
9552,"The Square",Drama,2017,4.25,2
9553,"The Meyerowitz Stories",Comedy,2017,4,1
9554,"War Machine",Comedy|Drama|War,2017,4,1
9555,"Tokyo Idols",Documentary,2017,4.5,1
9556,"Vir Das: Abroad Understanding",Comedy,2017,3.5,1
9557,"Norm Macdonald: Hitler's Dog, Gossip & Trickery",Comedy,2017,2.5,1
9558,"Valerian and the City of a Thousand Planets",Action|Adventure|Sci-Fi,2017,2.875,4
9559,"The Gracefield Incident",Action|Horror|Sci-Fi,2015,0.5,1
9560,"Shadow World",Documentary,2016,4.5,1
9561,"Wow! A Talking Fish!",Animation|Children|Comedy|Fantasy,1983,5,1
9562,"Travels of an Ant",Animation,1983,5,1
9563,"The Adventures of Sherlock Holmes and Doctor Watson: The Hunt for the Tiger",(no genres listed),1980,4.5,1
9564,"Fugitives",Comedy|Crime,1986,5,1
9565,"Tiger Raid",Thriller,2016,2,1
9566,"Gulliver's Travels",Adventure|Children|Fantasy,1996,2,1
9567,"Seven Sisters",Sci-Fi|Thriller,2017,4.25,2
9568,"Atomic Blonde",Thriller,2017,3,1
9569,"Empties",Comedy,2007,5,1
9570,"Goon: Last of the Enforcers",Comedy,2017,4,1
9571,"Black Mirror: White Christmas",Drama|Horror|Mystery|Sci-Fi|Thriller,2014,4.75,4
9572,"Dunkirk",Action|Drama|Thriller|War,2017,3.42307692307692,13
9573,"Belladonna of Sadness",Animation|Drama|Fantasy,1973,3.5,1
9574,"The Putin Interviews",(no genres listed),2017,2.5,1
9575,"Unedited Footage of a Bear",Horror|Thriller,2014,4,1
9576,"Obsession",Comedy,1965,5,1
9577,"Oh, Hello: On Broadway",Comedy,2017,3.5,1
9578,"Good Time",Crime|Drama,2017,3,1
9579,"Don Camillo in Moscow",Comedy,1965,3,1
9580,"The House",Comedy,2017,3.5,1
9581,"Logan Lucky",Comedy,2017,4.5,1
9582,"The Dark Tower",Fantasy|Horror|Sci-Fi|Western,2017,3.5,1
9583,"Annabelle: Creation",Horror,2017,4,1
9584,"Gena the Crocodile",Animation|Children,1969,5,1
9585,"It",Horror,2017,3.33333333333333,9
9586,"On the Trail of the Bremen Town Musicians",Adventure|Animation|Children,1973,5,1
9587,"In the blue sea, in the white foam.",Animation|Children|Fantasy,1984,5,1
9588,"Wolf and Calf",Animation,1984,4,1
9589,"Bobik Visiting Barbos",Animation|Comedy,1977,5,1
9590,"The Magic Ring",Animation|Fantasy,1982,4.5,1
9591,"The Emoji Movie",Animation|Children|Comedy,2017,0.5,1
9592,"Death Note",Horror|Thriller,2017,1.66666666666667,3
9593,"Wind River",Action|Crime|Mystery|Thriller,2017,3.4,5
9594,"Rory Scovel Tries Stand-Up for the First Time",Comedy,2017,1.5,1
9595,"Shot Caller",Action|Crime|Drama|Thriller,2017,3.5,1
9596,"The Hitman's Bodyguard",Action|Comedy,2017,2.66666666666667,3
9597,"Rick and Morty: State of Georgia Vs. Denver Fenton Allen",Comedy|Crime,2016,2.5,1
9598,"Themroc",Comedy|Horror,1973,3.5,1
9599,"A German Life",Documentary,2016,3,1
9600,"Self-criticism of a Bourgeois Dog",Comedy,2017,3,1
9601,"Der Herr Karl",Comedy,1961,3,1
9602,"LEGO DC Super Hero Girls: Brain Drain",Animation,2017,3.5,1
9603,"Kingsman: The Golden Circle",Action|Adventure|Comedy,2017,3.0625,8
9604,"Ari Shaffir: Double Negative",Comedy,2017,4,1
9605,"Blade Runner 2049",Sci-Fi,2017,3.80555555555556,18
9606,"The Nut Job 2: Nutty by Nature",Adventure|Animation|Children|Comedy,2017,2,1
9607,"Bliss",Drama,2012,4.5,1
9608,"Alles Inklusive",Comedy|Drama,2014,3.5,1
9609,"Mother!",Drama|Horror|Mystery|Thriller,2017,3.25,2
9610,"Icarus",Documentary,2017,4,1
9611,"Cage Dive",Drama|Horror|Thriller,2017,1,1
9612,"Black Mirror",(no genres listed),NaN,5,1
9613,"Boniface's Holiday",Animation|Children|Comedy|Romance,1965,2,1
9614,"American Made",Crime|Thriller,2017,4.5,2
9615,"Little Boxes",Comedy|Drama,2017,4,1
9616,"Geostorm",Action,2017,2,1
9617,"Maz Jobrani: Immigrant",Comedy,2017,4.5,1
9618,"Sword Art Online The Movie: Ordinal Scale",Action|Adventure|Animation|Fantasy|Sci-Fi,2017,3,1
9619,"Three Billboards Outside Ebbing, Missouri",Crime|Drama,2017,4.75,8
9620,"Lady Bird",Comedy,2017,3.33333333333333,3
9621,"Murder on the Orient Express",Crime|Drama|Mystery,2017,2.83333333333333,3
9622,"Coco",Adventure|Animation|Children,2017,3.53846153846154,13
9623,"The Night Is Short, Walk on Girl",Animation|Romance,2017,4.5,1
9624,"I, Tonya",Drama,2017,3.33333333333333,3
9625,"Fireworks, Should We See It from the Side or the Bottom?",Animation,2017,2,1
9626,"Adventures in Plymptoons!",Documentary,2011,3.5,1
9627,"Gaga: Five Foot Two",Documentary,2017,3.5,1
9628,"Dave Chappelle: Killin' Them Softly",Comedy,2000,4,1
9629,"Front Cover",Comedy|Drama|Romance,2016,3.5,1
9630,"Paddington 2",Adventure|Animation|Children|Comedy,2017,4.25,2
9631,"2048: Nowhere to Run",Sci-Fi|Thriller,2017,3.5,1
9632,"Male Hunt",Comedy,1964,3,1
9633,"The Death of Stalin",Comedy,2017,4,1
9634,"Loving Vincent",Animation|Crime|Drama,2017,5,1
9635,"Blue Planet II",Documentary,2017,5,1
9636,"Christina P: Mother Inferior",Comedy,2017,3,2
9637,"Jumanji: Welcome to the Jungle",Action|Adventure|Children,2017,3.66666666666667,6
9638,"Dane Cook: Troublemaker",Comedy,2014,4,1
9639,"Mayhem",Action|Horror,2017,1,1
9640,"Emerald Green",Adventure|Drama|Fantasy|Romance,2016,4,1
9641,"Wonder Wheel",Drama,2017,3,1
9642,"Creep 2",Comedy|Horror,2017,1.5,1
9643,"LBJ",Drama,2017,4,1
9644,"Roman J. Israel, Esq.",Drama|Thriller,2017,1.5,1
9645,"Darkest Hour",Drama|War,2017,3.83333333333333,3
9646,"Star Wars: The Last Jedi",Action|Adventure|Fantasy|Sci-Fi,2017,3.125,12
9647,"A Bad Moms Christmas",Comedy,2017,3.5,1
9648,"The Shape of Water",Adventure|Drama|Fantasy,2017,3.6875,8
9649,"Molly's Game",Drama,2017,4,1
9650,"Wonder",Drama,2017,4,3
9651,"Daddy's Home 2",Comedy|Drama,2017,4,1
9652,"The Shining",Drama|Horror|Thriller,1997,2,1
9653,"Jim & Andy: The Great Beyond",Documentary,2017,4.5,1
9654,"The Disaster Artist",Comedy|Drama,2017,3.75,2
9655,"The Post",Drama|Thriller,2017,4.25,2
9656,"Die Frauen von Ravensbrück",Documentary,2005,4.5,1
9657,"The Greatest Showman",Drama,2017,3,5
9658,"Ferdinand",Animation|Children|Comedy,2017,1.5,1
9659,"Jack Whitehall: At Large",Comedy,2017,3.75,2
9660,"Lynne Koplitz: Hormonal Beast",Comedy,2017,1.5,1
9661,"Phantom Thread",Drama|Romance,2017,3.5,1
9662,"Too Funny to Fail: The Life and Death of The Dana Carvey Show",(no genres listed),2017,4.5,1
9663,"Craig Ferguson: Tickle Fight",Comedy,2017,2.5,1
9664,"Serving in Silence: The Margarethe Cammermeyer Story",(no genres listed),1995,3.5,1
9665,"Hare-um Scare-um",Animation|Children|Comedy,1939,4,1
9666,"Porky in Wackyland",Animation|Comedy|Fantasy,1938,4,1
9667,"Porky's Hare Hunt",Animation|Children|Comedy,1938,4,1
9668,"The Second Renaissance Part II",Animation|Sci-Fi,2003,4,1
9669,"Annihilation",Adventure|Mystery|Sci-Fi|Thriller,2018,3.83333333333333,3
9670,"A Christmas Story Live!",(no genres listed),2017,2,1
9671,"Pixel Perfect",Children|Comedy|Sci-Fi,2004,4.5,1
9672,"Judd Apatow: The Return",Comedy,2017,2.5,1
9673,"The Purple Sea",Drama,2009,3.5,1
9674,"Bright",Action|Crime|Fantasy,2017,2.875,4
9675,"The Commuter",Crime|Drama|Mystery|Thriller,2018,1.5,1
9676,"Dave Chappelle: Equanimity",Comedy,2017,3.5,1
9677,"Quest",Documentary,2017,4,1
9678,"Dave Chappelle: The Bird Revelation",Comedy,2017,3.5,1
9679,"Insidious: The Last Key",Horror|Mystery|Thriller,2018,3.5,1
9680,"The Tale of the Bunny Picnic",Children,1986,3,1
9681,"Patti Rocks",Comedy|Drama,1988,4.5,1
9682,"Game Night",Action|Comedy|Crime|Horror,2018,4,1
9683,"Maze Runner: The Death Cure",Action|Mystery|Sci-Fi|Thriller,2018,3.5,1
9684,"Isle of Dogs",Animation|Comedy,2018,3.5,5
9685,"The Clapper",Comedy,2018,1.5,1
9686,"Tom Segura: Disgraceful",Comedy,2018,4.5,1
9687,"When We First Met",Comedy,2018,3.5,2
9688,"Battle Planet",Action|Sci-Fi,2008,2,1
9689,"De platte jungle",Documentary,1978,5,1
9690,"The Cloverfield Paradox",Horror|Mystery|Sci-Fi|Thriller,2018,2.25,2
9691,"Making a Murderer",Crime|Documentary,2015,4,1
9692,"Elsa & Fred",Comedy|Drama|Romance,2005,3.5,1
9693,"Tomb Raider",Action|Adventure|Fantasy,2018,2.5,4
9694,"Fullmetal Alchemist 2018",Action|Adventure|Fantasy,2017,0.5,1
9695,"First Reformed",Drama|Thriller,2017,4,1
9696,"Fred Armisen: Standup for Drummers",Comedy,2018,3.25,2
9697,"Death Wish",Action|Crime|Drama|Thriller,2018,4,1
9698,"A Wrinkle in Time",Adventure|Children|Fantasy|Sci-Fi,2018,3,1
9699,"Love, Simon",Comedy|Drama,2018,4,1
9700,"A Quiet Place",Drama|Horror|Thriller,2018,2.75,4
9701,"Alpha",Adventure|Thriller,2018,4.5,1
9702,"I Kill Giants",Drama|Fantasy|Thriller,2018,2,1
9703,"Sherlock - A Study in Pink",Crime,2010,4.75,2
9704,"Game Over, Man!",Action|Comedy,2018,3,1
9705,"Blockers",Comedy,2018,3,1
9706,"Pacific Rim: Uprising",Action|Fantasy|Sci-Fi,2018,2.75,2
9707,"Rampage",Action|Adventure|Sci-Fi,2018,3,1
9708,"Jurassic World: Fallen Kingdom",Action|Adventure|Drama|Sci-Fi|Thriller,2018,3.25,2
9709,"Incredibles 2",Action|Adventure|Animation|Children,2018,3,4
9710,"Deadpool 2",Action|Comedy|Sci-Fi,2018,3.875,12
9711,"Solo: A Star Wars Story",Action|Adventure|Children|Sci-Fi,2018,3.9,5
9712,"Won't You Be My Neighbor?",Documentary,2018,5,1
9713,"Sorry to Bother You",Comedy|Fantasy|Sci-Fi,2018,4.5,1
9714,"Ant-Man and the Wasp",Action|Adventure|Comedy|Fantasy|Sci-Fi,2018,3.66666666666667,3
9715,"Dogman",Crime|Drama,2018,3.5,1
9716,"Mamma Mia: Here We Go Again!",Comedy|Romance,2018,4.5,1
9717,"Tag",Comedy,2018,4,1
9718,"The Man Who Killed Don Quixote",Adventure|Comedy|Fantasy,2018,4.5,1
9719,"Boundaries",Comedy|Drama,2018,2.5,1
9720,"Spiral",Documentary,2018,3,1
9721,"Mission: Impossible - Fallout",Action|Adventure|Thriller,2018,3.75,2
9722,"SuperFly",Action|Crime|Thriller,2018,2.5,1
9723,"Iron Soldier",Action|Sci-Fi,2010,1,1
9724,"BlacKkKlansman",Comedy|Crime|Drama,2018,2.5,1
9725,"The Darkest Minds",Sci-Fi|Thriller,2018,3.5,1
9726,"Tilt",Drama|Romance,2011,1.5,1
9727,"Jeff Ross Roasts the Border",Comedy,2017,4,1
9728,"John From",Drama,2015,1,1
9729,"Liquid Truth",Drama,2017,1.5,1
9730,"Bunny",Animation,1998,1,1
9731,"Hommage à Zgougou",Documentary,2002,1,1
9732,"Gintama",Action|Adventure|Comedy|Sci-Fi,2017,4.5,1
9733,"Gintama: The Movie",Action|Animation|Comedy|Sci-Fi,2010,3.5,1
9734,"anohana: The Flower We Saw That Day - The Movie",Animation|Drama,2013,3,1
9735,"Silver Spoon",Comedy|Drama,2014,4,1
9736,"Love Live! The School Idol Movie",Animation,2015,4,1
9737,"Jon Stewart Has Left the Building",Documentary,2015,3.5,1
9738,"Black Butler: Book of the Atlantic",Action|Animation|Comedy|Fantasy,2017,4,1
9739,"No Game No Life: Zero",Animation|Comedy|Fantasy,2017,3.5,1
9740,"Flint",Drama,2017,3.5,1
9741,"Bungo Stray Dogs: Dead Apple",Action|Animation,2018,3.5,1
9742,"Andrew Dice Clay: Dice Rules",Comedy,1991,4,1
