movieId,title,genres,year,avg_rating,n_ratings,genreIDs_1,genreIDs_2,genreIDs_3,genreIDs_4,genreIDs_5,genreIDs_6,genreIDs_7,genreIDs_8,genreIDs_9,genreIDs_10
1,"Toy Story",Adventure|Animation|Children|Comedy|Fantasy,1995,3.92093023255814,215,1,2,3,4,5,,,,,
2,"Jumanji",Adventure|Children|Fantasy,1995,3.43181818181818,110,1,3,5,,,,,,,
3,"Grumpier Old Men",Comedy|Romance,1995,3.25961538461538,52,4,6,,,,,,,,
4,"Waiting to Exhale",Comedy|Drama|Romance,1995,2.35714285714286,7,4,6,7,,,,,,,
5,"Father of the Bride Part II",Comedy,1995,3.07142857142857,49,4,,,,,,,,,
6,"Heat",Action|Crime|Thriller,1995,3.94607843137255,102,8,9,10,,,,,,,
7,"Sabrina",Comedy|Romance,1995,3.18518518518519,54,4,6,,,,,,,,
8,"Tom and Huck",Adventure|Children,1995,2.875,8,1,3,,,,,,,,
9,"Sudden Death",Action,1995,3.125,16,8,,,,,,,,,
10,"GoldenEye",Action|Adventure|Thriller,1995,3.49621212121212,132,1,8,10,,,,,,,
11,"American President, The",Comedy|Drama|Romance,1995,3.67142857142857,70,4,6,7,,,,,,,
12,"Dracula: Dead and Loving It",Comedy|Horror,1995,2.42105263157895,19,4,11,,,,,,,,
13,"Balto",Adventure|Animation|Children,1995,3.125,8,1,2,3,,,,,,,
14,"Nixon",Drama,1995,3.83333333333333,18,7,,,,,,,,,
15,"Cutthroat Island",Action|Adventure|Romance,1995,3,13,1,6,8,,,,,,,
16,"Casino",Crime|Drama,1995,3.92682926829268,82,7,9,,,,,,,,
17,"Sense and Sensibility",Drama|Romance,1995,3.77611940298507,67,6,7,,,,,,,,
18,"Four Rooms",Comedy,1995,3.7,20,4,,,,,,,,,
19,"Ace Ventura: When Nature Calls",Comedy,1995,2.72727272727273,88,4,,,,,,,,,
20,"Money Train",Action|Comedy|Crime|Drama|Thriller,1995,2.5,15,4,7,8,9,10,,,,,
21,"Get Shorty",Comedy|Crime|Thriller,1995,3.49438202247191,89,4,9,10,,,,,,,
22,"Copycat",Crime|Drama|Horror|Mystery|Thriller,1995,3.22222222222222,36,7,9,10,11,12,,,,,
23,"Assassins",Action|Crime|Thriller,1995,3.125,16,8,9,10,,,,,,,
24,"Powder",Drama|Sci-Fi,1995,3.125,28,7,13,,,,,,,,
25,"Leaving Las Vegas",Drama|Romance,1995,3.625,76,6,7,,,,,,,,
26,"Othello",Drama,1995,3.5,13,7,,,,,,,,,
27,"Now and Then",Children|Drama,1995,3.33333333333333,9,3,7,,,,,,,,
28,"Persuasion",Drama|Romance,1995,4.22727272727273,11,6,7,,,,,,,,
29,"City of Lost Children, The",Adventure|Drama|Fantasy|Mystery|Sci-Fi,1995,4.01315789473684,38,1,5,7,12,13,,,,,
30,"Shanghai Triad",Crime|Drama,1995,3,3,7,9,,,,,,,,
31,"Dangerous Minds",Drama,1995,3.18421052631579,38,7,,,,,,,,,
32,"Twelve Monkeys",Mystery|Sci-Fi|Thriller,1995,3.98305084745763,177,10,12,13,,,,,,,
34,"Babe",Children|Drama,1995,3.65234375,128,3,7,,,,,,,,
36,"Dead Man Walking",Crime|Drama,1995,3.83582089552239,67,7,9,,,,,,,,
38,"It Takes Two",Children|Comedy,1995,2.125,4,3,4,,,,,,,,
39,"Clueless",Comedy|Romance,1995,3.29326923076923,104,4,6,,,,,,,,
40,"Cry, the Beloved Country",Drama,1995,4.25,2,7,,,,,,,,,
41,"Richard III",Drama|War,1995,3.7,15,7,14,,,,,,,,
42,"Dead Presidents",Action|Crime|Drama,1995,3,7,7,8,9,,,,,,,
43,"Restoration",Drama,1995,3.1875,8,7,,,,,,,,,
44,"Mortal Kombat",Action|Adventure|Fantasy,1995,2.54347826086957,46,1,5,8,,,,,,,
45,"To Die For",Comedy|Drama|Thriller,1995,3.3125,32,4,7,10,,,,,,,
46,"How to Make an American Quilt",Drama|Romance,1995,3.06666666666667,15,6,7,,,,,,,,
47,"Seven",Mystery|Thriller,1995,3.97536945812808,203,10,12,,,,,,,,
48,"Pocahontas",Animation|Children|Drama|Musical|Romance,1995,3.14705882352941,68,2,3,6,7,15,,,,,
49,"When Night Is Falling",Drama|Romance,1995,3,1,6,7,,,,,,,,
50,"Usual Suspects, The",Crime|Mystery|Thriller,1995,4.23774509803922,204,9,10,12,,,,,,,
52,"Mighty Aphrodite",Comedy|Drama|Romance,1995,3.46428571428571,28,4,6,7,,,,,,,
53,"Lamerica",Adventure|Drama,1994,5,2,1,7,,,,,,,,
54,"Big Green, The",Children|Comedy,1995,2.33333333333333,3,3,4,,,,,,,,
55,"Georgia",Drama,1995,4,1,7,,,,,,,,,
57,"Home for the Holidays",Drama,1995,3.0625,8,7,,,,,,,,,
58,"Postman, The",Comedy|Drama|Romance,1994,4.02702702702703,37,4,6,7,,,,,,,
60,"Indian in the Cupboard, The",Adventure|Children|Fantasy,1995,3.23529411764706,34,1,3,5,,,,,,,
61,"Eye for an Eye",Drama|Thriller,1996,3.75,6,7,10,,,,,,,,
62,"Mr. Holland's Opus",Drama,1995,3.70625,80,7,,,,,,,,,
63,"Don't Be a Menace to South Central While Drinking Your Juice in the Hood",Comedy|Crime,1996,2.71428571428571,7,4,9,,,,,,,,
64,"Two if by Sea",Comedy|Romance,1996,2.2,5,4,6,,,,,,,,
65,"Bio-Dome",Comedy,1996,2.53225806451613,31,4,,,,,,,,,
66,"Lawnmower Man 2: Beyond Cyberspace",Action|Sci-Fi|Thriller,1996,2.5,9,8,10,13,,,,,,,
68,"French Twist",Comedy|Romance,1995,3.4,5,4,6,,,,,,,,
69,"Friday",Comedy,1995,3.775,20,4,,,,,,,,,
70,"From Dusk Till Dawn",Action|Comedy|Horror|Thriller,1996,3.50909090909091,55,4,8,10,11,,,,,,
71,"Fair Game",Action,1995,1.7,5,8,,,,,,,,,
72,"Kicking and Screaming",Comedy|Drama,1995,3.21428571428571,7,4,7,,,,,,,,
73,"Misérables, Les",Drama|War,1995,3.46153846153846,13,7,14,,,,,,,,
74,"Bed of Roses",Drama|Romance,1996,4,8,6,7,,,,,,,,
75,"Big Bully",Comedy|Drama,1996,2.2,5,4,7,,,,,,,,
76,"Screamers",Action|Sci-Fi|Thriller,1995,3.4,15,8,10,13,,,,,,,
77,"Nico Icon",Documentary,1995,4,1,16,,,,,,,,,
78,"Crossing Guard, The",Action|Crime|Drama|Thriller,1995,3.33333333333333,3,7,8,9,10,,,,,,
79,"Juror, The",Drama|Thriller,1996,2.76470588235294,17,7,10,,,,,,,,
80,"White Balloon, The",Children|Drama,1995,4,2,3,7,,,,,,,,
81,"Things to Do in Denver When You're Dead",Crime|Drama|Romance,1995,3.10714285714286,14,6,7,9,,,,,,,
82,"Antonia's Line",Comedy|Drama,1995,3.875,8,4,7,,,,,,,,
83,"Once Upon a Time... When We Were Colored",Drama|Romance,1995,3,1,6,7,,,,,,,,
85,"Angels and Insects",Drama|Romance,1995,3.85714285714286,7,6,7,,,,,,,,
86,"White Squall",Action|Adventure|Drama,1996,3.96666666666667,15,1,7,8,,,,,,,
87,"Dunston Checks In",Children|Comedy,1996,2.5,7,3,4,,,,,,,,
88,"Black Sheep",Comedy,1996,3.15625,16,4,,,,,,,,,
89,"Nick of Time",Action|Thriller,1995,3.25,10,8,10,,,,,,,,
92,"Mary Reilly",Drama|Horror|Thriller,1996,2.625,8,7,10,11,,,,,,,
93,"Vampire in Brooklyn",Comedy|Horror|Romance,1995,2.83333333333333,9,4,6,11,,,,,,,
94,"Beautiful Girls",Comedy|Drama|Romance,1996,3.95,10,4,6,7,,,,,,,
95,"Broken Arrow",Action|Adventure|Thriller,1996,3.02380952380952,84,1,8,10,,,,,,,
96,"In the Bleak Midwinter",Comedy|Drama,1995,3.5,1,4,7,,,,,,,,
97,"Hate",Crime|Drama,1995,3.9,10,7,9,,,,,,,,
99,"Heidi Fleiss: Hollywood Madam",Documentary,1995,5,2,16,,,,,,,,,
100,"City Hall",Drama|Thriller,1996,2.78571428571429,14,7,10,,,,,,,,
101,"Bottle Rocket",Adventure|Comedy|Crime|Romance,1996,3.78260869565217,23,1,4,6,9,,,,,,
102,"Mr. Wrong",Comedy,1996,2.4,5,4,,,,,,,,,
103,"Unforgettable",Mystery|Sci-Fi|Thriller,1996,3,3,10,12,13,,,,,,,
104,"Happy Gilmore",Comedy,1996,3.43939393939394,99,4,,,,,,,,,
105,"Bridges of Madison County, The",Drama|Romance,1995,3.28260869565217,23,6,7,,,,,,,,
106,"Nobody Loves Me",Comedy|Drama,1994,4,1,4,7,,,,,,,,
107,"Muppet Treasure Island",Adventure|Children|Comedy|Musical,1996,3.32692307692308,26,1,3,4,15,,,,,,
108,"Catwalk",Documentary,1996,4,1,16,,,,,,,,,
110,"Braveheart",Action|Drama|War,1995,4.03164556962025,237,7,8,14,,,,,,,
111,"Taxi Driver",Crime|Drama|Thriller,1976,4.10576923076923,104,7,9,10,,,,,,,
112,"Rumble in the Bronx",Action|Adventure|Comedy|Crime,1995,3.54347826086957,46,1,4,8,9,,,,,,
113,"Before and After",Drama|Mystery,1996,3.33333333333333,3,7,12,,,,,,,,
116,"Anne Frank Remembered",Documentary,1995,3.9,5,16,,,,,,,,,
117,"Young Poisoner's Handbook, The",Crime|Drama,1995,3,1,7,9,,,,,,,,
118,"If Lucy Fell",Comedy|Romance,1996,2.5,2,4,6,,,,,,,,
119,"Steal Big, Steal Little",Comedy,1995,3,2,4,,,,,,,,,
121,"Boys of St. Vincent, The",Drama,1992,4,2,7,,,,,,,,,
122,"Boomerang",Comedy|Romance,1992,2.65625,16,4,6,,,,,,,,
123,"Chungking Express",Drama|Mystery|Romance,1994,4.375,4,6,7,12,,,,,,,
125,"Flirting With Disaster",Comedy,1996,3.58333333333333,12,4,,,,,,,,,
126,"NeverEnding Story III, The",Adventure|Children|Fantasy,1994,2,7,1,3,5,,,,,,,
128,"Jupiter's Wife",Documentary,1994,3,1,16,,,,,,,,,
129,"Pie in the Sky",Comedy|Romance,1996,2,1,4,6,,,,,,,,
132,"Jade",Thriller,1995,2.83333333333333,6,10,,,,,,,,,
135,"Down Periscope",Comedy,1996,2.95161290322581,31,4,,,,,,,,,
137,"Man of the Year",Documentary,1995,3,1,16,,,,,,,,,
140,"Up Close and Personal",Drama|Romance,1996,3.5,16,6,7,,,,,,,,
141,"Birdcage, The",Comedy,1996,3.49418604651163,86,4,,,,,,,,,
144,"Brothers McMullen, The",Comedy,1995,3.33333333333333,12,4,,,,,,,,,
145,"Bad Boys",Action|Comedy|Crime|Drama|Thriller,1995,3.24509803921569,51,4,7,8,9,10,,,,,
146,"Amazing Panda Adventure, The",Adventure|Children,1995,3.33333333333333,3,1,3,,,,,,,,
147,"Basketball Diaries, The",Drama,1995,3.46666666666667,15,7,,,,,,,,,
148,"Awfully Big Adventure, An",Drama,1995,5,1,7,,,,,,,,,
149,"Amateur",Crime|Drama|Thriller,1994,2,1,7,9,10,,,,,,,
150,"Apollo 13",Adventure|Drama|IMAX,1995,3.84577114427861,201,1,7,17,,,,,,,
151,"Rob Roy",Action|Drama|Romance|War,1995,3.54545454545455,44,6,7,8,14,,,,,,
152,"Addiction, The",Drama|Horror,1995,1.5,2,7,11,,,,,,,,
153,"Batman Forever",Action|Adventure|Comedy|Crime,1995,2.91605839416058,137,1,4,8,9,,,,,,
154,"Beauty of the Day",Drama,1967,3.875,12,7,,,,,,,,,
155,"Beyond Rangoon",Adventure|Drama|War,1995,2.41666666666667,6,1,7,14,,,,,,,
156,"Blue in the Face",Comedy|Drama,1995,3.33333333333333,3,4,7,,,,,,,,
157,"Canadian Bacon",Comedy|War,1995,2.86363636363636,11,4,14,,,,,,,,
158,"Casper",Adventure|Children,1995,2.80645161290323,62,1,3,,,,,,,,
159,"Clockers",Crime|Drama|Mystery,1995,2.89285714285714,14,7,9,12,,,,,,,
160,"Congo",Action|Adventure|Mystery|Sci-Fi,1995,2.87719298245614,57,1,8,12,13,,,,,,
161,"Crimson Tide",Drama|Thriller|War,1995,3.63592233009709,103,7,10,14,,,,,,,
162,"Crumb",Documentary,1994,4.20588235294118,17,16,,,,,,,,,
163,"Desperado",Action|Romance|Western,1995,3.56060606060606,66,6,8,18,,,,,,,
164,"Devil in a Blue Dress",Crime|Film-Noir|Mystery|Thriller,1995,3.32142857142857,14,9,10,12,19,,,,,,
165,"Die Hard: With a Vengeance",Action|Crime|Thriller,1995,3.55555555555556,144,8,9,10,,,,,,,
166,"Doom Generation, The",Comedy|Crime|Drama,1995,2.83333333333333,3,4,7,9,,,,,,,
168,"First Knight",Action|Drama|Romance,1995,3.08333333333333,54,6,7,8,,,,,,,
169,"Free Willy 2: The Adventure Home",Adventure|Children|Drama,1995,2.4,10,1,3,7,,,,,,,
170,"Hackers",Action|Adventure|Crime|Thriller,1995,3.22857142857143,35,1,8,9,10,,,,,,
171,"Jeffrey",Comedy|Drama,1995,3.83333333333333,6,4,7,,,,,,,,
172,"Johnny Mnemonic",Action|Sci-Fi|Thriller,1995,2.67924528301887,53,8,10,13,,,,,,,
173,"Judge Dredd",Action|Crime|Sci-Fi,1995,2.66935483870968,62,8,9,13,,,,,,,
174,"Jury Duty",Comedy,1995,2.7,10,4,,,,,,,,,
175,"Kids",Drama,1995,3.975,20,7,,,,,,,,,
176,"Living in Oblivion",Comedy,1995,4.30769230769231,13,4,,,,,,,,,
177,"Lord of Illusions",Horror,1995,2.75,8,11,,,,,,,,,
178,"Love & Human Remains",Comedy|Drama,1993,1,1,4,7,,,,,,,,
179,"Mad Love",Drama|Romance,1995,1.5,2,6,7,,,,,,,,
180,"Mallrats",Comedy|Romance,1995,3.40277777777778,36,4,6,,,,,,,,
181,"Mighty Morphin Power Rangers: The Movie",Action|Children,1995,2.26470588235294,17,3,8,,,,,,,,
183,"Mute Witness",Comedy|Horror|Thriller,1994,3.5,2,4,10,11,,,,,,,
184,"Nadja",Drama,1994,3.5,2,7,,,,,,,,,
185,"Net, The",Action|Crime|Thriller,1995,3.04017857142857,112,8,9,10,,,,,,,
186,"Nine Months",Comedy|Romance,1995,2.82291666666667,48,4,6,,,,,,,,
187,"Party Girl",Comedy,1995,4.125,4,4,,,,,,,,,
188,"Prophecy, The",Fantasy|Horror|Mystery,1995,3.45833333333333,12,5,11,12,,,,,,,
189,"Reckless",Comedy|Fantasy,1995,3,1,4,5,,,,,,,,
190,"Safe",Thriller,1995,2.8,5,10,,,,,,,,,
191,"Scarlet Letter, The",Drama|Romance,1995,2.41666666666667,6,6,7,,,,,,,,
193,"Showgirls",Drama,1995,2.47142857142857,35,7,,,,,,,,,
194,"Smoke",Comedy|Drama,1995,3.66666666666667,18,4,7,,,,,,,,
195,"Something to Talk About",Comedy|Drama|Romance,1995,3.1,10,4,6,7,,,,,,,
196,"Species",Horror|Sci-Fi,1995,2.66666666666667,45,11,13,,,,,,,,
198,"Strange Days",Action|Crime|Drama|Mystery|Sci-Fi|Thriller,1995,3.25,28,7,8,9,10,12,13,,,,
199,"Umbrellas of Cherbourg, The",Drama|Musical|Romance,1964,4.125,4,6,7,15,,,,,,,
201,"Three Wishes",Drama|Fantasy,1995,3,1,5,7,,,,,,,,
202,"Total Eclipse",Drama|Romance,1995,3,1,6,7,,,,,,,,
203,"To Wong Foo, Thanks for Everything! Julie Newmar",Comedy,1995,3.43181818181818,22,4,,,,,,,,,
204,"Under Siege 2: Dark Territory",Action,1995,2.71666666666667,30,8,,,,,,,,,
205,"Unstrung Heroes",Comedy|Drama,1995,3.16666666666667,9,4,7,,,,,,,,
206,"Unzipped",Documentary,1995,3,2,16,,,,,,,,,
207,"Walk in the Clouds, A",Drama|Romance,1995,3.42857142857143,21,6,7,,,,,,,,
208,"Waterworld",Action|Adventure|Sci-Fi,1995,2.91304347826087,115,1,8,13,,,,,,,
209,"White Man's Burden",Drama,1995,3.16666666666667,3,7,,,,,,,,,
210,"Wild Bill",Western,1995,3,4,18,,,,,,,,,
211,"Browning Version, The",Drama,1994,3.5,2,7,,,,,,,,,
212,"Bushwhacked",Adventure|Comedy|Crime|Mystery,1995,3,3,1,4,9,12,,,,,,
213,"Burnt by the Sun",Drama,1994,3.83333333333333,6,7,,,,,,,,,
214,"Before the Rain",Drama|War,1994,4,2,7,14,,,,,,,,
215,"Before Sunrise",Drama|Romance,1995,4.04166666666667,24,6,7,,,,,,,,
216,"Billy Madison",Comedy,1995,3.3265306122449,49,4,,,,,,,,,
217,"Babysitter, The",Drama|Thriller,1995,2.33333333333333,6,7,10,,,,,,,,
218,"Boys on the Side",Comedy|Drama,1995,3.42857142857143,14,4,7,,,,,,,,
219,"Cure, The",Drama,1995,3,1,7,,,,,,,,,
220,"Castle Freak",Horror,1995,3,1,11,,,,,,,,,
222,"Circle of Friends",Drama|Romance,1995,3.75,16,6,7,,,,,,,,
223,"Clerks",Comedy,1994,3.85576923076923,104,4,,,,,,,,,
224,"Don Juan DeMarco",Comedy|Drama|Romance,1995,3.6125,40,4,6,7,,,,,,,
225,"Disclosure",Drama|Thriller,1994,3.53846153846154,52,7,10,,,,,,,,
227,"Drop Zone",Action|Thriller,1994,2.86363636363636,22,8,10,,,,,,,,
228,"Destiny Turns on the Radio",Comedy,1995,2.33333333333333,3,4,,,,,,,,,
229,"Death and the Maiden",Drama|Thriller,1994,3.42857142857143,7,7,10,,,,,,,,
230,"Dolores Claiborne",Drama|Thriller,1995,3.39583333333333,24,7,10,,,,,,,,
231,"Dumb & Dumber",Adventure|Comedy,1994,3.06015037593985,133,1,4,,,,,,,,
232,"Eat Drink Man Woman",Comedy|Drama|Romance,1994,3.89285714285714,14,4,6,7,,,,,,,
233,"Exotica",Drama,1994,3.5,12,7,,,,,,,,,
234,"Exit to Eden",Comedy,1994,2.58823529411765,17,4,,,,,,,,,
235,"Ed Wood",Comedy|Drama,1994,3.67857142857143,70,4,7,,,,,,,,
236,"French Kiss",Action|Comedy|Romance,1995,3.47777777777778,45,4,6,8,,,,,,,
237,"Forget Paris",Comedy|Romance,1995,3.34090909090909,22,4,6,,,,,,,,
238,"Far From Home: The Adventures of Yellow Dog",Adventure|Children,1995,4,2,1,3,,,,,,,,
239,"Goofy Movie, A",Animation|Children|Comedy|Romance,1995,3,17,2,3,4,6,,,,,,
240,"Hideaway",Thriller,1995,2.375,4,10,,,,,,,,,
241,"Fluke",Children|Drama,1995,4,1,3,7,,,,,,,,
242,"Farinelli: il castrato",Drama|Musical,1994,3.6,5,7,15,,,,,,,,
243,"Gordy",Children|Comedy|Fantasy,1995,3,1,3,4,5,,,,,,,
246,"Hoop Dreams",Documentary,1994,4.29310344827586,29,16,,,,,,,,,
247,"Heavenly Creatures",Crime|Drama,1994,3.92857142857143,21,7,9,,,,,,,,
248,"Houseguest",Comedy,1994,3.17647058823529,17,4,,,,,,,,,
249,"Immortal Beloved",Drama|Romance,1994,3.72222222222222,18,6,7,,,,,,,,
250,"Heavyweights",Children|Comedy,1995,2.5,6,3,4,,,,,,,,
251,"Hunted, The",Action,1995,3,3,8,,,,,,,,,
252,"I.Q.",Comedy|Romance,1994,3.45348837209302,43,4,6,,,,,,,,
253,"Interview with the Vampire: The Vampire Chronicles",Drama|Horror,1994,3.45871559633028,109,7,11,,,,,,,,
254,"Jefferson in Paris",Drama,1995,3,1,7,,,,,,,,,
255,"Jerky Boys, The",Comedy,1995,2.07142857142857,7,4,,,,,,,,,
256,"Junior",Comedy|Sci-Fi,1994,2.82857142857143,35,4,13,,,,,,,,
257,"Just Cause",Mystery|Thriller,1995,3.5,14,10,12,,,,,,,,
258,"Kid in King Arthur's Court, A",Adventure|Children|Comedy|Fantasy|Romance,1995,2.6,10,1,3,4,5,6,,,,,
259,"Kiss of Death",Crime|Drama|Thriller,1995,3.2,5,7,9,10,,,,,,,
260,"Star Wars: Episode IV - A New Hope",Action|Adventure|Sci-Fi,1977,4.23107569721116,251,1,8,13,,,,,,,
261,"Little Women",Drama,1994,3.88095238095238,42,7,,,,,,,,,
262,"Little Princess, A",Children|Drama,1995,3.9047619047619,21,3,7,,,,,,,,
263,"Ladybird Ladybird",Drama,1994,4,1,7,,,,,,,,,
265,"Like Water for Chocolate",Drama|Fantasy|Romance,1992,3.93939393939394,33,5,6,7,,,,,,,
266,"Legends of the Fall",Drama|Romance|War|Western,1994,3.39705882352941,68,6,7,14,18,,,,,,
267,"Major Payne",Comedy,1995,2.94117647058824,17,4,,,,,,,,,
269,"My Crazy Life",Drama,1993,3,2,7,,,,,,,,,
270,"Love Affair",Drama|Romance,1994,3.4,5,6,7,,,,,,,,
271,"Losing Isaiah",Drama,1995,3.5,4,7,,,,,,,,,
272,"Madness of King George, The",Comedy|Drama,1994,3.75806451612903,31,4,7,,,,,,,,
273,"Mary Shelley's Frankenstein",Drama|Horror|Sci-Fi,1994,2.94642857142857,28,7,11,13,,,,,,,
274,"Man of the House",Comedy,1995,2.92857142857143,7,4,,,,,,,,,
275,"Mixed Nuts",Comedy,1994,2,6,4,,,,,,,,,
276,"Milk Money",Comedy|Romance,1994,3.25,22,4,6,,,,,,,,
277,"Miracle on 34th Street",Drama,1994,3.22368421052632,38,7,,,,,,,,,
278,"Miami Rhapsody",Comedy,1995,1.5,2,4,,,,,,,,,
279,"My Family",Drama,1995,3,2,7,,,,,,,,,
280,"Murder in the First",Drama|Thriller,1995,4.07692307692308,13,7,10,,,,,,,,
281,"Nobody's Fool",Comedy|Drama|Romance,1994,3.78571428571429,14,4,6,7,,,,,,,
282,"Nell",Drama,1994,3.3375,40,7,,,,,,,,,
283,"New Jersey Drive",Crime|Drama,1995,3.66666666666667,3,7,9,,,,,,,,
284,"New York Cop",Action|Crime,1993,4.5,1,8,9,,,,,,,,
285,"Beyond Bedlam",Drama|Horror,1993,4,1,7,11,,,,,,,,
287,"Nina Takes a Lover",Comedy|Romance,1994,3,1,4,6,,,,,,,,
288,"Natural Born Killers",Action|Crime|Thriller,1994,3.23369565217391,92,8,9,10,,,,,,,
289,"Only You",Comedy|Romance,1994,3.5625,8,4,6,,,,,,,,
290,"Once Were Warriors",Crime|Drama,1994,4.03571428571429,14,7,9,,,,,,,,
291,"Poison Ivy II",Drama|Thriller,1996,2.33333333333333,3,7,10,,,,,,,,
292,"Outbreak",Action|Drama|Sci-Fi|Thriller,1995,3.42574257425743,101,7,8,10,13,,,,,,
293,"Léon: The Professional",Action|Crime|Drama|Thriller,1994,4.0187969924812,133,7,8,9,10,,,,,,
294,"Perez Family, The",Comedy|Romance,1995,3,2,4,6,,,,,,,,
295,"Pyromaniac's Love Story, A",Comedy|Romance,1995,3,1,4,6,,,,,,,,
296,"Pulp Fiction",Comedy|Crime|Drama|Thriller,1994,4.1970684039088,307,4,7,9,10,,,,,,
298,"Pushing Hands",Drama,1992,2,1,7,,,,,,,,,
299,"Priest",Drama,1994,4,4,7,,,,,,,,,
300,"Quiz Show",Drama,1994,3.51851851851852,81,7,,,,,,,,,
301,"Picture Bride",Drama|Romance,1994,4,1,6,7,,,,,,,,
302,"Queen Margot",Drama|Romance,1994,3.2,5,6,7,,,,,,,,
303,"Quick and the Dead, The",Action|Thriller|Western,1995,2.953125,32,8,10,18,,,,,,,
304,"Roommates",Comedy|Drama,1995,3.66666666666667,3,4,7,,,,,,,,
305,"Ready to Wear",Comedy,1994,2.83333333333333,9,4,,,,,,,,,
306,"Three Colors: Red",Drama,1994,4.21875,16,7,,,,,,,,,
307,"Three Colors: Blue",Drama,1993,3.89583333333333,24,7,,,,,,,,,
308,"Three Colors: White",Comedy|Drama,1994,4.025,20,4,7,,,,,,,,
310,"Rent-a-Kid",Comedy,1995,3,1,4,,,,,,,,,
311,"Relative Fear",Horror|Thriller,1994,3,1,10,11,,,,,,,,
312,"Stuart Saves His Family",Comedy,1995,1.44444444444444,9,4,,,,,,,,,
313,"Swan Princess, The",Animation|Children,1994,3.33333333333333,3,2,3,,,,,,,,
314,"Secret of Roan Inish, The",Children|Drama|Fantasy|Mystery,1994,3.75,16,3,5,7,12,,,,,,
315,"Specialist, The",Action|Drama|Thriller,1994,3.07894736842105,38,7,8,10,,,,,,,
316,"Stargate",Action|Adventure|Sci-Fi,1994,3.375,140,1,8,13,,,,,,,
317,"Santa Clause, The",Comedy|Drama|Fantasy,1994,3.2037037037037,81,4,5,7,,,,,,,
318,"Shawshank Redemption, The",Crime|Drama,1994,4.42902208201893,317,7,9,,,,,,,,
319,"Shallow Grave",Comedy|Drama|Thriller,1994,3.6,20,4,7,10,,,,,,,
320,"Suture",Film-Noir|Thriller,1993,3,1,10,19,,,,,,,,
321,"Strawberry and Chocolate",Drama,1993,4,2,7,,,,,,,,,
322,"Swimming with Sharks",Comedy|Drama,1995,3.55,10,4,7,,,,,,,,
324,"Sum of Us, The",Comedy|Drama,1994,4,1,4,7,,,,,,,,
325,"National Lampoon's Senior Trip",Comedy,1995,2.5,7,4,,,,,,,,,
326,"To Live",Drama,1994,4,3,7,,,,,,,,,
327,"Tank Girl",Action|Comedy|Sci-Fi,1995,2.82352941176471,34,4,8,13,,,,,,,
328,"Tales from the Crypt Presents: Demon Knight",Horror|Thriller,1995,3.15,10,10,11,,,,,,,,
329,"Star Trek: Generations",Adventure|Drama|Sci-Fi,1994,3.39351851851852,108,1,7,13,,,,,,,
330,"Tales from the Hood",Action|Crime|Horror,1995,3,6,8,9,11,,,,,,,
331,"Tom & Viv",Drama,1994,3,2,7,,,,,,,,,
332,"Village of the Damned",Horror|Sci-Fi,1995,2.83333333333333,12,11,13,,,,,,,,
333,"Tommy Boy",Comedy,1995,3.78,50,4,,,,,,,,,
334,"Vanya on 42nd Street",Drama,1994,4.2,5,7,,,,,,,,,
335,"Underneath",Mystery|Thriller,1995,3.5,2,10,12,,,,,,,,
336,"Walking Dead, The",Drama|War,1995,3,1,7,14,,,,,,,,
337,"What's Eating Gilbert Grape",Drama,1993,3.76623376623377,77,7,,,,,,,,,
338,"Virtuosity",Action|Sci-Fi|Thriller,1995,2.84210526315789,19,8,10,13,,,,,,,
339,"While You Were Sleeping",Comedy|Romance,1995,3.46938775510204,98,4,6,,,,,,,,
340,"War, The",Adventure|Drama|War,1994,3.4,5,1,7,14,,,,,,,
341,"Double Happiness",Drama,1994,4,2,7,,,,,,,,,
342,"Muriel's Wedding",Comedy,1994,3.27272727272727,33,4,,,,,,,,,
343,"Baby-Sitters Club, The",Children,1995,2.9,5,3,,,,,,,,,
344,"Ace Ventura: Pet Detective",Comedy,1994,3.04037267080745,161,4,,,,,,,,,
345,"Adventures of Priscilla, Queen of the Desert, The",Comedy|Drama,1994,3.59722222222222,36,4,7,,,,,,,,
346,"Backbeat",Drama|Musical,1993,3.5,6,7,15,,,,,,,,
347,"Bitter Moon",Drama|Film-Noir|Romance,1992,3.5,6,6,7,19,,,,,,,
348,"Bullets Over Broadway",Comedy,1994,3.58333333333333,30,4,,,,,,,,,
349,"Clear and Present Danger",Action|Crime|Drama|Thriller,1994,3.60454545454545,110,7,8,9,10,,,,,,
350,"Client, The",Drama|Mystery|Thriller,1994,3.3859649122807,57,7,10,12,,,,,,,
351,"Corrina, Corrina",Comedy|Drama|Romance,1994,3.17647058823529,17,4,6,7,,,,,,,
352,"Crooklyn",Comedy|Drama,1994,2.5,2,4,7,,,,,,,,
353,"Crow, The",Action|Crime|Fantasy|Thriller,1994,3.609375,64,5,8,9,10,,,,,,
354,"Cobb",Drama,1994,3.33333333333333,6,7,,,,,,,,,
355,"Flintstones, The",Children|Comedy|Fantasy,1994,2.35714285714286,42,3,4,5,,,,,,,
356,"Forrest Gump",Comedy|Drama|Romance|War,1994,4.16413373860182,329,4,6,7,14,,,,,,
357,"Four Weddings and a Funeral",Comedy|Romance,1994,3.51941747572816,103,4,6,,,,,,,,
358,"Higher Learning",Drama,1995,2.66666666666667,9,7,,,,,,,,,
359,"I Like It Like That",Comedy|Drama|Romance,1994,3,1,4,6,7,,,,,,,
360,"I Love Trouble",Action|Comedy,1994,2.6875,8,4,8,,,,,,,,
361,"It Could Happen to You",Comedy|Drama|Romance,1994,3.05882352941176,17,4,6,7,,,,,,,
362,"Jungle Book, The",Adventure|Children|Romance,1994,3.52941176470588,34,1,3,6,,,,,,,
363,"Wonderful, Horrible Life of Leni Riefenstahl, The",Documentary,1993,4,2,16,,,,,,,,,
364,"Lion King, The",Adventure|Animation|Children|Drama|Musical|IMAX,1994,3.94186046511628,172,1,2,3,7,15,17,,,,
365,"Little Buddha",Drama,1993,3.25,4,7,,,,,,,,,
366,"Wes Craven's New Nightmare",Drama|Horror|Mystery|Thriller,1994,2.91666666666667,12,7,10,11,12,,,,,,
367,"Mask, The",Action|Comedy|Crime|Fantasy,1994,3.18471337579618,157,4,5,8,9,,,,,,
368,"Maverick",Adventure|Comedy|Western,1994,3.5,74,1,4,18,,,,,,,
369,"Mrs. Parker and the Vicious Circle",Drama,1994,4,2,7,,,,,,,,,
370,"Naked Gun 33 1/3: The Final Insult",Action|Comedy,1994,3.06034482758621,58,4,8,,,,,,,,
371,"Paper, The",Comedy|Drama,1994,3.30952380952381,21,4,7,,,,,,,,
372,"Reality Bites",Comedy|Drama|Romance,1994,2.76190476190476,21,4,6,7,,,,,,,
373,"Red Rock West",Thriller,1992,3.63636363636364,11,10,,,,,,,,,
374,"Richie Rich",Children|Comedy,1994,2.2,25,3,4,,,,,,,,
376,"River Wild, The",Action|Thriller,1994,3.25,40,8,10,,,,,,,,
377,"Speed",Action|Romance|Thriller,1994,3.52923976608187,171,6,8,10,,,,,,,
378,"Speechless",Comedy|Romance,1994,2.78571428571429,7,4,6,,,,,,,,
379,"Timecop",Action|Sci-Fi|Thriller,1994,2.5,21,8,10,13,,,,,,,
380,"True Lies",Action|Adventure|Comedy|Romance|Thriller,1994,3.49719101123596,178,1,4,6,8,10,,,,,
381,"When a Man Loves a Woman",Drama|Romance,1994,3.81818181818182,11,6,7,,,,,,,,
382,"Wolf",Drama|Horror|Romance|Thriller,1994,3.15625,16,6,7,10,11,,,,,,
383,"Wyatt Earp",Western,1994,3.0952380952381,21,18,,,,,,,,,
384,"Bad Company",Action|Crime|Drama,1995,3.25,2,7,8,9,,,,,,,
385,"Man of No Importance, A",Drama,1994,4,1,7,,,,,,,,,
386,"S.F.W.",Drama,1994,3,1,7,,,,,,,,,
387,"Low Down Dirty Shame, A",Action|Comedy,1994,2.375,4,4,8,,,,,,,,
388,"Boys Life",Drama,1995,3,2,7,,,,,,,,,
389,"Colonel Chabert, Le",Drama|Romance|War,1994,4.5,2,6,7,14,,,,,,,
390,"Faster Pussycat! Kill! Kill!",Action|Crime|Drama,1965,3.7,5,7,8,9,,,,,,,
391,"Jason's Lyric",Crime|Drama,1994,4.5,1,7,9,,,,,,,,
393,"Street Fighter",Action|Adventure|Fantasy,1994,2.5,10,1,5,8,,,,,,,
405,"Highlander III: The Sorcerer",Action|Fantasy,1994,2.41666666666667,12,5,8,,,,,,,,
406,"Federal Hill",Drama,1994,3,1,7,,,,,,,,,
407,"In the Mouth of Madness",Horror|Thriller,1995,3.4375,8,10,11,,,,,,,,
408,"8 Seconds",Drama,1994,3,2,7,,,,,,,,,
409,"Above the Rim",Crime|Drama,1994,2,1,7,9,,,,,,,,
410,"Addams Family Values",Children|Comedy|Fantasy,1993,3.10119047619048,84,3,4,5,,,,,,,
412,"Age of Innocence, The",Drama,1993,3.5,15,7,,,,,,,,,
413,"Airheads",Comedy,1994,2.78846153846154,26,4,,,,,,,,,
414,"Air Up There, The",Comedy,1994,2.33333333333333,6,4,,,,,,,,,
415,"Another Stakeout",Comedy|Thriller,1993,2.53125,16,4,10,,,,,,,,
416,"Bad Girls",Western,1994,2.5,8,18,,,,,,,,,
417,"Barcelona",Comedy|Romance,1994,3.69230769230769,13,4,6,,,,,,,,
418,"Being Human",Drama,1993,3,2,7,,,,,,,,,
419,"Beverly Hillbillies, The",Comedy,1993,2.675,20,4,,,,,,,,,
420,"Beverly Hills Cop III",Action|Comedy|Crime|Thriller,1994,2.72033898305085,59,4,8,9,10,,,,,,
421,"Black Beauty",Adventure|Children|Drama,1994,3.20833333333333,12,1,3,7,,,,,,,
422,"Blink",Thriller,1994,3.2,5,10,,,,,,,,,
423,"Blown Away",Action|Thriller,1994,2.85,10,8,10,,,,,,,,
424,"Blue Chips",Drama,1994,1.83333333333333,3,7,,,,,,,,,
425,"Blue Sky",Drama|Romance,1994,3.75,2,6,7,,,,,,,,
426,"Body Snatchers",Horror|Sci-Fi|Thriller,1993,3.14285714285714,7,10,11,13,,,,,,,
427,"Boxing Helena",Drama|Mystery|Romance|Thriller,1993,2.54166666666667,12,6,7,10,12,,,,,,
428,"Bronx Tale, A",Drama,1993,3.72222222222222,18,7,,,,,,,,,
429,"Cabin Boy",Comedy,1994,2,6,4,,,,,,,,,
430,"Calendar Girl",Comedy|Drama,1993,3.75,2,4,7,,,,,,,,
431,"Carlito's Way",Crime|Drama,1993,3.73809523809524,42,7,9,,,,,,,,
432,"City Slickers II: The Legend of Curly's Gold",Adventure|Comedy|Western,1994,2.64545454545455,55,1,4,18,,,,,,,
433,"Clean Slate",Comedy,1994,2.75,8,4,,,,,,,,,
434,"Cliffhanger",Action|Adventure|Thriller,1993,3.03465346534653,101,1,8,10,,,,,,,
435,"Coneheads",Comedy|Sci-Fi,1993,2.42063492063492,63,4,13,,,,,,,,
436,"Color of Night",Drama|Thriller,1994,2.57142857142857,7,7,10,,,,,,,,
437,"Cops and Robbersons",Comedy,1994,2.16666666666667,9,4,,,,,,,,,
438,"Cowboy Way, The",Action|Comedy|Drama,1994,2.71428571428571,7,4,7,8,,,,,,,
440,"Dave",Comedy|Romance,1993,3.54605263157895,76,4,6,,,,,,,,
441,"Dazed and Confused",Comedy,1993,3.92857142857143,42,4,,,,,,,,,
442,"Demolition Man",Action|Adventure|Sci-Fi,1993,3.09259259259259,81,1,8,13,,,,,,,
444,"Even Cowgirls Get the Blues",Comedy|Romance,1993,2.33333333333333,6,4,6,,,,,,,,
445,"Fatal Instinct",Comedy,1993,3,12,4,,,,,,,,,
446,"Farewell My Concubine",Drama|Romance,1993,3.83333333333333,9,6,7,,,,,,,,
448,"Fearless",Drama,1993,3.625,8,7,,,,,,,,,
449,"Fear of a Black Hat",Comedy,1994,1,1,4,,,,,,,,,
450,"With Honors",Comedy|Drama,1994,3,7,4,7,,,,,,,,
451,"Flesh and Bone",Drama|Mystery|Romance,1993,4,1,6,7,12,,,,,,,
452,"Widows' Peak",Drama,1994,3,3,7,,,,,,,,,
453,"For Love or Money",Comedy|Romance,1993,2.8,5,4,6,,,,,,,,
454,"Firm, The",Drama|Thriller,1993,3.53465346534653,101,7,10,,,,,,,,
455,"Free Willy",Adventure|Children|Drama,1993,2.39189189189189,37,1,3,7,,,,,,,
456,"Fresh",Crime|Drama|Thriller,1994,3.75,4,7,9,10,,,,,,,
457,"Fugitive, The",Thriller,1993,3.99210526315789,190,10,,,,,,,,,
458,"Geronimo: An American Legend",Drama|Western,1993,2.8,5,7,18,,,,,,,,
459,"Getaway, The",Action|Adventure|Crime|Drama|Romance|Thriller,1994,2.25,6,1,6,7,8,9,10,,,,
460,"Getting Even with Dad",Comedy,1994,2.66666666666667,3,4,,,,,,,,,
461,"Go Fish",Drama|Romance,1994,2.75,4,6,7,,,,,,,,
464,"Hard Target",Action|Adventure|Crime|Thriller,1993,2.9,10,1,8,9,10,,,,,,
466,"Hot Shots! Part Deux",Action|Comedy|War,1993,2.86666666666667,60,4,8,14,,,,,,,
467,"Live Nude Girls",Comedy,1995,5,1,4,,,,,,,,,
468,"Englishman Who Went Up a Hill But Came Down a Mountain, The",Comedy|Romance,1995,3.20454545454545,22,4,6,,,,,,,,
469,"House of the Spirits, The",Drama|Romance,1993,3.4,5,6,7,,,,,,,,
470,"House Party 3",Comedy,1994,1,1,4,,,,,,,,,
471,"Hudsucker Proxy, The",Comedy,1994,3.55,40,4,,,,,,,,,
472,"I'll Do Anything",Comedy|Drama,1994,2.58333333333333,6,4,7,,,,,,,,
473,"In the Army Now",Comedy|War,1994,1.85714285714286,7,4,14,,,,,,,,
474,"In the Line of Fire",Action|Thriller,1993,3.69285714285714,70,8,10,,,,,,,,
475,"In the Name of the Father",Drama,1993,4.3,25,7,,,,,,,,,
476,"Inkwell, The",Comedy|Drama,1994,1,1,4,7,,,,,,,,
477,"What's Love Got to Do with It?",Drama|Musical,1993,3.38235294117647,17,7,15,,,,,,,,
478,"Jimmy Hollywood",Comedy|Crime|Drama,1994,2.5,1,4,7,9,,,,,,,
479,"Judgment Night",Action|Crime|Thriller,1993,2.25,4,8,9,10,,,,,,,
480,"Jurassic Park",Action|Adventure|Sci-Fi|Thriller,1993,3.75,238,1,8,10,13,,,,,,
481,"Kalifornia",Drama|Thriller,1993,3.15789473684211,19,7,10,,,,,,,,
482,"Killing Zoe",Crime|Drama|Thriller,1994,3.625,8,7,9,10,,,,,,,
484,"Lassie",Adventure|Children,1994,3,2,1,3,,,,,,,,
485,"Last Action Hero",Action|Adventure|Comedy|Fantasy,1993,2.93396226415094,53,1,4,5,8,,,,,,
486,"Life with Mikey",Comedy,1993,3,3,4,,,,,,,,,
487,"Lightning Jack",Comedy|Western,1994,2.5,4,4,18,,,,,,,,
488,"M. Butterfly",Drama|Romance,1993,3,1,6,7,,,,,,,,
489,"Made in America",Comedy,1993,2.86363636363636,11,4,,,,,,,,,
490,"Malice",Thriller,1993,3,12,10,,,,,,,,,
491,"Man Without a Face, The",Drama,1993,3.29411764705882,17,7,,,,,,,,,
492,"Manhattan Murder Mystery",Comedy|Mystery,1993,3.75,14,4,12,,,,,,,,
493,"Menace II Society",Action|Crime|Drama,1993,3.66666666666667,12,7,8,9,,,,,,,
494,"Executive Decision",Action|Adventure|Thriller,1996,3.3780487804878,41,1,8,10,,,,,,,
495,"In the Realm of the Senses",Drama,1976,5,1,7,,,,,,,,,
496,"What Happened Was...",Comedy|Drama|Romance|Thriller,1994,5,1,4,6,7,10,,,,,,
497,"Much Ado About Nothing",Comedy|Romance,1993,3.81395348837209,43,4,6,,,,,,,,
499,"Mr. Wonderful",Comedy|Romance,1993,2.5,2,4,6,,,,,,,,
500,"Mrs. Doubtfire",Comedy|Drama,1993,3.38888888888889,144,4,7,,,,,,,,
501,"Naked",Drama,1993,3.66666666666667,6,7,,,,,,,,,
502,"Next Karate Kid, The",Action|Children|Romance,1994,2.36666666666667,15,3,6,8,,,,,,,
504,"No Escape",Action|Drama|Sci-Fi,1994,3,2,7,8,13,,,,,,,
505,"North",Comedy,1994,2.21428571428571,7,4,,,,,,,,,
506,"Orlando",Drama|Fantasy|Romance,1992,4.5,2,5,6,7,,,,,,,
507,"Perfect World, A",Crime|Drama|Thriller,1993,3.38461538461538,13,7,9,10,,,,,,,
508,"Philadelphia",Drama,1993,3.61363636363636,66,7,,,,,,,,,
509,"Piano, The",Drama|Romance,1993,3.54098360655738,61,6,7,,,,,,,,
510,"Poetic Justice",Drama,1993,3,1,7,,,,,,,,,
511,"Program, The",Action|Drama,1993,3,2,7,8,,,,,,,,
512,"Puppet Masters, The",Horror|Sci-Fi,1994,3,4,11,13,,,,,,,,
513,"Radioland Murders",Comedy|Mystery|Romance,1994,3.375,4,4,6,12,,,,,,,
514,"Ref, The",Comedy,1994,3.41666666666667,18,4,,,,,,,,,
515,"Remains of the Day, The",Drama|Romance,1993,3.60416666666667,24,6,7,,,,,,,,
516,"Renaissance Man",Comedy|Drama,1994,3.05555555555556,18,4,7,,,,,,,,
517,"Rising Sun",Action|Drama|Mystery,1993,3.27777777777778,9,7,8,12,,,,,,,
518,"Road to Wellville, The",Comedy,1994,2.375,4,4,,,,,,,,,
519,"RoboCop 3",Action|Crime|Drama|Sci-Fi|Thriller,1993,2.4047619047619,21,7,8,9,10,13,,,,,
520,"Robin Hood: Men in Tights",Comedy,1993,3.1304347826087,69,4,,,,,,,,,
521,"Romeo Is Bleeding",Crime|Thriller,1993,3.16666666666667,3,9,10,,,,,,,,
522,"Romper Stomper",Action|Drama,1992,3.28571428571429,7,7,8,,,,,,,,
523,"Ruby in Paradise",Drama,1993,3.5,4,7,,,,,,,,,
524,"Rudy",Drama,1993,3.48529411764706,34,7,,,,,,,,,
526,"Savage Nights",Drama,1992,4,1,7,,,,,,,,,
527,"Schindler's List",Drama|War,1993,4.225,220,7,14,,,,,,,,
528,"Scout, The",Comedy|Drama,1994,2.33333333333333,3,4,7,,,,,,,,
529,"Searching for Bobby Fischer",Drama,1993,3.875,40,7,,,,,,,,,
531,"Secret Garden, The",Children|Drama,1993,3.25,24,3,7,,,,,,,,
532,"Serial Mom",Comedy|Crime|Horror,1994,3,16,4,9,11,,,,,,,
533,"Shadow, The",Action|Adventure|Fantasy|Mystery,1994,2.88888888888889,18,1,5,8,12,,,,,,
534,"Shadowlands",Drama|Romance,1993,3.60714285714286,14,6,7,,,,,,,,
535,"Short Cuts",Drama,1993,3.26666666666667,15,7,,,,,,,,,
536,"Simple Twist of Fate, A",Drama,1994,3.33333333333333,3,7,,,,,,,,,
537,"Sirens",Drama,1994,3.16666666666667,12,7,,,,,,,,,
538,"Six Degrees of Separation",Drama,1993,3.58333333333333,12,7,,,,,,,,,
539,"Sleepless in Seattle",Comedy|Drama|Romance,1993,3.47169811320755,106,4,6,7,,,,,,,
540,"Sliver",Thriller,1993,2.66666666666667,18,10,,,,,,,,,
541,"Blade Runner",Action|Sci-Fi|Thriller,1982,4.1008064516129,124,8,10,13,,,,,,,
542,"Son in Law",Comedy|Drama|Romance,1993,2.78571428571429,14,4,6,7,,,,,,,
543,"So I Married an Axe Murderer",Comedy|Romance|Thriller,1993,3.31707317073171,41,4,6,10,,,,,,,
544,"Striking Distance",Action|Crime,1993,2.4375,8,8,9,,,,,,,,
546,"Super Mario Bros.",Action|Adventure|Children|Comedy|Fantasy|Sci-Fi,1993,2,21,1,3,4,5,8,13,,,,
547,"Surviving the Game",Action|Adventure|Thriller,1994,3.25,2,1,8,10,,,,,,,
548,"Terminal Velocity",Action|Mystery|Thriller,1994,2.75,6,8,10,12,,,,,,,
549,"Thirty-Two Short Films About Glenn Gould",Drama|Musical,1993,4.5,2,7,15,,,,,,,,
550,"Threesome",Comedy|Romance,1994,3.4,5,4,6,,,,,,,,
551,"Nightmare Before Christmas, The",Animation|Children|Fantasy|Musical,1993,3.55376344086022,93,2,3,5,15,,,,,,
552,"Three Musketeers, The",Action|Adventure|Comedy|Romance,1993,3.26229508196721,61,1,4,6,8,,,,,,
553,"Tombstone",Action|Drama|Western,1993,3.81538461538462,65,7,8,18,,,,,,,
555,"True Romance",Crime|Thriller,1993,3.8,65,9,10,,,,,,,,
556,"War Room, The",Documentary,1993,3.33333333333333,6,16,,,,,,,,,
558,"Pagemaster, The",Action|Adventure|Animation|Children|Fantasy,1994,2.9375,8,1,2,3,5,8,,,,,
562,"Welcome to the Dollhouse",Comedy|Drama,1995,3.54347826086957,23,4,7,,,,,,,,
563,"Germinal",Drama|Romance,1993,4,1,6,7,,,,,,,,
564,"Chasers",Comedy,1994,1.5,2,4,,,,,,,,,
567,"Kika",Comedy|Drama,1993,2,3,4,7,,,,,,,,
568,"Bhaji on the Beach",Comedy|Drama,1993,3.5,2,4,7,,,,,,,,
569,"Little Big League",Comedy|Drama,1994,2.66666666666667,6,4,7,,,,,,,,
573,"Ciao, Professore!",Drama,1992,3.5,1,7,,,,,,,,,
574,"Spanking the Monkey",Comedy|Drama,1994,3.25,4,4,7,,,,,,,,
575,"Little Rascals, The",Children|Comedy,1994,2.65625,16,3,4,,,,,,,,
577,"Andre",Adventure|Children|Drama,1994,2.125,4,1,3,7,,,,,,,
579,"Escort, The",Crime|Thriller,1993,3,1,9,10,,,,,,,,
580,"Princess Caraboo",Drama,1994,2.8,5,7,,,,,,,,,
581,"Celluloid Closet, The",Documentary,1995,4,4,16,,,,,,,,,
583,"Dear Diary",Comedy|Drama,1994,4,1,4,7,,,,,,,,
585,"Brady Bunch Movie, The",Comedy,1995,2.73611111111111,36,4,,,,,,,,,
586,"Home Alone",Children|Comedy,1990,2.99568965517241,116,3,4,,,,,,,,
587,"Ghost",Comedy|Drama|Fantasy|Romance|Thriller,1990,3.43478260869565,115,4,5,6,7,10,,,,,
588,"Aladdin",Adventure|Animation|Children|Comedy|Musical,1992,3.79234972677596,183,1,2,3,4,15,,,,,
589,"Terminator 2: Judgment Day",Action|Sci-Fi,1991,3.97098214285714,224,8,13,,,,,,,,
590,"Dances with Wolves",Adventure|Drama|Western,1990,3.83536585365854,164,1,7,18,,,,,,,
592,"Batman",Action|Crime|Thriller,1989,3.42857142857143,189,8,9,10,,,,,,,
593,"Silence of the Lambs, The",Crime|Horror|Thriller,1991,4.16129032258065,279,9,10,11,,,,,,,
594,"Snow White and the Seven Dwarfs",Animation|Children|Drama|Fantasy|Musical,1937,3.61688311688312,77,2,3,5,7,15,,,,,
595,"Beauty and the Beast",Animation|Children|Fantasy|Musical|Romance|IMAX,1991,3.77054794520548,146,2,3,5,6,15,17,,,,
596,"Pinocchio",Animation|Children|Fantasy|Musical,1940,3.45,60,2,3,5,15,,,,,,
597,"Pretty Woman",Comedy|Romance,1990,3.48518518518519,135,4,6,,,,,,,,
599,"Wild Bunch, The",Adventure|Western,1969,3.81818181818182,11,1,18,,,,,,,,
600,"Love and a .45",Action|Comedy|Crime,1994,4,1,4,8,9,,,,,,,
602,"Great Day in Harlem, A",Documentary,1994,4,1,16,,,,,,,,,
605,"One Fine Day",Drama|Romance,1996,3,10,6,7,,,,,,,,
606,"Candyman: Farewell to the Flesh",Fantasy|Horror,1995,3,4,5,11,,,,,,,,
608,"Fargo",Comedy|Crime|Drama|Thriller,1996,4.11602209944751,181,4,7,9,10,,,,,,
609,"Homeward Bound II: Lost in San Francisco",Adventure|Children,1996,3.57142857142857,14,1,3,,,,,,,,
610,"Heavy Metal",Action|Adventure|Animation|Horror|Sci-Fi,1981,3.54545454545455,33,1,2,8,11,13,,,,,
611,"Hellraiser: Bloodline",Action|Horror|Sci-Fi,1996,2.41666666666667,6,8,11,13,,,,,,,
612,"Pallbearer, The",Comedy,1996,2.5,6,4,,,,,,,,,
613,"Jane Eyre",Drama|Romance,1996,3.1875,8,6,7,,,,,,,,
615,"Bread and Chocolate",Comedy|Drama,1973,3,1,4,7,,,,,,,,
616,"Aristocats, The",Animation|Children,1970,3.41111111111111,45,2,3,,,,,,,,
617,"Flower of My Secret, The",Comedy|Drama,1995,2.83333333333333,3,4,7,,,,,,,,
618,"Two Much",Comedy|Romance,1995,3,1,4,6,,,,,,,,
619,"Ed",Comedy,1996,2.6,5,4,,,,,,,,,
626,"Thin Line Between Love and Hate, A",Comedy,1996,5,1,4,,,,,,,,,
627,"Last Supper, The",Drama|Thriller,1995,3.33333333333333,6,7,10,,,,,,,,
628,"Primal Fear",Crime|Drama|Mystery|Thriller,1996,3.64285714285714,35,7,9,10,12,,,,,,
631,"All Dogs Go to Heaven 2",Adventure|Animation|Children|Fantasy|Musical|Romance,1996,3.18181818181818,11,1,2,3,5,6,15,,,,
632,"Land and Freedom",Drama|War,1995,4,1,7,14,,,,,,,,
633,"Denise Calls Up",Comedy,1995,5,1,4,,,,,,,,,
634,"Theodore Rex",Comedy,1995,2.25,4,4,,,,,,,,,
635,"Family Thing, A",Comedy|Drama,1996,3,2,4,7,,,,,,,,
636,"Frisk",Drama,1995,3,1,7,,,,,,,,,
637,"Sgt. Bilko",Comedy,1996,3.04545454545455,33,4,,,,,,,,,
638,"Jack and Sarah",Romance,1995,3,1,6,,,,,,,,,
639,"Girl 6",Comedy|Drama,1996,3,4,4,7,,,,,,,,
640,"Diabolique",Drama|Thriller,1996,2.68181818181818,11,7,10,,,,,,,,
645,"Nelly & Monsieur Arnaud",Drama,1995,3.5,2,7,,,,,,,,,
647,"Courage Under Fire",Action|Crime|Drama|War,1996,3.32758620689655,29,7,8,9,14,,,,,,
648,"Mission: Impossible",Action|Adventure|Mystery|Thriller,1996,3.53703703703704,162,1,8,10,12,,,,,,
649,"Cold Fever",Comedy|Drama,1995,3,1,4,7,,,,,,,,
650,"Moll Flanders",Drama,1996,3,4,7,,,,,,,,,
653,"Dragonheart",Action|Adventure|Fantasy,1996,3.09230769230769,65,1,5,8,,,,,,,
656,"Eddie",Comedy,1996,3,5,4,,,,,,,,,
661,"James and the Giant Peach",Adventure|Animation|Children|Fantasy|Musical,1996,3.44897959183673,49,1,2,3,5,15,,,,,
662,"Fear",Thriller,1996,3.28571428571429,7,10,,,,,,,,,
663,"Kids in the Hall: Brain Candy",Comedy,1996,3.29166666666667,12,4,,,,,,,,,
665,"Underground",Comedy|Drama|War,1995,4.33333333333333,3,4,7,14,,,,,,,
667,"Bloodsport 2",Action,1996,2.8125,8,8,,,,,,,,,
668,"Song of the Little Road",Drama,1955,4.25,2,7,,,,,,,,,
670,"World of Apu, The",Drama,1959,4.75,2,7,,,,,,,,,
671,"Mystery Science Theater 3000: The Movie",Comedy|Sci-Fi,1996,3.48611111111111,36,4,13,,,,,,,,
673,"Space Jam",Adventure|Animation|Children|Comedy|Fantasy|Sci-Fi,1996,2.70754716981132,53,1,2,3,4,5,13,,,,
674,"Barbarella",Adventure|Comedy|Sci-Fi,1968,3.16666666666667,9,1,4,13,,,,,,,
678,"Some Folks Call It a Sling Blade",Drama|Thriller,1993,3.83333333333333,9,7,10,,,,,,,,
679,"Run of the Country, The",Drama,1995,4,1,7,,,,,,,,,
680,"Alphaville",Drama|Mystery|Romance|Sci-Fi|Thriller,1965,4.125,4,6,7,10,12,13,,,,,
685,"It's My Party",Drama,1996,4,2,7,,,,,,,,,
688,"Operation Dumbo Drop",Action|Adventure|Comedy|War,1995,2.33333333333333,9,1,4,8,14,,,,,,
691,"Mrs. Winterbourne",Comedy|Romance,1996,3.33333333333333,3,4,6,,,,,,,,
692,"Solo",Action|Sci-Fi|Thriller,1996,2,4,8,10,13,,,,,,,
694,"Substitute, The",Action|Crime|Drama,1996,2.95454545454545,11,7,8,9,,,,,,,
695,"True Crime",Mystery|Thriller,1996,4,2,10,12,,,,,,,,
697,"Feeling Minnesota",Drama|Romance,1996,2.7,5,6,7,,,,,,,,
698,"Delta of Venus",Drama,1995,1,1,7,,,,,,,,,
700,"Angus",Comedy,1995,3.21428571428571,7,4,,,,,,,,,
703,"Boys",Drama,1996,2,2,7,,,,,,,,,
704,"Quest, The",Action|Adventure,1996,2.57142857142857,7,1,8,,,,,,,,
706,"Sunset Park",Drama,1996,3,1,7,,,,,,,,,
707,"Mulholland Falls",Crime|Drama|Thriller,1996,2.88095238095238,21,7,9,10,,,,,,,
708,"Truth About Cats & Dogs, The",Comedy|Romance,1996,3.38793103448276,58,4,6,,,,,,,,
709,"Oliver & Company",Adventure|Animation|Children|Comedy|Musical,1988,3.09090909090909,11,1,2,3,4,15,,,,,
710,"Celtic Pride",Comedy,1996,2.5625,8,4,,,,,,,,,
711,"Flipper",Adventure|Children,1996,3.05,10,1,3,,,,,,,,
714,"Dead Man",Drama|Mystery|Western,1995,3.96666666666667,15,7,12,18,,,,,,,
715,"Horseman on the Roof, The",Drama|Romance,1995,3.66666666666667,3,6,7,,,,,,,,
718,"Visitors, The",Comedy|Fantasy|Sci-Fi,1993,4.125,4,4,5,13,,,,,,,
719,"Multiplicity",Comedy,1996,2.84285714285714,35,4,,,,,,,,,
720,"Wallace & Gromit: The Best of Aardman Animation",Adventure|Animation|Comedy,1996,4.09259259259259,27,1,2,4,,,,,,,
722,"Haunted World of Edward D. Wood Jr., The",Documentary,1996,4,1,16,,,,,,,,,
724,"Craft, The",Drama|Fantasy|Horror|Thriller,1996,3.03225806451613,31,5,7,10,11,,,,,,
725,"Great White Hype, The",Comedy,1996,2.5,5,4,,,,,,,,,
726,"Last Dance",Drama,1996,3,1,7,,,,,,,,,
728,"Cold Comfort Farm",Comedy,1995,3.5,10,4,,,,,,,,,
731,"Heaven's Prisoners",Crime|Thriller,1996,3.33333333333333,3,9,10,,,,,,,,
733,"Rock, The",Action|Adventure|Thriller,1996,3.6404958677686,121,1,8,10,,,,,,,
735,"Cemetery Man",Horror,1994,3.92857142857143,7,11,,,,,,,,,
736,"Twister",Action|Adventure|Romance|Thriller,1996,3.32113821138211,123,1,6,8,10,,,,,,
737,"Barb Wire",Action|Sci-Fi,1996,2.65,20,8,13,,,,,,,,
741,"Ghost in the Shell",Animation|Sci-Fi,1995,4.14814814814815,27,2,13,,,,,,,,
742,"Thinner",Horror|Thriller,1996,2.81818181818182,11,10,11,,,,,,,,
743,"Spy Hard",Comedy,1996,2.51724137931034,29,4,,,,,,,,,
745,"Wallace & Gromit: A Close Shave",Animation|Children|Comedy,1995,3.89583333333333,48,2,3,4,,,,,,,
747,"Stupids, The",Comedy,1996,3.33333333333333,3,4,,,,,,,,,
748,"Arrival, The",Action|Sci-Fi|Thriller,1996,3.11363636363636,22,8,10,13,,,,,,,
750,"Dr. Strangelove or: How I Learned to Stop Worrying and Love the Bomb",Comedy|War,1964,4.2680412371134,97,4,14,,,,,,,,
757,"Ashes of Time",Drama,1994,4,1,7,,,,,,,,,
759,"Maya Lin: A Strong Clear Vision",Documentary,1994,3.5,2,16,,,,,,,,,
760,"Stalingrad",Drama|War,1993,4.25,2,7,14,,,,,,,,
761,"Phantom, The",Action|Adventure,1996,2.78947368421053,19,1,8,,,,,,,,
762,"Striptease",Comedy|Crime,1996,2.41463414634146,41,4,9,,,,,,,,
764,"Heavy",Drama|Romance,1995,3.5,2,6,7,,,,,,,,
765,"Jack",Comedy|Drama,1996,3.15789473684211,19,4,7,,,,,,,,
766,"I Shot Andy Warhol",Drama,1996,3.5,4,7,,,,,,,,,
773,"Touki Bouki",Drama,1973,3.5,1,7,,,,,,,,,
775,"Spirits of the Dead",Horror|Mystery,1968,3,1,11,12,,,,,,,,
778,"Trainspotting",Comedy|Crime|Drama,1996,4.03921568627451,102,4,7,9,,,,,,,
779,"'Til There Was You",Drama|Romance,1997,4,2,6,7,,,,,,,,
780,"Independence Day",Action|Adventure|Sci-Fi|Thriller,1996,3.44554455445545,202,1,8,10,13,,,,,,
781,"Stealing Beauty",Drama,1996,3.5,7,7,,,,,,,,,
782,"Fan, The",Drama|Thriller,1996,3,8,7,10,,,,,,,,
783,"Hunchback of Notre Dame, The",Animation|Children|Drama|Musical|Romance,1996,3.32978723404255,47,2,3,6,7,15,,,,,
784,"Cable Guy, The",Comedy|Thriller,1996,2.80555555555556,54,4,10,,,,,,,,
785,"Kingpin",Comedy,1996,3.36904761904762,42,4,,,,,,,,,
786,"Eraser",Action|Drama|Thriller,1996,3.109375,64,7,8,10,,,,,,,
788,"Nutty Professor, The",Comedy|Fantasy|Romance|Sci-Fi,1996,2.73170731707317,82,4,5,6,13,,,,,,
790,"Unforgettable Summer, An",Drama,1994,2,1,7,,,,,,,,,
791,"Last Klezmer: Leopold Kozlowski, His Life and Music, The",Documentary,1994,4,1,16,,,,,,,,,
795,"Somebody to Love",Drama,1994,3.5,2,7,,,,,,,,,
798,"Daylight",Action|Adventure|Drama|Thriller,1996,2.70833333333333,12,1,7,8,10,,,,,,
799,"Frighteners, The",Comedy|Horror|Thriller,1996,3.45652173913043,23,4,10,11,,,,,,,
800,"Lone Star",Drama|Mystery|Western,1996,4.15789473684211,19,7,12,18,,,,,,,
801,"Harriet the Spy",Children|Comedy,1996,3.13636363636364,11,3,4,,,,,,,,
802,"Phenomenon",Drama|Romance,1996,3.33695652173913,46,6,7,,,,,,,,
803,"Walking and Talking",Comedy|Drama|Romance,1996,4,1,4,6,7,,,,,,,
804,"She's the One",Comedy|Romance,1996,3.25,8,4,6,,,,,,,,
805,"Time to Kill, A",Drama|Thriller,1996,3.65714285714286,35,7,10,,,,,,,,
806,"American Buffalo",Crime|Drama,1996,1.5,1,7,9,,,,,,,,
808,"Alaska",Adventure|Children,1996,3.5,2,1,3,,,,,,,,
809,"Fled",Action|Adventure,1996,2.33333333333333,9,1,8,,,,,,,,
810,"Kazaam",Children|Comedy|Fantasy,1996,2.25,12,3,4,5,,,,,,,
813,"Larger Than Life",Comedy,1996,2.8,5,4,,,,,,,,,
818,"Very Brady Sequel, A",Comedy,1996,3.25,10,4,,,,,,,,,
823,"Collector, The",Drama,1967,3.5,1,7,,,,,,,,,
824,"Kaspar Hauser",Drama|Mystery,1993,4,1,7,12,,,,,,,,
828,"Adventures of Pinocchio, The",Adventure|Children,1996,3.33333333333333,6,1,3,,,,,,,,
829,"Joe's Apartment",Comedy|Fantasy|Musical,1996,2.66666666666667,9,4,5,15,,,,,,,
830,"First Wives Club, The",Comedy,1996,3.07142857142857,21,4,,,,,,,,,
832,"Ransom",Crime|Thriller,1996,3.33783783783784,37,9,10,,,,,,,,
833,"High School High",Comedy,1996,2,6,4,,,,,,,,,
835,"Foxfire",Drama,1996,3.66666666666667,3,7,,,,,,,,,
836,"Chain Reaction",Action|Adventure|Thriller,1996,2.88235294117647,17,1,8,10,,,,,,,
837,"Matilda",Children|Comedy|Fantasy,1996,3.27272727272727,33,3,4,5,,,,,,,
838,"Emma",Comedy|Drama|Romance,1996,3.91666666666667,30,4,6,7,,,,,,,
839,"Crow: City of Angels, The",Action|Thriller,1996,2.83333333333333,15,8,10,,,,,,,,
840,"House Arrest",Children|Comedy,1996,3.375,4,3,4,,,,,,,,
841,"Eyes Without a Face",Horror,1959,3,2,11,,,,,,,,,
842,"Tales from the Crypt Presents: Bordello of Blood",Comedy|Horror,1996,2.54166666666667,12,4,11,,,,,,,,
848,"Spitfire Grill, The",Drama,1996,3.28571428571429,7,7,,,,,,,,,
849,"Escape from L.A.",Action|Adventure|Sci-Fi|Thriller,1996,2.92045454545455,44,1,8,10,13,,,,,,
851,"Basquiat",Drama,1996,2.83333333333333,6,7,,,,,,,,,
852,"Tin Cup",Comedy|Drama|Romance,1996,3.17441860465116,43,4,6,7,,,,,,,
858,"Godfather, The",Crime|Drama,1972,4.2890625,192,7,9,,,,,,,,
861,"Supercop",Action|Comedy|Crime|Thriller,1992,3.83333333333333,9,4,8,9,10,,,,,,
866,"Bound",Crime|Drama|Romance|Thriller,1996,4,23,6,7,9,10,,,,,,
867,"Carpool",Comedy|Crime,1996,1.75,2,4,9,,,,,,,,
869,"Kansas City",Crime|Drama|Musical|Thriller,1996,3.66666666666667,3,7,9,10,15,,,,,,
870,"Gone Fishin'",Comedy,1997,1,2,4,,,,,,,,,
875,"Nothing to Lose",Action|Crime|Drama,1994,3.5,1,7,8,9,,,,,,,
876,"Supercop 2",Action|Comedy|Crime|Thriller,1993,5,1,4,8,9,10,,,,,,
879,"Relic, The",Horror|Thriller,1997,3,4,10,11,,,,,,,,
880,"Island of Dr. Moreau, The",Sci-Fi|Thriller,1996,2.74074074074074,27,10,13,,,,,,,,
881,"First Kid",Children|Comedy,1996,2.1,5,3,4,,,,,,,,
882,"Trigger Effect, The",Drama|Thriller,1996,2,1,7,10,,,,,,,,
885,"Bogus",Children|Drama|Fantasy,1996,2.5,2,3,5,7,,,,,,,
886,"Bulletproof",Action|Comedy|Crime,1996,2.66666666666667,6,4,8,9,,,,,,,
888,"Land Before Time III: The Time of the Great Giving",Adventure|Animation|Children|Musical,1995,2.16666666666667,3,1,2,3,15,,,,,,
889,"1-900",Drama|Romance,1994,4,1,6,7,,,,,,,,
891,"Halloween: The Curse of Michael Myers",Horror|Thriller,1995,3.8,5,10,11,,,,,,,,
892,"Twelfth Night",Comedy|Drama|Romance,1996,3.53846153846154,13,4,6,7,,,,,,,
893,"Mother Night",Drama,1996,3.66666666666667,3,7,,,,,,,,,
896,"Wild Reeds",Drama,1994,2.5,2,7,,,,,,,,,
897,"For Whom the Bell Tolls",Adventure|Drama|Romance|War,1943,3.75,2,1,6,7,14,,,,,,
898,"Philadelphia Story, The",Comedy|Drama|Romance,1940,4.31034482758621,29,4,6,7,,,,,,,
899,"Singin' in the Rain",Comedy|Musical|Romance,1952,4.07446808510638,47,4,6,15,,,,,,,
900,"American in Paris, An",Musical|Romance,1951,3.70833333333333,12,6,15,,,,,,,,
901,"Funny Face",Comedy|Musical,1957,3,7,4,15,,,,,,,,
902,"Breakfast at Tiffany's",Drama|Romance,1961,3.84722222222222,36,6,7,,,,,,,,
903,"Vertigo",Drama|Mystery|Romance|Thriller,1958,4.025,60,6,7,10,12,,,,,,
904,"Rear Window",Mystery|Thriller,1954,4.26190476190476,84,10,12,,,,,,,,
905,"It Happened One Night",Comedy|Romance,1934,4.32142857142857,14,4,6,,,,,,,,
906,"Gaslight",Drama|Thriller,1944,4.14285714285714,7,7,10,,,,,,,,
907,"Gay Divorcee, The",Comedy|Musical|Romance,1934,3.5,2,4,6,15,,,,,,,
908,"North by Northwest",Action|Adventure|Mystery|Romance|Thriller,1959,4.18421052631579,57,1,6,8,10,12,,,,,
909,"Apartment, The",Comedy|Drama|Romance,1960,3.96296296296296,27,4,6,7,,,,,,,
910,"Some Like It Hot",Comedy|Crime,1959,4.01,50,4,9,,,,,,,,
911,"Charade",Comedy|Crime|Mystery|Romance|Thriller,1963,3.80769230769231,13,4,6,9,10,12,,,,,
912,"Casablanca",Drama|Romance,1942,4.24,100,6,7,,,,,,,,
913,"Maltese Falcon, The",Film-Noir|Mystery,1941,4.17045454545455,44,12,19,,,,,,,,
914,"My Fair Lady",Comedy|Drama|Musical|Romance,1964,4.04285714285714,35,4,6,7,15,,,,,,
915,"Sabrina",Comedy|Romance,1954,3.76666666666667,30,4,6,,,,,,,,
916,"Roman Holiday",Comedy|Drama|Romance,1953,4.05769230769231,26,4,6,7,,,,,,,
917,"Little Princess, The",Children|Drama,1939,3.5,2,3,7,,,,,,,,
918,"Meet Me in St. Louis",Musical,1944,4.1,10,15,,,,,,,,,
919,"Wizard of Oz, The",Adventure|Children|Fantasy|Musical,1939,3.8804347826087,92,1,3,5,15,,,,,,
920,"Gone with the Wind",Drama|Romance|War,1939,3.64444444444444,45,6,7,14,,,,,,,
921,"My Favorite Year",Comedy,1982,3.38888888888889,9,4,,,,,,,,,
922,"Sunset Blvd.",Drama|Film-Noir|Romance,1950,4.33333333333333,27,6,7,19,,,,,,,
923,"Citizen Kane",Drama|Mystery,1941,4.04347826086957,69,7,12,,,,,,,,
924,"2001: A Space Odyssey",Adventure|Drama|Sci-Fi,1968,3.89449541284404,109,1,7,13,,,,,,,
926,"All About Eve",Drama,1950,4.22916666666667,24,7,,,,,,,,,
927,"Women, The",Comedy,1939,4,3,4,,,,,,,,,
928,"Rebecca",Drama|Mystery|Romance|Thriller,1940,4.16666666666667,18,6,7,10,12,,,,,,
929,"Foreign Correspondent",Drama|Film-Noir|Mystery|Thriller,1940,3.5,1,7,10,12,19,,,,,,
930,"Notorious",Film-Noir|Romance|Thriller,1946,4.25,20,6,10,19,,,,,,,
931,"Spellbound",Mystery|Romance|Thriller,1945,3.83333333333333,9,6,10,12,,,,,,,
932,"Affair to Remember, An",Drama|Romance,1957,3.9375,8,6,7,,,,,,,,
933,"To Catch a Thief",Crime|Mystery|Romance|Thriller,1955,4.21739130434783,23,6,9,10,12,,,,,,
934,"Father of the Bride",Comedy,1950,3.25,12,4,,,,,,,,,
935,"Band Wagon, The",Comedy|Musical,1953,3.83333333333333,3,4,15,,,,,,,,
936,"Ninotchka",Comedy|Romance,1939,4,6,4,6,,,,,,,,
937,"Love in the Afternoon",Comedy|Romance,1957,3.5,2,4,6,,,,,,,,
938,"Gigi",Musical,1958,3.25,6,15,,,,,,,,,
940,"Adventures of Robin Hood, The",Action|Adventure|Romance,1938,4,8,1,6,8,,,,,,,
941,"Mark of Zorro, The",Adventure,1940,3.75,2,1,,,,,,,,,
942,"Laura",Crime|Film-Noir|Mystery,1944,4.33333333333333,6,9,12,19,,,,,,,
943,"Ghost and Mrs. Muir, The",Drama|Fantasy|Romance,1947,3.92857142857143,7,5,6,7,,,,,,,
944,"Lost Horizon",Drama,1937,4,3,7,,,,,,,,,
945,"Top Hat",Comedy|Musical|Romance,1935,4.07142857142857,7,4,6,15,,,,,,,
946,"To Be or Not to Be",Comedy|Drama|War,1942,2.5,3,4,7,14,,,,,,,
947,"My Man Godfrey",Comedy|Romance,1936,3.75,4,4,6,,,,,,,,
948,"Giant",Drama|Romance|Western,1956,3.91666666666667,6,6,7,18,,,,,,,
949,"East of Eden",Drama,1955,3.91666666666667,6,7,,,,,,,,,
950,"Thin Man, The",Comedy|Crime,1934,3.85714285714286,7,4,9,,,,,,,,
951,"His Girl Friday",Comedy|Romance,1940,4.39285714285714,14,4,6,,,,,,,,
952,"Around the World in 80 Days",Adventure|Comedy,1956,3.625,12,1,4,,,,,,,,
953,"It's a Wonderful Life",Children|Drama|Fantasy|Romance,1946,4.03448275862069,58,3,5,6,7,,,,,,
954,"Mr. Smith Goes to Washington",Drama,1939,4.08333333333333,18,7,,,,,,,,,
955,"Bringing Up Baby",Comedy|Romance,1938,3.86111111111111,18,4,6,,,,,,,,
956,"Penny Serenade",Drama|Romance,1941,4,1,6,7,,,,,,,,
959,"Of Human Bondage",Drama,1934,3.5,1,7,,,,,,,,,
961,"Little Lord Fauntleroy",Drama,1936,4,1,7,,,,,,,,,
963,"Inspector General, The",Musical,1949,3,1,15,,,,,,,,,
965,"39 Steps, The",Drama|Mystery|Thriller,1935,4.04545454545455,11,7,10,12,,,,,,,
968,"Night of the Living Dead",Horror|Sci-Fi|Thriller,1968,3.75,28,10,11,13,,,,,,,
969,"African Queen, The",Adventure|Comedy|Romance|War,1951,3.97058823529412,34,1,4,6,14,,,,,,
970,"Beat the Devil",Adventure|Comedy|Crime|Drama|Romance,1953,3.5,1,1,4,6,7,9,,,,,
971,"Cat on a Hot Tin Roof",Drama,1958,4.1,10,7,,,,,,,,,
973,"Meet John Doe",Comedy|Drama,1941,3.9,5,4,7,,,,,,,,
976,"Farewell to Arms, A",Romance|War,1932,3,1,6,14,,,,,,,,
979,"Nothing Personal",Drama|War,1995,3,1,7,14,,,,,,,,
981,"Dangerous Ground",Drama,1997,3,2,7,,,,,,,,,
982,"Picnic",Drama,1955,3,1,7,,,,,,,,,
984,"Pompatus of Love, The",Comedy|Drama,1996,3.5,2,4,7,,,,,,,,
986,"Fly Away Home",Adventure|Children,1996,3.53846153846154,13,1,3,,,,,,,,
987,"Bliss",Drama|Romance,1997,3,1,6,7,,,,,,,,
988,"Grace of My Heart",Comedy|Drama,1996,3,2,4,7,,,,,,,,
990,"Maximum Risk",Action|Adventure|Thriller,1996,2.9,5,1,8,10,,,,,,,
991,"Michael Collins",Drama,1996,3.31818181818182,11,7,,,,,,,,,
993,"Infinity",Drama,1996,3,1,7,,,,,,,,,
994,"Big Night",Comedy|Drama,1996,4.18181818181818,11,4,7,,,,,,,,
996,"Last Man Standing",Action|Crime|Drama|Thriller,1996,2.5,13,7,8,9,10,,,,,,
998,"Set It Off",Action|Crime,1996,3,3,8,9,,,,,,,,
999,"2 Days in the Valley",Crime|Film-Noir,1996,3.04166666666667,12,9,19,,,,,,,,
1003,"Extreme Measures",Drama|Thriller,1996,2.5,3,7,10,,,,,,,,
1004,"Glimmer Man, The",Action|Thriller,1996,3,6,8,10,,,,,,,,
1005,"D3: The Mighty Ducks",Children|Comedy,1996,2.1875,8,3,4,,,,,,,,
1006,"Chamber, The",Drama,1996,3.5,5,7,,,,,,,,,
1007,"Apple Dumpling Gang, The",Children|Comedy|Western,1975,2.6,10,3,4,18,,,,,,,
1008,"Davy Crockett, King of the Wild Frontier",Adventure|Western,1955,3,1,1,18,,,,,,,,
1009,"Escape to Witch Mountain",Adventure|Children|Fantasy,1975,3.05555555555556,9,1,3,5,,,,,,,
1010,"Love Bug, The",Children|Comedy,1969,3.05555555555556,9,3,4,,,,,,,,
1011,"Herbie Rides Again",Children|Comedy|Fantasy|Romance,1974,2.9375,8,3,4,5,6,,,,,,
1012,"Old Yeller",Children|Drama,1957,3.44444444444444,9,3,7,,,,,,,,
1013,"Parent Trap, The",Children|Comedy|Romance,1961,3.20833333333333,12,3,4,6,,,,,,,
1014,"Pollyanna",Children|Comedy|Drama,1960,2.9,5,3,4,7,,,,,,,
1015,"Homeward Bound: The Incredible Journey",Adventure|Children|Drama,1993,2.95,20,1,3,7,,,,,,,
1016,"Shaggy Dog, The",Children|Comedy,1959,2.9,5,3,4,,,,,,,,
1017,"Swiss Family Robinson",Adventure|Children,1960,3.5,10,1,3,,,,,,,,
1018,"That Darn Cat!",Children|Comedy|Mystery,1965,2.41666666666667,6,3,4,12,,,,,,,
1019,"20,000 Leagues Under the Sea",Adventure|Drama|Sci-Fi,1954,3.47058823529412,17,1,7,13,,,,,,,
1020,"Cool Runnings",Comedy,1993,3.08108108108108,37,4,,,,,,,,,
1021,"Angels in the Outfield",Children|Comedy,1994,2.33333333333333,27,3,4,,,,,,,,
1022,"Cinderella",Animation|Children|Fantasy|Musical|Romance,1950,3.48809523809524,42,2,3,5,6,15,,,,,
1023,"Winnie the Pooh and the Blustery Day",Animation|Children|Musical,1968,3.61538461538462,13,2,3,15,,,,,,,
1024,"Three Caballeros, The",Animation|Children|Musical,1945,3.66666666666667,6,2,3,15,,,,,,,
1025,"Sword in the Stone, The",Animation|Children|Fantasy|Musical,1963,3.58,25,2,3,5,15,,,,,,
1027,"Robin Hood: Prince of Thieves",Adventure|Drama,1991,3.01785714285714,28,1,7,,,,,,,,
1028,"Mary Poppins",Children|Comedy|Fantasy|Musical,1964,3.88732394366197,71,3,4,5,15,,,,,,
1029,"Dumbo",Animation|Children|Drama|Musical,1941,3.38571428571429,35,2,3,7,15,,,,,,
1030,"Pete's Dragon",Adventure|Animation|Children|Musical,1977,2.76666666666667,15,1,2,3,15,,,,,,
1031,"Bedknobs and Broomsticks",Adventure|Children|Musical,1971,3.47916666666667,24,1,3,15,,,,,,,
1032,"Alice in Wonderland",Adventure|Animation|Children|Fantasy|Musical,1951,3.375,40,1,2,3,5,15,,,,,
1033,"Fox and the Hound, The",Animation|Children|Drama,1981,3.575,20,2,3,7,,,,,,,
1034,"Freeway",Comedy|Crime|Drama|Thriller,1996,3.1,5,4,7,9,10,,,,,,
1035,"Sound of Music, The",Musical|Romance,1965,3.9375,64,6,15,,,,,,,,
1036,"Die Hard",Action|Crime|Thriller,1988,3.86206896551724,145,8,9,10,,,,,,,
1037,"Lawnmower Man, The",Action|Horror|Sci-Fi|Thriller,1992,2.77083333333333,24,8,10,11,13,,,,,,
1040,"Secret Agent, The",Drama,1996,3,1,7,,,,,,,,,
1041,"Secrets & Lies",Drama,1996,4.59090909090909,11,7,,,,,,,,,
1042,"That Thing You Do!",Comedy|Drama,1996,3.27380952380952,42,4,7,,,,,,,,
1043,"To Gillian on Her 37th Birthday",Drama|Romance,1996,2.4,5,6,7,,,,,,,,
1046,"Beautiful Thing",Drama|Romance,1996,4.5,4,6,7,,,,,,,,
1047,"Long Kiss Goodnight, The",Action|Drama|Thriller,1996,3.31818181818182,33,7,8,10,,,,,,,
1049,"Ghost and the Darkness, The",Action|Adventure,1996,3.47619047619048,21,1,8,,,,,,,,
1050,"Looking for Richard",Documentary|Drama,1996,3.9,5,7,16,,,,,,,,
1051,"Trees Lounge",Drama,1996,4,3,7,,,,,,,,,
1053,"Normal Life",Crime|Drama|Romance,1996,3,1,6,7,9,,,,,,,
1054,"Get on the Bus",Drama,1996,2,1,7,,,,,,,,,
1055,"Shadow Conspiracy",Thriller,1997,1.5,2,10,,,,,,,,,
1056,"Jude",Drama,1996,3.07142857142857,7,7,,,,,,,,,
1057,"Everyone Says I Love You",Comedy|Musical|Romance,1996,3.46666666666667,15,4,6,15,,,,,,,
1059,"William Shakespeare's Romeo + Juliet",Drama|Romance,1996,3.72222222222222,36,6,7,,,,,,,,
1060,"Swingers",Comedy|Drama,1996,3.69444444444444,36,4,7,,,,,,,,
1061,"Sleepers",Thriller,1996,3.67241379310345,29,10,,,,,,,,,
1064,"Aladdin and the King of Thieves",Animation|Children|Comedy|Fantasy|Musical|Romance,1996,3.15384615384615,13,2,3,4,5,6,15,,,,
1066,"Shall We Dance",Comedy|Musical|Romance,1937,4.5,4,4,6,15,,,,,,,
1068,"Crossfire",Crime|Film-Noir,1947,3.5,1,9,19,,,,,,,,
1073,"Willy Wonka & the Chocolate Factory",Children|Comedy|Fantasy|Musical,1971,3.87394957983193,119,3,4,5,15,,,,,,
1076,"Innocents, The",Drama|Horror|Thriller,1961,NaN,NaN,7,10,11,,,,,,,
1077,"Sleeper",Comedy|Sci-Fi,1973,3.75,28,4,13,,,,,,,,
1078,"Bananas",Comedy|War,1971,3.40909090909091,11,4,14,,,,,,,,
1079,"Fish Called Wanda, A",Comedy|Crime,1988,3.92253521126761,71,4,9,,,,,,,,
1080,"Monty Python's Life of Brian",Comedy,1979,3.92696629213483,89,4,,,,,,,,,
1081,"Victor/Victoria",Comedy|Musical|Romance,1982,3.54166666666667,12,4,6,15,,,,,,,
1082,"Candidate, The",Drama,1972,3.58333333333333,6,7,,,,,,,,,
1083,"Great Race, The",Comedy|Musical,1965,3.33333333333333,6,4,15,,,,,,,,
1084,"Bonnie and Clyde",Crime|Drama,1967,4.07142857142857,35,7,9,,,,,,,,
1085,"Old Man and the Sea, The",Adventure|Drama,1958,3.5,2,1,7,,,,,,,,
1086,"Dial M for Murder",Crime|Mystery|Thriller,1954,4.1,25,9,10,12,,,,,,,
1088,"Dirty Dancing",Drama|Musical|Romance,1987,3.36904761904762,42,6,7,15,,,,,,,
1089,"Reservoir Dogs",Crime|Mystery|Thriller,1992,4.20229007633588,131,9,10,12,,,,,,,
1090,"Platoon",Drama|War,1986,3.98412698412698,63,7,14,,,,,,,,
1091,"Weekend at Bernie's",Comedy,1989,2.54761904761905,21,4,,,,,,,,,
1092,"Basic Instinct",Crime|Mystery|Thriller,1992,3.19148936170213,47,9,10,12,,,,,,,
1093,"Doors, The",Drama,1991,3.40540540540541,37,7,,,,,,,,,
1094,"Crying Game, The",Drama|Romance|Thriller,1992,3.44047619047619,42,6,7,10,,,,,,,
1095,"Glengarry Glen Ross",Drama,1992,3.66666666666667,15,7,,,,,,,,,
1096,"Sophie's Choice",Drama,1982,4.05,10,7,,,,,,,,,
1097,"E.T. the Extra-Terrestrial",Children|Drama|Sci-Fi,1982,3.76639344262295,122,3,7,13,,,,,,,
1099,"Christmas Carol, A",Children|Drama|Fantasy,1938,3.375,4,3,5,7,,,,,,,
1100,"Days of Thunder",Action|Drama|Romance,1990,2.71052631578947,19,6,7,8,,,,,,,
1101,"Top Gun",Action|Romance,1986,3.30120481927711,83,6,8,,,,,,,,
1103,"Rebel Without a Cause",Drama,1955,4.1,15,7,,,,,,,,,
1104,"Streetcar Named Desire, A",Drama,1951,4.475,20,7,,,,,,,,,
1105,"Children of the Corn IV: The Gathering",Horror,1996,4.66666666666667,3,11,,,,,,,,,
1107,"Loser",Comedy,1991,2,2,4,,,,,,,,,
1111,"Microcosmos",Documentary,1996,4.125,4,16,,,,,,,,,
1112,"Palookaville",Action|Comedy|Drama,1996,4.5,2,4,7,8,,,,,,,
1114,"Funeral, The",Crime|Drama,1996,3,1,7,9,,,,,,,,
1116,"Single Girl, A",Drama,1995,4,1,7,,,,,,,,,
1117,"Eighth Day, The",Drama,1996,3.5,1,7,,,,,,,,,
1119,"Drunks",Drama,1995,3,1,7,,,,,,,,,
1120,"People vs. Larry Flynt, The",Comedy|Drama,1996,3.53703703703704,27,4,7,,,,,,,,
1121,"Glory Daze",Drama,1995,4,1,7,,,,,,,,,
1123,"Perfect Candidate, A",Documentary,1996,4.25,2,16,,,,,,,,,
1124,"On Golden Pond",Drama,1981,3.65384615384615,13,7,,,,,,,,,
1125,"Return of the Pink Panther, The",Comedy|Crime,1975,3.6875,24,4,9,,,,,,,,
1126,"Drop Dead Fred",Comedy|Fantasy,1991,2.83333333333333,6,4,5,,,,,,,,
1127,"Abyss, The",Action|Adventure|Sci-Fi|Thriller,1989,3.4758064516129,62,1,8,10,13,,,,,,
1128,"Fog, The",Horror,1980,2.5,5,11,,,,,,,,,
1129,"Escape from New York",Action|Adventure|Sci-Fi|Thriller,1981,3.44871794871795,39,1,8,10,13,,,,,,
1130,"Howling, The",Horror|Mystery,1980,2.9,5,11,12,,,,,,,,
1131,"Jean de Florette",Drama|Mystery,1986,4.09090909090909,11,7,12,,,,,,,,
1132,"Manon of the Spring",Drama,1986,4.0625,8,7,,,,,,,,,
1135,"Private Benjamin",Comedy,1980,3.11538461538462,13,4,,,,,,,,,
1136,"Monty Python and the Holy Grail",Adventure|Comedy|Fantasy,1975,4.16176470588235,136,1,4,5,,,,,,,
1137,"Hustler White",Romance,1996,4,1,6,,,,,,,,,
1140,"Entertaining Angels: The Dorothy Day Story",Drama,1996,5,1,7,,,,,,,,,
1144,"Line King: The Al Hirschfeld Story, The",Documentary,1996,4,1,16,,,,,,,,,
1147,"When We Were Kings",Documentary,1996,3.9,10,16,,,,,,,,,
1148,"Wallace & Gromit: The Wrong Trousers",Animation|Children|Comedy|Crime,1993,4.03571428571429,56,2,3,4,9,,,,,,
1150,"Return of Martin Guerre, The",Drama,1982,4.33333333333333,3,7,,,,,,,,,
1151,"Lesson Faust",Animation|Comedy|Drama|Fantasy,1994,5,2,2,4,5,7,,,,,,
1156,"Children Are Watching Us, The",Drama,1944,3.5,1,7,,,,,,,,,
1161,"Tin Drum, The",Drama|War,1979,3.66666666666667,3,7,14,,,,,,,,
1162,"Ruling Class, The",Comedy|Drama,1972,3,1,4,7,,,,,,,,
1163,"Mina Tannenbaum",Drama,1994,1,1,7,,,,,,,,,
1167,"Dear God",Comedy,1996,3.5,2,4,,,,,,,,,
1170,"Best of the Best 3: No Turning Back",Action,1995,2.5,2,8,,,,,,,,,
1171,"Bob Roberts",Comedy,1992,3.35294117647059,17,4,,,,,,,,,
1172,"Cinema Paradiso",Drama,1989,4.16176470588235,34,7,,,,,,,,,
1173,"Cook the Thief His Wife & Her Lover, The",Comedy|Drama,1989,3.13636363636364,11,4,7,,,,,,,,
1175,"Delicatessen",Comedy|Drama|Romance,1991,3.83333333333333,21,4,6,7,,,,,,,
1176,"Double Life of Veronique, The",Drama|Fantasy|Romance,1991,4,3,5,6,7,,,,,,,
1177,"Enchanted April",Drama|Romance,1992,4,6,6,7,,,,,,,,
1178,"Paths of Glory",Drama|War,1957,4.54166666666667,12,7,14,,,,,,,,
1179,"Grifters, The",Crime|Drama|Film-Noir,1990,3.62962962962963,27,7,9,19,,,,,,,
1180,"Hear My Song",Comedy,1991,3,1,4,,,,,,,,,
1183,"English Patient, The",Drama|Romance|War,1996,3.71111111111111,45,6,7,14,,,,,,,
1184,"Mediterraneo",Comedy|Drama,1991,3.92857142857143,7,4,7,,,,,,,,
1185,"My Left Foot",Drama,1989,3.95,10,7,,,,,,,,,
1186,"Sex, Lies, and Videotape",Drama,1989,3.58695652173913,23,7,,,,,,,,,
1187,"Passion Fish",Drama,1992,3.6,5,7,,,,,,,,,
1188,"Strictly Ballroom",Comedy|Romance,1992,3.65909090909091,22,4,6,,,,,,,,
1189,"Thin Blue Line, The",Documentary,1988,4,11,16,,,,,,,,,
1190,"Tie Me Up! Tie Me Down!",Crime|Drama|Romance,1990,3.16666666666667,6,6,7,9,,,,,,,
1191,"Madonna: Truth or Dare",Documentary|Musical,1991,3.5,6,15,16,,,,,,,,
1192,"Paris Is Burning",Documentary,1990,4.5,5,16,,,,,,,,,
1193,"One Flew Over the Cuckoo's Nest",Drama,1975,4.20300751879699,133,7,,,,,,,,,
1194,"Cheech and Chong's Up in Smoke",Comedy,1978,3.59090909090909,11,4,,,,,,,,,
1196,"Star Wars: Episode V - The Empire Strikes Back",Action|Adventure|Sci-Fi,1980,4.21563981042654,211,1,8,13,,,,,,,
1197,"Princess Bride, The",Action|Adventure|Comedy|Fantasy|Romance,1987,4.23239436619718,142,1,4,5,6,8,,,,,
1198,"Raiders of the Lost Ark",Action|Adventure,1981,4.2075,200,1,8,,,,,,,,
1199,"Brazil",Fantasy|Sci-Fi,1985,4.17796610169492,59,5,13,,,,,,,,
1200,"Aliens",Action|Adventure|Horror|Sci-Fi,1986,3.96428571428571,126,1,8,11,13,,,,,,
1201,"Good, the Bad and the Ugly, The",Action|Adventure|Western,1966,4.14583333333333,72,1,8,18,,,,,,,
1202,"Withnail & I",Comedy,1987,3.85714285714286,7,4,,,,,,,,,
1203,"12 Angry Men",Drama,1957,4.14912280701754,57,7,,,,,,,,,
1204,"Lawrence of Arabia",Adventure|Drama|War,1962,4.3,45,1,7,14,,,,,,,
1206,"Clockwork Orange, A",Crime|Drama|Sci-Fi|Thriller,1971,3.99583333333333,120,7,9,10,13,,,,,,
1207,"To Kill a Mockingbird",Drama,1962,4.12068965517241,58,7,,,,,,,,,
1208,"Apocalypse Now",Action|Drama|War,1979,4.2196261682243,107,7,8,14,,,,,,,
1209,"Once Upon a Time in the West",Action|Drama|Western,1968,4.30555555555556,18,7,8,18,,,,,,,
1210,"Star Wars: Episode VI - Return of the Jedi",Action|Adventure|Sci-Fi,1983,4.13775510204082,196,1,8,13,,,,,,,
1211,"Wings of Desire",Drama|Fantasy|Romance,1987,3.88461538461538,13,5,6,7,,,,,,,
1212,"Third Man, The",Film-Noir|Mystery|Thriller,1949,4.22916666666667,24,10,12,19,,,,,,,
1213,"Goodfellas",Crime|Drama,1990,4.25,126,7,9,,,,,,,,
1214,"Alien",Horror|Sci-Fi,1979,3.96917808219178,146,11,13,,,,,,,,
1215,"Army of Darkness",Action|Adventure|Comedy|Fantasy|Horror,1993,4.03921568627451,51,1,4,5,8,11,,,,,
1216,"Big Blue, The",Adventure|Drama|Romance,1988,3.45454545454545,11,1,6,7,,,,,,,
1217,"Ran",Drama|War,1985,4.43333333333333,15,7,14,,,,,,,,
1218,"Killer, The",Action|Crime|Drama|Thriller,1989,4,11,7,8,9,10,,,,,,
1219,"Psycho",Crime|Horror,1960,4.03614457831325,83,9,11,,,,,,,,
1220,"Blues Brothers, The",Action|Comedy|Musical,1980,3.80952380952381,84,4,8,15,,,,,,,
1221,"Godfather: Part II, The",Crime|Drama,1974,4.25968992248062,129,7,9,,,,,,,,
1222,"Full Metal Jacket",Drama|War,1987,4.09803921568627,102,7,14,,,,,,,,
1223,"Grand Day Out with Wallace and Gromit, A",Adventure|Animation|Children|Comedy|Sci-Fi,1989,4.08928571428571,28,1,2,3,4,13,,,,,
1224,"Henry V",Action|Drama|Romance|War,1989,4,19,6,7,8,14,,,,,,
1225,"Amadeus",Drama,1984,4.18421052631579,76,7,,,,,,,,,
1226,"Quiet Man, The",Drama|Romance,1952,3.5,6,6,7,,,,,,,,
1227,"Once Upon a Time in America",Crime|Drama,1984,4.0625,16,7,9,,,,,,,,
1228,"Raging Bull",Drama,1980,4.1875,40,7,,,,,,,,,
1230,"Annie Hall",Comedy|Romance,1977,3.87068965517241,58,4,6,,,,,,,,
1231,"Right Stuff, The",Drama,1983,3.86363636363636,22,7,,,,,,,,,
1232,"Stalker",Drama|Mystery|Sci-Fi,1979,3.625,8,7,12,13,,,,,,,
1233,"Boot, Das",Action|Drama|War,1981,4.2125,40,7,8,14,,,,,,,
1234,"Sting, The",Comedy|Crime,1973,3.9765625,64,4,9,,,,,,,,
1235,"Harold and Maude",Comedy|Drama|Romance,1971,4.28846153846154,26,4,6,7,,,,,,,
1236,"Trust",Comedy|Drama|Romance,1990,4.33333333333333,3,4,6,7,,,,,,,
1237,"Seventh Seal, The",Drama,1957,4.22222222222222,18,7,,,,,,,,,
1238,"Local Hero",Comedy,1983,4.05555555555556,9,4,,,,,,,,,
1240,"Terminator, The",Action|Sci-Fi|Thriller,1984,3.8969465648855,131,8,10,13,,,,,,,
1241,"Dead Alive",Comedy|Fantasy|Horror,1992,4.05,10,4,5,11,,,,,,,
1242,"Glory",Drama|War,1989,4.17073170731707,41,7,14,,,,,,,,
1243,"Rosencrantz and Guildenstern Are Dead",Comedy|Drama,1990,3.96875,16,4,7,,,,,,,,
1244,"Manhattan",Comedy|Drama|Romance,1979,4.10606060606061,33,4,6,7,,,,,,,
1245,"Miller's Crossing",Crime|Drama|Film-Noir|Thriller,1990,4.225,20,7,9,10,19,,,,,,
1246,"Dead Poets Society",Drama,1989,3.9593023255814,86,7,,,,,,,,,
1247,"Graduate, The",Comedy|Drama|Romance,1967,4.06329113924051,79,4,6,7,,,,,,,
1248,"Touch of Evil",Crime|Film-Noir|Thriller,1958,4.26470588235294,17,9,10,19,,,,,,,
1249,"Femme Nikita, La",Action|Crime|Romance|Thriller,1990,4.07142857142857,35,6,8,9,10,,,,,,
1250,"Bridge on the River Kwai, The",Adventure|Drama|War,1957,4.12222222222222,45,1,7,14,,,,,,,
1251,"8 1/2",Drama|Fantasy,1963,4.07142857142857,14,5,7,,,,,,,,
1252,"Chinatown",Crime|Film-Noir|Mystery|Thriller,1974,4.21186440677966,59,9,10,12,19,,,,,,
1253,"Day the Earth Stood Still, The",Drama|Sci-Fi|Thriller,1951,3.82,25,7,10,13,,,,,,,
1254,"Treasure of the Sierra Madre, The",Action|Adventure|Drama|Western,1948,3.65625,16,1,7,8,18,,,,,,
1255,"Bad Taste",Comedy|Horror|Sci-Fi,1987,3,6,4,11,13,,,,,,,
1256,"Duck Soup",Comedy|Musical|War,1933,3.80434782608696,23,4,14,15,,,,,,,
1257,"Better Off Dead...",Comedy|Romance,1985,3.68518518518519,27,4,6,,,,,,,,
1258,"Shining, The",Horror,1980,4.08256880733945,109,11,,,,,,,,,
1259,"Stand by Me",Adventure|Drama,1986,4.00549450549451,91,1,7,,,,,,,,
1260,"M",Crime|Film-Noir|Thriller,1931,3.73333333333333,15,9,10,19,,,,,,,
1261,"Evil Dead II",Action|Comedy|Fantasy|Horror,1987,4.04411764705882,34,4,5,8,11,,,,,,
1262,"Great Escape, The",Action|Adventure|Drama|War,1963,4.12790697674419,43,1,7,8,14,,,,,,
1263,"Deer Hunter, The",Drama|War,1978,3.82558139534884,43,7,14,,,,,,,,
1264,"Diva",Action|Drama|Mystery|Romance|Thriller,1981,3.8,5,6,7,8,10,12,,,,,
1265,"Groundhog Day",Comedy|Fantasy|Romance,1993,3.94405594405594,143,4,5,6,,,,,,,
1266,"Unforgiven",Drama|Western,1992,4.11111111111111,45,7,18,,,,,,,,
1267,"Manchurian Candidate, The",Crime|Thriller|War,1962,4.25,30,9,10,14,,,,,,,
1268,"Pump Up the Volume",Comedy|Drama,1990,3.61111111111111,9,4,7,,,,,,,,
1269,"Arsenic and Old Lace",Comedy|Mystery|Thriller,1944,3.87931034482759,29,4,10,12,,,,,,,
1270,"Back to the Future",Adventure|Comedy|Sci-Fi,1985,4.03801169590643,171,1,4,13,,,,,,,
1271,"Fried Green Tomatoes",Comedy|Crime|Drama,1991,3.5,30,4,7,9,,,,,,,
1272,"Patton",Drama|War,1970,4.12121212121212,33,7,14,,,,,,,,
1273,"Down by Law",Comedy|Drama|Film-Noir,1986,4.04545454545455,11,4,7,19,,,,,,,
1274,"Akira",Action|Adventure|Animation|Sci-Fi,1988,3.74358974358974,39,1,2,8,13,,,,,,
1275,"Highlander",Action|Adventure|Fantasy,1986,3.72916666666667,48,1,5,8,,,,,,,
1276,"Cool Hand Luke",Drama,1967,4.2719298245614,57,7,,,,,,,,,
1277,"Cyrano de Bergerac",Comedy|Drama|Romance,1990,4.125,12,4,6,7,,,,,,,
1278,"Young Frankenstein",Comedy|Fantasy,1974,3.99275362318841,69,4,5,,,,,,,,
1279,"Night on Earth",Comedy|Drama,1991,4.125,8,4,7,,,,,,,,
1280,"Raise the Red Lantern",Drama,1991,4.33333333333333,9,7,,,,,,,,,
1281,"Great Dictator, The",Comedy|Drama|War,1940,4.13333333333333,15,4,7,14,,,,,,,
1282,"Fantasia",Animation|Children|Fantasy|Musical,1940,3.78301886792453,53,2,3,5,15,,,,,,
1283,"High Noon",Drama|Western,1952,4.21052631578947,19,7,18,,,,,,,,
1284,"Big Sleep, The",Crime|Film-Noir|Mystery,1946,4.14285714285714,14,9,12,19,,,,,,,
1285,"Heathers",Comedy,1989,3.73170731707317,41,4,,,,,,,,,
1286,"Somewhere in Time",Drama|Romance,1980,3.07142857142857,7,6,7,,,,,,,,
1287,"Ben-Hur",Action|Adventure|Drama,1959,3.94117647058824,34,1,7,8,,,,,,,
1288,"This Is Spinal Tap",Comedy,1984,4.01515151515152,66,4,,,,,,,,,
1289,"Koyaanisqatsi",Documentary,1983,3.86363636363636,11,16,,,,,,,,,
1290,"Some Kind of Wonderful",Drama|Romance,1987,3.35,10,6,7,,,,,,,,
1291,"Indiana Jones and the Last Crusade",Action|Adventure,1989,4.04642857142857,140,1,8,,,,,,,,
1292,"Being There",Comedy|Drama,1979,3.95,20,4,7,,,,,,,,
1293,"Gandhi",Drama,1982,3.83333333333333,27,7,,,,,,,,,
1295,"Unbearable Lightness of Being, The",Drama,1988,3.22727272727273,11,7,,,,,,,,,
1296,"Room with a View, A",Drama|Romance,1986,3.70588235294118,17,6,7,,,,,,,,
1297,"Real Genius",Comedy,1985,3.675,20,4,,,,,,,,,
1298,"Pink Floyd: The Wall",Drama|Musical,1982,3.76086956521739,23,7,15,,,,,,,,
1299,"Killing Fields, The",Drama|War,1984,4.01785714285714,28,7,14,,,,,,,,
1300,"My Life as a Dog",Comedy|Drama,1985,4.16666666666667,9,4,7,,,,,,,,
1301,"Forbidden Planet",Drama|Sci-Fi,1956,3.80769230769231,13,7,13,,,,,,,,
1302,"Field of Dreams",Children|Drama|Fantasy,1989,3.51785714285714,56,3,5,7,,,,,,,
1303,"Man Who Would Be King, The",Adventure|Drama,1975,4.02941176470588,17,1,7,,,,,,,,
1304,"Butch Cassidy and the Sundance Kid",Action|Western,1969,3.94354838709677,62,8,18,,,,,,,,
1305,"Paris, Texas",Drama|Romance,1984,3.5,4,6,7,,,,,,,,
1306,"Until the End of the World",Adventure|Drama|Sci-Fi,1991,2.7,5,1,7,13,,,,,,,
1307,"When Harry Met Sally...",Comedy|Romance,1989,3.85882352941176,85,4,6,,,,,,,,
1310,"Hype!",Documentary,1996,5,1,16,,,,,,,,,
1312,"Female Perversions",Drama,1996,2.5,2,7,,,,,,,,,
1318,"Blue Juice",Comedy|Drama,1995,2,1,4,7,,,,,,,,
1320,"Alien³",Action|Horror|Sci-Fi|Thriller,1992,3.14893617021277,47,8,10,11,13,,,,,,
1321,"American Werewolf in London, An",Comedy|Horror|Thriller,1981,3.41304347826087,23,4,10,11,,,,,,,
1322,"Amityville 1992: It's About Time",Horror,1992,1.5,3,11,,,,,,,,,
1323,"Amityville 3-D",Horror,1983,1.66666666666667,3,11,,,,,,,,,
1324,"Amityville: Dollhouse",Horror,1996,1.16666666666667,3,11,,,,,,,,,
1325,"Amityville: A New Generation",Horror,1993,1.25,2,11,,,,,,,,,
1326,"Amityville II: The Possession",Horror,1982,1.125,4,11,,,,,,,,,
1327,"Amityville Horror, The",Drama|Horror|Mystery|Thriller,1979,2.63333333333333,15,7,10,11,12,,,,,,
1328,"Amityville Curse, The",Horror,1990,0.75,2,11,,,,,,,,,
1329,"Blood for Dracula",Horror,1974,2.75,2,11,,,,,,,,,
1330,"April Fool's Day",Horror,1986,1.5,4,11,,,,,,,,,
1331,"Audrey Rose",Horror,1977,2,1,11,,,,,,,,,
1332,"Believers, The",Horror|Thriller,1987,3.66666666666667,3,10,11,,,,,,,,
1333,"Birds, The",Horror|Thriller,1963,3.60227272727273,44,10,11,,,,,,,,
1334,"Blob, The",Horror|Sci-Fi,1958,3,6,11,13,,,,,,,,
1335,"Blood Beach",Horror|Mystery,1981,1,1,11,12,,,,,,,,
1336,"Body Parts",Horror|Thriller,1991,1,1,10,11,,,,,,,,
1337,"Body Snatcher, The",Drama|Horror|Thriller,1945,4.5,1,7,10,11,,,,,,,
1339,"Dracula",Fantasy|Horror|Romance|Thriller,1992,3.46551724137931,29,5,6,10,11,,,,,,
1340,"Bride of Frankenstein, The",Drama|Horror|Sci-Fi,1935,3.16666666666667,3,7,11,13,,,,,,,
1341,"Burnt Offerings",Horror,1976,3.75,2,11,,,,,,,,,
1342,"Candyman",Horror|Thriller,1992,2.5,11,10,11,,,,,,,,
1343,"Cape Fear",Thriller,1991,3.78,25,10,,,,,,,,,
1344,"Cape Fear",Crime|Drama|Thriller,1962,3.96428571428571,14,7,9,10,,,,,,,
1345,"Carrie",Drama|Fantasy|Horror|Thriller,1976,3.34722222222222,36,5,7,10,11,,,,,,
1346,"Cat People",Drama|Fantasy|Horror,1982,2.8125,8,5,7,11,,,,,,,
1347,"Nightmare on Elm Street, A",Horror|Thriller,1984,3,27,10,11,,,,,,,,
1348,"Nosferatu",Horror,1922,3.53125,16,11,,,,,,,,,
1349,"Vampire in Venice",Horror,1986,5,1,11,,,,,,,,,
1350,"Omen, The",Horror|Mystery|Thriller,1976,3.81818181818182,22,10,11,12,,,,,,,
1351,"Blood and Wine",Crime|Drama|Thriller,1996,2.33333333333333,3,7,9,10,,,,,,,
1352,"Albino Alligator",Crime|Thriller,1996,2.25,2,9,10,,,,,,,,
1353,"Mirror Has Two Faces, The",Comedy|Drama|Romance,1996,3.375,4,4,6,7,,,,,,,
1354,"Breaking the Waves",Drama|Mystery,1996,4.07142857142857,7,7,12,,,,,,,,
1355,"Nightwatch",Horror|Thriller,1997,2,3,10,11,,,,,,,,
1356,"Star Trek: First Contact",Action|Adventure|Sci-Fi|Thriller,1996,3.87912087912088,91,1,8,10,13,,,,,,
1357,"Shine",Drama|Romance,1996,4,24,6,7,,,,,,,,
1358,"Sling Blade",Drama,1996,3.84042553191489,47,7,,,,,,,,,
1359,"Jingle All the Way",Children|Comedy,1996,2.86111111111111,18,3,4,,,,,,,,
1361,"Paradise Lost: The Child Murders at Robin Hood Hills",Documentary,1996,4.08333333333333,6,16,,,,,,,,,
1363,"Preacher's Wife, The",Drama,1996,3.5,5,7,,,,,,,,,
1365,"Ridicule",Drama,1996,3.58333333333333,6,7,,,,,,,,,
1366,"Crucible, The",Drama,1996,3.9,5,7,,,,,,,,,
1367,"101 Dalmatians",Adventure|Children|Comedy,1996,3.07446808510638,47,1,3,4,,,,,,,
1370,"Die Hard 2",Action|Adventure|Thriller,1990,3.40441176470588,68,1,8,10,,,,,,,
1371,"Star Trek: The Motion Picture",Adventure|Sci-Fi,1979,3.04444444444444,45,1,13,,,,,,,,
1372,"Star Trek VI: The Undiscovered Country",Action|Mystery|Sci-Fi,1991,3.3452380952381,42,8,12,13,,,,,,,
1373,"Star Trek V: The Final Frontier",Action|Sci-Fi,1989,2.66666666666667,30,8,13,,,,,,,,
1374,"Star Trek II: The Wrath of Khan",Action|Adventure|Sci-Fi|Thriller,1982,3.76612903225806,62,1,8,10,13,,,,,,
1375,"Star Trek III: The Search for Spock",Action|Adventure|Sci-Fi,1984,3.26190476190476,42,1,8,13,,,,,,,
1376,"Star Trek IV: The Voyage Home",Adventure|Comedy|Sci-Fi,1986,3.47674418604651,43,1,4,13,,,,,,,
1377,"Batman Returns",Action|Crime,1992,3.025,60,8,9,,,,,,,,
1378,"Young Guns",Action|Comedy|Western,1988,3.1,25,4,8,18,,,,,,,
1379,"Young Guns II",Action|Western,1990,3,11,8,18,,,,,,,,
1380,"Grease",Comedy|Musical|Romance,1978,3.13970588235294,68,4,6,15,,,,,,,
1381,"Grease 2",Comedy|Musical|Romance,1982,2.07894736842105,19,4,6,15,,,,,,,
1382,"Marked for Death",Action|Drama,1990,1.875,4,7,8,,,,,,,,
1385,"Under Siege",Action|Drama|Thriller,1992,2.85416666666667,24,7,8,10,,,,,,,
1387,"Jaws",Action|Horror,1975,4.00549450549451,91,8,11,,,,,,,,
1388,"Jaws 2",Horror|Thriller,1978,2.61764705882353,17,10,11,,,,,,,,
1389,"Jaws 3-D",Action|Horror,1983,1.41666666666667,6,8,11,,,,,,,,
1390,"My Fellow Americans",Comedy,1996,2.66666666666667,9,4,,,,,,,,,
1391,"Mars Attacks!",Action|Comedy|Sci-Fi,1996,3.09302325581395,86,4,8,13,,,,,,,
1392,"Citizen Ruth",Comedy|Drama,1996,4.125,4,4,7,,,,,,,,
1393,"Jerry Maguire",Drama|Romance,1996,3.59411764705882,85,6,7,,,,,,,,
1394,"Raising Arizona",Comedy,1987,3.99137931034483,58,4,,,,,,,,,
1395,"Tin Men",Comedy|Drama,1987,3,5,4,7,,,,,,,,
1396,"Sneakers",Action|Comedy|Crime|Drama|Sci-Fi,1992,3.47826086956522,46,4,7,8,9,13,,,,,
1397,"Bastard Out of Carolina",Drama,1996,4,2,7,,,,,,,,,
1398,"In Love and War",Romance|War,1996,2.5,1,6,14,,,,,,,,
1399,"Marvin's Room",Drama,1996,3.1,5,7,,,,,,,,,
1401,"Ghosts of Mississippi",Drama,1996,3.33333333333333,3,7,,,,,,,,,
1405,"Beavis and Butt-Head Do America",Adventure|Animation|Comedy|Crime,1996,2.93548387096774,31,1,2,4,9,,,,,,
1406,"La Cérémonie",Crime|Drama|Mystery|Thriller,1995,4.5,2,7,9,10,12,,,,,,
1407,"Scream",Comedy|Horror|Mystery|Thriller,1996,3.2,70,4,10,11,12,,,,,,
1408,"Last of the Mohicans, The",Action|Romance|War|Western,1992,3.83333333333333,39,6,8,14,18,,,,,,
1409,"Michael",Comedy|Drama|Fantasy|Romance,1996,2.5,23,4,5,6,7,,,,,,
1411,"Hamlet",Crime|Drama|Romance,1996,4,16,6,7,9,,,,,,,
1412,"Some Mother's Son",Drama,1996,3.5,1,7,,,,,,,,,
1413,"Whole Wide World, The",Drama,1996,4.25,2,7,,,,,,,,,
1414,"Mother",Comedy,1996,3,8,4,,,,,,,,,
1415,"Thieves",Crime|Drama|Romance,1996,2.5,2,6,7,9,,,,,,,
1416,"Evita",Drama|Musical,1996,3.41666666666667,12,7,15,,,,,,,,
1417,"Portrait of a Lady, The",Drama,1996,3.25,2,7,,,,,,,,,
1419,"Walkabout",Adventure|Drama,1971,4.25,2,1,7,,,,,,,,
1422,"Murder at 1600",Crime|Drama|Mystery|Thriller,1997,2.75,4,7,9,10,12,,,,,,
1423,"Hearts and Minds",Drama,1996,4,1,7,,,,,,,,,
1425,"Fierce Creatures",Comedy,1997,3,8,4,,,,,,,,,
1426,"Zeus and Roxanne",Children,1997,1,1,3,,,,,,,,,
1427,"Turbulence",Action|Thriller,1997,1,1,8,10,,,,,,,,
1428,"Angel Baby",Drama,1995,3,2,7,,,,,,,,,
1429,"First Strike",Action|Adventure|Comedy|Thriller,1996,3.575,20,1,4,8,10,,,,,,
1430,"Underworld",Comedy|Thriller,1996,3,3,4,10,,,,,,,,
1431,"Beverly Hills Ninja",Action|Comedy,1997,2.46875,16,4,8,,,,,,,,
1432,"Metro",Action|Comedy|Crime|Drama|Thriller,1997,2.71428571428571,7,4,7,8,9,10,,,,,
1437,"Cement Garden, The",Drama,1993,4.25,2,7,,,,,,,,,
1438,"Dante's Peak",Action|Thriller,1997,2.625,24,8,10,,,,,,,,
1439,"Meet Wally Sparks",Comedy,1997,2.16666666666667,3,4,,,,,,,,,
1440,"Amos & Andrew",Comedy,1993,1.5,2,4,,,,,,,,,
1441,"Benny & Joon",Comedy|Romance,1993,3.47368421052632,19,4,6,,,,,,,,
1442,"Prefontaine",Drama,1997,3.5,5,7,,,,,,,,,
1445,"McHale's Navy",Comedy|War,1997,2.14285714285714,7,4,14,,,,,,,,
1446,"Kolya",Comedy|Drama,1996,4.42857142857143,7,4,7,,,,,,,,
1447,"Gridlock'd",Crime,1997,3.375,4,9,,,,,,,,,
1449,"Waiting for Guffman",Comedy,1996,3.875,24,4,,,,,,,,,
1453,"Beautician and the Beast, The",Comedy|Romance,1997,1.83333333333333,3,4,6,,,,,,,,
1454,"SubUrbia",Comedy|Drama,1997,3.75,6,4,7,,,,,,,,
1456,"Pest, The",Comedy,1997,2,1,4,,,,,,,,,
1457,"Fools Rush In",Comedy|Drama|Romance,1997,3.08333333333333,12,4,6,7,,,,,,,
1458,"Touch",Drama|Fantasy|Romance,1997,4,1,5,6,7,,,,,,,
1459,"Absolute Power",Mystery|Thriller,1997,2.66666666666667,12,10,12,,,,,,,,
1460,"That Darn Cat",Children|Comedy|Mystery,1997,3.25,2,3,4,12,,,,,,,
1461,"Vegas Vacation",Comedy,1997,2.3125,8,4,,,,,,,,,
1464,"Lost Highway",Crime|Drama|Fantasy|Film-Noir|Mystery|Romance,1997,3.26470588235294,17,5,6,7,9,12,19,,,,
1465,"Rosewood",Action|Drama,1997,3.33333333333333,3,7,8,,,,,,,,
1466,"Donnie Brasco",Crime|Drama,1997,3.74038461538462,52,7,9,,,,,,,,
1468,"Booty Call",Comedy|Romance,1997,2.6,5,4,6,,,,,,,,
1473,"Best Men",Action|Comedy|Crime|Drama,1997,4,1,4,7,8,9,,,,,,
1474,"Jungle2Jungle",Children|Comedy,1997,2.13636363636364,11,3,4,,,,,,,,
1475,"Kama Sutra: A Tale of Love",Romance,1996,4,1,6,,,,,,,,,
1476,"Private Parts",Comedy|Drama,1997,3.53846153846154,26,4,7,,,,,,,,
1477,"Love Jones",Romance,1997,4,1,6,,,,,,,,,
1479,"Saint, The",Action|Romance|Sci-Fi|Thriller,1997,3.21666666666667,30,6,8,10,13,,,,,,
1480,"Smilla's Sense of Snow",Drama|Thriller,1997,3.36363636363636,11,7,10,,,,,,,,
1483,"Crash",Drama|Thriller,1996,3.09090909090909,11,7,10,,,,,,,,
1484,"Daytrippers, The",Comedy|Drama|Mystery|Romance,1996,3.66666666666667,3,4,6,7,12,,,,,,
1485,"Liar Liar",Comedy,1997,3.03378378378378,74,4,,,,,,,,,
1487,"Selena",Drama|Musical,1997,3,5,7,15,,,,,,,,
1488,"Devil's Own, The",Action|Drama|Thriller,1997,2.83333333333333,15,7,8,10,,,,,,,
1489,"Cats Don't Dance",Animation|Children|Musical,1997,3,2,2,3,15,,,,,,,
1490,"B*A*P*S",Comedy,1997,1.5,2,4,,,,,,,,,
1493,"Love and Other Catastrophes",Romance,1996,3.5,1,6,,,,,,,,,
1495,"Turbo: A Power Rangers Movie",Action|Adventure|Children,1997,2,2,1,3,8,,,,,,,
1496,"Anna Karenina",Drama|Romance,1997,4,1,6,7,,,,,,,,
1497,"Double Team",Action,1997,4,3,8,,,,,,,,,
1498,"Inventing the Abbotts",Drama|Romance,1997,3,5,6,7,,,,,,,,
1499,"Anaconda",Action|Adventure|Thriller,1997,1.92592592592593,27,1,8,10,,,,,,,
1500,"Grosse Pointe Blank",Comedy|Crime|Romance,1997,3.61016949152542,59,4,6,9,,,,,,,
1502,"Kissed",Drama|Romance,1996,2.5,2,6,7,,,,,,,,
1503,"8 Heads in a Duffel Bag",Comedy,1997,3,4,4,,,,,,,,,
1507,"Paradise Road",Drama|War,1997,3.5,1,7,14,,,,,,,,
1513,"Romy and Michele's High School Reunion",Comedy,1997,2.96551724137931,29,4,,,,,,,,,
1514,"Temptress Moon",Romance,1996,3,1,6,,,,,,,,,
1515,"Volcano",Action|Drama|Thriller,1997,2.1,15,7,8,10,,,,,,,
1516,"Children of the Revolution",Comedy,1996,3,1,4,,,,,,,,,
1517,"Austin Powers: International Man of Mystery",Action|Adventure|Comedy,1997,3.535,100,1,4,8,,,,,,,
1518,"Breakdown",Action|Thriller,1997,3.34615384615385,13,8,10,,,,,,,,
1519,"Broken English",Drama,1996,1,1,7,,,,,,,,,
1526,"Fathers' Day",Comedy,1997,1,3,4,,,,,,,,,
1527,"Fifth Element, The",Action|Adventure|Comedy|Sci-Fi,1997,3.74568965517241,116,1,4,8,13,,,,,,
1529,"Nowhere",Comedy|Drama,1997,3.33333333333333,3,4,7,,,,,,,,
1533,"Promise, The",Drama,1996,4.5,2,7,,,,,,,,,
1537,"Shall We Dance?",Comedy|Drama|Romance,1996,3.80769230769231,13,4,6,7,,,,,,,
1541,"Addicted to Love",Comedy|Romance,1997,2.7,10,4,6,,,,,,,,
1542,"Brassed Off",Comedy|Drama|Romance,1996,3.71428571428571,7,4,6,7,,,,,,,
1544,"Lost World: Jurassic Park, The",Action|Adventure|Sci-Fi|Thriller,1997,2.75373134328358,67,1,8,10,13,,,,,,
1545,"Ponette",Drama,1996,4.5,2,7,,,,,,,,,
1546,"Schizopolis",Comedy,1996,3.5,1,4,,,,,,,,,
1547,"Shiloh",Children|Drama,1997,3.25,2,3,7,,,,,,,,
1549,"Rough Magic",Drama|Romance,1995,4,1,6,7,,,,,,,,
1550,"Trial and Error",Comedy|Romance,1997,2.25,4,4,6,,,,,,,,
1551,"Buddy",Adventure|Children|Drama,1997,2.16666666666667,3,1,3,7,,,,,,,
1552,"Con Air",Action|Adventure|Thriller,1997,3.03389830508475,59,1,8,10,,,,,,,
1554,"Pillow Book, The",Drama|Romance,1996,2.4,5,6,7,,,,,,,,
1556,"Speed 2: Cruise Control",Action|Romance|Thriller,1997,1.60526315789474,19,6,8,10,,,,,,,
1562,"Batman & Robin",Action|Adventure|Fantasy|Thriller,1997,2.21428571428571,42,1,5,8,10,,,,,,
1564,"For Roseanna",Comedy|Drama|Romance,1997,4,2,4,6,7,,,,,,,
1565,"Head Above Water",Comedy|Thriller,1996,4,1,4,10,,,,,,,,
1566,"Hercules",Adventure|Animation|Children|Comedy|Musical,1997,3.45161290322581,31,1,2,3,4,15,,,,,
1569,"My Best Friend's Wedding",Comedy|Romance,1997,3.5,40,4,6,,,,,,,,
1571,"When the Cat's Away",Comedy|Romance,1996,4.5,2,4,6,,,,,,,,
1572,"Contempt",Drama,1963,3,2,7,,,,,,,,,
1573,"Face/Off",Action|Crime|Drama|Thriller,1997,3.37012987012987,77,7,8,9,10,,,,,,
1574,"Fall",Romance,1997,1,1,6,,,,,,,,,
1580,"Men in Black",Action|Comedy|Sci-Fi,1997,3.48787878787879,165,4,8,13,,,,,,,
1581,"Out to Sea",Comedy,1997,2.16666666666667,3,4,,,,,,,,,
1582,"Wild America",Adventure|Children,1997,2.6,5,1,3,,,,,,,,
1583,"Simple Wish, A",Children|Fantasy,1997,3,2,3,5,,,,,,,,
1584,"Contact",Drama|Sci-Fi,1997,3.65243902439024,82,7,13,,,,,,,,
1585,"Love Serenade",Comedy,1996,3,1,4,,,,,,,,,
1586,"G.I. Jane",Action|Drama,1997,2.79545454545455,22,7,8,,,,,,,,
1587,"Conan the Barbarian",Action|Adventure|Fantasy,1982,3.25806451612903,31,1,5,8,,,,,,,
1588,"George of the Jungle",Children|Comedy,1997,3.075,20,3,4,,,,,,,,
1589,"Cop Land",Action|Crime|Drama|Thriller,1997,3.28125,16,7,8,9,10,,,,,,
1590,"Event Horizon",Horror|Sci-Fi|Thriller,1997,2.94,25,10,11,13,,,,,,,
1591,"Spawn",Action|Adventure|Sci-Fi|Thriller,1997,2.63461538461538,26,1,8,10,13,,,,,,
1592,"Air Bud",Children|Comedy,1997,2.375,4,3,4,,,,,,,,
1593,"Picture Perfect",Comedy|Romance,1997,2.83333333333333,6,4,6,,,,,,,,
1594,"In the Company of Men",Comedy|Drama,1997,4.08333333333333,6,4,7,,,,,,,,
1596,"Career Girls",Drama,1997,4.33333333333333,3,7,,,,,,,,,
1597,"Conspiracy Theory",Drama|Mystery|Romance|Thriller,1997,2.94186046511628,43,6,7,10,12,,,,,,
1598,"Desperate Measures",Crime|Drama|Thriller,1998,2.5,4,7,9,10,,,,,,,
1599,"Steel",Action,1997,2.33333333333333,3,8,,,,,,,,,
1600,"She's So Lovely",Drama|Romance,1997,3.5,2,6,7,,,,,,,,
1601,"Hoodlum",Crime|Drama|Film-Noir,1997,2.33333333333333,3,7,9,19,,,,,,,
1602,"Leave It to Beaver",Comedy,1997,1.75,4,4,,,,,,,,,
1603,"Mimic",Horror|Sci-Fi|Thriller,1997,2.46153846153846,13,10,11,13,,,,,,,
1604,"Money Talks",Action|Comedy,1997,3.33333333333333,3,4,8,,,,,,,,
1605,"Excess Baggage",Adventure|Romance,1997,2.75,4,1,6,,,,,,,,
1606,"Kull the Conqueror",Action|Adventure,1997,2.33333333333333,3,1,8,,,,,,,,
1608,"Air Force One",Action|Thriller,1997,3.3448275862069,58,8,10,,,,,,,,
1609,"187",Drama|Thriller,1997,2.66666666666667,3,7,10,,,,,,,,
1610,"Hunt for Red October, The",Action|Adventure|Thriller,1990,3.87222222222222,90,1,8,10,,,,,,,
1611,"My Own Private Idaho",Drama|Romance,1991,4.1,5,6,7,,,,,,,,
1612,"Kiss Me, Guido",Comedy,1997,3,2,4,,,,,,,,,
1613,"Star Maps",Drama,1997,4,1,7,,,,,,,,,
1614,"In & Out",Comedy,1997,2.78846153846154,26,4,,,,,,,,,
1615,"Edge, The",Adventure|Drama,1997,3,11,1,7,,,,,,,,
1616,"Peacemaker, The",Action|Thriller|War,1997,3.025,20,8,10,14,,,,,,,
1617,"L.A. Confidential",Crime|Film-Noir|Mystery|Thriller,1997,4.06185567010309,97,9,10,12,19,,,,,,
1619,"Seven Years in Tibet",Adventure|Drama|War,1997,3.42857142857143,14,1,7,14,,,,,,,
1620,"Kiss the Girls",Crime|Drama|Mystery|Thriller,1997,3.11538461538462,13,7,9,10,12,,,,,,
1621,"Soul Food",Drama,1997,3.25,2,7,,,,,,,,,
1623,"Wishmaster",Horror,1997,2.25,2,11,,,,,,,,,
1624,"Thousand Acres, A",Drama,1997,1.75,2,7,,,,,,,,,
1625,"Game, The",Drama|Mystery|Thriller,1997,3.7012987012987,77,7,10,12,,,,,,,
1626,"Fire Down Below",Action|Drama|Thriller,1997,2.66666666666667,3,7,8,10,,,,,,,
1627,"U Turn",Crime|Drama|Mystery,1997,3.35714285714286,7,7,9,12,,,,,,,
1629,"MatchMaker, The",Comedy|Romance,1997,3.33333333333333,3,4,6,,,,,,,,
1631,"Assignment, The",Action|Thriller,1997,5,1,8,10,,,,,,,,
1633,"Ulee's Gold",Drama,1997,4,5,7,,,,,,,,,
1635,"Ice Storm, The",Drama,1997,3.88235294117647,17,7,,,,,,,,,
1639,"Chasing Amy",Comedy|Drama|Romance,1997,3.57692307692308,52,4,6,7,,,,,,,
1641,"Full Monty, The",Comedy|Drama,1997,3.75892857142857,56,4,7,,,,,,,,
1642,"Indian Summer",Comedy|Drama,1996,1.75,2,4,7,,,,,,,,
1643,"Mrs. Brown",Drama|Romance,1997,3.8,5,6,7,,,,,,,,
1644,"I Know What You Did Last Summer",Horror|Mystery|Thriller,1997,2.109375,32,10,11,12,,,,,,,
1645,"The Devil's Advocate",Drama|Mystery|Thriller,1997,3.41176470588235,51,7,10,12,,,,,,,
1646,"RocketMan",Children|Comedy|Romance|Sci-Fi,1997,2.14285714285714,7,3,4,6,13,,,,,,
1647,"Playing God",Crime|Drama|Thriller,1997,2.5,3,7,9,10,,,,,,,
1648,"House of Yes, The",Comedy|Drama,1997,3.5,4,4,7,,,,,,,,
1649,"Fast, Cheap & Out of Control",Documentary,1997,2.5,3,16,,,,,,,,,
1650,"Washington Square",Drama,1997,3.75,2,7,,,,,,,,,
1652,"Year of the Horse",Documentary,1997,4.5,1,16,,,,,,,,,
1653,"Gattaca",Drama|Sci-Fi|Thriller,1997,3.95348837209302,86,7,10,13,,,,,,,
1654,"FairyTale: A True Story",Children|Drama|Fantasy,1997,3.5,1,3,5,7,,,,,,,
1655,"Phantoms",Drama|Horror|Thriller,1998,4,1,7,10,11,,,,,,,
1656,"Swept from the Sea",Drama|Romance,1997,4,1,6,7,,,,,,,,
1658,"Life Less Ordinary, A",Romance|Thriller,1997,3.0625,8,6,10,,,,,,,,
1659,"Hurricane Streets",Drama,1997,4,1,7,,,,,,,,,
1660,"Eve's Bayou",Drama,1997,3,1,7,,,,,,,,,
1661,"Switchback",Crime|Mystery|Thriller,1997,3,1,9,10,12,,,,,,,
1662,"Gang Related",Crime,1997,3,2,9,,,,,,,,,
1663,"Stripes",Comedy|War,1981,3.79411764705882,34,4,14,,,,,,,,
1665,"Bean",Comedy,1997,2.96875,16,4,,,,,,,,,
1667,"Mad City",Action|Drama,1997,2.1,5,7,8,,,,,,,,
1670,"Welcome to Sarajevo",Drama|War,1997,3,3,7,14,,,,,,,,
1671,"Deceiver",Crime|Drama|Thriller,1997,3,1,7,9,10,,,,,,,
1672,"Rainmaker, The",Drama,1997,3.375,12,7,,,,,,,,,
1673,"Boogie Nights",Drama,1997,4.07692307692308,39,7,,,,,,,,,
1674,"Witness",Drama|Romance|Thriller,1985,3.65,40,6,7,10,,,,,,,
1675,"Incognito",Crime|Thriller,1997,3.5,1,9,10,,,,,,,,
1676,"Starship Troopers",Action|Sci-Fi,1997,3.33125,80,8,13,,,,,,,,
1677,"Critical Care",Comedy|Drama,1997,2,1,4,7,,,,,,,,
1678,"Joy Luck Club, The",Drama|Romance,1993,3.5,10,6,7,,,,,,,,
1679,"Chairman of the Board",Comedy,1998,2,1,4,,,,,,,,,
1680,"Sliding Doors",Drama|Romance,1998,3.6,25,6,7,,,,,,,,
1681,"Mortal Kombat: Annihilation",Action|Adventure|Fantasy,1997,1.92857142857143,7,1,5,8,,,,,,,
1682,"Truman Show, The",Comedy|Drama|Sci-Fi,1998,3.812,125,4,7,13,,,,,,,
1683,"Wings of the Dove, The",Drama|Romance,1997,4.41666666666667,6,6,7,,,,,,,,
1684,"Mrs. Dalloway",Drama|Romance,1997,3.5,4,6,7,,,,,,,,
1685,"I Love You, I Love You Not",Drama|Romance,1996,3,1,6,7,,,,,,,,
1686,"Red Corner",Crime|Thriller,1997,3.66666666666667,3,9,10,,,,,,,,
1687,"Jackal, The",Action|Thriller,1997,3.22222222222222,18,8,10,,,,,,,,
1688,"Anastasia",Adventure|Animation|Children|Drama|Musical,1997,3.35,20,1,2,3,7,15,,,,,
1689,"Man Who Knew Too Little, The",Comedy|Crime|Thriller,1997,2.21428571428571,7,4,9,10,,,,,,,
1690,"Alien: Resurrection",Action|Horror|Sci-Fi,1997,2.92222222222222,45,8,11,13,,,,,,,
1693,"Amistad",Drama|Mystery,1997,3.5,19,7,12,,,,,,,,
1694,"Apostle, The",Drama,1997,3,7,7,,,,,,,,,
1695,"Artemisia",Drama,1997,4,2,7,,,,,,,,,
1696,"Bent",Drama|War,1997,3.5,2,7,14,,,,,,,,
1699,"Butcher Boy, The",Comedy|Drama,1997,4,2,4,7,,,,,,,,
1701,"Deconstructing Harry",Comedy|Drama,1997,3.875,8,4,7,,,,,,,,
1702,"Flubber",Children|Comedy|Fantasy,1997,3,16,3,4,5,,,,,,,
1703,"For Richer or Poorer",Comedy,1997,2.9,5,4,,,,,,,,,
1704,"Good Will Hunting",Drama|Romance,1997,4.07801418439716,141,6,7,,,,,,,,
1707,"Home Alone 3",Children|Comedy,1997,1.875,8,3,4,,,,,,,,
1711,"Midnight in the Garden of Good and Evil",Crime|Drama|Mystery,1997,3.10416666666667,24,7,9,12,,,,,,,
1713,"Mouse Hunt",Children|Comedy,1997,3.07142857142857,7,3,4,,,,,,,,
1717,"Scream 2",Comedy|Horror|Mystery|Thriller,1997,2.91935483870968,31,4,10,11,12,,,,,,
1718,"Stranger in the House",Thriller,1997,3.25,2,10,,,,,,,,,
1719,"Sweet Hereafter, The",Drama,1997,4.25,16,7,,,,,,,,,
1721,"Titanic",Drama|Romance,1997,3.41428571428571,140,6,7,,,,,,,,
1722,"Tomorrow Never Dies",Action|Adventure|Thriller,1997,3.06666666666667,45,1,8,10,,,,,,,
1726,"Postman, The",Action|Adventure|Drama|Sci-Fi,1997,2.69230769230769,13,1,7,8,13,,,,,,
1727,"Horse Whisperer, The",Drama|Romance,1998,3.75,4,6,7,,,,,,,,
1729,"Jackie Brown",Crime|Drama|Thriller,1997,3.69791666666667,48,7,9,10,,,,,,,
1730,"Kundun",Drama,1997,3.25,4,7,,,,,,,,,
1731,"Mr. Magoo",Comedy,1997,1.75,4,4,,,,,,,,,
1732,"Big Lebowski, The",Comedy|Crime,1998,3.92452830188679,106,4,9,,,,,,,,
1733,"Afterglow",Drama|Romance,1997,4.5,4,6,7,,,,,,,,
1734,"My Life in Pink",Comedy|Drama,1997,4.05555555555556,9,4,7,,,,,,,,
1735,"Great Expectations",Drama|Romance,1998,3.31818181818182,11,6,7,,,,,,,,
1739,"3 Ninjas: High Noon On Mega Mountain",Action|Children|Comedy,1998,4,1,3,4,8,,,,,,,
1746,"Senseless",Comedy,1998,2,1,4,,,,,,,,,
1747,"Wag the Dog",Comedy,1997,3.33870967741935,31,4,,,,,,,,,
1748,"Dark City",Adventure|Film-Noir|Sci-Fi|Thriller,1998,3.82291666666667,48,1,10,13,19,,,,,,
1752,"Hard Rain",Action|Crime|Thriller,1998,2.5,4,8,9,10,,,,,,,
1753,"Half Baked",Comedy,1998,3.59375,16,4,,,,,,,,,
1754,"Fallen",Crime|Drama|Fantasy|Thriller,1998,3.5,15,5,7,9,10,,,,,,
1755,"Shooting Fish",Comedy|Romance,1997,4.1,5,4,6,,,,,,,,
1757,"Fallen Angels",Drama|Romance,1995,2,1,6,7,,,,,,,,
1759,"Four Days in September",Drama,1997,5,1,7,,,,,,,,,
1760,"Spice World",Comedy,1997,1.35,10,4,,,,,,,,,
1762,"Deep Rising",Action|Horror|Sci-Fi,1998,2.3,5,8,11,13,,,,,,,
1767,"Music From Another Room",Drama|Romance,1998,3,2,6,7,,,,,,,,
1769,"Replacement Killers, The",Action|Crime|Thriller,1998,2.92857142857143,14,8,9,10,,,,,,,
1770,"B. Monkey",Crime|Romance|Thriller,1998,2.5,2,6,9,10,,,,,,,
1771,"Night Flier",Horror,1997,4,1,11,,,,,,,,,
1772,"Blues Brothers 2000",Action|Comedy|Musical,1998,2.70833333333333,12,4,8,15,,,,,,,
1777,"Wedding Singer, The",Comedy|Romance,1998,3.41964285714286,56,4,6,,,,,,,,
1779,"Sphere",Sci-Fi|Thriller,1998,2.76086956521739,23,10,13,,,,,,,,
1783,"Palmetto",Crime|Drama|Mystery|Romance|Thriller,1998,2.8,5,6,7,9,10,12,,,,,
1784,"As Good as It Gets",Comedy|Drama|Romance,1997,3.69791666666667,96,4,6,7,,,,,,,
1785,"King of New York",Crime|Thriller,1990,3.9,5,9,10,,,,,,,,
1791,"Twilight",Crime|Drama|Thriller,1998,2.33333333333333,3,7,9,10,,,,,,,
1792,"U.S. Marshals",Action|Crime|Thriller,1998,3.02173913043478,23,8,9,10,,,,,,,
1793,"Welcome to Woop-Woop",Comedy,1997,4,2,4,,,,,,,,,
1794,"Love and Death on Long Island",Comedy|Drama,1997,3,1,4,7,,,,,,,,
1797,"Everest",Documentary|IMAX,1998,4.25,6,16,17,,,,,,,,
1798,"Hush",Thriller,1998,2,2,10,,,,,,,,,
1799,"Suicide Kings",Comedy|Crime|Drama|Mystery|Thriller,1997,3.42307692307692,13,4,7,9,10,12,,,,,
1801,"Man in the Iron Mask, The",Action|Adventure|Drama,1998,3.5,25,1,7,8,,,,,,,
1804,"Newton Boys, The",Crime|Drama,1998,3,3,7,9,,,,,,,,
1805,"Wild Things",Crime|Drama|Mystery|Thriller,1998,3.01612903225806,31,7,9,10,12,,,,,,
1806,"Paulie",Adventure|Children|Comedy,1998,2.3125,8,1,3,4,,,,,,,
1807,"Cool, Dry Place, A",Drama,1998,3,1,7,,,,,,,,,
1809,"Fireworks",Crime|Drama,1997,4,6,7,9,,,,,,,,
1810,"Primary Colors",Comedy|Drama,1998,3.5,11,4,7,,,,,,,,
1812,"Wide Awake",Children|Comedy|Drama,1998,3.66666666666667,3,3,4,7,,,,,,,
1816,"Two Girls and a Guy",Comedy|Drama,1997,2,3,4,7,,,,,,,,
1821,"Object of My Affection, The",Comedy|Romance,1998,2.66666666666667,6,4,6,,,,,,,,
1824,"Homegrown",Comedy|Thriller,1998,1,1,4,10,,,,,,,,
1825,"The Players Club",Comedy|Drama,1998,3.5,1,4,7,,,,,,,,
1826,"Barney's Great Adventure",Adventure|Children,1998,2,1,1,3,,,,,,,,
1827,"Big One, The",Comedy|Documentary,1997,3.33333333333333,3,4,16,,,,,,,,
1829,"Chinese Box",Drama|Romance,1997,3.25,2,6,7,,,,,,,,
1831,"Lost in Space",Action|Adventure|Sci-Fi,1998,2.44827586206897,29,1,8,13,,,,,,,
1833,"Mercury Rising",Action|Drama|Thriller,1998,3,13,7,8,10,,,,,,,
1834,"Spanish Prisoner, The",Crime|Drama|Mystery|Thriller,1997,4,11,7,9,10,12,,,,,,
1835,"City of Angels",Drama|Fantasy|Romance,1998,3.38235294117647,17,5,6,7,,,,,,,
1836,"Last Days of Disco, The",Comedy|Drama,1998,4.5,3,4,7,,,,,,,,
1837,"Odd Couple II, The",Comedy,1998,2.25,4,4,,,,,,,,,
1839,"My Giant",Comedy,1998,3,1,4,,,,,,,,,
1840,"He Got Game",Drama,1998,3.21428571428571,7,7,,,,,,,,,
1841,"Gingerbread Man, The",Drama|Thriller,1998,3,1,7,10,,,,,,,,
1844,"Live Flesh",Drama|Romance,1997,3.875,4,6,7,,,,,,,,
1845,"Zero Effect",Comedy|Mystery|Thriller,1998,3.96666666666667,15,4,10,12,,,,,,,
1848,"Borrowers, The",Adventure|Children|Comedy|Fantasy,1997,3.04166666666667,12,1,3,4,5,,,,,,
1855,"Krippendorf's Tribe",Comedy,1998,2.57142857142857,7,4,,,,,,,,,
1856,"Kurt & Courtney",Documentary,1998,4,3,16,,,,,,,,,
1857,"Real Blonde, The",Comedy,1997,3.5,1,4,,,,,,,,,
1858,"Mr. Nice Guy",Action|Comedy,1997,2.5625,8,4,8,,,,,,,,
1859,"Taste of Cherry",Drama,1997,3.66666666666667,3,7,,,,,,,,,
1860,"Character",Drama,1997,2.625,4,7,,,,,,,,,
1862,"Species II",Horror|Sci-Fi,1998,1.94444444444444,9,11,13,,,,,,,,
1863,"Major League: Back to the Minors",Comedy,1998,2.42857142857143,7,4,,,,,,,,,
1866,"Big Hit, The",Action|Comedy|Crime,1998,2.92857142857143,7,4,8,9,,,,,,,
1867,"Tarzan and the Lost City",Action|Adventure,1998,2,1,1,8,,,,,,,,
1870,"Dancer, Texas Pop. 81",Comedy|Drama,1998,3,1,4,7,,,,,,,,
1873,"Misérables, Les",Crime|Drama|Romance|War,1998,3.75,10,6,7,9,14,,,,,,
1875,"Clockwatchers",Comedy,1997,3.91666666666667,6,4,,,,,,,,,
1876,"Deep Impact",Drama|Sci-Fi|Thriller,1998,3.06976744186047,43,7,10,13,,,,,,,
1881,"Quest for Camelot",Adventure|Animation|Children|Fantasy|Musical,1998,2,2,1,2,3,5,15,,,,,
1882,"Godzilla",Action|Sci-Fi|Thriller,1998,1.95454545454545,33,8,10,13,,,,,,,
1883,"Bulworth",Comedy|Drama|Romance,1998,3.27083333333333,24,4,6,7,,,,,,,
1884,"Fear and Loathing in Las Vegas",Adventure|Comedy|Drama,1998,3.96739130434783,46,1,4,7,,,,,,,
1885,"Opposite of Sex, The",Comedy|Drama|Romance,1998,3.125,12,4,6,7,,,,,,,
1887,"Almost Heroes",Adventure|Comedy|Western,1998,2,2,1,4,18,,,,,,,
1888,"Hope Floats",Comedy|Drama|Romance,1998,2.66666666666667,3,4,6,7,,,,,,,
1889,"Insomnia",Drama|Mystery|Thriller,1997,3.75,8,7,10,12,,,,,,,
1891,"Ugly, The",Horror|Thriller,1997,2,1,10,11,,,,,,,,
1892,"Perfect Murder, A",Thriller,1998,3.28125,16,10,,,,,,,,,
1893,"Beyond Silence",Drama,1996,4.5,1,7,,,,,,,,,
1894,"Six Days Seven Nights",Adventure|Comedy|Romance,1998,2.84375,16,1,4,6,,,,,,,
1895,"Can't Hardly Wait",Comedy|Drama|Romance,1998,3.33333333333333,15,4,6,7,,,,,,,
1897,"High Art",Drama|Romance,1998,3.5,2,6,7,,,,,,,,
1900,"Children of Heaven, The",Comedy|Drama,1997,4,1,4,7,,,,,,,,
1902,"Dream for an Insomniac",Drama|Romance,1996,4,1,6,7,,,,,,,,
1904,"Henry Fool",Comedy|Drama,1997,3.33333333333333,3,4,7,,,,,,,,
1906,"Mr. Jealousy",Comedy|Romance,1997,2.5,2,4,6,,,,,,,,
1907,"Mulan",Adventure|Animation|Children|Comedy|Drama|Musical|Romance,1998,3.56666666666667,45,1,2,3,4,6,7,15,,,
1909,"X-Files: Fight the Future, The",Action|Crime|Mystery|Sci-Fi|Thriller,1998,3.44047619047619,42,8,9,10,12,13,,,,,
1910,"I Went Down",Comedy|Crime|Drama,1997,2,2,4,7,9,,,,,,,
1911,"Dr. Dolittle",Comedy,1998,2.609375,32,4,,,,,,,,,
1912,"Out of Sight",Comedy|Crime|Drama|Romance|Thriller,1998,3.859375,32,4,6,7,9,10,,,,,
1913,"Picnic at Hanging Rock",Drama|Mystery,1975,4,3,7,12,,,,,,,,
1914,"Smoke Signals",Comedy|Drama,1998,3.38888888888889,9,4,7,,,,,,,,
1916,"Buffalo '66",Drama|Romance,1998,3.41666666666667,12,6,7,,,,,,,,
1917,"Armageddon",Action|Romance|Sci-Fi|Thriller,1998,3.05434782608696,92,6,8,10,13,,,,,,
1918,"Lethal Weapon 4",Action|Comedy|Crime|Thriller,1998,2.84848484848485,33,4,8,9,10,,,,,,
1919,"Madeline",Children|Comedy,1998,2.5,5,3,4,,,,,,,,
1920,"Small Soldiers",Animation|Children|Fantasy|War,1998,2.83333333333333,18,2,3,5,14,,,,,,
1921,"Pi",Drama|Sci-Fi|Thriller,1998,3.85106382978723,47,7,10,13,,,,,,,
1922,"Whatever",Drama,1998,3.5,2,7,,,,,,,,,
1923,"There's Something About Mary",Comedy|Romance,1998,3.67619047619048,105,4,6,,,,,,,,
1924,"Plan 9 from Outer Space",Horror|Sci-Fi,1959,3.1875,8,11,13,,,,,,,,
1926,"Broadway Melody, The",Musical,1929,3,1,15,,,,,,,,,
1927,"All Quiet on the Western Front",Action|Drama|War,1930,4.35,10,7,8,14,,,,,,,
1928,"Cimarron",Drama|Western,1931,3.5,1,7,18,,,,,,,,
1929,"Grand Hotel",Drama|Romance,1932,4,2,6,7,,,,,,,,
1931,"Mutiny on the Bounty",Adventure|Drama,1935,4.16666666666667,6,1,7,,,,,,,,
1932,"Great Ziegfeld, The",Drama|Musical,1936,3.5,1,7,15,,,,,,,,
1933,"Life of Emile Zola, The",Drama,1937,3,1,7,,,,,,,,,
1934,"You Can't Take It with You",Comedy|Romance,1938,3.83333333333333,3,4,6,,,,,,,,
1936,"Mrs. Miniver",Drama|War,1942,4,3,7,14,,,,,,,,
1937,"Going My Way",Comedy|Drama|Musical,1944,3.25,2,4,7,15,,,,,,,
1938,"Lost Weekend, The",Drama,1945,4,3,7,,,,,,,,,
1939,"Best Years of Our Lives, The",Drama|War,1946,4.0625,8,7,14,,,,,,,,
1940,"Gentleman's Agreement",Drama,1947,4,1,7,,,,,,,,,
1941,"Hamlet",Drama,1948,3.5,2,7,,,,,,,,,
1942,"All the King's Men",Drama,1949,4.25,4,7,,,,,,,,,
1944,"From Here to Eternity",Drama|Romance|War,1953,3.95454545454545,11,6,7,14,,,,,,,
1945,"On the Waterfront",Crime|Drama,1954,4.1875,24,7,9,,,,,,,,
1946,"Marty",Drama|Romance,1955,3.83333333333333,3,6,7,,,,,,,,
1947,"West Side Story",Drama|Musical|Romance,1961,3.60294117647059,34,6,7,15,,,,,,,
1948,"Tom Jones",Adventure|Comedy|Romance,1963,3.64285714285714,7,1,4,6,,,,,,,
1949,"Man for All Seasons, A",Drama,1966,4.33333333333333,6,7,,,,,,,,,
1950,"In the Heat of the Night",Drama|Mystery,1967,4.18181818181818,11,7,12,,,,,,,,
1951,"Oliver!",Drama|Musical,1968,3.57142857142857,7,7,15,,,,,,,,
1952,"Midnight Cowboy",Drama,1969,3.95454545454545,22,7,,,,,,,,,
1953,"French Connection, The",Action|Crime|Thriller,1971,3.87179487179487,39,8,9,10,,,,,,,
1954,"Rocky",Drama,1976,3.828125,64,7,,,,,,,,,
1955,"Kramer vs. Kramer",Drama,1979,3.89285714285714,14,7,,,,,,,,,
1956,"Ordinary People",Drama,1980,4,12,7,,,,,,,,,
1957,"Chariots of Fire",Drama,1981,4.03846153846154,13,7,,,,,,,,,
1958,"Terms of Endearment",Comedy|Drama,1983,3.79545454545455,22,4,7,,,,,,,,
1959,"Out of Africa",Drama|Romance,1985,3.66666666666667,15,6,7,,,,,,,,
1960,"Last Emperor, The",Drama,1987,3.69230769230769,26,7,,,,,,,,,
1961,"Rain Man",Drama,1988,3.80729166666667,96,7,,,,,,,,,
1962,"Driving Miss Daisy",Drama,1989,3.73913043478261,23,7,,,,,,,,,
1963,"Take the Money and Run",Comedy|Crime,1969,3.36363636363636,11,4,9,,,,,,,,
1964,"Klute",Drama|Mystery,1971,4.08333333333333,6,7,12,,,,,,,,
1965,"Repo Man",Comedy|Sci-Fi,1984,3.38095238095238,21,4,13,,,,,,,,
1966,"Metropolitan",Comedy,1990,3.625,8,4,,,,,,,,,
1967,"Labyrinth",Adventure|Fantasy|Musical,1986,3.82142857142857,42,1,5,15,,,,,,,
1968,"Breakfast Club, The",Comedy|Drama,1985,3.7787610619469,113,4,7,,,,,,,,
1969,"Nightmare on Elm Street 2: Freddy's Revenge, A",Horror,1985,2.35,10,11,,,,,,,,,
1970,"Nightmare on Elm Street 3: Dream Warriors, A",Horror|Thriller,1987,2.91666666666667,12,10,11,,,,,,,,
1971,"Nightmare on Elm Street 4: The Dream Master, A",Horror|Thriller,1988,2.42857142857143,7,10,11,,,,,,,,
1972,"Nightmare on Elm Street 5: The Dream Child, A",Horror,1989,2.14285714285714,7,11,,,,,,,,,
1973,"Freddy's Dead: The Final Nightmare",Horror,1991,2.2,5,11,,,,,,,,,
1974,"Friday the 13th",Horror|Mystery|Thriller,1980,2.875,16,10,11,12,,,,,,,
1975,"Friday the 13th Part 2",Horror,1981,2.5,7,11,,,,,,,,,
1976,"Friday the 13th Part 3: 3D",Horror,1982,2.21428571428571,7,11,,,,,,,,,
1977,"Friday the 13th Part IV: The Final Chapter",Horror,1984,2.58333333333333,6,11,,,,,,,,,
1978,"Friday the 13th Part V: A New Beginning",Horror,1985,2.5,2,11,,,,,,,,,
1979,"Friday the 13th Part VI: Jason Lives",Horror,1986,3.25,4,11,,,,,,,,,
1980,"Friday the 13th Part VII: The New Blood",Horror,1988,2,1,11,,,,,,,,,
1981,"Friday the 13th Part VIII: Jason Takes Manhattan",Horror,1989,2,3,11,,,,,,,,,
1982,"Halloween",Horror,1978,3.72222222222222,27,11,,,,,,,,,
1983,"Halloween II",Horror,1981,2.4,5,11,,,,,,,,,
1984,"Halloween III: Season of the Witch",Horror,1982,2.16666666666667,3,11,,,,,,,,,
1985,"Halloween 4: The Return of Michael Myers",Horror,1988,2,1,11,,,,,,,,,
1986,"Halloween 5: The Revenge of Michael Myers",Horror,1989,1.5,2,11,,,,,,,,,
1987,"Prom Night",Horror,1980,2.5,2,11,,,,,,,,,
1990,"Prom Night IV: Deliver Us From Evil",Horror,1992,4,1,11,,,,,,,,,
1991,"Child's Play",Horror|Thriller,1988,2.70833333333333,12,10,11,,,,,,,,
1992,"Child's Play 2",Horror|Thriller,1990,2.375,4,10,11,,,,,,,,
1993,"Child's Play 3",Comedy|Horror|Thriller,1991,1.8,5,4,10,11,,,,,,,
1994,"Poltergeist",Horror|Thriller,1982,3.42553191489362,47,10,11,,,,,,,,
1995,"Poltergeist II: The Other Side",Horror|Thriller,1986,1.66666666666667,6,10,11,,,,,,,,
1996,"Poltergeist III",Horror|Thriller,1988,1.875,4,10,11,,,,,,,,
1997,"Exorcist, The",Horror|Mystery,1973,3.80188679245283,53,11,12,,,,,,,,
1998,"Exorcist II: The Heretic",Horror,1977,1.5,4,11,,,,,,,,,
1999,"Exorcist III, The",Horror,1990,2,4,11,,,,,,,,,
2000,"Lethal Weapon",Action|Comedy|Crime|Drama,1987,3.67333333333333,75,4,7,8,9,,,,,,
2001,"Lethal Weapon 2",Action|Comedy|Crime|Drama,1989,3.18085106382979,47,4,7,8,9,,,,,,
2002,"Lethal Weapon 3",Action|Comedy|Crime|Drama,1992,2.93478260869565,46,4,7,8,9,,,,,,
2003,"Gremlins",Comedy|Horror,1984,3.3780487804878,41,4,11,,,,,,,,
2004,"Gremlins 2: The New Batch",Comedy|Horror,1990,3.33333333333333,15,4,11,,,,,,,,
2005,"Goonies, The",Action|Adventure|Children|Comedy|Fantasy,1985,3.57017543859649,57,1,3,4,5,8,,,,,
2006,"Mask of Zorro, The",Action|Comedy|Romance,1998,3.1,60,4,6,8,,,,,,,
2007,"Polish Wedding",Comedy,1998,3.5,2,4,,,,,,,,,
2008,"This World, Then the Fireworks",Crime|Drama|Film-Noir,1997,3,1,7,9,19,,,,,,,
2009,"Soylent Green",Drama|Mystery|Sci-Fi|Thriller,1973,3.47368421052632,19,7,10,12,13,,,,,,
2010,"Metropolis",Drama|Sci-Fi,1927,3.85714285714286,21,7,13,,,,,,,,
2011,"Back to the Future Part II",Adventure|Comedy|Sci-Fi,1989,3.50574712643678,87,1,4,13,,,,,,,
2012,"Back to the Future Part III",Adventure|Comedy|Sci-Fi|Western,1990,3.36931818181818,88,1,4,13,18,,,,,,
2013,"Poseidon Adventure, The",Action|Adventure|Drama,1972,3.0952380952381,21,1,7,8,,,,,,,
2014,"Freaky Friday",Children|Comedy|Fantasy,1977,2.625,8,3,4,5,,,,,,,
2015,"Absent-Minded Professor, The",Children|Comedy|Fantasy,1961,3.38888888888889,9,3,4,5,,,,,,,
2016,"Apple Dumpling Gang Rides Again, The",Children|Comedy|Western,1979,2.875,4,3,4,18,,,,,,,
2017,"Babes in Toyland",Children|Fantasy|Musical,1961,3.1,5,3,5,15,,,,,,,
2018,"Bambi",Animation|Children|Drama,1942,3.36842105263158,38,2,3,7,,,,,,,
2019,"Seven Samurai",Action|Adventure|Drama,1954,4.1875,48,1,7,8,,,,,,,
2020,"Dangerous Liaisons",Drama|Romance,1988,4,25,6,7,,,,,,,,
2021,"Dune",Adventure|Sci-Fi,1984,3.43243243243243,37,1,13,,,,,,,,
2022,"Last Temptation of Christ, The",Drama,1988,3.6875,8,7,,,,,,,,,
2023,"Godfather: Part III, The",Crime|Drama|Mystery|Thriller,1990,3.35555555555556,45,7,9,10,12,,,,,,
2024,"Rapture, The",Drama|Mystery,1991,3.33333333333333,3,7,12,,,,,,,,
2025,"Lolita",Drama|Romance,1997,3.92857142857143,7,6,7,,,,,,,,
2026,"Disturbing Behavior",Horror|Thriller,1998,2,3,10,11,,,,,,,,
2027,"Jane Austen's Mafia!",Comedy|Crime,1998,1.83333333333333,9,4,9,,,,,,,,
2028,"Saving Private Ryan",Action|Drama|War,1998,4.14627659574468,188,7,8,14,,,,,,,
2032,"Barefoot Executive, The",Children|Comedy,1971,2,1,3,4,,,,,,,,
2033,"Black Cauldron, The",Adventure|Animation|Children|Fantasy,1985,3.75,8,1,2,3,5,,,,,,
2034,"Black Hole, The",Children|Sci-Fi,1979,2.61111111111111,9,3,13,,,,,,,,
2035,"Blackbeard's Ghost",Children|Comedy,1968,3.66666666666667,3,3,4,,,,,,,,
2036,"Blank Check",Children|Comedy,1994,2.25,6,3,4,,,,,,,,
2037,"Candleshoe",Adventure|Children|Comedy,1977,4,1,1,3,4,,,,,,,
2038,"Cat from Outer Space, The",Children|Comedy|Sci-Fi,1978,2.33333333333333,3,3,4,13,,,,,,,
2040,"Computer Wore Tennis Shoes, The",Children|Comedy,1969,2.85714285714286,7,3,4,,,,,,,,
2041,"Condorman",Action|Adventure|Children|Comedy,1981,3.33333333333333,3,1,3,4,8,,,,,,
2042,"D2: The Mighty Ducks",Children|Comedy,1994,2.58333333333333,6,3,4,,,,,,,,
2043,"Darby O'Gill and the Little People",Adventure|Children|Fantasy,1959,2.75,4,1,3,5,,,,,,,
2044,"Devil and Max Devlin, The",Comedy|Fantasy,1981,2.5,2,4,5,,,,,,,,
2046,"Flight of the Navigator",Adventure|Children|Sci-Fi,1986,3.20833333333333,24,1,3,13,,,,,,,
2048,"Great Mouse Detective, The",Action|Animation|Children|Crime,1986,3.5625,8,2,3,8,9,,,,,,
2050,"Herbie Goes Bananas",Adventure|Children|Comedy,1980,2.875,4,1,3,4,,,,,,,
2051,"Herbie Goes to Monte Carlo",Adventure|Children|Comedy,1977,2.33333333333333,3,1,3,4,,,,,,,
2052,"Hocus Pocus",Children|Comedy|Fantasy|Horror,1993,2.76086956521739,23,3,4,5,11,,,,,,
2053,"Honey, I Blew Up the Kid",Children|Comedy|Sci-Fi,1992,2.05,20,3,4,13,,,,,,,
2054,"Honey, I Shrunk the Kids",Adventure|Children|Comedy|Fantasy|Sci-Fi,1989,2.75735294117647,68,1,3,4,5,13,,,,,
2055,"Hot Lead and Cold Feet",Action|Comedy|Western,1978,3,1,4,8,18,,,,,,,
2056,"In Search of the Castaways",Adventure|Children,1962,3,1,1,3,,,,,,,,
2057,"Incredible Journey, The",Adventure|Children,1963,3.375,4,1,3,,,,,,,,
2058,"Negotiator, The",Action|Crime|Drama|Mystery|Thriller,1998,3.35,30,7,8,9,10,12,,,,,
2059,"Parent Trap, The",Children|Comedy|Romance,1998,3,15,3,4,6,,,,,,,
2060,"BASEketball",Comedy,1998,3.07142857142857,14,4,,,,,,,,,
2064,"Roger & Me",Documentary,1989,3.83870967741935,31,16,,,,,,,,,
2065,"Purple Rose of Cairo, The",Comedy|Drama|Fantasy|Romance,1985,3.73076923076923,13,4,5,6,7,,,,,,
2066,"Out of the Past",Film-Noir,1947,4.125,4,19,,,,,,,,,
2067,"Doctor Zhivago",Drama|Romance|War,1965,4.14285714285714,21,6,7,14,,,,,,,
2068,"Fanny and Alexander",Drama|Fantasy|Mystery,1982,2.75,2,5,7,12,,,,,,,
2069,"Trip to Bountiful, The",Drama,1985,4.25,2,7,,,,,,,,,
2070,"Tender Mercies",Drama|Romance|Western,1983,3.4,5,6,7,18,,,,,,,
2071,"And the Band Played On",Drama,1993,3.25,2,7,,,,,,,,,
2072,"'burbs, The",Comedy,1989,3.17647058823529,17,4,,,,,,,,,
2073,"Fandango",Comedy,1985,3.6,5,4,,,,,,,,,
2074,"Night Porter, The",Crime|Drama|Romance,1974,3.66666666666667,3,6,7,9,,,,,,,
2075,"Mephisto",Drama|War,1981,5,1,7,14,,,,,,,,
2076,"Blue Velvet",Drama|Mystery|Thriller,1986,3.94565217391304,46,7,10,12,,,,,,,
2077,"Journey of Natty Gann, The",Adventure|Children,1985,3.4,5,1,3,,,,,,,,
2078,"Jungle Book, The",Animation|Children|Comedy|Musical,1967,3.83018867924528,53,2,3,4,15,,,,,,
2080,"Lady and the Tramp",Animation|Children|Comedy|Romance,1955,3.4,55,2,3,4,6,,,,,,
2081,"Little Mermaid, The",Animation|Children|Comedy|Musical|Romance,1989,3.42537313432836,67,2,3,4,6,15,,,,,
2082,"Mighty Ducks, The",Children|Comedy,1992,2.65384615384615,26,3,4,,,,,,,,
2083,"Muppet Christmas Carol, The",Children|Comedy|Musical,1992,3.73684210526316,19,3,4,15,,,,,,,
2084,"Newsies",Children|Musical,1992,2.7,5,3,15,,,,,,,,
2085,"101 Dalmatians",Adventure|Animation|Children,1961,3.43181818181818,44,1,2,3,,,,,,,
2087,"Peter Pan",Animation|Children|Fantasy|Musical,1953,3.57317073170732,41,2,3,5,15,,,,,,
2088,"Popeye",Adventure|Comedy|Musical,1980,2.5,18,1,4,15,,,,,,,
2089,"Rescuers Down Under, The",Adventure|Animation|Children,1990,3.5,10,1,2,3,,,,,,,
2090,"Rescuers, The",Adventure|Animation|Children|Crime|Drama,1977,3.19230769230769,13,1,2,3,7,9,,,,,
2091,"Return from Witch Mountain",Children|Sci-Fi,1978,2.25,4,3,13,,,,,,,,
2092,"Return of Jafar, The",Adventure|Animation|Children|Fantasy|Musical|Romance,1994,2.41666666666667,6,1,2,3,5,6,15,,,,
2093,"Return to Oz",Adventure|Children|Fantasy,1985,3,6,1,3,5,,,,,,,
2094,"Rocketeer, The",Action|Adventure|Sci-Fi,1991,3.25641025641026,39,1,8,13,,,,,,,
2095,"Shaggy D.A., The",Children|Comedy,1976,2.83333333333333,3,3,4,,,,,,,,
2096,"Sleeping Beauty",Animation|Children|Musical,1959,3.40909090909091,22,2,3,15,,,,,,,
2097,"Something Wicked This Way Comes",Children|Drama|Fantasy|Mystery|Thriller,1983,2.9,10,3,5,7,10,12,,,,,
2098,"Son of Flubber",Children|Comedy,1963,2.5,2,3,4,,,,,,,,
2099,"Song of the South",Adventure|Animation|Children|Musical,1946,3.41666666666667,6,1,2,3,15,,,,,,
2100,"Splash",Comedy|Fantasy|Romance,1984,3.11764705882353,51,4,5,6,,,,,,,
2102,"Steamboat Willie",Animation|Children|Comedy|Musical,1928,2.33333333333333,3,2,3,4,15,,,,,,
2103,"Tall Tale",Adventure|Children|Fantasy|Western,1995,2.5,3,1,3,5,18,,,,,,
2104,"Tex",Drama,1982,4,1,7,,,,,,,,,
2105,"Tron",Action|Adventure|Sci-Fi,1982,3.34,50,1,8,13,,,,,,,
2106,"Swing Kids",Drama|War,1993,3.7,5,7,14,,,,,,,,
2107,"Halloween H20: 20 Years Later",Horror|Thriller,1998,3,3,10,11,,,,,,,,
2108,"L.A. Story",Comedy|Romance,1991,3.47916666666667,24,4,6,,,,,,,,
2109,"Jerk, The",Comedy,1979,3.37037037037037,27,4,,,,,,,,,
2110,"Dead Men Don't Wear Plaid",Comedy|Crime|Thriller,1982,3.30555555555556,18,4,9,10,,,,,,,
2111,"Man with Two Brains, The",Comedy,1983,3.25,10,4,,,,,,,,,
2112,"Grand Canyon",Crime|Drama,1991,3.1875,8,7,9,,,,,,,,
2114,"Outsiders, The",Drama,1983,3.71875,16,7,,,,,,,,,
2115,"Indiana Jones and the Temple of Doom",Action|Adventure|Fantasy,1984,3.63888888888889,108,1,5,8,,,,,,,
2116,"Lord of the Rings, The",Adventure|Animation|Children|Fantasy,1978,3.13333333333333,15,1,2,3,5,,,,,,
2117,"1984",Drama|Sci-Fi,1984,3.71428571428571,14,7,13,,,,,,,,
2118,"Dead Zone, The",Thriller,1983,3.73333333333333,15,10,,,,,,,,,
2119,"Maximum Overdrive",Horror,1986,1.33333333333333,3,11,,,,,,,,,
2120,"Needful Things",Drama|Horror,1993,2,4,7,11,,,,,,,,
2121,"Cujo",Horror|Thriller,1983,2.21428571428571,7,10,11,,,,,,,,
2122,"Children of the Corn",Horror|Thriller,1984,2.45454545454545,11,10,11,,,,,,,,
2123,"All Dogs Go to Heaven",Animation|Children|Comedy|Drama|Fantasy,1989,2.7,15,2,3,4,5,7,,,,,
2124,"Addams Family, The",Children|Comedy|Fantasy,1991,3.28947368421053,38,3,4,5,,,,,,,
2125,"Ever After: A Cinderella Story",Comedy|Drama|Romance,1998,3.61904761904762,21,4,6,7,,,,,,,
2126,"Snake Eyes",Action|Crime|Mystery|Thriller,1998,2.76666666666667,15,8,9,10,12,,,,,,
2130,"Atlantic City",Crime|Drama|Romance,1980,3.6875,8,6,7,9,,,,,,,
2131,"Autumn Sonata",Drama,1978,4.625,4,7,,,,,,,,,
2132,"Who's Afraid of Virginia Woolf?",Drama,1966,4.14285714285714,7,7,,,,,,,,,
2133,"Adventures in Babysitting",Adventure|Comedy,1987,3.325,20,1,4,,,,,,,,
2134,"Weird Science",Comedy|Fantasy|Sci-Fi,1985,3.11363636363636,22,4,5,13,,,,,,,
2135,"Doctor Dolittle",Adventure|Children|Musical,1967,3.77272727272727,11,1,3,15,,,,,,,
2136,"Nutty Professor, The",Comedy|Sci-Fi,1963,2.46428571428571,14,4,13,,,,,,,,
2137,"Charlotte's Web",Animation|Children,1973,3.54761904761905,21,2,3,,,,,,,,
2138,"Watership Down",Adventure|Animation|Children|Drama|Fantasy,1978,4.05,10,1,2,3,5,7,,,,,
2139,"Secret of NIMH, The",Adventure|Animation|Children|Drama,1982,3.47619047619048,21,1,2,3,7,,,,,,
2140,"Dark Crystal, The",Adventure|Fantasy,1982,3.54411764705882,34,1,5,,,,,,,,
2141,"American Tail, An",Adventure|Animation|Children|Comedy,1986,3.16666666666667,18,1,2,3,4,,,,,,
2142,"American Tail: Fievel Goes West, An",Adventure|Animation|Children|Musical|Western,1991,2.7,10,1,2,3,15,18,,,,,
2143,"Legend",Adventure|Fantasy|Romance,1985,3.07692307692308,13,1,5,6,,,,,,,
2144,"Sixteen Candles",Comedy|Romance,1984,3.60204081632653,49,4,6,,,,,,,,
2145,"Pretty in Pink",Comedy|Drama|Romance,1986,3.24242424242424,33,4,6,7,,,,,,,
2146,"St. Elmo's Fire",Drama|Romance,1985,3.21875,16,6,7,,,,,,,,
2147,"Clan of the Cave Bear, The",Adventure|Drama|Fantasy,1986,2.66666666666667,3,1,5,7,,,,,,,
2148,"House",Comedy|Fantasy|Horror,1986,3.05555555555556,9,4,5,11,,,,,,,
2149,"House II: The Second Story",Comedy|Fantasy|Horror,1987,1.75,4,4,5,11,,,,,,,
2150,"Gods Must Be Crazy, The",Adventure|Comedy,1980,3.89285714285714,28,1,4,,,,,,,,
2151,"Gods Must Be Crazy II, The",Comedy,1989,3.75,6,4,,,,,,,,,
2152,"Air Bud: Golden Receiver",Children|Comedy,1998,2,3,3,4,,,,,,,,
2153,"Avengers, The",Action|Adventure,1998,2.31818181818182,11,1,8,,,,,,,,
2154,"How Stella Got Her Groove Back",Drama|Romance,1998,1.75,2,6,7,,,,,,,,
2155,"Slums of Beverly Hills, The",Comedy|Drama,1998,3.625,8,4,7,,,,,,,,
2156,"Best Man, The",Comedy|Drama|Romance,1998,4,1,4,6,7,,,,,,,
2159,"Henry: Portrait of a Serial Killer",Crime|Horror|Thriller,1986,3.92857142857143,7,9,10,11,,,,,,,
2160,"Rosemary's Baby",Drama|Horror|Thriller,1968,4.171875,32,7,10,11,,,,,,,
2161,"NeverEnding Story, The",Adventure|Children|Fantasy,1984,3.58139534883721,43,1,3,5,,,,,,,
2162,"NeverEnding Story II: The Next Chapter, The",Adventure|Children|Fantasy,1990,2.5,8,1,3,5,,,,,,,
2163,"Attack of the Killer Tomatoes!",Comedy|Horror,1978,2.2,5,4,11,,,,,,,,
2164,"Surf Nazis Must Die",Action|Comedy|Drama|Horror,1987,1,1,4,7,8,11,,,,,,
2165,"Your Friends and Neighbors",Comedy|Drama,1998,3.5,2,4,7,,,,,,,,
2166,"Return to Paradise",Crime|Drama|Romance|Thriller,1998,2.5,4,6,7,9,10,,,,,,
2167,"Blade",Action|Horror|Thriller,1998,3.36206896551724,58,8,10,11,,,,,,,
2169,"Dead Man on Campus",Comedy,1998,2.28571428571429,7,4,,,,,,,,,
2170,"Wrongfully Accused",Action|Comedy,1998,2.4,5,4,8,,,,,,,,
2171,"Next Stop Wonderland",Comedy|Drama|Romance,1998,3.3125,8,4,6,7,,,,,,,
2172,"Strike!",Comedy|Drama,1998,3,1,4,7,,,,,,,,
2174,"Beetlejuice",Comedy|Fantasy,1988,3.47252747252747,91,4,5,,,,,,,,
2175,"Déjà Vu",Drama|Romance,1997,4.5,1,6,7,,,,,,,,
2176,"Rope",Crime|Drama|Thriller,1948,3.9,10,7,9,10,,,,,,,
2177,"Family Plot",Comedy|Thriller,1976,3.16666666666667,3,4,10,,,,,,,,
2178,"Frenzy",Thriller,1972,3.5,2,10,,,,,,,,,
2179,"Topaz",Thriller,1969,3,1,10,,,,,,,,,
2180,"Torn Curtain",Thriller,1966,3.5,1,10,,,,,,,,,
2181,"Marnie",Drama|Mystery|Romance|Thriller,1964,3.625,4,6,7,10,12,,,,,,
2182,"Wrong Man, The",Drama|Film-Noir|Thriller,1956,2.875,4,7,10,19,,,,,,,
2183,"Man Who Knew Too Much, The",Adventure|Drama|Mystery|Thriller,1956,3.55555555555556,9,1,7,10,12,,,,,,
2184,"Trouble with Harry, The",Comedy|Mystery,1955,3.41666666666667,6,4,12,,,,,,,,
2185,"I Confess",Thriller,1953,4,2,10,,,,,,,,,
2186,"Strangers on a Train",Crime|Drama|Film-Noir|Thriller,1951,3.98,25,7,9,10,19,,,,,,
2187,"Stage Fright",Mystery|Romance|Thriller,1950,3.5,2,6,10,12,,,,,,,
2188,"54",Drama,1998,2,5,7,,,,,,,,,
2190,"Why Do Fools Fall In Love?",Drama,1998,2,1,7,,,,,,,,,
2193,"Willow",Action|Adventure|Fantasy,1988,3.3375,40,1,5,8,,,,,,,
2194,"Untouchables, The",Action|Crime|Drama,1987,3.93846153846154,65,7,8,9,,,,,,,
2195,"Dirty Work",Comedy,1998,3.21428571428571,7,4,,,,,,,,,
2196,"Knock Off",Action,1998,5,1,8,,,,,,,,,
2201,"Paradine Case, The",Drama,1947,3.5,2,7,,,,,,,,,
2202,"Lifeboat",Drama|War,1944,4.35714285714286,7,7,14,,,,,,,,
2203,"Shadow of a Doubt",Crime|Drama|Thriller,1943,4.14285714285714,7,7,9,10,,,,,,,
2204,"Saboteur",Mystery|Thriller,1942,3.875,4,10,12,,,,,,,,
2205,"Mr. & Mrs. Smith",Comedy|Romance,1941,2.875,4,4,6,,,,,,,,
2206,"Suspicion",Film-Noir|Mystery|Thriller,1941,4,5,10,12,19,,,,,,,
2207,"Jamaica Inn",Drama,1939,3,1,7,,,,,,,,,
2208,"Lady Vanishes, The",Drama|Mystery|Thriller,1938,3.91666666666667,6,7,10,12,,,,,,,
2210,"Sabotage",Thriller,1936,3.25,2,10,,,,,,,,,
2211,"Secret Agent",Thriller,1936,3,1,10,,,,,,,,,
2212,"Man Who Knew Too Much, The",Drama|Thriller,1934,3.66666666666667,3,7,10,,,,,,,,
2226,"Ring, The",Drama,1927,1,1,7,,,,,,,,,
2227,"Lodger: A Story of the London Fog, The",Crime|Drama|Thriller,1927,3.5,3,7,9,10,,,,,,,
2231,"Rounders",Drama,1998,3.86111111111111,36,7,,,,,,,,,
2232,"Cube",Horror|Mystery|Sci-Fi|Thriller,1997,3.42592592592593,27,10,11,12,13,,,,,,
2236,"Simon Birch",Drama,1998,3,9,7,,,,,,,,,
2239,"Swept Away",Comedy|Drama,1975,4.66666666666667,6,4,7,,,,,,,,
2240,"My Bodyguard",Drama,1980,3.85714285714286,7,7,,,,,,,,,
2241,"Class",Comedy,1983,3.5,4,4,,,,,,,,,
2243,"Broadcast News",Comedy|Drama|Romance,1987,3.42857142857143,28,4,6,7,,,,,,,
2244,"Allnighter, The",Comedy|Romance,1987,1.5,2,4,6,,,,,,,,
2245,"Working Girl",Comedy|Drama|Romance,1988,3.20454545454545,22,4,6,7,,,,,,,
2247,"Married to the Mob",Comedy,1988,3,12,4,,,,,,,,,
2248,"Say Anything...",Comedy|Drama|Romance,1989,3.92307692307692,39,4,6,7,,,,,,,
2249,"My Blue Heaven",Comedy,1990,3.18181818181818,11,4,,,,,,,,,
2252,"Hero",Comedy|Drama,1992,2.5,5,4,7,,,,,,,,
2253,"Toys",Comedy|Fantasy,1992,2.375,20,4,5,,,,,,,,
2255,"Young Doctors in Love",Comedy,1982,1.5,2,4,,,,,,,,,
2256,"Parasite",Horror|Sci-Fi,1982,2.5,2,11,13,,,,,,,,
2257,"No Small Affair",Comedy|Romance,1984,4,1,4,6,,,,,,,,
2259,"Blame It on Rio",Comedy|Romance,1984,3.1875,8,4,6,,,,,,,,
2260,"Wisdom",Crime|Drama,1986,2.5,2,7,9,,,,,,,,
2261,"One Crazy Summer",Comedy,1986,3,6,4,,,,,,,,,
2262,"About Last Night...",Comedy|Drama|Romance,1986,3,9,4,6,7,,,,,,,
2263,"Seventh Sign, The",Drama|Fantasy|Thriller,1988,2.8,5,5,7,10,,,,,,,
2264,"We're No Angels",Comedy|Crime,1989,2.75,4,4,9,,,,,,,,
2265,"Nothing But Trouble",Adventure|Comedy,1991,2.375,4,1,4,,,,,,,,
2266,"Butcher's Wife, The",Comedy|Romance,1991,3.1,5,4,6,,,,,,,,
2267,"Mortal Thoughts",Mystery|Thriller,1991,2.5,2,10,12,,,,,,,,
2268,"Few Good Men, A",Crime|Drama|Thriller,1992,3.78947368421053,57,7,9,10,,,,,,,
2269,"Indecent Proposal",Drama|Romance,1993,3,8,6,7,,,,,,,,
2271,"Permanent Midnight",Drama,1998,3,2,7,,,,,,,,,
2272,"One True Thing",Drama,1998,2.75,2,7,,,,,,,,,
2273,"Rush Hour",Action|Comedy|Crime|Thriller,1998,3.26190476190476,42,4,8,9,10,,,,,,
2275,"Six-String Samurai",Action|Adventure|Sci-Fi,1998,3.6,5,1,8,13,,,,,,,
2278,"Ronin",Action|Crime|Thriller,1998,3.52325581395349,43,8,9,10,,,,,,,
2279,"Urban Legend",Horror|Thriller,1998,2.4,10,10,11,,,,,,,,
2280,"Clay Pigeons",Crime,1998,3,2,9,,,,,,,,,
2281,"Monument Ave.",Action|Crime|Drama,1998,2.5,1,7,8,9,,,,,,,
2282,"Pecker",Comedy|Drama,1998,3.41666666666667,6,4,7,,,,,,,,
2283,"Sheltering Sky, The",Drama,1990,3.5,2,7,,,,,,,,,
2286,"Fiendish Plot of Dr. Fu Manchu, The",Comedy,1980,2,1,4,,,,,,,,,
2287,"Them!",Horror|Sci-Fi|Thriller,1954,3.8,5,10,11,13,,,,,,,
2288,"Thing, The",Action|Horror|Sci-Fi|Thriller,1982,3.93333333333333,45,8,10,11,13,,,,,,
2289,"Player, The",Comedy|Crime|Drama,1992,3.94736842105263,38,4,7,9,,,,,,,
2290,"Stardust Memories",Comedy|Drama,1980,3.6,5,4,7,,,,,,,,
2291,"Edward Scissorhands",Drama|Fantasy|Romance,1990,3.7,80,5,6,7,,,,,,,
2292,"Overnight Delivery",Comedy|Romance,1998,2.5,1,4,6,,,,,,,,
2294,"Antz",Adventure|Animation|Children|Comedy|Fantasy,1998,3.24444444444444,45,1,2,3,4,5,,,,,
2295,"Impostors, The",Comedy,1998,4.5,2,4,,,,,,,,,
2296,"Night at the Roxbury, A",Comedy,1998,2.1,10,4,,,,,,,,,
2297,"What Dreams May Come",Adventure|Drama|Fantasy|Romance,1998,3.64285714285714,14,1,5,6,7,,,,,,
2298,"Strangeland",Thriller,1998,4,1,10,,,,,,,,,
2300,"Producers, The",Comedy,1968,3.96969696969697,33,4,,,,,,,,,
2301,"History of the World: Part I",Comedy|Musical,1981,3.625,16,4,15,,,,,,,,
2302,"My Cousin Vinny",Comedy,1992,3.26271186440678,59,4,,,,,,,,,
2303,"Nashville",Drama|Musical,1975,3.6,5,7,15,,,,,,,,
2304,"Love Is the Devil",Drama,1998,4,1,7,,,,,,,,,
2306,"Holy Man",Comedy,1998,2.58333333333333,6,4,,,,,,,,,
2307,"One Tough Cop",Action|Crime,1998,3,1,8,9,,,,,,,,
2310,"Mighty, The",Drama,1998,3.66666666666667,3,7,,,,,,,,,
2311,"2010: The Year We Make Contact",Sci-Fi,1984,3.58823529411765,17,13,,,,,,,,,
2312,"Children of a Lesser God",Drama,1986,3.83333333333333,12,7,,,,,,,,,
2313,"Elephant Man, The",Drama,1980,4.02941176470588,17,7,,,,,,,,,
2314,"Beloved",Drama,1998,4.5,2,7,,,,,,,,,
2315,"Bride of Chucky",Comedy|Horror|Thriller,1998,2.16666666666667,6,4,10,11,,,,,,,
2316,"Practical Magic",Drama|Fantasy|Mystery|Romance,1998,3.21428571428571,7,5,6,7,12,,,,,,
2318,"Happiness",Comedy|Drama,1998,4.125,16,4,7,,,,,,,,
2320,"Apt Pupil",Drama|Thriller,1998,3,9,7,10,,,,,,,,
2321,"Pleasantville",Comedy|Drama|Fantasy,1998,3.48360655737705,61,4,5,7,,,,,,,
2322,"Soldier",Action|Sci-Fi|War,1998,3.0625,8,8,13,14,,,,,,,
2323,"Cruise, The",Documentary,1998,4.25,2,16,,,,,,,,,
2324,"Life Is Beautiful",Comedy|Drama|Romance|War,1997,4.14772727272727,88,4,6,7,14,,,,,,
2325,"Orgazmo",Comedy,1997,3.11538461538462,13,4,,,,,,,,,
2327,"Tales from the Darkside: The Movie",Fantasy|Horror|Thriller,1990,3.66666666666667,3,5,10,11,,,,,,,
2328,"Vampires",Horror|Western,1998,2.42857142857143,7,11,18,,,,,,,,
2329,"American History X",Crime|Drama,1998,4.21705426356589,129,7,9,,,,,,,,
2330,"Hands on a Hard Body",Comedy|Documentary,1996,4.5,2,4,16,,,,,,,,
2331,"Living Out Loud",Comedy|Drama|Romance,1998,3,3,4,6,7,,,,,,,
2332,"Belly",Crime|Drama,1998,1.25,2,7,9,,,,,,,,
2333,"Gods and Monsters",Drama,1998,4.125,4,7,,,,,,,,,
2334,"Siege, The",Action|Thriller,1998,2.80769230769231,13,8,10,,,,,,,,
2335,"Waterboy, The",Comedy,1998,3.17857142857143,28,4,,,,,,,,,
2336,"Elizabeth",Drama,1998,3.67391304347826,23,7,,,,,,,,,
2337,"Velvet Goldmine",Drama,1998,3.375,4,7,,,,,,,,,
2338,"I Still Know What You Did Last Summer",Horror|Mystery|Thriller,1998,2.05555555555556,18,10,11,12,,,,,,,
2339,"I'll Be Home For Christmas",Comedy|Romance,1998,1.5,1,4,6,,,,,,,,
2340,"Meet Joe Black",Romance,1998,3.05,20,6,,,,,,,,,
2342,"Hard Core Logo",Comedy|Drama,1996,4,2,4,7,,,,,,,,
2344,"Runaway Train",Action|Adventure|Drama|Thriller,1985,3.25,8,1,7,8,10,,,,,,
2346,"Stepford Wives, The",Mystery|Sci-Fi|Thriller,1975,3.18181818181818,11,10,12,13,,,,,,,
2347,"Pope of Greenwich Village, The",Drama,1984,2.33333333333333,3,7,,,,,,,,,
2348,"Sid and Nancy",Drama,1986,3.4375,8,7,,,,,,,,,
2349,"Mona Lisa",Comedy|Thriller,1986,3.5,7,4,10,,,,,,,,
2350,"Heart Condition",Comedy,1990,3.5,2,4,,,,,,,,,
2351,"Nights of Cabiria",Drama,1957,4.28571428571429,7,7,,,,,,,,,
2352,"Big Chill, The",Comedy|Drama,1983,3.84,25,4,7,,,,,,,,
2353,"Enemy of the State",Action|Thriller,1998,3.49253731343284,67,8,10,,,,,,,,
2354,"Rugrats Movie, The",Animation|Children|Comedy,1998,2.5,7,2,3,4,,,,,,,
2355,"Bug's Life, A",Adventure|Animation|Children|Comedy,1998,3.51630434782609,92,1,2,3,4,,,,,,
2356,"Celebrity",Comedy,1998,2.6,5,4,,,,,,,,,
2357,"Central Station",Drama,1998,4.41666666666667,6,7,,,,,,,,,
2358,"Savior",Drama|War,1998,4,1,7,14,,,,,,,,
2359,"Waking Ned Devine",Comedy,1998,3.67307692307692,26,4,,,,,,,,,
2360,"Celebration, The",Drama,1998,4.45833333333333,12,7,,,,,,,,,
2361,"Pink Flamingos",Comedy,1972,2.75,10,4,,,,,,,,,
2362,"Glen or Glenda",Drama,1953,4,1,7,,,,,,,,,
2363,"Godzilla",Drama|Horror|Sci-Fi,1954,2.16666666666667,3,7,11,13,,,,,,,
2364,"Godzilla 1985: The Legend Is Reborn",Action|Horror|Sci-Fi|Thriller,1984,1.5,2,8,10,11,13,,,,,,
2365,"King Kong vs. Godzilla",Action|Sci-Fi,1962,2.5,2,8,13,,,,,,,,
2366,"King Kong",Action|Adventure|Fantasy|Horror,1933,3.64,25,1,5,8,11,,,,,,
2367,"King Kong",Adventure|Fantasy|Romance|Sci-Fi|Thriller,1976,2.71428571428571,14,1,5,6,10,13,,,,,
2368,"King Kong Lives",Adventure|Sci-Fi,1986,2,1,1,13,,,,,,,,
2369,"Desperately Seeking Susan",Comedy|Drama|Romance,1985,2.66666666666667,24,4,6,7,,,,,,,
2370,"Emerald Forest, The",Action|Adventure|Drama,1985,3,1,1,7,8,,,,,,,
2371,"Fletch",Comedy|Crime|Mystery,1985,3.08333333333333,24,4,9,12,,,,,,,
2372,"Fletch Lives",Comedy,1989,2.22222222222222,9,4,,,,,,,,,
2373,"Red Sonja",Action|Adventure|Fantasy,1985,2.27777777777778,9,1,5,8,,,,,,,
2374,"Gung Ho",Comedy|Drama,1986,3.16666666666667,9,4,7,,,,,,,,
2375,"Money Pit, The",Comedy,1986,2.92857142857143,21,4,,,,,,,,,
2376,"View to a Kill, A",Action|Adventure|Thriller,1985,3.21428571428571,21,1,8,10,,,,,,,
2377,"Lifeforce",Horror|Sci-Fi,1985,2.5,5,11,13,,,,,,,,
2378,"Police Academy",Comedy|Crime,1984,3.02272727272727,22,4,9,,,,,,,,
2379,"Police Academy 2: Their First Assignment",Comedy|Crime,1985,2.45833333333333,12,4,9,,,,,,,,
2380,"Police Academy 3: Back in Training",Comedy|Crime,1986,2.3,10,4,9,,,,,,,,
2381,"Police Academy 4: Citizens on Patrol",Comedy|Crime,1987,2.14285714285714,7,4,9,,,,,,,,
2382,"Police Academy 5: Assignment: Miami Beach",Comedy|Crime,1988,2.5,5,4,9,,,,,,,,
2383,"Police Academy 6: City Under Siege",Comedy|Crime,1989,1.5,4,4,9,,,,,,,,
2384,"Babe: Pig in the City",Adventure|Children|Drama,1998,2.77586206896552,29,1,3,7,,,,,,,
2385,"Home Fries",Comedy|Romance,1998,2.33333333333333,3,4,6,,,,,,,,
2387,"Very Bad Things",Comedy|Crime,1998,3.4375,16,4,9,,,,,,,,
2388,"Steam: The Turkish Bath",Drama|Romance,1997,4,1,6,7,,,,,,,,
2389,"Psycho",Crime|Horror|Thriller,1998,1.88888888888889,9,9,10,11,,,,,,,
2390,"Little Voice",Comedy,1998,3.92857142857143,7,4,,,,,,,,,
2391,"Simple Plan, A",Crime|Drama|Thriller,1998,3.79545454545455,22,7,9,10,,,,,,,
2392,"Jack Frost",Children|Comedy|Drama,1998,1.9375,8,3,4,7,,,,,,,
2393,"Star Trek: Insurrection",Action|Drama|Romance|Sci-Fi,1998,3.15151515151515,33,6,7,8,13,,,,,,
2394,"Prince of Egypt, The",Animation|Musical,1998,3.5,25,2,15,,,,,,,,
2395,"Rushmore",Comedy|Drama,1998,3.54464285714286,56,4,7,,,,,,,,
2396,"Shakespeare in Love",Comedy|Drama|Romance,1998,3.77717391304348,92,4,6,7,,,,,,,
2398,"Miracle on 34th Street",Comedy|Drama,1947,4.05882352941176,17,4,7,,,,,,,,
2399,"Santa Claus: The Movie",Adventure|Children|Fantasy,1985,2.25,4,1,3,5,,,,,,,
2400,"Prancer",Children|Drama|Fantasy,1989,3,2,3,5,7,,,,,,,
2401,"Pale Rider",Western,1985,3.8125,8,18,,,,,,,,,
2402,"Rambo: First Blood Part II",Action|Adventure|Thriller,1985,2.65789473684211,19,1,8,10,,,,,,,
2403,"First Blood",Action|Adventure|Drama|Thriller,1982,3.55,30,1,7,8,10,,,,,,
2404,"Rambo III",Action|Adventure|Thriller|War,1988,1.91666666666667,12,1,8,10,14,,,,,,
2405,"Jewel of the Nile, The",Action|Adventure|Comedy|Romance,1985,2.80952380952381,21,1,4,6,8,,,,,,
2406,"Romancing the Stone",Action|Adventure|Comedy|Romance,1984,3.4537037037037,54,1,4,6,8,,,,,,
2407,"Cocoon",Comedy|Sci-Fi,1985,3.26744186046512,43,4,13,,,,,,,,
2408,"Cocoon: The Return",Comedy|Sci-Fi,1988,2.33333333333333,9,4,13,,,,,,,,
2409,"Rocky II",Action|Drama,1979,3.19230769230769,26,7,8,,,,,,,,
2410,"Rocky III",Action|Drama,1982,2.72916666666667,24,7,8,,,,,,,,
2411,"Rocky IV",Action|Drama,1985,2.70689655172414,29,7,8,,,,,,,,
2412,"Rocky V",Action|Drama,1990,1.94117647058824,17,7,8,,,,,,,,
2413,"Clue",Comedy|Crime|Mystery|Thriller,1985,3.38888888888889,18,4,9,10,12,,,,,,
2414,"Young Sherlock Holmes",Action|Adventure|Children|Fantasy|Mystery|Thriller,1985,3.36363636363636,11,1,3,5,8,10,12,,,,
2415,"Violets Are Blue...",Drama|Romance,1986,3,1,6,7,,,,,,,,
2416,"Back to School",Comedy,1986,2.90625,16,4,,,,,,,,,
2417,"Heartburn",Comedy|Drama,1986,1,1,4,7,,,,,,,,
2418,"Nothing in Common",Comedy,1986,2.75,6,4,,,,,,,,,
2419,"Extremities",Drama|Thriller,1986,3.75,2,7,10,,,,,,,,
2420,"Karate Kid, The",Drama,1984,3.56578947368421,38,7,,,,,,,,,
2421,"Karate Kid, Part II, The",Action|Adventure|Drama,1986,2.77586206896552,29,1,7,8,,,,,,,
2422,"Karate Kid, Part III, The",Action|Adventure|Children|Drama,1989,1.75,14,1,3,7,8,,,,,,
2423,"Christmas Vacation",Comedy,1989,3.56666666666667,30,4,,,,,,,,,
2424,"You've Got Mail",Comedy|Romance,1998,3.12,50,4,6,,,,,,,,
2425,"General, The",Crime,1998,4,2,9,,,,,,,,,
2427,"Thin Red Line, The",Action|Drama|War,1998,3.3,35,7,8,14,,,,,,,
2428,"Faculty, The",Horror|Sci-Fi,1998,2.47826086956522,23,11,13,,,,,,,,
2429,"Mighty Joe Young",Action|Adventure|Drama|Fantasy|Thriller,1998,2.8,5,1,5,7,8,10,,,,,
2430,"Mighty Joe Young",Adventure|Children|Drama,1949,2.83333333333333,6,1,3,7,,,,,,,
2431,"Patch Adams",Comedy|Drama,1998,3.37037037037037,27,4,7,,,,,,,,
2432,"Stepmom",Drama,1998,3.08333333333333,6,7,,,,,,,,,
2433,"Civil Action, A",Drama,1998,3.04545454545455,11,7,,,,,,,,,
2435,"Hurlyburly",Drama,1998,4,1,7,,,,,,,,,
2436,"Tea with Mussolini",Comedy|Drama|War,1999,4.25,6,4,7,14,,,,,,,
2439,"Affliction",Drama,1997,3.16666666666667,3,7,,,,,,,,,
2442,"Hilary and Jackie",Drama,1998,3.83333333333333,3,7,,,,,,,,,
2443,"Playing by Heart",Drama|Romance,1998,3.375,8,6,7,,,,,,,,
2445,"At First Sight",Drama,1999,2.6875,8,7,,,,,,,,,
2446,"In Dreams",Horror|Thriller,1999,2,2,10,11,,,,,,,,
2447,"Varsity Blues",Comedy|Drama,1999,3.26666666666667,15,4,7,,,,,,,,
2448,"Virus",Horror|Sci-Fi,1999,2.66666666666667,3,11,13,,,,,,,,
2450,"Howard the Duck",Adventure|Comedy|Sci-Fi,1986,2.15625,16,1,4,13,,,,,,,
2451,"Gate, The",Horror,1987,3,1,11,,,,,,,,,
2453,"Boy Who Could Fly, The",Drama|Fantasy,1986,2.16666666666667,3,5,7,,,,,,,,
2454,"Fly, The",Horror|Mystery|Sci-Fi,1958,3.38461538461538,13,11,12,13,,,,,,,
2455,"Fly, The",Drama|Horror|Sci-Fi|Thriller,1986,3.38372093023256,43,7,10,11,13,,,,,,
2456,"Fly II, The",Horror|Sci-Fi,1989,2.27777777777778,9,11,13,,,,,,,,
2457,"Running Scared",Action|Comedy,1986,3.5625,8,4,8,,,,,,,,
2458,"Armed and Dangerous",Comedy|Crime,1986,2.75,8,4,9,,,,,,,,
2459,"Texas Chainsaw Massacre, The",Horror,1974,3.26923076923077,13,11,,,,,,,,,
2460,"Texas Chainsaw Massacre 2, The",Horror,1986,2,3,11,,,,,,,,,
2462,"Texas Chainsaw Massacre: The Next Generation",Horror,1994,3,1,11,,,,,,,,,
2463,"Ruthless People",Comedy,1986,3.32142857142857,14,4,,,,,,,,,
2465,"Deadly Friend",Horror,1986,1.5,3,11,,,,,,,,,
2467,"Name of the Rose, The",Crime|Drama|Mystery|Thriller,1986,3.75,18,7,9,10,12,,,,,,
2468,"Jumpin' Jack Flash",Action|Comedy|Romance|Thriller,1986,2.5,15,4,6,8,10,,,,,,
2469,"Peggy Sue Got Married",Comedy|Drama,1986,3.21428571428571,7,4,7,,,,,,,,
2470,"Crocodile Dundee",Adventure|Comedy,1986,3.17543859649123,57,1,4,,,,,,,,
2471,"Crocodile Dundee II",Action|Adventure|Comedy,1988,2.47916666666667,24,1,4,8,,,,,,,
2472,"Tough Guys",Comedy,1986,3,3,4,,,,,,,,,
2473,"Soul Man",Comedy,1986,2.5625,8,4,,,,,,,,,
2474,"Color of Money, The",Drama,1986,3.5,13,7,,,,,,,,,
2475,"52 Pick-Up",Action|Mystery|Thriller,1986,3.66666666666667,3,8,10,12,,,,,,,
2476,"Heartbreak Ridge",Action|War,1986,3.75,12,8,14,,,,,,,,
2477,"Firewalker",Adventure,1986,3.33333333333333,3,1,,,,,,,,,
2478,"¡Three Amigos!",Comedy|Western,1986,3.13461538461538,26,4,18,,,,,,,,
2481,"My Name Is Joe",Drama|Romance,1998,4,1,6,7,,,,,,,,
2482,"Still Crazy",Comedy|Romance,1998,3,2,4,6,,,,,,,,
2483,"Day of the Beast, The",Adventure|Comedy|Thriller,1995,3.5,1,1,4,10,,,,,,,
2485,"She's All That",Comedy|Romance,1999,2.8448275862069,29,4,6,,,,,,,,
2488,"Peeping Tom",Drama|Horror|Thriller,1960,3,3,7,10,11,,,,,,,
2490,"Payback",Action|Thriller,1999,3.42222222222222,45,8,10,,,,,,,,
2491,"Simply Irresistible",Comedy|Romance,1999,3.6,5,4,6,,,,,,,,
2492,"20 Dates",Comedy|Romance,1998,3,7,4,6,,,,,,,,
2493,"Harmonists, The",Drama,1997,4,1,7,,,,,,,,,
2494,"Last Days, The",Documentary,1998,4,2,16,,,,,,,,,
2495,"Fantastic Planet, The",Animation|Sci-Fi,1973,4,3,2,13,,,,,,,,
2496,"Blast from the Past",Comedy|Romance,1999,3.10869565217391,23,4,6,,,,,,,,
2497,"Message in a Bottle",Romance,1999,2.91666666666667,6,6,,,,,,,,,
2498,"My Favorite Martian",Comedy|Sci-Fi,1999,2.1,5,4,13,,,,,,,,
2500,"Jawbreaker",Comedy,1999,2,7,4,,,,,,,,,
2501,"October Sky",Drama,1999,3.75,30,7,,,,,,,,,
2502,"Office Space",Comedy|Crime,1999,4.09042553191489,94,4,9,,,,,,,,
2503,"Apple, The",Drama,1998,4,1,7,,,,,,,,,
2504,"200 Cigarettes",Comedy|Drama,1999,3.16666666666667,6,4,7,,,,,,,,
2505,"8MM",Drama|Mystery|Thriller,1999,2.94444444444444,18,7,10,12,,,,,,,
2506,"Other Sister, The",Comedy|Drama|Romance,1999,3.33333333333333,6,4,6,7,,,,,,,
2511,"Long Goodbye, The",Crime|Film-Noir,1973,4.66666666666667,3,9,19,,,,,,,,
2512,"Ballad of Narayama, The",Drama,1983,5,1,7,,,,,,,,,
2513,"Pet Sematary",Horror,1989,2.85,10,11,,,,,,,,,
2514,"Pet Sematary II",Comedy|Horror,1992,1.83333333333333,3,4,11,,,,,,,,
2515,"Children of the Corn II: The Final Sacrifice",Horror,1993,1.75,2,11,,,,,,,,,
2516,"Children of the Corn III",Horror,1994,1,1,11,,,,,,,,,
2517,"Christine",Horror,1983,2.95,10,11,,,,,,,,,
2518,"Night Shift",Comedy,1982,3.05,10,4,,,,,,,,,
2520,"Airport",Drama,1970,2.16666666666667,3,7,,,,,,,,,
2521,"Airport 1975",Action|Drama|Thriller,1974,3.5,2,7,8,10,,,,,,,
2522,"Airport '77",Drama,1977,3.25,4,7,,,,,,,,,
2523,"Rollercoaster",Drama|Thriller,1977,2.5,2,7,10,,,,,,,,
2524,"Towering Inferno, The",Action|Adventure|Drama|Thriller,1974,3.22222222222222,9,1,7,8,10,,,,,,
2525,"Alligator",Action|Horror|Sci-Fi,1980,2,3,8,11,13,,,,,,,
2526,"Meteor",Sci-Fi,1979,1.83333333333333,3,13,,,,,,,,,
2527,"Westworld",Action|Sci-Fi|Thriller|Western,1973,3.41666666666667,18,8,10,13,18,,,,,,
2528,"Logan's Run",Action|Adventure|Sci-Fi,1976,3.22916666666667,24,1,8,13,,,,,,,
2529,"Planet of the Apes",Action|Drama|Sci-Fi,1968,3.80357142857143,56,7,8,13,,,,,,,
2530,"Beneath the Planet of the Apes",Action|Sci-Fi,1970,2.77777777777778,18,8,13,,,,,,,,
2531,"Battle for the Planet of the Apes",Action|Sci-Fi,1973,2.77777777777778,9,8,13,,,,,,,,
2532,"Conquest of the Planet of the Apes",Action|Sci-Fi,1972,2.79166666666667,12,8,13,,,,,,,,
2533,"Escape from the Planet of the Apes",Action|Sci-Fi,1971,3,15,8,13,,,,,,,,
2534,"Avalanche",Action,1978,2.5,3,8,,,,,,,,,
2535,"Earthquake",Action|Drama|Thriller,1974,2.66666666666667,3,7,8,10,,,,,,,
2537,"Beyond the Poseidon Adventure",Adventure,1979,2,3,1,,,,,,,,,
2538,"Dancemaker",Documentary,1998,1,1,16,,,,,,,,,
2539,"Analyze This",Comedy,1999,3.09574468085106,47,4,,,,,,,,,
2540,"Corruptor, The",Action|Crime|Drama|Thriller,1999,2.5,3,7,8,9,10,,,,,,
2541,"Cruel Intentions",Drama,1999,3.225,40,7,,,,,,,,,
2542,"Lock, Stock & Two Smoking Barrels",Comedy|Crime|Thriller,1998,4.05223880597015,67,4,9,10,,,,,,,
2544,"School of Flesh, The",Drama|Romance,1998,3,1,6,7,,,,,,,,
2546,"Deep End of the Ocean, The",Drama,1999,3.25,2,7,,,,,,,,,
2548,"Rage: Carrie 2, The",Horror,1999,1.83333333333333,6,11,,,,,,,,,
2549,"Wing Commander",Action|Sci-Fi,1999,2.91666666666667,6,8,13,,,,,,,,
2550,"Haunting, The",Horror|Thriller,1963,4,7,10,11,,,,,,,,
2551,"Dead Ringers",Drama|Horror|Thriller,1988,3.6875,8,7,10,11,,,,,,,
2552,"My Boyfriend's Back",Comedy,1993,1.5,2,4,,,,,,,,,
2553,"Village of the Damned",Horror|Sci-Fi|Thriller,1960,3.08333333333333,6,10,11,13,,,,,,,
2554,"Children of the Damned",Horror|Sci-Fi|Thriller,1963,3.16666666666667,3,10,11,13,,,,,,,
2555,"Baby Geniuses",Comedy,1999,1.66666666666667,3,4,,,,,,,,,
2557,"I Stand Alone",Drama|Thriller,1998,4.5,1,7,10,,,,,,,,
2558,"Forces of Nature",Comedy|Romance,1999,2.33333333333333,9,4,6,,,,,,,,
2559,"King and I, The",Animation|Children,1999,3,1,2,3,,,,,,,,
2560,"Ravenous",Horror|Thriller,1999,3,8,10,11,,,,,,,,
2561,"True Crime",Crime|Thriller,1999,2.75,4,9,10,,,,,,,,
2563,"Dangerous Beauty",Drama,1998,4.16666666666667,3,7,,,,,,,,,
2565,"King and I, The",Drama|Musical|Romance,1956,4.16666666666667,12,6,7,15,,,,,,,
2566,"Doug's 1st Movie",Animation|Children,1999,2,2,2,3,,,,,,,,
2567,"EDtv",Comedy,1999,2.97368421052632,19,4,,,,,,,,,
2568,"Mod Squad, The",Action|Crime,1999,3.1875,8,8,9,,,,,,,,
2570,"Walk on the Moon, A",Drama|Romance,1999,3.2,5,6,7,,,,,,,,
2571,"Matrix, The",Action|Sci-Fi|Thriller,1999,4.19244604316547,278,8,10,13,,,,,,,
2572,"10 Things I Hate About You",Comedy|Romance,1999,3.52777777777778,54,4,6,,,,,,,,
2573,"Tango",Drama|Musical,1998,1,1,7,15,,,,,,,,
2574,"Out-of-Towners, The",Comedy,1999,2,6,4,,,,,,,,,
2575,"Dreamlife of Angels, The",Drama,1998,3.75,4,7,,,,,,,,,
2577,"Metroland",Comedy|Drama,1997,3,1,4,7,,,,,,,,
2579,"Following",Crime|Mystery|Thriller,1998,3.83333333333333,6,9,10,12,,,,,,,
2580,"Go",Comedy|Crime,1999,3.96153846153846,39,4,9,,,,,,,,
2581,"Never Been Kissed",Comedy|Romance,1999,2.95833333333333,36,4,6,,,,,,,,
2582,"Twin Dragons",Action|Comedy,1992,3,3,4,8,,,,,,,,
2583,"Cookie's Fortune",Comedy|Drama,1999,3.875,12,4,7,,,,,,,,
2585,"Lovers of the Arctic Circle, The",Drama|Romance,1998,4.25,2,6,7,,,,,,,,
2586,"Goodbye Lover",Comedy|Crime|Thriller,1999,1.75,2,4,9,10,,,,,,,
2587,"Life",Comedy|Crime|Drama,1999,3.25,4,4,7,9,,,,,,,
2589,"Friends & Lovers",Comedy|Drama|Romance,1999,3.5,1,4,6,7,,,,,,,
2590,"Hideous Kinky",Drama,1998,2.5,1,7,,,,,,,,,
2593,"Monster, The",Comedy,1994,3.375,4,4,,,,,,,,,
2594,"Open Your Eyes",Drama|Romance|Sci-Fi|Thriller,1997,3.75,10,6,7,10,13,,,,,,
2596,"SLC Punk!",Comedy|Drama,1998,3.79166666666667,12,4,7,,,,,,,,
2597,"Lost & Found",Comedy|Romance,1999,2.75,2,4,6,,,,,,,,
2598,"Pushing Tin",Comedy,1999,2.84,25,4,,,,,,,,,
2599,"Election",Comedy,1999,3.66071428571429,56,4,,,,,,,,,
2600,"eXistenZ",Action|Sci-Fi|Thriller,1999,3.86363636363636,22,8,10,13,,,,,,,
2605,"Entrapment",Crime|Thriller,1999,2.98837209302326,43,9,10,,,,,,,,
2606,"Idle Hands",Comedy|Horror,1999,2.56666666666667,15,4,11,,,,,,,,
2607,"Get Real",Drama|Romance,1998,4,2,6,7,,,,,,,,
2609,"King of Masks, The",Drama,1996,4,1,7,,,,,,,,,
2611,"Winslow Boy, The",Drama,1999,3,1,7,,,,,,,,,
2612,"Mildred Pierce",Drama|Film-Noir,1945,4,1,7,19,,,,,,,,
2613,"Night of the Comet",Comedy|Horror|Sci-Fi,1984,2.875,8,4,11,13,,,,,,,
2614,"Chopping Mall",Action|Horror|Sci-Fi,1986,1,2,8,11,13,,,,,,,
2615,"My Science Project",Adventure|Sci-Fi,1985,2.875,4,1,13,,,,,,,,
2616,"Dick Tracy",Action|Crime,1990,2.88461538461538,26,8,9,,,,,,,,
2617,"Mummy, The",Action|Adventure|Comedy|Fantasy|Horror|Thriller,1999,3.12068965517241,87,1,4,5,8,10,11,,,,
2618,"Castle, The",Comedy,1997,3.4,5,4,,,,,,,,,
2620,"This Is My Father",Drama|Romance,1998,3,1,6,7,,,,,,,,
2622,"William Shakespeare's A Midsummer Night's Dream",Comedy|Fantasy,1999,3.13636363636364,11,4,5,,,,,,,,
2623,"Trippin'",Comedy,1999,1,1,4,,,,,,,,,
2624,"After Life",Drama|Fantasy,1998,4.25,2,5,7,,,,,,,,
2625,"Black Mask",Action|Adventure|Crime|Sci-Fi|Thriller,1996,2.5,2,1,8,9,10,13,,,,,
2628,"Star Wars: Episode I - The Phantom Menace",Action|Adventure|Sci-Fi,1999,3.10714285714286,140,1,8,13,,,,,,,
2629,"Love Letter, The",Comedy|Romance,1999,2.5,2,4,6,,,,,,,,
2630,"Besieged",Drama,1998,3.5,2,7,,,,,,,,,
2632,"Saragossa Manuscript, The",Adventure|Drama|Mystery,1965,4,1,1,7,12,,,,,,,
2633,"Mummy, The",Horror|Romance,1932,3.33333333333333,3,6,11,,,,,,,,
2634,"Mummy, The",Horror,1959,3.33333333333333,3,11,,,,,,,,,
2639,"Mommie Dearest",Drama,1981,3.125,4,7,,,,,,,,,
2640,"Superman",Action|Adventure|Sci-Fi,1978,3.60655737704918,61,1,8,13,,,,,,,
2641,"Superman II",Action|Sci-Fi,1980,3.02040816326531,49,8,13,,,,,,,,
2642,"Superman III",Action|Adventure|Sci-Fi,1983,2.25,22,1,8,13,,,,,,,
2643,"Superman IV: The Quest for Peace",Action|Adventure|Sci-Fi,1987,1.6875,16,1,8,13,,,,,,,
2644,"Dracula",Horror,1931,3.33333333333333,9,11,,,,,,,,,
2648,"Frankenstein",Drama|Horror|Sci-Fi,1931,3.90909090909091,11,7,11,13,,,,,,,
2651,"Frankenstein Meets the Wolf Man",Horror,1943,1,1,11,,,,,,,,,
2652,"Curse of Frankenstein, The",Horror,1957,3,1,11,,,,,,,,,
2654,"Wolf Man, The",Drama|Fantasy|Horror,1941,3.6,5,5,7,11,,,,,,,
2655,"Howling II: Your Sister Is a Werewolf",Horror,1985,2,1,11,,,,,,,,,
2656,"Tarantula",Horror|Sci-Fi,1955,3,1,11,13,,,,,,,,
2657,"Rocky Horror Picture Show, The",Comedy|Horror|Musical|Sci-Fi,1975,3.34126984126984,63,4,11,13,15,,,,,,
2659,"It Came from Hollywood",Comedy|Documentary,1982,2,1,4,16,,,,,,,,
2660,"Thing from Another World, The",Horror|Sci-Fi,1951,3.5,4,11,13,,,,,,,,
2661,"It Came from Outer Space",Sci-Fi,1953,3,1,13,,,,,,,,,
2662,"War of the Worlds, The",Action|Drama|Sci-Fi,1953,3.16666666666667,12,7,8,13,,,,,,,
2664,"Invasion of the Body Snatchers",Horror|Sci-Fi|Thriller,1956,3.76923076923077,13,10,11,13,,,,,,,
2665,"Earth vs. the Flying Saucers",Sci-Fi,1956,1,1,13,,,,,,,,,
2668,"Swamp Thing",Horror|Sci-Fi,1982,2.9375,8,11,13,,,,,,,,
2669,"Pork Chop Hill",War,1959,3.5,2,14,,,,,,,,,
2670,"Run Silent Run Deep",War,1958,3.6,5,14,,,,,,,,,
2671,"Notting Hill",Comedy|Romance,1999,3.45535714285714,56,4,6,,,,,,,,
2672,"Thirteenth Floor, The",Drama|Sci-Fi|Thriller,1999,2.95833333333333,12,7,10,13,,,,,,,
2674,"Loss of Sexual Innocence, The",Drama|Fantasy,1999,2.25,2,5,7,,,,,,,,
2676,"Instinct",Drama|Thriller,1999,3.16666666666667,6,7,10,,,,,,,,
2677,"Buena Vista Social Club",Documentary|Musical,1999,4.375,4,15,16,,,,,,,,
2681,"Free Enterprise",Comedy|Romance|Sci-Fi,1998,3,3,4,6,13,,,,,,,
2682,"Limbo",Drama,1999,4,3,7,,,,,,,,,
2683,"Austin Powers: The Spy Who Shagged Me",Action|Adventure|Comedy,1999,3.19834710743802,121,1,4,8,,,,,,,
2686,"Red Violin, The",Drama|Mystery,1998,4.02631578947368,19,7,12,,,,,,,,
2687,"Tarzan",Adventure|Animation|Children|Drama,1999,3.45833333333333,24,1,2,3,7,,,,,,
2688,"General's Daughter, The",Crime|Drama|Mystery|Thriller,1999,2.93333333333333,15,7,9,10,12,,,,,,
2690,"Ideal Husband, An",Comedy|Romance,1999,3.7,10,4,6,,,,,,,,
2691,"Legend of 1900, The",Drama,1998,3.66666666666667,3,7,,,,,,,,,
2692,"Run Lola Run",Action|Crime,1998,4,75,8,9,,,,,,,,
2693,"Trekkies",Documentary,1997,3.375,4,16,,,,,,,,,
2694,"Big Daddy",Comedy,1999,3.19791666666667,48,4,,,,,,,,,
2695,"Boys, The",Drama,1998,2,1,7,,,,,,,,,
2696,"Dinner Game, The",Comedy,1998,4.33333333333333,3,4,,,,,,,,,
2697,"My Son the Fanatic",Comedy|Drama|Romance,1997,3.5,1,4,6,7,,,,,,,
2698,"Zone 39",Sci-Fi,1997,2,1,13,,,,,,,,,
2699,"Arachnophobia",Comedy|Horror,1990,2.81132075471698,53,4,11,,,,,,,,
2700,"South Park: Bigger, Longer and Uncut",Animation|Comedy|Musical,1999,3.86184210526316,76,2,4,15,,,,,,,
2701,"Wild Wild West",Action|Comedy|Sci-Fi|Western,1999,2.20754716981132,53,4,8,13,18,,,,,,
2702,"Summer of Sam",Drama,1999,3.4,15,7,,,,,,,,,
2706,"American Pie",Comedy|Romance,1999,3.37864077669903,103,4,6,,,,,,,,
2707,"Arlington Road",Thriller,1999,3.27272727272727,22,10,,,,,,,,,
2708,"Autumn Tale, An",Romance,1998,4,3,6,,,,,,,,,
2709,"Muppets From Space",Children|Comedy,1999,3.16666666666667,9,3,4,,,,,,,,
2710,"Blair Witch Project, The",Drama|Horror|Thriller,1999,2.796875,64,7,10,11,,,,,,,
2712,"Eyes Wide Shut",Drama|Mystery|Thriller,1999,3.4622641509434,53,7,10,12,,,,,,,
2713,"Lake Placid",Horror|Thriller,1999,2.66666666666667,12,10,11,,,,,,,,
2716,"Ghostbusters",Action|Comedy|Sci-Fi,1984,3.775,120,4,8,13,,,,,,,
2717,"Ghostbusters II",Comedy|Fantasy|Sci-Fi,1989,3,47,4,5,13,,,,,,,
2718,"Drop Dead Gorgeous",Comedy,1999,3.2,10,4,,,,,,,,,
2719,"Haunting, The",Horror|Thriller,1999,2.11538461538462,13,10,11,,,,,,,,
2720,"Inspector Gadget",Action|Adventure|Children|Comedy,1999,2.0952380952381,21,1,3,4,8,,,,,,
2722,"Deep Blue Sea",Action|Horror|Sci-Fi|Thriller,1999,2.77586206896552,29,8,10,11,13,,,,,,
2723,"Mystery Men",Action|Comedy|Fantasy,1999,3.08974358974359,39,4,5,8,,,,,,,
2724,"Runaway Bride",Comedy|Romance,1999,2.83333333333333,42,4,6,,,,,,,,
2725,"Twin Falls Idaho",Drama,1999,2,1,7,,,,,,,,,
2726,"Killing, The",Crime|Film-Noir,1956,4.05555555555556,9,9,19,,,,,,,,
2727,"Killer's Kiss",Crime|Film-Noir,1955,3,1,9,19,,,,,,,,
2728,"Spartacus",Action|Drama|Romance|War,1960,3.57692307692308,13,6,7,8,14,,,,,,
2729,"Lolita",Drama|Romance,1962,3.5,7,6,7,,,,,,,,
2730,"Barry Lyndon",Drama|Romance|War,1975,3.71428571428571,7,6,7,14,,,,,,,
2731,"400 Blows, The",Crime|Drama,1959,4,12,7,9,,,,,,,,
2732,"Jules and Jim",Drama|Romance,1961,4.5,5,6,7,,,,,,,,
2733,"Vibes",Adventure|Comedy|Romance,1988,2,2,1,4,6,,,,,,,
2734,"Mosquito Coast, The",Adventure|Drama|Thriller,1986,3.25,10,1,7,10,,,,,,,
2735,"Golden Child, The",Action|Adventure|Comedy|Fantasy|Mystery,1986,2.71875,16,1,4,5,8,12,,,,,
2736,"Brighton Beach Memoirs",Comedy,1986,3.6,5,4,,,,,,,,,
2737,"Assassination",Action|Drama|Thriller,1987,4,1,7,8,10,,,,,,,
2738,"Crimes of the Heart",Comedy|Drama,1986,4,1,4,7,,,,,,,,
2739,"Color Purple, The",Drama,1985,3.91666666666667,12,7,,,,,,,,,
2740,"Kindred, The",Horror|Sci-Fi,1986,1,1,11,13,,,,,,,,
2741,"No Mercy",Action|Crime|Thriller,1986,2,2,8,9,10,,,,,,,
2742,"Ménage",Comedy|Drama,1986,1,1,4,7,,,,,,,,
2743,"Native Son",Drama,1986,3,1,7,,,,,,,,,
2744,"Otello",Drama,1986,4,1,7,,,,,,,,,
2745,"Mission, The",Drama,1986,3.5,9,7,,,,,,,,,
2746,"Little Shop of Horrors",Comedy|Horror|Musical,1986,3.33333333333333,39,4,11,15,,,,,,,
2747,"Little Shop of Horrors, The",Comedy|Horror,1960,3,9,4,11,,,,,,,,
2748,"Allan Quatermain and the Lost City of Gold",Action|Adventure|Comedy,1987,1.83333333333333,6,1,4,8,,,,,,,
2749,"Morning After, The",Drama|Mystery,1986,4,2,7,12,,,,,,,,
2750,"Radio Days",Comedy|Drama,1987,3.14285714285714,7,4,7,,,,,,,,
2751,"From the Hip",Comedy|Drama,1987,4,1,4,7,,,,,,,,
2752,"Outrageous Fortune",Comedy|Mystery,1987,2.8125,8,4,12,,,,,,,,
2754,"Deadtime Stories",Horror,1987,1,1,11,,,,,,,,,
2757,"Frances",Drama,1982,3.5,1,7,,,,,,,,,
2759,"Dick",Comedy,1999,3.5,8,4,,,,,,,,,
2761,"Iron Giant, The",Adventure|Animation|Children|Drama|Sci-Fi,1999,4.05128205128205,39,1,2,3,7,13,,,,,
2762,"Sixth Sense, The",Drama|Horror|Mystery,1999,3.89385474860335,179,7,11,12,,,,,,,
2763,"Thomas Crown Affair, The",Action|Mystery,1999,3.64583333333333,48,8,12,,,,,,,,
2764,"Thomas Crown Affair, The",Crime|Drama|Romance|Thriller,1968,4,7,6,7,9,10,,,,,,
2765,"Acid House, The",Comedy|Drama,1998,3.5,1,4,7,,,,,,,,
2766,"Adventures of Sebastian Cole, The",Comedy|Drama,1998,3.25,2,4,7,,,,,,,,
2769,"Yards, The",Crime|Drama,2000,3.4,5,7,9,,,,,,,,
2770,"Bowfinger",Comedy,1999,2.96052631578947,38,4,,,,,,,,,
2771,"Brokedown Palace",Drama,1999,3.25,4,7,,,,,,,,,
2772,"Detroit Rock City",Comedy,1999,2.85,10,4,,,,,,,,,
2774,"Better Than Chocolate",Comedy|Romance,1999,3,1,4,6,,,,,,,,
2775,"Head On",Drama,1998,1,1,7,,,,,,,,,
2779,"Heaven Can Wait",Comedy,1978,3.26923076923077,13,4,,,,,,,,,
2782,"Pit and the Pendulum",Horror,1961,3.33333333333333,3,11,,,,,,,,,
2784,"Masque of the Red Death, The",Horror,1964,3.25,2,11,,,,,,,,,
2786,"Haunted Honeymoon",Comedy,1986,1.75,4,4,,,,,,,,,
2787,"Cat's Eye",Horror,1985,2.41666666666667,6,11,,,,,,,,,
2788,"Monty Python's And Now for Something Completely Different",Comedy,1971,4.05357142857143,28,4,,,,,,,,,
2789,"Damien: Omen II",Horror,1978,2.875,4,11,,,,,,,,,
2790,"Final Conflict, The",Horror|Thriller,1981,2,2,10,11,,,,,,,,
2791,"Airplane!",Comedy,1980,3.85632183908046,87,4,,,,,,,,,
2792,"Airplane II: The Sequel",Comedy,1982,3.18421052631579,19,4,,,,,,,,,
2793,"American Werewolf in Paris, An",Comedy|Horror|Romance|Thriller,1997,2.3,10,4,6,10,11,,,,,,
2794,"European Vacation",Adventure|Comedy|Romance,1985,2.63333333333333,15,1,4,6,,,,,,,
2795,"National Lampoon's Vacation",Comedy,1983,3.65384615384615,26,4,,,,,,,,,
2796,"Funny Farm",Comedy,1988,2.59090909090909,11,4,,,,,,,,,
2797,"Big",Comedy|Drama|Fantasy|Romance,1988,3.71978021978022,91,4,5,6,7,,,,,,
2798,"Problem Child",Children|Comedy,1990,1.58333333333333,12,3,4,,,,,,,,
2799,"Problem Child 2",Comedy,1991,1.3125,8,4,,,,,,,,,
2800,"Little Nemo: Adventures in Slumberland",Adventure|Animation|Children|Drama|Fantasy,1992,2.5,1,1,2,3,5,7,,,,,
2801,"Oscar and Lucinda",Drama|Romance,1997,4.5,1,6,7,,,,,,,,
2802,"Tequila Sunrise",Action|Drama|Romance|Thriller,1988,3.03846153846154,13,6,7,8,10,,,,,,
2803,"Pelican Brief, The",Crime|Drama|Mystery|Romance|Thriller,1993,2.92307692307692,13,6,7,9,10,12,,,,,
2804,"Christmas Story, A",Children|Comedy,1983,3.97272727272727,55,3,4,,,,,,,,
2805,"Mickey Blue Eyes",Comedy|Romance,1999,3,23,4,6,,,,,,,,
2806,"Teaching Mrs. Tingle",Comedy|Thriller,1999,2.33333333333333,9,4,10,,,,,,,,
2807,"Universal Soldier: The Return",Action|Sci-Fi,1999,2.625,4,8,13,,,,,,,,
2808,"Universal Soldier",Action|Sci-Fi,1992,2.20588235294118,17,8,13,,,,,,,,
2810,"Perfect Blue",Animation|Horror|Mystery|Thriller,1997,4.2,5,2,10,11,12,,,,,,
2812,"In Too Deep",Action|Thriller,1999,3,1,8,10,,,,,,,,
2813,"Source, The",Documentary,1999,1,1,16,,,,,,,,,
2815,"Iron Eagle",Action|War,1986,2.28571428571429,7,8,14,,,,,,,,
2816,"Iron Eagle II",Action|War,1988,1.66666666666667,3,8,14,,,,,,,,
2817,"Aces: Iron Eagle III",Action,1992,2,3,8,,,,,,,,,
2818,"Iron Eagle IV",Action|War,1995,1,3,8,14,,,,,,,,
2819,"Three Days of the Condor",Drama|Mystery|Romance|Thriller,1975,3.75,16,6,7,10,12,,,,,,
2820,"Hamlet",Drama,1964,4,1,7,,,,,,,,,
2822,"Medicine Man",Adventure|Romance,1992,3.13636363636364,11,1,6,,,,,,,,
2824,"On the Ropes",Documentary|Drama,1999,5,1,7,16,,,,,,,,
2826,"13th Warrior, The",Action|Adventure|Fantasy,1999,2.90384615384615,26,1,5,8,,,,,,,
2827,"Astronaut's Wife, The",Horror|Sci-Fi|Thriller,1999,2.27272727272727,11,10,11,13,,,,,,,
2828,"Dudley Do-Right",Children|Comedy,1999,1.5,2,3,4,,,,,,,,
2829,"Muse, The",Comedy,1999,3.07142857142857,7,4,,,,,,,,,
2835,"Chill Factor",Action|Adventure|Comedy|Thriller,1999,1,1,1,4,8,10,,,,,,
2836,"Outside Providence",Comedy,1999,3.5,4,4,,,,,,,,,
2837,"Bedrooms & Hallways",Comedy|Romance,1998,3,1,4,6,,,,,,,,
2839,"West Beirut",Drama,1998,4,1,7,,,,,,,,,
2840,"Stigmata",Drama|Thriller,1999,2.8695652173913,23,7,10,,,,,,,,
2841,"Stir of Echoes",Horror|Mystery|Thriller,1999,3.52777777777778,18,10,11,12,,,,,,,
2843,"Black Cat, White Cat",Comedy|Romance,1998,3.94444444444444,9,4,6,,,,,,,,
2844,"Minus Man, The",Drama|Mystery,1999,2.66666666666667,3,7,12,,,,,,,,
2846,"Adventures of Milo and Otis, The",Adventure|Children|Comedy|Drama,1986,3.85714285714286,7,1,3,4,7,,,,,,
2847,"Only Angels Have Wings",Adventure|Drama|Romance,1939,3,2,1,6,7,,,,,,,
2848,"Othello",Drama,1952,4,1,7,,,,,,,,,
2851,"Saturn 3",Adventure|Sci-Fi|Thriller,1980,3.25,4,1,10,13,,,,,,,
2852,"Soldier's Story, A",Drama,1984,4,1,7,,,,,,,,,
2856,"I Saw What You Did",Thriller,1965,3,1,10,,,,,,,,,
2857,"Yellow Submarine",Adventure|Animation|Comedy|Fantasy|Musical,1968,3.28571428571429,14,1,2,4,5,15,,,,,
2858,"American Beauty",Drama|Romance,1999,4.05637254901961,204,6,7,,,,,,,,
2859,"Stop Making Sense",Documentary|Musical,1984,3.85714285714286,7,15,16,,,,,,,,
2860,"Blue Streak",Comedy,1999,2.61111111111111,9,4,,,,,,,,,
2861,"For Love of the Game",Comedy|Drama,1999,3.375,8,4,7,,,,,,,,
2862,"Caligula",Drama,1979,1,1,7,,,,,,,,,
2863,"Hard Day's Night, A",Adventure|Comedy|Musical,1964,3.47368421052632,19,1,4,15,,,,,,,
2865,"Sugar Town",Comedy,1999,4,1,4,,,,,,,,,
2866,"Buddy Holly Story, The",Drama,1978,3.6,5,7,,,,,,,,,
2867,"Fright Night",Comedy|Horror|Thriller,1985,3.58333333333333,12,4,10,11,,,,,,,
2868,"Fright Night Part II",Horror,1988,2,2,11,,,,,,,,,
2870,"Barefoot in the Park",Comedy,1967,3.3125,8,4,,,,,,,,,
2871,"Deliverance",Adventure|Drama|Thriller,1972,3.9,30,1,7,10,,,,,,,
2872,"Excalibur",Adventure|Fantasy,1981,3.64,25,1,5,,,,,,,,
2874,"Pajama Game, The",Comedy|Musical|Romance,1957,3.66666666666667,3,4,6,15,,,,,,,
2875,"Sommersby",Drama|Mystery|Romance,1993,2.95,10,6,7,12,,,,,,,
2876,"Thumbelina",Animation|Children|Fantasy,1994,2,1,2,3,5,,,,,,,
2877,"Tommy",Musical,1975,3,7,15,,,,,,,,,
2878,"Hell Night",Horror,1981,2,2,11,,,,,,,,,
2879,"Armour of God II: Operation Condor",Action|Adventure|Comedy,1991,3.21428571428571,7,1,4,8,,,,,,,
2880,"Armour of God",Action|Adventure|Comedy,1987,3.08333333333333,6,1,4,8,,,,,,,
2881,"Double Jeopardy",Action|Crime|Drama|Thriller,1999,3.02631578947368,19,7,8,9,10,,,,,,
2882,"Jakob the Liar",Drama,1999,2,4,7,,,,,,,,,
2883,"Mumford",Comedy|Drama,1999,3.2,5,4,7,,,,,,,,
2884,"Dog Park",Comedy|Romance,1998,2,1,4,6,,,,,,,,
2885,"Guinevere",Drama|Romance,1999,2,1,6,7,,,,,,,,
2886,"Adventures of Elmo in Grouchland, The",Children|Comedy,1999,1.5,2,3,4,,,,,,,,
2887,"Simon Sez",Action|Comedy,1999,1,1,4,8,,,,,,,,
2888,"Drive Me Crazy",Comedy|Romance,1999,2.1,5,4,6,,,,,,,,
2889,"Mystery, Alaska",Comedy|Drama,1999,3.75,8,4,7,,,,,,,,
2890,"Three Kings",Action|Adventure|Comedy|Drama|War,1999,3.71111111111111,45,1,4,7,8,14,,,,,
2891,"Happy, Texas",Comedy,1999,4,3,4,,,,,,,,,
2892,"New Rose Hotel",Action|Drama,1998,1,1,7,8,,,,,,,,
2893,"Plunkett & MaCleane",Action|Adventure|Drama,1999,3,1,1,7,8,,,,,,,
2894,"Romance",Drama|Romance,1999,4,1,6,7,,,,,,,,
2896,"Alvarez Kelly",Western,1966,3,1,18,,,,,,,,,
2897,"And the Ship Sails On",Comedy|War,1983,4,1,4,14,,,,,,,,
2898,"Dark Half, The",Horror|Mystery,1993,2,1,11,12,,,,,,,,
2899,"Gulliver's Travels",Adventure|Animation|Children,1939,3,3,1,2,3,,,,,,,
2900,"Monkey Shines",Horror|Sci-Fi,1988,2.5,2,11,13,,,,,,,,
2901,"Phantasm",Horror|Sci-Fi,1979,2.89285714285714,14,11,13,,,,,,,,
2902,"Psycho II",Horror|Mystery|Thriller,1983,2.5,4,10,11,12,,,,,,,
2903,"Psycho III",Horror|Thriller,1986,2.5,2,10,11,,,,,,,,
2905,"Sanjuro",Action|Adventure|Drama,1962,4.25,4,1,7,8,,,,,,,
2906,"Random Hearts",Drama|Romance,1999,2.57142857142857,7,6,7,,,,,,,,
2907,"Superstar",Comedy,1999,3.57142857142857,7,4,,,,,,,,,
2908,"Boys Don't Cry",Drama,1999,3.55128205128205,39,7,,,,,,,,,
2912,"Limey, The",Crime|Drama|Thriller,1999,3.89285714285714,14,7,9,10,,,,,,,
2915,"Risky Business",Comedy,1983,3.44047619047619,42,4,,,,,,,,,
2916,"Total Recall",Action|Adventure|Sci-Fi|Thriller,1990,3.65340909090909,88,1,8,10,13,,,,,,
2917,"Body Heat",Crime|Thriller,1981,4,10,9,10,,,,,,,,
2918,"Ferris Bueller's Day Off",Comedy,1986,3.8394495412844,109,4,,,,,,,,,
2919,"Year of Living Dangerously, The",Drama|Romance|War,1982,3.8125,8,6,7,14,,,,,,,
2921,"High Plains Drifter",Western,1973,4.18181818181818,11,18,,,,,,,,,
2922,"Hang 'Em High",Crime|Drama|Western,1968,3.6,5,7,9,18,,,,,,,
2924,"Drunken Master",Action|Comedy,1978,4.05,10,4,8,,,,,,,,
2925,"Conformist, The",Drama,1970,4.1,5,7,,,,,,,,,
2926,"Hairspray",Comedy|Drama,1988,3.31818181818182,11,4,7,,,,,,,,
2927,"Brief Encounter",Drama|Romance,1946,3.5,2,6,7,,,,,,,,
2928,"Razor's Edge, The",Drama,1984,3.5,2,7,,,,,,,,,
2929,"Reds",Drama|Romance,1981,3.25,2,6,7,,,,,,,,
2930,"Return with Honor",Documentary,1998,3.5,1,16,,,,,,,,,
2931,"Time of the Gypsies",Comedy|Crime|Drama|Fantasy,1989,4.16666666666667,3,4,5,7,9,,,,,,
2932,"Days of Heaven",Drama,1978,3.66666666666667,3,7,,,,,,,,,
2935,"Lady Eve, The",Comedy|Romance,1941,4,8,4,6,,,,,,,,
2936,"Sullivan's Travels",Adventure|Comedy|Romance,1941,4,7,1,4,6,,,,,,,
2937,"Palm Beach Story, The",Comedy,1942,4.1,5,4,,,,,,,,,
2939,"Niagara",Drama|Thriller,1953,NaN,NaN,7,10,,,,,,,,
2940,"Gilda",Drama|Film-Noir|Mystery|Romance,1946,4,6,6,7,12,19,,,,,,
2941,"South Pacific",Musical|Romance|War,1958,3.77777777777778,9,6,14,15,,,,,,,
2942,"Flashdance",Drama|Romance,1983,2.875,16,6,7,,,,,,,,
2943,"Indochine",Drama|Romance,1992,4.16666666666667,3,6,7,,,,,,,,
2944,"Dirty Dozen, The",Action|Drama|War,1967,3.96875,32,7,8,14,,,,,,,
2946,"Help!",Comedy|Musical,1965,3.35714285714286,7,4,15,,,,,,,,
2947,"Goldfinger",Action|Adventure|Thriller,1964,3.83962264150943,53,1,8,10,,,,,,,
2948,"From Russia with Love",Action|Adventure|Thriller,1963,3.75,36,1,8,10,,,,,,,
2949,"Dr. No",Action|Adventure|Thriller,1962,3.71212121212121,33,1,8,10,,,,,,,
2950,"Blue Lagoon, The",Adventure|Drama|Romance,1980,2.46428571428571,14,1,6,7,,,,,,,
2951,"Fistful of Dollars, A",Action|Western,1964,3.93589743589744,39,8,18,,,,,,,,
2952,"Sydney",Crime|Drama|Thriller,1996,3.54166666666667,12,7,9,10,,,,,,,
2953,"Home Alone 2: Lost in New York",Children|Comedy,1992,2.51612903225806,31,3,4,,,,,,,,
2956,"Someone to Watch Over Me",Action|Crime|Thriller,1987,3.16666666666667,6,8,9,10,,,,,,,
2959,"Fight Club",Action|Crime|Drama|Thriller,1999,4.27293577981651,218,7,8,9,10,,,,,,
2961,"Story of Us, The",Comedy|Drama,1999,2.4,5,4,7,,,,,,,,
2962,"Fever Pitch",Comedy|Romance,1997,3,2,4,6,,,,,,,,
2964,"Julien Donkey-Boy",Drama,1999,1,1,7,,,,,,,,,
2965,"Omega Code, The",Action,1999,2,1,8,,,,,,,,,
2966,"Straight Story, The",Adventure|Drama,1999,3.92857142857143,14,1,7,,,,,,,,
2967,"Bad Seed, The",Drama|Thriller,1956,4,4,7,10,,,,,,,,
2968,"Time Bandits",Adventure|Comedy|Fantasy|Sci-Fi,1981,3.73170731707317,41,1,4,5,13,,,,,,
2969,"Man and a Woman, A",Drama|Romance,1966,5,1,6,7,,,,,,,,
2970,"Fitzcarraldo",Adventure|Drama,1982,3.375,4,1,7,,,,,,,,
2971,"All That Jazz",Drama|Fantasy|Musical,1979,4.08333333333333,6,5,7,15,,,,,,,
2972,"Red Sorghum",Drama|War,1987,5,1,7,14,,,,,,,,
2973,"Crimes and Misdemeanors",Comedy|Crime|Drama,1989,3.91666666666667,18,4,7,9,,,,,,,
2974,"Bats",Horror|Thriller,1999,2.5,1,10,11,,,,,,,,
2975,"Best Man, The",Comedy|Drama,1999,3,1,4,7,,,,,,,,
2976,"Bringing Out the Dead",Drama,1999,3.41666666666667,6,7,,,,,,,,,
2977,"Crazy in Alabama",Comedy|Drama,1999,3,2,4,7,,,,,,,,
2978,"Three to Tango",Comedy|Romance,1999,3,4,4,6,,,,,,,,
2979,"Body Shots",Drama,1999,3,1,7,,,,,,,,,
2982,"Guardian, The",Horror|Thriller,1990,2,1,10,11,,,,,,,,
2983,"Ipcress File, The",Thriller,1965,4,1,10,,,,,,,,,
2984,"On Any Sunday",Documentary,1971,4.5,1,16,,,,,,,,,
2985,"RoboCop",Action|Crime|Drama|Sci-Fi|Thriller,1987,3.37142857142857,70,7,8,9,10,13,,,,,
2986,"RoboCop 2",Action|Crime|Sci-Fi|Thriller,1990,2.64,25,8,9,10,13,,,,,,
2987,"Who Framed Roger Rabbit?",Adventure|Animation|Children|Comedy|Crime|Fantasy|Mystery,1988,3.57216494845361,97,1,2,3,4,5,9,12,,,
2988,"Melvin and Howard",Drama,1980,4,3,7,,,,,,,,,
2989,"For Your Eyes Only",Action|Adventure|Thriller,1981,3.54761904761905,21,1,8,10,,,,,,,
2990,"Licence to Kill",Action|Adventure|Thriller,1989,3.325,20,1,8,10,,,,,,,
2991,"Live and Let Die",Action|Adventure|Thriller,1973,3.69565217391304,23,1,8,10,,,,,,,
2992,"Rawhead Rex",Horror|Thriller,1986,3.5,1,10,11,,,,,,,,
2993,"Thunderball",Action|Adventure|Thriller,1965,3.47916666666667,24,1,8,10,,,,,,,
2995,"House on Haunted Hill",Horror|Thriller,1999,2.42857142857143,14,10,11,,,,,,,,
2996,"Music of the Heart",Drama,1999,3.125,4,7,,,,,,,,,
2997,"Being John Malkovich",Comedy|Drama|Fantasy,1999,3.95454545454545,99,4,5,7,,,,,,,
3000,"Princess Mononoke",Action|Adventure|Animation|Drama|Fantasy,1997,3.95833333333333,48,1,2,5,7,8,,,,,
3002,"My Best Fiend",Documentary,1999,4,1,16,,,,,,,,,
3003,"Train of Life",Comedy|Drama|Romance|War,1998,4.5,2,4,6,7,14,,,,,,
3004,"Bachelor, The",Comedy|Romance,1999,2.54545454545455,11,4,6,,,,,,,,
3005,"Bone Collector, The",Thriller,1999,2.84,25,10,,,,,,,,,
3006,"Insider, The",Drama|Thriller,1999,3.74193548387097,31,7,10,,,,,,,,
3007,"American Movie",Documentary,1999,3.75,6,16,,,,,,,,,
3008,"Last Night",Drama|Sci-Fi,1998,4,1,7,13,,,,,,,,
3010,"Rosetta",Drama,1999,4,1,7,,,,,,,,,
3011,"They Shoot Horses, Don't They?",Drama,1969,3.25,4,7,,,,,,,,,
3013,"Bride of Re-Animator",Comedy|Horror,1990,4,1,4,11,,,,,,,,
3014,"Bustin' Loose",Comedy,1981,2,1,4,,,,,,,,,
3015,"Coma",Thriller,1978,3.66666666666667,3,10,,,,,,,,,
3016,"Creepshow",Horror,1982,3.07142857142857,14,11,,,,,,,,,
3017,"Creepshow 2",Horror,1987,3,4,11,,,,,,,,,
3018,"Re-Animator",Comedy|Horror|Sci-Fi,1985,3.45,10,4,11,13,,,,,,,
3019,"Drugstore Cowboy",Crime|Drama,1989,4.15,10,7,9,,,,,,,,
3020,"Falling Down",Action|Drama,1993,3.52941176470588,17,7,8,,,,,,,,
3021,"Funhouse, The",Horror,1981,2,1,11,,,,,,,,,
3022,"General, The",Comedy|War,1926,4,9,4,14,,,,,,,,
3024,"Piranha",Horror|Sci-Fi,1978,2.64285714285714,7,11,13,,,,,,,,
3028,"Taming of the Shrew, The",Comedy,1967,2.5,2,4,,,,,,,,,
3029,"Nighthawks",Action|Drama,1981,3.25,6,7,8,,,,,,,,
3030,"Yojimbo",Action|Adventure,1961,4.23076923076923,13,1,8,,,,,,,,
3031,"Repossessed",Comedy,1990,2.375,4,4,,,,,,,,,
3032,"Omega Man, The",Action|Drama|Sci-Fi|Thriller,1971,3.66666666666667,6,7,8,10,13,,,,,,
3033,"Spaceballs",Comedy|Sci-Fi,1987,3.48305084745763,59,4,13,,,,,,,,
3034,"Robin Hood",Adventure|Animation|Children|Comedy|Musical,1973,3.51388888888889,36,1,2,3,4,15,,,,,
3035,"Mister Roberts",Comedy|Drama|War,1955,3.81818181818182,11,4,7,14,,,,,,,
3036,"Quest for Fire",Adventure|Drama,1981,3.78571428571429,7,1,7,,,,,,,,
3037,"Little Big Man",Western,1970,4.14583333333333,24,18,,,,,,,,,
3038,"Face in the Crowd, A",Drama,1957,4.2,5,7,,,,,,,,,
3039,"Trading Places",Comedy,1983,3.73076923076923,39,4,,,,,,,,,
3040,"Meatballs",Comedy,1979,3.22222222222222,9,4,,,,,,,,,
3041,"Meatballs Part II",Comedy,1984,2.08333333333333,6,4,,,,,,,,,
3042,"Meatballs III",Comedy,1987,2.5,2,4,,,,,,,,,
3043,"Meatballs 4",Comedy,1992,1,1,4,,,,,,,,,
3044,"Dead Again",Mystery|Romance|Thriller,1991,3.76923076923077,13,6,10,12,,,,,,,
3045,"Peter's Friends",Comedy|Drama,1992,3.6,5,4,7,,,,,,,,
3046,"Incredibly True Adventure of Two Girls in Love, The",Comedy|Romance,1995,4.5,2,4,6,,,,,,,,
3048,"Under the Rainbow",Comedy,1981,2,3,4,,,,,,,,,
3051,"Anywhere But Here",Comedy|Drama,1999,2.5,3,4,7,,,,,,,,
3052,"Dogma",Adventure|Comedy|Fantasy,1999,3.64556962025316,79,1,4,5,,,,,,,
3053,"Messenger: The Story of Joan of Arc, The",Drama|War,1999,3.90909090909091,11,7,14,,,,,,,,
3054,"Pokémon: The First Movie",Adventure|Animation|Children|Fantasy|Sci-Fi,1998,2.3125,8,1,2,3,5,13,,,,,
3055,"Felicia's Journey",Thriller,1999,3.33333333333333,3,10,,,,,,,,,
3056,"Oxygen",Crime|Drama|Thriller,1999,4,1,7,9,10,,,,,,,
3057,"Where's Marlowe?",Comedy,1998,4,1,4,,,,,,,,,
3060,"Commitments, The",Comedy|Drama|Musical,1991,3.86666666666667,15,4,7,15,,,,,,,
3061,"Holiday Inn",Comedy|Musical,1942,3.625,8,4,15,,,,,,,,
3062,"Longest Day, The",Action|Drama|War,1962,4,11,7,8,14,,,,,,,
3063,"Poison Ivy",Drama|Thriller,1992,2.16666666666667,6,7,10,,,,,,,,
3064,"Poison Ivy: New Seduction",Drama|Thriller,1997,2.33333333333333,3,7,10,,,,,,,,
3066,"Tora! Tora! Tora!",Action|Drama|War,1970,3.92857142857143,7,7,8,14,,,,,,,
3067,"Women on the Verge of a Nervous Breakdown",Comedy|Drama,1988,3.55,10,4,7,,,,,,,,
3068,"Verdict, The",Drama|Mystery,1982,4.35714285714286,7,7,12,,,,,,,,
3070,"Adventures of Buckaroo Banzai Across the 8th Dimension, The",Adventure|Comedy|Sci-Fi,1984,3.54761904761905,21,1,4,13,,,,,,,
3071,"Stand and Deliver",Comedy|Drama,1988,3.5,9,4,7,,,,,,,,
3072,"Moonstruck",Comedy|Romance,1987,3.55555555555556,27,4,6,,,,,,,,
3073,"Sandpiper, The",Drama|Romance,1965,5,1,6,7,,,,,,,,
3074,"Jeremiah Johnson",Western,1972,4.25,4,18,,,,,,,,,
3075,"Repulsion",Drama|Horror,1965,4.16666666666667,3,7,11,,,,,,,,
3076,"Irma la Douce",Comedy,1963,3.625,4,4,,,,,,,,,
3077,"42 Up",Documentary,1998,4,2,16,,,,,,,,,
3078,"Liberty Heights",Drama,1999,4,2,7,,,,,,,,,
3079,"Mansfield Park",Comedy|Drama|Romance,1999,3.08333333333333,6,4,6,7,,,,,,,
3081,"Sleepy Hollow",Fantasy|Horror|Mystery|Romance,1999,3.4758064516129,62,5,6,11,12,,,,,,
3082,"World Is Not Enough, The",Action|Adventure|Thriller,1999,3.33333333333333,39,1,8,10,,,,,,,
3083,"All About My Mother",Drama,1999,4.15789473684211,19,7,,,,,,,,,
3086,"Babes in Toyland",Children|Comedy|Fantasy|Musical,1934,5,1,3,4,5,15,,,,,,
3087,"Scrooged",Comedy|Fantasy|Romance,1988,3.16666666666667,24,4,5,6,,,,,,,
3088,"Harvey",Comedy|Fantasy,1950,3.83333333333333,12,4,5,,,,,,,,
3089,"Bicycle Thieves",Drama,1948,4.125,16,7,,,,,,,,,
3090,"Matewan",Drama,1987,4.16666666666667,6,7,,,,,,,,,
3091,"Kagemusha",Drama|War,1980,4.125,4,7,14,,,,,,,,
3093,"McCabe & Mrs. Miller",Drama|Western,1971,3.75,4,7,18,,,,,,,,
3094,"Maurice",Drama|Romance,1987,4,2,6,7,,,,,,,,
3095,"Grapes of Wrath, The",Drama,1940,4.11111111111111,9,7,,,,,,,,,
3096,"My Man Godfrey",Comedy,1957,5,1,4,,,,,,,,,
3097,"Shop Around the Corner, The",Comedy|Drama|Romance,1940,3.66666666666667,3,4,6,7,,,,,,,
3098,"Natural, The",Drama,1984,3.64583333333333,24,7,,,,,,,,,
3099,"Shampoo",Comedy|Drama|Romance,1975,3.07142857142857,7,4,6,7,,,,,,,
3100,"River Runs Through It, A",Drama,1992,3.93181818181818,22,7,,,,,,,,,
3101,"Fatal Attraction",Drama|Thriller,1987,3.09722222222222,36,7,10,,,,,,,,
3102,"Jagged Edge",Crime|Romance|Thriller,1985,3.57142857142857,7,6,9,10,,,,,,,
3103,"Stanley & Iris",Drama|Romance,1990,2.75,2,6,7,,,,,,,,
3104,"Midnight Run",Action|Comedy|Crime|Thriller,1988,3.63636363636364,22,4,8,9,10,,,,,,
3105,"Awakenings",Drama|Mystery,1990,3.68181818181818,22,7,12,,,,,,,,
3106,"Come See the Paradise",Drama|Romance,1990,1,1,6,7,,,,,,,,
3107,"Backdraft",Action|Drama,1991,3.30434782608696,23,7,8,,,,,,,,
3108,"Fisher King, The",Comedy|Drama|Fantasy|Romance,1991,3.80555555555556,36,4,5,6,7,,,,,,
3109,"River, The",Drama,1984,3.5,4,7,,,,,,,,,
3111,"Places in the Heart",Drama,1984,4.25,4,7,,,,,,,,,
3112,"'night Mother",Drama,1986,3,1,7,,,,,,,,,
3113,"End of Days",Action|Fantasy|Horror|Mystery|Thriller,1999,2.7,15,5,8,10,11,12,,,,,
3114,"Toy Story 2",Adventure|Animation|Children|Comedy|Fantasy,1999,3.86082474226804,97,1,2,3,4,5,,,,,
3115,"Flawless",Drama,1999,4,5,7,,,,,,,,,
3117,"Ride with the Devil",Drama|Romance|War,1999,3.875,4,6,7,14,,,,,,,
3120,"Distinguished Gentleman, The",Comedy,1992,3.5,2,4,,,,,,,,,
3125,"End of the Affair, The",Drama,1999,4,1,7,,,,,,,,,
3127,"Holy Smoke",Comedy|Drama,1999,2.83333333333333,3,4,7,,,,,,,,
3129,"Sweet and Lowdown",Comedy|Drama,1999,3.66666666666667,3,4,7,,,,,,,,
3130,"Bonfire of the Vanities",Comedy|Crime|Drama,1990,2.4,5,4,7,9,,,,,,,
3132,"Daddy Long Legs",Comedy|Drama,1919,2,1,4,7,,,,,,,,
3134,"Grand Illusion",Drama|War,1937,3.71428571428571,7,7,14,,,,,,,,
3135,"Great Santini, The",Drama,1979,3.66666666666667,3,7,,,,,,,,,
3138,"Stealing Home",Drama,1988,3,2,7,,,,,,,,,
3141,"Two Jakes, The",Drama,1990,1.25,2,7,,,,,,,,,
3142,"U2: Rattle and Hum",Documentary|Musical,1988,3.25,4,15,16,,,,,,,,
3143,"Hell in the Pacific",Drama|War,1968,3,1,7,14,,,,,,,,
3145,"Cradle Will Rock",Drama,1999,3.16666666666667,3,7,,,,,,,,,
3146,"Deuce Bigalow: Male Gigolo",Comedy,1999,2.32352941176471,17,4,,,,,,,,,
3147,"Green Mile, The",Crime|Drama,1999,4.14864864864865,111,7,9,,,,,,,,
3148,"Cider House Rules, The",Drama,1999,3.75,26,7,,,,,,,,,
3150,"War Zone, The",Drama|Thriller,1999,3.25,2,7,10,,,,,,,,
3152,"Last Picture Show, The",Drama,1971,4.5,8,7,,,,,,,,,
3153,"7th Voyage of Sinbad, The",Action|Adventure|Fantasy,1958,4.4,5,1,5,8,,,,,,,
3155,"Anna and the King",Drama|Romance,1999,3.66666666666667,9,6,7,,,,,,,,
3156,"Bicentennial Man",Drama|Romance|Sci-Fi,1999,2.8,15,6,7,13,,,,,,,
3157,"Stuart Little",Children|Comedy|Fantasy,1999,2.84210526315789,19,3,4,5,,,,,,,
3158,"Emperor and the Assassin, The",Drama,1999,3.66666666666667,3,7,,,,,,,,,
3159,"Fantasia 2000",Animation|Children|Musical|IMAX,1999,3.83333333333333,15,2,3,15,17,,,,,,
3160,"Magnolia",Drama,1999,3.71153846153846,52,7,,,,,,,,,
3161,"Onegin",Drama|Romance,1999,3,2,6,7,,,,,,,,
3162,"Simpatico",Comedy|Drama,1999,3,1,4,7,,,,,,,,
3163,"Topsy-Turvy",Comedy|Drama|Musical,1999,3.875,4,4,7,15,,,,,,,
3165,"Boiling Point",Action|Drama,1993,3,2,7,8,,,,,,,,
3167,"Carnal Knowledge",Comedy|Drama,1971,3.5,4,4,7,,,,,,,,
3168,"Easy Rider",Adventure|Drama,1969,3.60344827586207,29,1,7,,,,,,,,
3169,"The Falcon and the Snowman",Crime|Drama|Thriller,1985,3.3,5,7,9,10,,,,,,,
3171,"Room at the Top",Drama,1959,4,1,7,,,,,,,,,
3173,"Any Given Sunday",Drama,1999,3,18,7,,,,,,,,,
3174,"Man on the Moon",Comedy|Drama,1999,3.48717948717949,39,4,7,,,,,,,,
3175,"Galaxy Quest",Adventure|Comedy|Sci-Fi,1999,3.58,75,1,4,13,,,,,,,
3176,"Talented Mr. Ripley, The",Drama|Mystery|Thriller,1999,3.33673469387755,49,7,10,12,,,,,,,
3177,"Next Friday",Comedy,2000,3.25,6,4,,,,,,,,,
3178,"Hurricane, The",Drama,1999,3.53125,16,7,,,,,,,,,
3179,"Angela's Ashes",Drama,1999,3.33333333333333,3,7,,,,,,,,,
3181,"Titus",Drama,1999,3.91666666666667,6,7,,,,,,,,,
3182,"Mr. Death: The Rise and Fall of Fred A. Leuchter, Jr.",Documentary,1999,4,5,16,,,,,,,,,
3183,"Third Miracle, The",Drama,1999,3,1,7,,,,,,,,,
3185,"Snow Falling on Cedars",Drama,1999,3.33333333333333,3,7,,,,,,,,,
3186,"Girl, Interrupted",Drama,1999,3.46428571428571,28,7,,,,,,,,,
3189,"My Dog Skip",Children|Drama,1999,3.54545454545455,11,3,7,,,,,,,,
3190,"Supernova",Adventure|Sci-Fi|Thriller,2000,2,4,1,10,13,,,,,,,
3192,"Terrorist, The",Drama,1998,3,1,7,,,,,,,,,
3194,"Way We Were, The",Drama|Romance,1973,3.625,4,6,7,,,,,,,,
3196,"Stalag 17",Drama|War,1953,3.72222222222222,9,7,14,,,,,,,,
3197,"Presidio, The",Action|Crime|Romance|Thriller,1988,2.85714285714286,7,6,8,9,10,,,,,,
3198,"Papillon",Crime|Drama,1973,3.92857142857143,14,7,9,,,,,,,,
3200,"Last Detail, The",Comedy|Drama,1973,4.25,8,4,7,,,,,,,,
3201,"Five Easy Pieces",Drama,1970,4.5,8,7,,,,,,,,,
3203,"Dead Calm",Thriller,1989,3.16666666666667,12,10,,,,,,,,,
3204,"Boys from Brazil, The",Action|Mystery|Thriller,1978,3.6875,8,8,10,12,,,,,,,
3206,"Against All Odds",Romance,1984,2.33333333333333,3,6,,,,,,,,,
3208,"Loaded Weapon 1",Action|Comedy,1993,2.1875,8,4,8,,,,,,,,
3210,"Fast Times at Ridgemont High",Comedy|Drama|Romance,1982,3.47619047619048,42,4,6,7,,,,,,,
3211,"Cry in the Dark, A",Drama,1988,3.75,2,7,,,,,,,,,
3213,"Batman: Mask of the Phantasm",Animation|Children,1993,4.11538461538461,13,2,3,,,,,,,,
3214,"American Flyers",Drama,1985,3.5,2,7,,,,,,,,,
3217,"Star Is Born, A",Drama,1937,3.5,3,7,,,,,,,,,
3219,"Pacific Heights",Mystery|Thriller,1990,3.19230769230769,13,10,12,,,,,,,,
3221,"Draughtsman's Contract, The",Drama,1982,3.7,5,7,,,,,,,,,
3223,"Zed & Two Noughts, A",Drama,1985,3,2,7,,,,,,,,,
3224,"Woman in the Dunes",Drama,1964,4.75,4,7,,,,,,,,,
3225,"Down to You",Comedy|Romance,2000,2,4,4,6,,,,,,,,
3230,"Odessa File, The",Thriller,1974,3.875,4,10,,,,,,,,,
3235,"Where the Buffalo Roam",Comedy,1980,3.66666666666667,3,4,,,,,,,,,
3238,"Eye of the Beholder",Thriller,1999,1.58333333333333,6,10,,,,,,,,,
3240,"Big Tease, The",Comedy,1999,3.25,2,4,,,,,,,,,
3241,"Cup, The",Comedy,1999,4.5,2,4,,,,,,,,,
3243,"Encino Man",Comedy,1992,2.4,15,4,,,,,,,,,
3244,"Goodbye Girl, The",Comedy|Romance,1977,3.70833333333333,12,4,6,,,,,,,,
3246,"Malcolm X",Drama,1992,4.16666666666667,15,7,,,,,,,,,
3247,"Sister Act",Comedy|Crime,1992,3.02777777777778,36,4,9,,,,,,,,
3248,"Sister Act 2: Back in the Habit",Comedy,1993,1.89285714285714,14,4,,,,,,,,,
3249,"Hand That Rocks the Cradle, The",Drama|Thriller,1992,3.11111111111111,9,7,10,,,,,,,,
3250,"Alive",Drama,1993,3.16666666666667,9,7,,,,,,,,,
3251,"Agnes of God",Drama|Mystery,1985,3.7,5,7,12,,,,,,,,
3252,"Scent of a Woman",Drama,1992,3.59259259259259,27,7,,,,,,,,,
3253,"Wayne's World",Comedy,1992,3.47540983606557,61,4,,,,,,,,,
3254,"Wayne's World 2",Comedy,1993,3.2962962962963,27,4,,,,,,,,,
3255,"League of Their Own, A",Comedy|Drama,1992,3.46666666666667,45,4,7,,,,,,,,
3256,"Patriot Games",Action|Crime|Drama|Thriller,1992,3.51612903225806,31,7,8,9,10,,,,,,
3257,"Bodyguard, The",Drama|Romance|Thriller,1992,2.859375,32,6,7,10,,,,,,,
3258,"Death Becomes Her",Comedy|Fantasy,1992,2.86666666666667,15,4,5,,,,,,,,
3259,"Far and Away",Adventure|Drama|Romance,1992,3.13636363636364,11,1,6,7,,,,,,,
3260,"Howards End",Drama,1992,4,12,7,,,,,,,,,
3261,"Singles",Comedy|Drama|Romance,1992,3.18181818181818,11,4,6,7,,,,,,,
3262,"Twin Peaks: Fire Walk with Me",Crime|Drama|Mystery|Thriller,1992,3.40909090909091,11,7,9,10,12,,,,,,
3263,"White Men Can't Jump",Comedy|Drama,1992,3.04545454545455,22,4,7,,,,,,,,
3264,"Buffy the Vampire Slayer",Action|Comedy|Horror,1992,2.42307692307692,26,4,8,11,,,,,,,
3265,"Hard-Boiled",Action|Crime|Drama|Thriller,1992,4,9,7,8,9,10,,,,,,
3266,"Man Bites Dog",Comedy|Crime|Drama|Thriller,1992,4.5,6,4,7,9,10,,,,,,
3267,"Mariachi, El",Action|Crime|Thriller|Western,1992,3.55555555555556,18,8,9,10,18,,,,,,
3268,"Stop! Or My Mom Will Shoot",Action|Comedy,1992,1.77272727272727,11,4,8,,,,,,,,
3269,"Forever Young",Drama|Romance|Sci-Fi,1992,2.85185185185185,27,6,7,13,,,,,,,
3270,"Cutting Edge, The",Comedy|Drama|Romance,1992,2.79166666666667,12,4,6,7,,,,,,,
3271,"Of Mice and Men",Drama,1992,3.67647058823529,17,7,,,,,,,,,
3272,"Bad Lieutenant",Crime|Drama,1992,3.4375,8,7,9,,,,,,,,
3273,"Scream 3",Comedy|Horror|Mystery|Thriller,2000,2.67241379310345,29,4,10,11,12,,,,,,
3274,"Single White Female",Drama|Thriller,1992,3.375,12,7,10,,,,,,,,
3275,"Boondock Saints, The",Action|Crime|Drama|Thriller,2000,4.22093023255814,43,7,8,9,10,,,,,,
3276,"Gun Shy",Comedy,2000,1,1,4,,,,,,,,,
3280,"Baby, The",Horror,1973,1.5,1,11,,,,,,,,,
3281,"Brandon Teena Story, The",Documentary,1998,2,1,16,,,,,,,,,
3283,"Minnie and Moskowitz",Action,1971,3.25,2,8,,,,,,,,,
3284,"They Might Be Giants",Comedy|Mystery|Romance,1971,3,1,4,6,12,,,,,,,
3285,"Beach, The",Adventure|Drama,2000,3.0625,32,1,7,,,,,,,,
3286,"Snow Day",Comedy,2000,2.3,5,4,,,,,,,,,
3287,"Tigger Movie, The",Animation|Children,2000,3.16666666666667,3,2,3,,,,,,,,
3289,"Not One Less",Drama,1999,4.5,1,7,,,,,,,,,
3294,"Eaten Alive",Horror,1977,1.5,1,11,,,,,,,,,
3295,"Raining Stones",Drama,1993,4,1,7,,,,,,,,,
3296,"To Sir with Love",Drama,1967,4.07142857142857,7,7,,,,,,,,,
3298,"Boiler Room",Crime|Drama|Thriller,2000,3.71428571428571,21,7,9,10,,,,,,,
3299,"Hanging Up",Comedy|Drama,2000,2.66666666666667,3,4,7,,,,,,,,
3300,"Pitch Black",Horror|Sci-Fi|Thriller,2000,3.56410256410256,39,10,11,13,,,,,,,
3301,"Whole Nine Yards, The",Comedy|Crime,2000,3.52380952380952,42,4,9,,,,,,,,
3302,"Beautiful People",Comedy,1999,4.75,2,4,,,,,,,,,
3303,"Black Tar Heroin: The Dark End of the Street",Documentary,2000,5,1,16,,,,,,,,,
3306,"Circus, The",Comedy,1928,4.125,4,4,,,,,,,,,
3307,"City Lights",Comedy|Drama|Romance,1931,3.84615384615385,13,4,6,7,,,,,,,
3308,"Flamingo Kid, The",Comedy|Drama,1984,2.85714285714286,7,4,7,,,,,,,,
3310,"Kid, The",Comedy|Drama,1921,4.1,5,4,7,,,,,,,,
3313,"Class Reunion",Comedy,1982,1.5,2,4,,,,,,,,,
3315,"Happy Go Lovely",Musical,1951,4.5,1,15,,,,,,,,,
3316,"Reindeer Games",Action|Thriller,2000,2.46153846153846,13,8,10,,,,,,,,
3317,"Wonder Boys",Comedy|Drama,2000,3.65909090909091,22,4,7,,,,,,,,
3323,"Chain of Fools",Comedy|Crime,2000,4,1,4,9,,,,,,,,
3324,"Drowning Mona",Comedy,2000,1.33333333333333,3,4,,,,,,,,,
3325,"Next Best Thing, The",Comedy|Drama,2000,2.16666666666667,3,4,7,,,,,,,,
3326,"What Planet Are You From?",Comedy|Sci-Fi,2000,3.16666666666667,3,4,13,,,,,,,,
3327,"Beyond the Mat",Documentary,1999,3.7,5,16,,,,,,,,,
3328,"Ghost Dog: The Way of the Samurai",Crime|Drama,1999,4.05263157894737,19,7,9,,,,,,,,
3329,"The Year My Voice Broke",Drama|Romance,1987,4,1,6,7,,,,,,,,
3330,"Splendor in the Grass",Drama|Romance,1961,4.25,2,6,7,,,,,,,,
3331,"My Tutor",Drama,1983,2,1,7,,,,,,,,,
3334,"Key Largo",Crime|Drama|Film-Noir|Thriller,1948,4.2,10,7,9,10,19,,,,,,
3338,"For All Mankind",Documentary,1989,NaN,NaN,16,,,,,,,,,
3341,"Born Yesterday",Comedy,1950,4.28571428571429,7,4,,,,,,,,,
3342,"Birdy",Drama|War,1984,3.5,5,7,14,,,,,,,,
3344,"Blood Feast",Horror,1963,4,1,11,,,,,,,,,
3345,"Charlie, the Lonesome Cougar",Adventure|Children,1967,3,1,1,3,,,,,,,,
3347,"Never Cry Wolf",Adventure|Drama,1983,4.16666666666667,9,1,7,,,,,,,,
3350,"Raisin in the Sun, A",Drama,1961,3.83333333333333,3,7,,,,,,,,,
3353,"Closer You Get, The",Comedy|Romance,2000,4.5,1,4,6,,,,,,,,
3354,"Mission to Mars",Sci-Fi,2000,2.69047619047619,21,13,,,,,,,,,
3355,"Ninth Gate, The",Fantasy|Horror|Mystery|Thriller,1999,3.2,15,5,10,11,12,,,,,,
3357,"East-West",Drama|Romance,1999,4,1,6,7,,,,,,,,
3358,"Defending Your Life",Comedy|Drama|Fantasy|Romance,1991,3.85,10,4,5,6,7,,,,,,
3359,"Breaking Away",Comedy|Drama,1979,4.09090909090909,11,4,7,,,,,,,,
3360,"Hoosiers",Drama|Romance,1986,3.70454545454545,22,6,7,,,,,,,,
3361,"Bull Durham",Comedy|Drama|Romance,1988,3.67142857142857,35,4,6,7,,,,,,,
3362,"Dog Day Afternoon",Crime|Drama,1975,3.93421052631579,38,7,9,,,,,,,,
3363,"American Graffiti",Comedy|Drama,1973,3.84883720930233,43,4,7,,,,,,,,
3364,"Asphalt Jungle, The",Crime|Film-Noir,1950,3.66666666666667,3,9,19,,,,,,,,
3365,"Searchers, The",Drama|Western,1956,4.07142857142857,7,7,18,,,,,,,,
3368,"Big Country, The",Romance|Western,1958,3.25,2,6,18,,,,,,,,
3370,"Betrayed",Drama|Thriller,1988,2.5,2,7,10,,,,,,,,
3372,"Bridge at Remagen, The",Action|War,1969,4,2,8,14,,,,,,,,
3374,"Daughters of the Dust",Drama,1991,4,1,7,,,,,,,,,
3378,"Ogre, The",Drama,1996,4,1,7,,,,,,,,,
3379,"On the Beach",Drama,1959,4.5,1,7,,,,,,,,,
3384,"Taking of Pelham One Two Three, The",Action|Crime,1974,4.5,4,8,9,,,,,,,,
3385,"Volunteers",Comedy,1985,2.8125,8,4,,,,,,,,,
3386,"JFK",Drama|Mystery|Thriller,1991,3.5,31,7,10,12,,,,,,,
3387,"Who's Harry Crumb?",Comedy|Mystery,1989,2.85714285714286,7,4,12,,,,,,,,
3388,"Harry and the Hendersons",Children|Comedy,1987,2.54545454545455,11,3,4,,,,,,,,
3389,"Let's Get Harry",Action|Adventure,1986,2,1,1,8,,,,,,,,
3390,"Shanghai Surprise",Adventure|Crime|Drama|Romance,1986,2,1,1,6,7,9,,,,,,
3391,"Who's That Girl?",Comedy,1987,2.5,2,4,,,,,,,,,
3392,"She-Devil",Comedy,1989,2.33333333333333,6,4,,,,,,,,,
3393,"Date with an Angel",Comedy|Fantasy|Romance,1987,1.33333333333333,3,4,5,6,,,,,,,
3394,"Blind Date",Comedy|Romance,1987,2.35714285714286,7,4,6,,,,,,,,
3395,"Nadine",Comedy,1987,3,3,4,,,,,,,,,
3396,"Muppet Movie, The",Adventure|Children|Comedy|Musical,1979,3.59090909090909,33,1,3,4,15,,,,,,
3397,"Great Muppet Caper, The",Children|Comedy,1981,3.45454545454545,11,3,4,,,,,,,,
3398,"Muppets Take Manhattan, The",Children|Comedy|Musical,1984,3.33333333333333,15,3,4,15,,,,,,,
3400,"We're Back! A Dinosaur's Story",Adventure|Animation|Children|Fantasy,1993,3,1,1,2,3,5,,,,,,
3401,"Baby... Secret of the Lost Legend",Adventure|Sci-Fi,1985,2.2,5,1,13,,,,,,,,
3402,"Turtle Diary",Comedy|Drama|Romance,1985,4,2,4,6,7,,,,,,,
3403,"Raise the Titanic",Drama|Thriller,1980,4,1,7,10,,,,,,,,
3404,"Titanic",Action|Drama,1953,3.58333333333333,6,7,8,,,,,,,,
3405,"Night to Remember, A",Action|Drama,1958,3,1,7,8,,,,,,,,
3406,"Captain Horatio Hornblower R.N.",Action|Adventure|Drama|War,1951,3,3,1,7,8,14,,,,,,
3408,"Erin Brockovich",Drama,2000,3.52857142857143,70,7,,,,,,,,,
3409,"Final Destination",Drama|Thriller,2000,2.92857142857143,35,7,10,,,,,,,,
3410,"Soft Fruit",Comedy|Drama,1999,4,1,4,7,,,,,,,,
3412,"Bear, The",Adventure|Children|Drama,1988,3.41666666666667,6,1,3,7,,,,,,,
3414,"Love Is a Many-Splendored Thing",Drama|Romance|War,1955,4,1,6,7,14,,,,,,,
3415,"Mirror, The",Drama,1975,4.16666666666667,3,7,,,,,,,,,
3417,"Crimson Pirate, The",Adventure|Comedy,1952,3,1,1,4,,,,,,,,
3418,"Thelma & Louise",Adventure|Crime|Drama,1991,3.46341463414634,41,1,7,9,,,,,,,
3420,"...And Justice for All",Drama|Thriller,1979,3.16666666666667,3,7,10,,,,,,,,
3421,"Animal House",Comedy,1978,3.69354838709677,62,4,,,,,,,,,
3422,"She's Gotta Have It",Comedy|Romance,1986,3.33333333333333,6,4,6,,,,,,,,
3423,"School Daze",Drama,1988,2.16666666666667,3,7,,,,,,,,,
3424,"Do the Right Thing",Drama,1989,4.03703703703704,27,7,,,,,,,,,
3425,"Mo' Better Blues",Drama|Musical,1990,3.4,5,7,15,,,,,,,,
3426,"Jungle Fever",Drama|Romance,1991,3.07142857142857,7,6,7,,,,,,,,
3428,"Champ, The",Drama,1979,3,1,7,,,,,,,,,
3429,"Creature Comforts",Animation|Comedy,1989,4.25,12,2,4,,,,,,,,
3430,"Death Wish",Action|Crime|Drama,1974,3,4,7,8,9,,,,,,,
3431,"Death Wish 2",Action|Drama,1982,1.66666666666667,3,7,8,,,,,,,,
3432,"Death Wish 3",Action|Drama,1985,1.5,2,7,8,,,,,,,,
3433,"Death Wish 4: The Crackdown",Action|Drama,1987,1,1,7,8,,,,,,,,
3434,"Death Wish 5: The Face of Death",Action|Drama,1994,1,1,7,8,,,,,,,,
3435,"Double Indemnity",Crime|Drama|Film-Noir,1944,4.32352941176471,17,7,9,19,,,,,,,
3436,"Dying Young",Drama|Romance,1991,3.75,4,6,7,,,,,,,,
3438,"Teenage Mutant Ninja Turtles",Action|Children|Comedy|Fantasy|Sci-Fi,1990,3,25,3,4,5,8,13,,,,,
3439,"Teenage Mutant Ninja Turtles II: The Secret of the Ooze",Action|Children|Fantasy,1991,2.69230769230769,13,3,5,8,,,,,,,
3440,"Teenage Mutant Ninja Turtles III",Action|Adventure|Children|Comedy|Fantasy,1993,2.07142857142857,14,1,3,4,5,8,,,,,
3441,"Red Dawn",Action|Drama|War,1984,3.42857142857143,14,7,8,14,,,,,,,
3442,"Band of the Hand",Action|Crime|Drama,1986,1,1,7,8,9,,,,,,,
3444,"Bloodsport",Action,1988,2.94444444444444,9,8,,,,,,,,,
3445,"Eyes of Laura Mars",Mystery|Thriller,1978,3.5,4,10,12,,,,,,,,
3446,"Funny Bones",Comedy|Drama,1995,2.75,2,4,7,,,,,,,,
3447,"Good Earth, The",Drama,1937,4,2,7,,,,,,,,,
3448,"Good Morning, Vietnam",Comedy|Drama|War,1987,3.80232558139535,43,4,7,14,,,,,,,
3449,"Good Mother, The",Drama,1988,4,1,7,,,,,,,,,
3450,"Grumpy Old Men",Comedy,1993,3.29310344827586,29,4,,,,,,,,,
3451,"Guess Who's Coming to Dinner",Drama,1967,4.54545454545455,11,7,,,,,,,,,
3452,"Romeo Must Die",Action|Crime|Romance|Thriller,2000,3.08333333333333,18,6,8,9,10,,,,,,
3453,"Here on Earth",Drama|Romance,2000,3,2,6,7,,,,,,,,
3454,"Whatever It Takes",Comedy|Romance,2000,2.25,2,4,6,,,,,,,,
3455,"Buddy Boy",Drama|Thriller,1999,2.5,1,7,10,,,,,,,,
3456,"Color of Paradise, The",Drama,1999,NaN,NaN,7,,,,,,,,,
3459,"Gothic",Drama|Horror,1986,4,1,7,11,,,,,,,,
3461,"Lord of the Flies",Adventure|Drama|Thriller,1963,3.03846153846154,13,1,7,10,,,,,,,
3462,"Modern Times",Comedy|Drama|Romance,1936,3.72,25,4,6,7,,,,,,,
3466,"Heart and Souls",Comedy|Fantasy,1993,3,8,4,5,,,,,,,,
3467,"Hud",Drama|Western,1963,3.75,4,7,18,,,,,,,,
3468,"Hustler, The",Drama,1961,4.33333333333333,18,7,,,,,,,,,
3469,"Inherit the Wind",Drama,1960,4.08333333333333,6,7,,,,,,,,,
3470,"Dersu Uzala",Adventure|Drama,1975,4.3,5,1,7,,,,,,,,
3471,"Close Encounters of the Third Kind",Adventure|Drama|Sci-Fi,1977,3.74166666666667,60,1,7,13,,,,,,,
3473,"Jonah Who Will Be 25 in the Year 2000",Comedy,1976,5,2,4,,,,,,,,,
3474,"Retroactive",Sci-Fi|Thriller,1997,4,1,10,13,,,,,,,,
3475,"Place in the Sun, A",Drama|Romance,1951,4.5,2,6,7,,,,,,,,
3476,"Jacob's Ladder",Horror|Mystery,1990,3.55769230769231,26,11,12,,,,,,,,
3477,"Empire Records",Comedy|Drama,1995,3.38461538461538,13,4,7,,,,,,,,
3478,"Bamba, La",Drama,1987,2.78571428571429,7,7,,,,,,,,,
3479,"Ladyhawke",Adventure|Fantasy|Romance,1985,3.33333333333333,18,1,5,6,,,,,,,
3480,"Lucas",Drama|Romance,1986,3.33333333333333,3,6,7,,,,,,,,
3481,"High Fidelity",Comedy|Drama|Romance,2000,3.66666666666667,75,4,6,7,,,,,,,
3483,"Road to El Dorado, The",Animation|Children,2000,3.11538461538462,13,2,3,,,,,,,,
3484,"Skulls, The",Thriller,2000,2.75,10,10,,,,,,,,,
3489,"Hook",Adventure|Comedy|Fantasy,1991,3.35849056603774,53,1,4,5,,,,,,,
3492,"Son of the Sheik, The",Adventure|Comedy|Romance,1926,4,1,1,4,6,,,,,,,
3494,"True Grit",Adventure|Drama|Western,1969,4,6,1,7,18,,,,,,,
3496,"Madame Sousatzka",Drama,1988,5,1,7,,,,,,,,,
3497,"Max Dugan Returns",Comedy,1983,2.5,4,4,,,,,,,,,
3498,"Midnight Express",Drama,1978,4,8,7,,,,,,,,,
3499,"Misery",Drama|Horror|Thriller,1990,3.84090909090909,44,7,10,11,,,,,,,
3500,"Mr. Saturday Night",Comedy|Drama,1992,3,4,4,7,,,,,,,,
3501,"Murphy's Romance",Comedy|Romance,1985,2.3,5,4,6,,,,,,,,
3502,"My Life",Drama,1993,3.5,3,7,,,,,,,,,
3503,"Solaris",Drama|Mystery|Sci-Fi,1972,4.09090909090909,11,7,12,13,,,,,,,
3504,"Network",Comedy|Drama,1976,4.02272727272727,22,4,7,,,,,,,,
3505,"No Way Out",Drama|Mystery|Thriller,1987,3.72222222222222,9,7,10,12,,,,,,,
3506,"North Dallas Forty",Comedy|Drama,1979,3,5,4,7,,,,,,,,
3507,"Odd Couple, The",Comedy,1968,4.06666666666667,15,4,,,,,,,,,
3508,"Outlaw Josey Wales, The",Action|Adventure|Drama|Thriller|Western,1976,4.25,18,1,7,8,10,18,,,,,
3510,"Frequency",Drama|Thriller,2000,3.41666666666667,36,7,10,,,,,,,,
3511,"Ready to Rumble",Comedy,2000,2.25,6,4,,,,,,,,,
3512,"Return to Me",Drama|Romance,2000,3.5625,8,6,7,,,,,,,,
3513,"Rules of Engagement",Drama|Thriller,2000,3.07142857142857,7,7,10,,,,,,,,
3514,"Joe Gould's Secret",Drama,2000,3,1,7,,,,,,,,,
3515,"Me Myself I",Comedy|Romance,2000,3.61111111111111,9,4,6,,,,,,,,
3516,"Bell, Book and Candle",Comedy|Fantasy|Romance,1958,3.375,4,4,5,6,,,,,,,
3519,"Force 10 from Navarone",Action|Drama|War,1978,2.91666666666667,6,7,8,14,,,,,,,
3521,"Mystery Train",Comedy|Drama,1989,3.42857142857143,7,4,7,,,,,,,,
3524,"Arthur",Comedy|Romance,1981,2.8,10,4,6,,,,,,,,
3525,"Bachelor Party",Comedy,1984,2.9,5,4,,,,,,,,,
3526,"Parenthood",Comedy|Drama,1989,3.7,15,4,7,,,,,,,,
3527,"Predator",Action|Sci-Fi|Thriller,1987,3.58196721311475,61,8,10,13,,,,,,,
3528,"Prince of Tides, The",Drama|Romance,1991,3.4,5,6,7,,,,,,,,
3529,"Postman Always Rings Twice, The",Crime|Thriller,1981,3.5,5,9,10,,,,,,,,
3531,"All the Vermeers in New York",Comedy|Drama|Romance,1990,5,1,4,6,7,,,,,,,
3534,"28 Days",Drama,2000,3.3,25,7,,,,,,,,,
3535,"American Psycho",Crime|Horror|Mystery|Thriller,2000,3.78813559322034,59,9,10,11,12,,,,,,
3536,"Keeping the Faith",Comedy|Drama|Romance,2000,3.45238095238095,21,4,6,7,,,,,,,
3537,"Where the Money Is",Comedy|Drama,2000,3.33333333333333,3,4,7,,,,,,,,
3538,"East is East",Comedy,1999,3.2,5,4,,,,,,,,,
3539,"Filth and the Fury, The",Documentary,2000,3.25,2,16,,,,,,,,,
3543,"Diner",Comedy|Drama,1982,3.75,14,4,7,,,,,,,,
3544,"Shakes the Clown",Comedy,1992,2.33333333333333,3,4,,,,,,,,,
3545,"Cabaret",Drama|Musical,1972,3,5,7,15,,,,,,,,
3546,"What Ever Happened to Baby Jane?",Drama|Horror|Thriller,1962,4.5,2,7,10,11,,,,,,,
3548,"Auntie Mame",Comedy|Drama,1958,3.7,5,4,7,,,,,,,,
3549,"Guys and Dolls",Comedy|Musical|Romance,1955,3.9375,8,4,6,15,,,,,,,
3550,"The Hunger",Horror,1983,3.66666666666667,6,11,,,,,,,,,
3551,"Marathon Man",Crime|Drama|Thriller,1976,3.46153846153846,13,7,9,10,,,,,,,
3552,"Caddyshack",Comedy,1980,3.82692307692308,52,4,,,,,,,,,
3553,"Gossip",Drama|Thriller,2000,2.4,5,7,10,,,,,,,,
3554,"Love and Basketball",Drama|Romance,2000,3,3,6,7,,,,,,,,
3555,"U-571",Action|Thriller|War,2000,3.42424242424242,33,8,10,14,,,,,,,
3556,"Virgin Suicides, The",Drama|Romance,1999,3.76923076923077,26,6,7,,,,,,,,
3557,"Jennifer 8",Mystery|Thriller,1992,2.9,5,10,12,,,,,,,,
3559,"Limelight",Comedy|Drama|Romance,1952,3.66666666666667,3,4,6,7,,,,,,,
3563,"Crow: Salvation, The",Action|Horror,2000,2.5,3,8,11,,,,,,,,
3564,"Flintstones in Viva Rock Vegas, The",Children|Comedy,2000,1.625,12,3,4,,,,,,,,
3565,"Where the Heart Is",Comedy|Drama,2000,3.5,7,4,7,,,,,,,,
3566,"Big Kahuna, The",Comedy|Drama,2000,2.875,8,4,7,,,,,,,,
3567,"Bossa Nova",Comedy|Drama|Romance,2000,5,1,4,6,7,,,,,,,
3568,"Smiling Fish and Goat on Fire",Comedy|Romance,1999,4,1,4,6,,,,,,,,
3569,"Idiots, The",Comedy|Drama,1998,4,2,4,7,,,,,,,,
3571,"Time Code",Comedy|Drama,2000,3,2,4,7,,,,,,,,
3572,"Carnosaur",Horror|Sci-Fi,1993,2,4,11,13,,,,,,,,
3573,"Carnosaur 2",Horror|Sci-Fi,1995,1.5,2,11,13,,,,,,,,
3574,"Carnosaur 3: Primal Species",Horror|Sci-Fi,1996,1,1,11,13,,,,,,,,
3576,"Hidden, The",Action|Horror|Sci-Fi,1987,3.5,4,8,11,13,,,,,,,
3577,"Two Moon Junction",Drama|Romance,1988,2,2,6,7,,,,,,,,
3578,"Gladiator",Action|Adventure|Drama,2000,3.93823529411765,170,1,7,8,,,,,,,
3580,"Up at the Villa",Drama,2000,3.5,2,7,,,,,,,,,
3581,"Human Traffic",Comedy,1999,3.5,2,4,,,,,,,,,
3584,"Breathless",Action|Drama|Romance|Thriller,1983,2,4,6,7,8,10,,,,,,
3586,"The Idolmaker",Drama|Romance,1980,4,1,6,7,,,,,,,,
3587,"Inferno",Horror,1980,2.5,2,11,,,,,,,,,
3590,"Lords of Flatbush, The",Comedy|Drama,1974,2,1,4,7,,,,,,,,
3591,"Mr. Mom",Comedy|Drama,1983,2.73333333333333,15,4,7,,,,,,,,
3592,"Time Masters",Animation|Sci-Fi,1982,4.5,1,2,13,,,,,,,,
3593,"Battlefield Earth",Action|Sci-Fi,2000,1.65789473684211,19,8,13,,,,,,,,
3594,"Center Stage",Drama|Musical,2000,3.25,6,7,15,,,,,,,,
3596,"Screwed",Comedy,2000,1,1,4,,,,,,,,,
3597,"Whipped",Comedy,2000,2,2,4,,,,,,,,,
3598,"Hamlet",Crime|Drama|Romance|Thriller,2000,3,3,6,7,9,10,,,,,,
3599,"Anchors Aweigh",Comedy|Musical,1945,3.2,5,4,15,,,,,,,,
3604,"Gypsy",Musical,1962,0.5,1,15,,,,,,,,,
3606,"On the Town",Comedy|Musical|Romance,1949,3.75,4,4,6,15,,,,,,,
3608,"Pee-wee's Big Adventure",Adventure|Comedy,1985,2.94,25,1,4,,,,,,,,
3609,"Regret to Inform",Documentary,1998,3.5,1,16,,,,,,,,,
3614,"Honeymoon in Vegas",Comedy|Romance,1992,2.9375,8,4,6,,,,,,,,
3615,"Dinosaur",Adventure|Animation|Children,2000,3.10714285714286,14,1,2,3,,,,,,,
3616,"Loser",Comedy|Romance,2000,3.3,10,4,6,,,,,,,,
3617,"Road Trip",Comedy,2000,3.08536585365854,41,4,,,,,,,,,
3618,"Small Time Crooks",Comedy|Crime,2000,3.54166666666667,12,4,9,,,,,,,,
3619,"Hollywood Knights, The",Comedy,1980,2,1,4,,,,,,,,,
3622,"Twelve Chairs, The",Comedy,1970,3,1,4,,,,,,,,,
3623,"Mission: Impossible II",Action|Adventure|Thriller,2000,2.71428571428571,77,1,8,10,,,,,,,
3624,"Shanghai Noon",Action|Adventure|Comedy|Western,2000,3.15116279069767,43,1,4,8,18,,,,,,
3625,"Better Living Through Circuitry",Documentary,1999,2,1,16,,,,,,,,,
3626,"8 ½ Women",Comedy,1999,3.33333333333333,3,4,,,,,,,,,
3627,"Carnival of Souls",Horror|Thriller,1962,3.875,4,10,11,,,,,,,,
3628,"Flying Tigers",Action|Drama|Romance|War,1942,3,2,6,7,8,14,,,,,,
3629,"Gold Rush, The",Adventure|Comedy|Romance,1925,4.07142857142857,7,1,4,6,,,,,,,
3632,"Monsieur Verdoux",Comedy|Crime,1947,4,5,4,9,,,,,,,,
3633,"On Her Majesty's Secret Service",Action|Adventure|Romance|Thriller,1969,3.26470588235294,17,1,6,8,10,,,,,,
3634,"Seven Days in May",Thriller,1964,4,1,10,,,,,,,,,
3635,"Spy Who Loved Me, The",Action|Adventure|Thriller,1977,3.44444444444444,18,1,8,10,,,,,,,
3637,"Vagabond",Drama,1985,5,1,7,,,,,,,,,
3638,"Moonraker",Action|Adventure|Sci-Fi|Thriller,1979,3.13461538461538,26,1,8,10,13,,,,,,
3639,"Man with the Golden Gun, The",Action|Adventure|Thriller,1974,3.58333333333333,18,1,8,10,,,,,,,
3640,"King in New York, A",Comedy|Drama,1957,4,1,4,7,,,,,,,,
3641,"Woman of Paris, A",Drama,1923,4,2,7,,,,,,,,,
3643,"Fighting Seabees, The",Action|Drama|War,1944,3.5,2,7,8,14,,,,,,,
3646,"Big Momma's House",Comedy,2000,2.17647058823529,17,4,,,,,,,,,
3648,"Abominable Snowman, The",Horror|Sci-Fi,1957,4,1,11,13,,,,,,,,
3649,"American Gigolo",Drama,1980,2.6875,8,7,,,,,,,,,
3652,"City of the Living Dead",Horror,1980,3,1,11,,,,,,,,,
3653,"Endless Summer, The",Documentary,1966,4.16666666666667,3,16,,,,,,,,,
3654,"Guns of Navarone, The",Action|Adventure|Drama|War,1961,3.76923076923077,13,1,7,8,14,,,,,,
3655,"Blow-Out",Drama,1973,4.25,2,7,,,,,,,,,
3658,"Quatermass and the Pit",Horror|Sci-Fi,1967,3,1,11,13,,,,,,,,
3660,"Puppet Master",Horror|Sci-Fi|Thriller,1989,2,2,10,11,13,,,,,,,
3661,"Puppet Master II",Horror|Sci-Fi|Thriller,1991,3,1,10,11,13,,,,,,,
3662,"Puppet Master III: Toulon's Revenge",Horror|Sci-Fi|Thriller,1991,3,2,10,11,13,,,,,,,
3663,"Puppet Master 4",Horror|Sci-Fi|Thriller,1993,2,1,10,11,13,,,,,,,
3664,"Puppet Master 5: The Final Chapter",Horror|Sci-Fi|Thriller,1994,2,1,10,11,13,,,,,,,
3667,"Rent-A-Cop",Action|Comedy|Crime,1988,1,1,4,8,9,,,,,,,
3668,"Romeo and Juliet",Drama|Romance,1968,3.66666666666667,15,6,7,,,,,,,,
3669,"Stay Tuned",Comedy,1992,2.5,1,4,,,,,,,,,
3671,"Blazing Saddles",Comedy|Western,1974,3.93548387096774,62,4,18,,,,,,,,
3672,"Benji",Adventure|Children,1974,3.8,5,1,3,,,,,,,,
3673,"Benji the Hunted",Adventure|Children,1987,4.5,2,1,3,,,,,,,,
3674,"For the Love of Benji",Adventure|Children|Comedy|Drama,1977,4,1,1,3,4,7,,,,,,
3675,"White Christmas",Comedy|Musical|Romance,1954,4.1875,8,4,6,15,,,,,,,
3676,"Eraserhead",Drama|Horror,1977,3.75,10,7,11,,,,,,,,
3677,"Baraka",Documentary,1992,4.125,4,16,,,,,,,,,
3678,"Man with the Golden Arm, The",Drama,1955,5,1,7,,,,,,,,,
3679,"Decline of Western Civilization, The",Documentary|Musical,1981,3.75,2,15,16,,,,,,,,
3680,"Decline of Western Civilization Part II: The Metal Years, The",Documentary,1988,3,1,16,,,,,,,,,
3681,"For a Few Dollars More",Action|Drama|Thriller|Western,1965,4.15151515151515,33,7,8,10,18,,,,,,
3682,"Magnum Force",Action|Crime|Drama|Thriller,1973,3.7,5,7,8,9,10,,,,,,
3683,"Blood Simple",Crime|Drama|Film-Noir,1984,4,19,7,9,19,,,,,,,
3684,"Fabulous Baker Boys, The",Drama|Romance,1989,3.07142857142857,7,6,7,,,,,,,,
3685,"Prizzi's Honor",Comedy|Drama|Romance,1985,3.77777777777778,9,4,6,7,,,,,,,
3686,"Flatliners",Horror|Sci-Fi|Thriller,1990,2.93333333333333,15,10,11,13,,,,,,,
3687,"Light Years",Adventure|Animation|Fantasy|Sci-Fi,1988,5,1,1,2,5,13,,,,,,
3688,"Porky's",Comedy,1982,2.13636363636364,11,4,,,,,,,,,
3689,"Porky's II: The Next Day",Comedy,1983,1.75,4,4,,,,,,,,,
3690,"Porky's Revenge",Comedy,1985,2,5,4,,,,,,,,,
3691,"Private School",Comedy,1983,3,1,4,,,,,,,,,
3692,"Class of Nuke 'Em High",Comedy|Horror,1986,3,1,4,11,,,,,,,,
3693,"Toxic Avenger, The",Comedy|Horror,1985,2.125,8,4,11,,,,,,,,
3694,"Toxic Avenger, Part II, The",Comedy|Horror,1989,2,2,4,11,,,,,,,,
3695,"Toxic Avenger Part III: The Last Temptation of Toxie, The",Comedy|Horror,1989,2,2,4,11,,,,,,,,
3696,"Night of the Creeps",Comedy|Horror|Sci-Fi|Thriller,1986,3.16666666666667,3,4,10,11,13,,,,,,
3697,"Predator 2",Action|Sci-Fi|Thriller,1990,2.9047619047619,21,8,10,13,,,,,,,
3698,"Running Man, The",Action|Sci-Fi,1987,3.22058823529412,34,8,13,,,,,,,,
3699,"Starman",Adventure|Drama|Romance|Sci-Fi,1984,3.15384615384615,13,1,6,7,13,,,,,,
3700,"Brother from Another Planet, The",Drama|Sci-Fi,1984,2.5,1,7,13,,,,,,,,
3701,"Alien Nation",Crime|Drama|Sci-Fi|Thriller,1988,3.11538461538462,13,7,9,10,13,,,,,,
3702,"Mad Max",Action|Adventure|Sci-Fi,1979,3.48684210526316,38,1,8,13,,,,,,,
3703,"Road Warrior, The",Action|Adventure|Sci-Fi|Thriller,1981,4.0375,40,1,8,10,13,,,,,,
3704,"Mad Max Beyond Thunderdome",Action|Adventure|Sci-Fi,1985,3.27083333333333,24,1,8,13,,,,,,,
3705,"Bird on a Wire",Action|Comedy|Romance,1990,2.3125,8,4,6,8,,,,,,,
3706,"Angel Heart",Film-Noir|Horror|Mystery|Thriller,1987,3,8,10,11,12,19,,,,,,
3707,"9 1/2 Weeks",Drama|Romance,1986,2.7,10,6,7,,,,,,,,
3708,"Firestarter",Horror|Thriller,1984,3.05,10,10,11,,,,,,,,
3709,"Sleepwalkers",Horror,1992,2,1,11,,,,,,,,,
3710,"Action Jackson",Action|Comedy|Crime|Thriller,1988,1.66666666666667,3,4,8,9,10,,,,,,
3711,"Sarafina!",Drama,1992,4,1,7,,,,,,,,,
3712,"Soapdish",Comedy,1991,2.83333333333333,3,4,,,,,,,,,
3713,"Long Walk Home, The",Drama,1990,4,1,7,,,,,,,,,
3714,"Clara's Heart",Drama,1988,2.5,1,7,,,,,,,,,
3715,"Burglar",Comedy|Crime,1987,2.75,2,4,9,,,,,,,,
3716,"Fatal Beauty",Action|Comedy|Crime|Drama,1987,1,1,4,7,8,9,,,,,,
3717,"Gone in 60 Seconds",Action|Crime,2000,3.22131147540984,61,8,9,,,,,,,,
3719,"Love's Labour's Lost",Comedy|Romance,2000,3,2,4,6,,,,,,,,
3720,"Sunshine",Drama,1999,4,1,7,,,,,,,,,
3723,"Hamlet",Drama,1990,3.8,5,7,,,,,,,,,
3724,"Coming Home",Drama|War,1978,3.3,5,7,14,,,,,,,,
3725,"American Pop",Animation|Musical,1981,3.5,2,2,15,,,,,,,,
3726,"Assault on Precinct 13",Action|Thriller,1976,3.6,5,8,10,,,,,,,,
3727,"Near Dark",Horror|Western,1987,4.3125,8,11,18,,,,,,,,
3728,"One False Move",Crime|Drama|Film-Noir|Thriller,1992,3.75,4,7,9,10,19,,,,,,
3729,"Shaft",Action|Crime|Drama|Thriller,1971,4,3,7,8,9,10,,,,,,
3730,"Conversation, The",Drama|Mystery,1974,4.20588235294118,17,7,12,,,,,,,,
3731,"Cutter's Way",Drama|Thriller,1981,3,1,7,10,,,,,,,,
3732,"Fury, The",Horror,1978,3,4,11,,,,,,,,,
3733,"Paper Chase, The",Drama,1973,3.83333333333333,3,7,,,,,,,,,
3735,"Serpico",Crime|Drama,1973,3.79411764705882,17,7,9,,,,,,,,
3736,"Ace in the Hole",Drama,1951,3,1,7,,,,,,,,,
3737,"Lonely Are the Brave",Drama|Western,1962,4,1,7,18,,,,,,,,
3738,"Sugarland Express, The",Drama,1974,3,2,7,,,,,,,,,
3739,"Trouble in Paradise",Comedy|Romance,1932,3.5,1,4,6,,,,,,,,
3740,"Big Trouble in Little China",Action|Adventure|Comedy|Fantasy,1986,3.85714285714286,28,1,4,5,8,,,,,,
3741,"Badlands",Crime|Drama|Thriller,1973,4.09090909090909,11,7,9,10,,,,,,,
3742,"Battleship Potemkin",Drama|War,1925,3.65,10,7,14,,,,,,,,
3743,"Boys and Girls",Comedy|Romance,2000,2,3,4,6,,,,,,,,
3744,"Shaft",Action|Crime|Thriller,2000,2.65789473684211,19,8,9,10,,,,,,,
3745,"Titan A.E.",Action|Adventure|Animation|Children|Sci-Fi,2000,3.41379310344828,29,1,2,3,8,13,,,,,
3746,"Butterfly",Drama,1999,4,2,7,,,,,,,,,
3747,"Jesus' Son",Drama,1999,3.5,2,7,,,,,,,,,
3751,"Chicken Run",Animation|Children|Comedy,2000,3.55128205128205,78,2,3,4,,,,,,,
3752,"Me, Myself & Irene",Adventure|Comedy,2000,3.08695652173913,46,1,4,,,,,,,,
3753,"Patriot, The",Action|Drama|War,2000,3.44852941176471,68,7,8,14,,,,,,,
3754,"Adventures of Rocky and Bullwinkle, The",Adventure|Animation|Children|Comedy|Fantasy,2000,2.22222222222222,9,1,2,3,4,5,,,,,
3755,"Perfect Storm, The",Drama|Thriller,2000,3.17045454545455,44,7,10,,,,,,,,
3756,"Golden Bowl, The",Drama,2000,4,1,7,,,,,,,,,
3758,"Communion",Drama|Sci-Fi|Thriller,1989,3.5,2,7,10,13,,,,,,,
3760,"Kentucky Fried Movie, The",Comedy,1977,3.5,3,4,,,,,,,,,
3761,"Blood In, Blood Out",Action|Crime|Drama|Thriller,1993,4,1,7,8,9,10,,,,,,
3763,"F/X",Action|Crime|Thriller,1986,3.21875,16,8,9,10,,,,,,,
3764,"F/X2",Action|Crime|Thriller,1991,2.3,5,8,9,10,,,,,,,
3765,"Hot Spot, The",Crime|Drama|Romance,1990,3,2,6,7,9,,,,,,,
3766,"Missing in Action",Action|War,1984,2.08333333333333,6,8,14,,,,,,,,
3767,"Missing in Action 2: The Beginning",Action|War,1985,1.66666666666667,3,8,14,,,,,,,,
3768,"Braddock: Missing in Action III",Action|War,1988,1.25,2,8,14,,,,,,,,
3769,"Thunderbolt and Lightfoot",Action,1974,3.33333333333333,3,8,,,,,,,,,
3770,"Dreamscape",Horror|Sci-Fi|Thriller,1984,2.66666666666667,6,10,11,13,,,,,,,
3771,"The Golden Voyage of Sinbad",Action|Adventure|Fantasy,1973,4,3,1,5,8,,,,,,,
3773,"House Party",Comedy,1990,2,2,4,,,,,,,,,
3774,"House Party 2",Comedy|Drama|Romance,1991,0.75,4,4,6,7,,,,,,,
3783,"Croupier",Crime|Drama,1998,3.95454545454545,11,7,9,,,,,,,,
3784,"Kid, The",Comedy|Fantasy,2000,2.59090909090909,11,4,5,,,,,,,,
3785,"Scary Movie",Comedy|Horror,2000,2.92,50,4,11,,,,,,,,
3786,"But I'm a Cheerleader",Comedy,1999,2.625,4,4,,,,,,,,,
3787,"Shower",Comedy,1999,4,2,4,,,,,,,,,
3788,"Blow-Up",Drama|Mystery,1966,3.66666666666667,6,7,12,,,,,,,,
3789,"Pawnbroker, The",Drama,1964,3.5,1,7,,,,,,,,,
3790,"Groove",Drama,2000,4,2,7,,,,,,,,,
3791,"Footloose",Drama,1984,3.1875,16,7,,,,,,,,,
3792,"Duel in the Sun",Drama|Romance|Western,1946,5,1,6,7,18,,,,,,,
3793,"X-Men",Action|Adventure|Sci-Fi,2000,3.69924812030075,133,1,8,13,,,,,,,
3794,"Chuck & Buck",Comedy|Drama,2000,2.5,2,4,7,,,,,,,,
3795,"Five Senses, The",Drama,1999,5,1,7,,,,,,,,,
3797,"In Crowd, The",Thriller,2000,2.66666666666667,3,10,,,,,,,,,
3798,"What Lies Beneath",Drama|Horror|Mystery,2000,3.2,25,7,11,12,,,,,,,
3799,"Pokémon the Movie 2000",Animation|Children,2000,1.58333333333333,6,2,3,,,,,,,,
3801,"Anatomy of a Murder",Drama|Mystery,1959,4,4,7,12,,,,,,,,
3802,"Freejack",Action|Sci-Fi,1992,2,4,8,13,,,,,,,,
3806,"Mackenna's Gold",Western,1969,3,1,18,,,,,,,,,
3807,"Sinbad and the Eye of the Tiger",Adventure|Fantasy,1977,3,1,1,5,,,,,,,,
3808,"Two Women",Drama|War,1960,4,1,7,14,,,,,,,,
3809,"What About Bob?",Comedy,1991,3.27142857142857,35,4,,,,,,,,,
3810,"White Sands",Drama|Thriller,1992,3,3,7,10,,,,,,,,
3811,"Breaker Morant",Drama|War,1980,3.92857142857143,7,7,14,,,,,,,,
3812,"Everything You Always Wanted to Know About Sex * But Were Afraid to Ask",Comedy,1972,3.45833333333333,12,4,,,,,,,,,
3813,"Interiors",Drama,1978,4.16666666666667,3,7,,,,,,,,,
3814,"Love and Death",Comedy,1975,4.22222222222222,9,4,,,,,,,,,
3816,"Official Story, The",Drama,1985,4,1,7,,,,,,,,,
3819,"Tampopo",Comedy,1985,4,3,4,,,,,,,,,
3821,"Nutty Professor II: The Klumps",Comedy,2000,2.28125,16,4,,,,,,,,,
3822,"Girl on the Bridge, The",Drama|Romance,1999,4.125,4,6,7,,,,,,,,
3823,"Wonderland",Drama,1999,4,2,7,,,,,,,,,
3824,"Autumn in New York",Drama|Romance,2000,2.40909090909091,11,6,7,,,,,,,,
3825,"Coyote Ugly",Comedy|Drama|Romance,2000,2.74137931034483,29,4,6,7,,,,,,,
3826,"Hollow Man",Horror|Sci-Fi|Thriller,2000,2.29487179487179,39,10,11,13,,,,,,,
3827,"Space Cowboys",Action|Adventure|Comedy|Sci-Fi,2000,2.89130434782609,23,1,4,8,13,,,,,,
3830,"Psycho Beach Party",Comedy|Horror|Thriller,2000,1.5,2,4,10,11,,,,,,,
3831,"Saving Grace",Comedy,2000,3.90909090909091,11,4,,,,,,,,,
3832,"Black Sabbath",Horror,1963,4,1,11,,,,,,,,,
3833,"Brain That Wouldn't Die, The",Horror|Sci-Fi,1962,1.5,2,11,13,,,,,,,,
3834,"Bronco Billy",Adventure|Drama|Romance,1980,3,2,1,6,7,,,,,,,
3835,"Crush, The",Thriller,1993,2.16666666666667,6,10,,,,,,,,,
3836,"Kelly's Heroes",Action|Comedy|War,1970,4.13333333333333,15,4,8,14,,,,,,,
3837,"Phantasm II",Action|Fantasy|Horror|Sci-Fi|Thriller,1988,2.5,3,5,8,10,11,13,,,,,
3838,"Phantasm III: Lord of the Dead",Horror,1994,2,1,11,,,,,,,,,
3839,"Phantasm IV: Oblivion",Horror,1998,1.66666666666667,3,11,,,,,,,,,
3840,"Pumpkinhead",Horror,1988,2.4,5,11,,,,,,,,,
3841,"Air America",Action|Comedy,1990,2.83333333333333,6,4,8,,,,,,,,
3843,"Sleepaway Camp",Horror,1983,2.375,4,11,,,,,,,,,
3844,"Steel Magnolias",Drama,1989,3.33333333333333,9,7,,,,,,,,,
3845,"And God Created Woman",Drama,1956,4,1,7,,,,,,,,,
3846,"Easy Money",Comedy,1983,3.625,4,4,,,,,,,,,
3847,"Ilsa, She Wolf of the SS",Horror,1974,2,1,11,,,,,,,,,
3849,"The Spiral Staircase",Horror|Mystery|Thriller,1945,4,2,10,11,12,,,,,,,
3851,"I'm the One That I Want",Comedy,2000,5,1,4,,,,,,,,,
3852,"Tao of Steve, The",Comedy,2000,3.38461538461538,13,4,,,,,,,,,
3855,"Affair of Love, An",Drama|Romance,1999,4.75,2,6,7,,,,,,,,
3857,"Bless the Child",Thriller,2000,4,1,10,,,,,,,,,
3858,"Cecil B. DeMented",Comedy,2000,3.5,5,4,,,,,,,,,
3859,"Eyes of Tammy Faye, The",Documentary,2000,3.75,2,16,,,,,,,,,
3861,"Replacements, The",Comedy,2000,2.68421052631579,19,4,,,,,,,,,
3862,"About Adam",Comedy,2000,3.75,2,4,,,,,,,,,
3863,"Cell, The",Drama|Horror|Thriller,2000,3.04444444444444,45,7,10,11,,,,,,,
3864,"Godzilla 2000",Action|Adventure|Sci-Fi,1999,2.1,5,1,8,13,,,,,,,
3865,"Original Kings of Comedy, The",Comedy|Documentary,2000,3.25,4,4,16,,,,,,,,
3868,"Naked Gun: From the Files of Police Squad!, The",Action|Comedy|Crime|Romance,1988,3.4047619047619,42,4,6,8,9,,,,,,
3869,"Naked Gun 2 1/2: The Smell of Fear, The",Comedy,1991,3.42307692307692,26,4,,,,,,,,,
3870,"Our Town",Drama,1940,3,1,7,,,,,,,,,
3871,"Shane",Drama|Western,1953,3.9,5,7,18,,,,,,,,
3872,"Suddenly, Last Summer",Drama,1959,3.5,1,7,,,,,,,,,
3873,"Cat Ballou",Comedy|Western,1965,3.14285714285714,7,4,18,,,,,,,,
3877,"Supergirl",Action|Adventure|Fantasy,1984,2.22222222222222,9,1,5,8,,,,,,,
3879,"Art of War, The",Action|Thriller,2000,2,2,8,10,,,,,,,,
3882,"Bring It On",Comedy,2000,2.69117647058824,34,4,,,,,,,,,
3884,"Crew, The",Comedy,2000,1.5,3,4,,,,,,,,,
3888,"Skipped Parts",Drama|Romance,2000,4,1,6,7,,,,,,,,
3889,"Highlander: Endgame",Action|Adventure|Fantasy,2000,2.25,6,1,5,8,,,,,,,
3893,"Nurse Betty",Comedy|Crime|Drama|Romance|Thriller,2000,3.34210526315789,19,4,6,7,9,10,,,,,
3894,"Solas",Drama,1999,4,1,7,,,,,,,,,
3895,"Watcher, The",Crime|Thriller,2000,1.5,1,9,10,,,,,,,,
3896,"Way of the Gun, The",Crime|Thriller,2000,3.125,8,9,10,,,,,,,,
3897,"Almost Famous",Drama,2000,3.86746987951807,83,7,,,,,,,,,
3898,"Bait",Action|Comedy,2000,2.5,2,4,8,,,,,,,,
3899,"Circus",Crime|Drama|Thriller,2000,1,1,7,9,10,,,,,,,
3900,"Crime and Punishment in Suburbia",Comedy|Drama,2000,4,1,4,7,,,,,,,,
3901,"Duets",Comedy|Drama,2000,3.25,2,4,7,,,,,,,,
3906,"Under Suspicion",Crime|Thriller,2000,2.5,2,9,10,,,,,,,,
3908,"Urban Legends: Final Cut",Horror,2000,1.5,3,11,,,,,,,,,
3909,"Woman on Top",Comedy|Romance,2000,2,4,4,6,,,,,,,,
3910,"Dancer in the Dark",Drama|Musical,2000,3.975,20,7,15,,,,,,,,
3911,"Best in Show",Comedy,2000,3.68867924528302,53,4,,,,,,,,,
3912,"Beautiful",Comedy|Drama,2000,2.5,2,4,7,,,,,,,,
3914,"Broken Hearts Club, The",Drama,2000,4,1,7,,,,,,,,,
3915,"Girlfight",Drama,2000,3.66666666666667,6,7,,,,,,,,,
3916,"Remember the Titans",Drama,2000,3.74390243902439,41,7,,,,,,,,,
3917,"Hellraiser",Horror,1987,3.36666666666667,15,11,,,,,,,,,
3918,"Hellbound: Hellraiser II",Horror,1988,3.27777777777778,9,11,,,,,,,,,
3919,"Hellraiser III: Hell on Earth",Horror,1992,2.5,1,11,,,,,,,,,
3920,"Faraway, So Close",Drama|Fantasy|Mystery|Romance,1993,4,1,5,6,7,12,,,,,,
3922,"Bikini Beach",Comedy,1964,1,1,4,,,,,,,,,
3925,"Stranger Than Paradise",Comedy|Drama,1984,3.91666666666667,6,4,7,,,,,,,,
3926,"Voyage to the Bottom of the Sea",Adventure|Sci-Fi,1961,3,1,1,13,,,,,,,,
3927,"Fantastic Voyage",Adventure|Sci-Fi,1966,2.66666666666667,6,1,13,,,,,,,,
3928,"Abbott and Costello Meet Frankenstein",Comedy|Horror,1948,3.75,4,4,11,,,,,,,,
3929,"Bank Dick, The",Comedy,1940,2.5,2,4,,,,,,,,,
3930,"Creature from the Black Lagoon, The",Adventure|Horror|Sci-Fi,1954,2.125,4,1,11,13,,,,,,,
3932,"Invisible Man, The",Horror|Sci-Fi,1933,3.5,2,11,13,,,,,,,,
3933,"Killer Shrews, The",Horror|Sci-Fi,1959,0.5,1,11,13,,,,,,,,
3937,"Runaway",Sci-Fi|Thriller,1984,2.625,4,10,13,,,,,,,,
3938,"Slumber Party Massacre, The",Horror,1982,2.75,2,11,,,,,,,,,
3939,"Slumber Party Massacre II",Horror,1987,5,1,11,,,,,,,,,
3940,"Slumber Party Massacre III",Horror,1990,5,1,11,,,,,,,,,
3941,"Sorority House Massacre",Horror,1986,5,1,11,,,,,,,,,
3942,"Sorority House Massacre II",Horror,1990,5,1,11,,,,,,,,,
3943,"Bamboozled",Comedy,2000,2.9375,8,4,,,,,,,,,
3945,"Digimon: The Movie",Adventure|Animation|Children,2000,3,1,1,2,3,,,,,,,
3946,"Get Carter",Action|Drama|Thriller,2000,2.5,5,7,8,10,,,,,,,
3947,"Get Carter",Action|Crime|Drama|Thriller,1971,3.33333333333333,3,7,8,9,10,,,,,,
3948,"Meet the Parents",Comedy,2000,3.41758241758242,91,4,,,,,,,,,
3949,"Requiem for a Dream",Drama,2000,3.921875,96,7,,,,,,,,,
3950,"Tigerland",Drama,2000,3.5625,8,7,,,,,,,,,
3951,"Two Family House",Drama,2000,5,1,7,,,,,,,,,
3952,"Contender, The",Drama|Thriller,2000,3.07142857142857,7,7,10,,,,,,,,
3953,"Dr. T and the Women",Comedy|Romance,2000,2.125,4,4,6,,,,,,,,
3955,"Ladies Man, The",Comedy,2000,1.58333333333333,6,4,,,,,,,,,
3957,"Billy Jack",Action|Drama,1971,2.66666666666667,3,7,8,,,,,,,,
3958,"Billy Jack Goes to Washington",Drama,1977,2,1,7,,,,,,,,,
3959,"Time Machine, The",Action|Adventure|Sci-Fi,1960,3.625,8,1,8,13,,,,,,,
3962,"Ghoulies II",Comedy|Horror,1987,1.5,1,4,11,,,,,,,,
3963,"Unsinkable Molly Brown, The",Musical,1964,3.75,2,15,,,,,,,,,
3964,"Adventures of Ichabod and Mr. Toad, The",Animation|Children,1949,3,3,2,3,,,,,,,,
3965,"Strange Love of Martha Ivers, The",Drama|Film-Noir,1946,3.5,1,7,19,,,,,,,,
3966,"Detour",Crime|Film-Noir,1945,3.5,2,9,19,,,,,,,,
3967,"Billy Elliot",Drama,2000,3.85135135135135,37,7,,,,,,,,,
3968,"Bedazzled",Comedy,2000,3.07407407407407,27,4,,,,,,,,,
3969,"Pay It Forward",Drama,2000,3.44230769230769,26,7,,,,,,,,,
3971,"Private Eyes, The",Comedy|Mystery,1981,2.75,2,4,12,,,,,,,,
3972,"Legend of Drunken Master, The",Action|Comedy,1994,4.125,16,4,8,,,,,,,,
3973,"Book of Shadows: Blair Witch 2",Crime|Horror|Mystery|Thriller,2000,1.125,4,9,10,11,12,,,,,,
3974,"Little Vampire, The",Adventure|Children,2000,3,1,1,3,,,,,,,,
3977,"Charlie's Angels",Action|Comedy,2000,2.72222222222222,72,4,8,,,,,,,,
3978,"Legend of Bagger Vance, The",Drama|Romance,2000,3.06666666666667,15,6,7,,,,,,,,
3979,"Little Nicky",Comedy,2000,2.5,24,4,,,,,,,,,
3980,"Men of Honor",Drama,2000,3.39285714285714,14,7,,,,,,,,,
3981,"Red Planet",Action|Sci-Fi|Thriller,2000,2.34615384615385,13,8,10,13,,,,,,,
3983,"You Can Count on Me",Drama|Romance,2000,4.16666666666667,9,6,7,,,,,,,,
3984,"Diamonds Are Forever",Action|Adventure|Thriller,1971,3.5,21,1,8,10,,,,,,,
3985,"Eagle Has Landed, The",Drama|War,1976,3.25,6,7,14,,,,,,,,
3986,"6th Day, The",Action|Sci-Fi|Thriller,2000,2.8,20,8,10,13,,,,,,,
3987,"Bounce",Drama|Romance,2000,2.41666666666667,6,6,7,,,,,,,,
3988,"How the Grinch Stole Christmas",Children|Comedy|Fantasy,2000,3.04545454545455,33,3,4,5,,,,,,,
3989,"One Day in September",Documentary,1999,4,2,16,,,,,,,,,
3990,"Rugrats in Paris: The Movie",Animation|Children|Comedy,2000,2.25,4,2,3,4,,,,,,,
3991,"102 Dalmatians",Children|Comedy,2000,2.77777777777778,9,3,4,,,,,,,,
3992,"Malèna",Drama|Romance|War,2000,3.7,5,6,7,14,,,,,,,
3993,"Quills",Drama|Romance,2000,3,6,6,7,,,,,,,,
3994,"Unbreakable",Drama|Sci-Fi,2000,3.47945205479452,73,7,13,,,,,,,,
3996,"Crouching Tiger, Hidden Dragon",Action|Drama|Romance,2000,3.83636363636364,110,6,7,8,,,,,,,
3997,"Dungeons & Dragons",Action|Adventure|Comedy|Fantasy,2000,1.83333333333333,12,1,4,5,8,,,,,,
3998,"Proof of Life",Drama,2000,3.04166666666667,12,7,,,,,,,,,
3999,"Vertical Limit",Action|Adventure,2000,2.60714285714286,14,1,8,,,,,,,,
4000,"Bounty, The",Adventure|Drama,1984,3,3,1,7,,,,,,,,
4002,"Planes, Trains & Automobiles",Comedy,1987,3.85185185185185,27,4,,,,,,,,,
4003,"She's Having a Baby",Comedy,1988,3.33333333333333,3,4,,,,,,,,,
4005,"Living Daylights, The",Action|Adventure|Thriller,1987,3.29166666666667,12,1,8,10,,,,,,,
4006,"Transformers: The Movie",Adventure|Animation|Children|Sci-Fi,1986,3.35714285714286,7,1,2,3,13,,,,,,
4007,"Wall Street",Drama,1987,3.75,20,7,,,,,,,,,
4008,"Born on the Fourth of July",Drama|War,1989,3.53846153846154,13,7,14,,,,,,,,
4009,"Talk Radio",Drama,1988,3,2,7,,,,,,,,,
4010,"Brewster's Millions",Comedy,1985,2.9375,8,4,,,,,,,,,
4011,"Snatch",Comedy|Crime|Thriller,2000,4.15591397849462,93,4,9,10,,,,,,,
4012,"Punchline",Comedy|Drama,1988,2.5,4,4,7,,,,,,,,
4014,"Chocolat",Drama|Romance,2000,3.52127659574468,47,6,7,,,,,,,,
4015,"Dude, Where's My Car?",Comedy|Sci-Fi,2000,2.72727272727273,33,4,13,,,,,,,,
4016,"Emperor's New Groove, The",Adventure|Animation|Children|Comedy|Fantasy,2000,3.71621621621622,37,1,2,3,4,5,,,,,
4017,"Pollock",Drama,2000,3.53571428571429,14,7,,,,,,,,,
4018,"What Women Want",Comedy|Romance,2000,3.13888888888889,54,4,6,,,,,,,,
4019,"Finding Forrester",Drama,2000,3.71428571428571,28,7,,,,,,,,,
4020,"Gift, The",Thriller,2000,2.92307692307692,13,10,,,,,,,,,
4021,"Before Night Falls",Drama,2000,4.3,5,7,,,,,,,,,
4022,"Cast Away",Drama,2000,3.7,100,7,,,,,,,,,
4023,"Family Man, The",Comedy|Drama|Romance,2000,3.1304347826087,23,4,6,7,,,,,,,
4024,"House of Mirth, The",Romance,2000,2.16666666666667,3,6,,,,,,,,,
4025,"Miss Congeniality",Comedy|Crime,2000,3.0546875,64,4,9,,,,,,,,
4027,"O Brother, Where Art Thou?",Adventure|Comedy|Crime,2000,3.80851063829787,94,1,4,9,,,,,,,
4029,"State and Main",Comedy|Drama,2000,3.875,12,4,7,,,,,,,,
4030,"Dracula 2000",Horror,2000,1.8,5,11,,,,,,,,,
4031,"All the Pretty Horses",Drama|Romance|Western,2000,2.5,2,6,7,18,,,,,,,
4032,"Everlasting Piece, An",Comedy,2000,4,1,4,,,,,,,,,
4033,"Thirteen Days",Drama|Thriller|War,2000,3.92307692307692,13,7,10,14,,,,,,,
4034,"Traffic",Crime|Drama|Thriller,2000,3.9,70,7,9,10,,,,,,,
4035,"Claim, The",Romance|Western,2000,2.83333333333333,3,6,18,,,,,,,,
4036,"Shadow of the Vampire",Drama|Horror,2000,3.13636363636364,11,7,11,,,,,,,,
4037,"House of Games",Crime|Film-Noir|Mystery|Thriller,1987,3.8125,8,9,10,12,19,,,,,,
4039,"Annie",Children|Musical,1982,3.125,16,3,15,,,,,,,,
4040,"Don't Tell Mom the Babysitter's Dead",Comedy,1991,2.34615384615385,13,4,,,,,,,,,
4041,"Officer and a Gentleman, An",Drama|Romance,1982,3.64285714285714,14,6,7,,,,,,,,
4042,"Alamo, The",Action|Drama|War|Western,1960,3.375,4,7,8,14,18,,,,,,
4043,"At Close Range",Crime|Drama,1986,3.33333333333333,3,7,9,,,,,,,,
4046,"Friendly Persuasion",Drama,1956,4,1,7,,,,,,,,,
4047,"Gettysburg",Drama|War,1993,3.66666666666667,9,7,14,,,,,,,,
4051,"Horrors of Spider Island",Horror|Sci-Fi,1960,0.5,1,11,13,,,,,,,,
4052,"Antitrust",Crime|Drama|Thriller,2001,3.5625,8,7,9,10,,,,,,,
4053,"Double Take",Action|Comedy,2001,2.5,2,4,8,,,,,,,,
4054,"Save the Last Dance",Drama|Romance,2001,2.84375,16,6,7,,,,,,,,
4055,"Panic",Drama,2000,4,2,7,,,,,,,,,
4056,"Pledge, The",Crime|Drama|Mystery|Thriller,2001,3.28571428571429,7,7,9,10,12,,,,,,
4061,"The Man in the Moon",Drama|Romance,1991,4,2,6,7,,,,,,,,
4062,"Mystic Pizza",Comedy|Drama|Romance,1988,3.375,8,4,6,7,,,,,,,
4063,"Prelude to a Kiss",Comedy|Drama|Romance,1992,2.5,4,4,6,7,,,,,,,
4064,"Coffy",Action|Crime|Thriller,1973,3.5,1,8,9,10,,,,,,,
4065,"Foxy Brown",Action|Crime|Drama,1974,2.5,1,7,8,9,,,,,,,
4066,"I'm Gonna Git You Sucka",Action|Comedy,1988,2.875,4,4,8,,,,,,,,
4067,"Untamed Heart",Drama|Romance,1993,3.375,4,6,7,,,,,,,,
4068,"Sugar & Spice",Comedy,2001,2.71428571428571,7,4,,,,,,,,,
4069,"Wedding Planner, The",Comedy|Romance,2001,2.90909090909091,22,4,6,,,,,,,,
4074,"Legend of Rita, The",Drama,1999,3,1,7,,,,,,,,,
4077,"With a Friend Like Harry...",Drama|Thriller,2000,4.5,2,7,10,,,,,,,,
4078,"Amazing Grace and Chuck",Drama,1987,4,1,7,,,,,,,,,
4079,"Amazon Women on the Moon",Comedy|Sci-Fi,1987,4.25,2,4,13,,,,,,,,
4080,"Baby Boom",Comedy,1987,3.25,2,4,,,,,,,,,
4081,"Back to the Beach",Comedy,1987,1.83333333333333,3,4,,,,,,,,,
4082,"Barfly",Comedy|Drama|Romance,1987,3.5,2,4,6,7,,,,,,,
4083,"Best Seller",Thriller,1987,4,1,10,,,,,,,,,
4084,"Beverly Hills Cop II",Action|Comedy|Crime|Thriller,1987,2.86842105263158,19,4,8,9,10,,,,,,
4085,"Beverly Hills Cop",Action|Comedy|Crime|Drama,1984,3.40217391304348,46,4,7,8,9,,,,,,
4086,"Big Easy, The",Action|Crime|Mystery|Romance|Thriller,1987,3.5,5,6,8,9,10,12,,,,,
4089,"Born in East L.A.",Comedy,1987,2,1,4,,,,,,,,,
4090,"Brave Little Toaster, The",Animation|Children,1987,3.5625,8,2,3,,,,,,,,
4091,"Can't Buy Me Love",Comedy|Romance,1987,3.25,4,4,6,,,,,,,,
4092,"Cherry 2000",Romance|Sci-Fi,1987,2.25,2,6,13,,,,,,,,
4093,"Cop",Thriller,1988,1.5,1,10,,,,,,,,,
4102,"Eddie Murphy Raw",Comedy|Documentary,1987,3.5,6,4,16,,,,,,,,
4103,"Empire of the Sun",Action|Adventure|Drama|War,1987,3.95,10,1,7,8,14,,,,,,
4104,"Ernest Goes to Camp",Comedy,1987,1.4,5,4,,,,,,,,,
4105,"Evil Dead, The",Fantasy|Horror|Thriller,1981,3.81818181818182,22,5,10,11,,,,,,,
4109,"Flowers in the Attic",Drama|Thriller,1987,2.57142857142857,7,7,10,,,,,,,,
4110,"Fourth Protocol, The",Thriller,1987,3,1,10,,,,,,,,,
4111,"Gardens of Stone",Drama|War,1987,3,1,7,14,,,,,,,,
4113,"Glass Menagerie, The",Drama,1987,3,2,7,,,,,,,,,
4115,"Hiding Out",Comedy,1987,2,1,4,,,,,,,,,
4116,"Hollywood Shuffle",Comedy,1987,5,1,4,,,,,,,,,
4117,"Hope and Glory",Drama,1987,4.33333333333333,3,7,,,,,,,,,
4121,"Innerspace",Action|Adventure|Comedy|Sci-Fi,1987,3.125,12,1,4,8,13,,,,,,
4123,"Ishtar",Comedy,1987,2,1,4,,,,,,,,,
4124,"Jaws: The Revenge",Horror|Thriller,1987,1.25,4,10,11,,,,,,,,
4125,"Leonard Part 6",Comedy|Sci-Fi,1987,0.75,2,4,13,,,,,,,,
4126,"Less Than Zero",Drama,1987,3.5,4,7,,,,,,,,,
4127,"Like Father, Like Son",Comedy,1987,1.66666666666667,3,4,,,,,,,,,
4128,"Lost Boys, The",Comedy|Horror|Thriller,1987,3.71153846153846,26,4,10,11,,,,,,,
4129,"Made in Heaven",Fantasy|Romance,1987,1,1,5,6,,,,,,,,
4130,"Maid to Order",Comedy|Fantasy,1987,1.83333333333333,3,4,5,,,,,,,,
4131,"Making Mr. Right",Comedy|Romance|Sci-Fi,1987,1.83333333333333,3,4,6,13,,,,,,,
4132,"Mannequin",Comedy|Romance,1987,2.625,8,4,6,,,,,,,,
4133,"Masters of the Universe",Action|Adventure|Fantasy|Sci-Fi,1987,2.5625,8,1,5,8,13,,,,,,
4135,"Monster Squad, The",Adventure|Comedy|Horror,1987,5,1,1,4,11,,,,,,,
4138,"My Demon Lover",Comedy|Horror,1987,1,2,4,11,,,,,,,,
4139,"No Man's Land",Crime|Drama,1987,3,1,7,9,,,,,,,,
4141,"Head Over Heels",Comedy|Romance,2001,2.5,4,4,6,,,,,,,,
4142,"Left Behind: The Movie",Action|Adventure|Drama|Thriller,2000,4.25,2,1,7,8,10,,,,,,
4143,"Valentine",Horror|Mystery,2001,3.5,1,11,12,,,,,,,,
4144,"In the Mood For Love",Drama|Romance,2000,4.21428571428571,14,6,7,,,,,,,,
4146,"Million Dollar Hotel, The",Drama|Mystery|Romance,2001,3,3,6,7,12,,,,,,,
4147,"Nico and Dani",Comedy|Drama|Romance,2000,4,2,4,6,7,,,,,,,
4148,"Hannibal",Horror|Thriller,2001,2.93589743589744,39,10,11,,,,,,,,
4149,"Saving Silverman",Comedy|Romance,2001,2.77272727272727,11,4,6,,,,,,,,
4152,"Vatel",Drama,2000,4.25,2,7,,,,,,,,,
4153,"Down to Earth",Comedy|Fantasy|Romance,2001,2.41666666666667,12,4,5,6,,,,,,,
4154,"Recess: School's Out",Animation|Children,2001,4,2,2,3,,,,,,,,
4155,"Sweet November",Drama|Romance,2001,3.3125,8,6,7,,,,,,,,
4156,"Company Man",Comedy,2000,2,1,4,,,,,,,,,
4157,"Price of Milk, The",Comedy|Drama|Fantasy|Romance,2000,4.5,1,4,5,6,7,,,,,,
4158,"Monkeybone",Animation|Comedy|Fantasy,2001,2.08333333333333,6,2,4,5,,,,,,,
4159,"3000 Miles to Graceland",Action|Thriller,2001,2.71428571428571,7,8,10,,,,,,,,
4160,"Widow of St. Pierre, The",Drama|Romance,2000,4.125,4,6,7,,,,,,,,
4161,"Mexican, The",Action|Comedy,2001,3.34782608695652,23,4,8,,,,,,,,
4164,"Caveman's Valentine, The",Drama,2001,3.5,2,7,,,,,,,,,
4166,"Series 7: The Contenders",Action|Drama,2001,2.5,2,7,8,,,,,,,,
4167,"15 Minutes",Thriller,2001,3,10,10,,,,,,,,,
4168,"Get Over It",Comedy|Romance,2001,2.75,4,4,6,,,,,,,,
4171,"Long Night's Journey Into Day",Documentary,2000,4,1,16,,,,,,,,,
4174,"Avalon",Drama,1990,3,1,7,,,,,,,,,
4175,"Gray's Anatomy",Comedy|Drama,1996,3.625,4,4,7,,,,,,,,
4178,"Of Mice and Men",Drama,1939,3.5,6,7,,,,,,,,,
4180,"Reform School Girls",Action|Drama,1986,5,1,7,8,,,,,,,,
4181,"Tapeheads",Comedy,1988,2,1,4,,,,,,,,,
4184,"Bishop's Wife, The",Comedy|Drama|Romance,1947,4,1,4,6,7,,,,,,,
4187,"Lilies of the Field",Drama,1963,3.83333333333333,3,7,,,,,,,,,
4189,"Greatest Story Ever Told, The",Drama,1965,2.5,1,7,,,,,,,,,
4190,"Elmer Gantry",Drama,1960,4,2,7,,,,,,,,,
4191,"Alfie",Comedy|Drama|Romance,1966,3.25,4,4,6,7,,,,,,,
4193,"Fantasticks, The",Musical,1995,4,2,15,,,,,,,,,
4194,"I Know Where I'm Going!",Drama|Romance|War,1945,NaN,NaN,6,7,14,,,,,,,
4195,"Abominable Dr. Phibes, The",Horror|Mystery,1971,3.83333333333333,3,11,12,,,,,,,,
4197,"Real Life",Comedy,1979,3,1,4,,,,,,,,,
4198,"Battle Beyond the Stars",Sci-Fi,1980,3,1,13,,,,,,,,,
4200,"Double Impact",Action,1991,3.25,2,8,,,,,,,,,
4202,"Fuzz",Drama,1972,3,1,7,,,,,,,,,
4203,"Harley Davidson and the Marlboro Man",Action|Crime|Drama,1991,3.16666666666667,6,7,8,9,,,,,,,
4204,"Losin' It",Comedy,1983,1,1,4,,,,,,,,,
4205,"Mermaids",Comedy|Drama|Romance,1990,3.16666666666667,6,4,6,7,,,,,,,
4207,"Navy Seals",Action|Adventure|War,1990,2,3,1,8,14,,,,,,,
4210,"Manhunter",Action|Crime|Drama|Horror|Thriller,1986,3.91666666666667,6,7,8,9,10,11,,,,,
4211,"Reversal of Fortune",Drama,1990,3.75,6,7,,,,,,,,,
4212,"Death on the Nile",Crime|Mystery,1978,3,1,9,12,,,,,,,,
4214,"Revenge of the Nerds",Comedy,1984,2.88461538461538,13,4,,,,,,,,,
4215,"Revenge of the Nerds II: Nerds in Paradise",Comedy,1987,2.08333333333333,6,4,,,,,,,,,
4217,"4 Little Girls",Documentary,1997,4.25,2,16,,,,,,,,,
4218,"River's Edge",Crime|Drama,1986,3.5,1,7,9,,,,,,,,
4219,"Girls Just Want to Have Fun",Comedy,1985,3.33333333333333,3,4,,,,,,,,,
4220,"Longest Yard, The",Comedy,1974,3.4,5,4,,,,,,,,,
4221,"Necessary Roughness",Comedy,1991,2.625,4,4,,,,,,,,,
4223,"Enemy at the Gates",Drama|War,2001,3.5125,40,7,14,,,,,,,,
4224,"Exit Wounds",Action|Thriller,2001,2.75,2,8,10,,,,,,,,
4225,"Dish, The",Comedy,2001,4,7,4,,,,,,,,,
4226,"Memento",Mystery|Thriller,2000,4.12264150943396,159,10,12,,,,,,,,
4228,"Heartbreakers",Comedy|Crime|Romance,2001,2.15,10,4,6,9,,,,,,,
4229,"Say It Isn't So",Comedy|Romance,2001,2.125,4,4,6,,,,,,,,
4231,"Someone Like You",Comedy|Romance,2001,3.5,5,4,6,,,,,,,,
4232,"Spy Kids",Action|Adventure|Children|Comedy,2001,2.94642857142857,28,1,3,4,8,,,,,,
4233,"Tomcats",Comedy,2001,2,6,4,,,,,,,,,
4234,"Tailor of Panama, The",Drama|Thriller,2001,3.2,5,7,10,,,,,,,,
4235,"Amores Perros",Drama|Thriller,2000,3.93478260869565,23,7,10,,,,,,,,
4236,"Keep the River on Your Right: A Modern Cannibal Tale",Documentary,2000,3.5,1,16,,,,,,,,,
4237,"Gleaners & I, The",Documentary,2000,4,1,16,,,,,,,,,
4238,"Along Came a Spider",Action|Crime|Mystery|Thriller,2001,3.14705882352941,17,8,9,10,12,,,,,,
4239,"Blow",Crime|Drama,2001,3.81372549019608,51,7,9,,,,,,,,
4240,"Just Visiting",Comedy|Fantasy,2001,2,1,4,5,,,,,,,,
4241,"Pokémon 3: The Movie",Animation|Children,2001,2.1,5,2,3,,,,,,,,
4242,"Beautiful Creatures",Comedy|Crime|Drama|Thriller,2000,2,1,4,7,9,10,,,,,,
4243,"Brigham City",Crime|Drama|Mystery,2001,4,1,7,9,12,,,,,,,
4246,"Bridget Jones's Diary",Comedy|Drama|Romance,2001,3.62307692307692,65,4,6,7,,,,,,,
4247,"Joe Dirt",Adventure|Comedy|Mystery|Romance,2001,2.38095238095238,21,1,4,6,12,,,,,,
4248,"Josie and the Pussycats",Comedy,2001,1.75,6,4,,,,,,,,,
4251,"Chopper",Drama|Thriller,2000,2,1,7,10,,,,,,,,
4252,"Circle, The",Drama,2000,3.25,2,7,,,,,,,,,
4254,"Crocodile Dundee in Los Angeles",Comedy|Drama,2001,2.19230769230769,13,4,7,,,,,,,,
4255,"Freddy Got Fingered",Comedy,2001,2.2,10,4,,,,,,,,,
4256,"Center of the World, The",Drama,2001,3.66666666666667,3,7,,,,,,,,,
4259,"Luzhin Defence, The",Drama|Romance,2000,3.5,4,6,7,,,,,,,,
4260,"Visit, The",Drama,2000,2,1,7,,,,,,,,,
4262,"Scarface",Action|Crime|Drama,1983,3.93283582089552,67,7,8,9,,,,,,,
4263,"Days of Wine and Roses",Drama,1962,4,2,7,,,,,,,,,
4265,"Driven",Action|Thriller,2001,3,5,8,10,,,,,,,,
4267,"One Night at McCool's",Comedy,2001,3.4,5,4,,,,,,,,,
4268,"Town & Country",Comedy,2001,2.5,2,4,,,,,,,,,
4270,"Mummy Returns, The",Action|Adventure|Comedy|Thriller,2001,3.08888888888889,45,1,4,8,10,,,,,,
4273,"Under the Sand",Drama,2000,4.5,2,7,,,,,,,,,
4275,"Krull",Action|Adventure|Fantasy|Sci-Fi,1983,2.9,5,1,5,8,13,,,,,,
4276,"Lost in America",Comedy,1985,2.5,2,4,,,,,,,,,
4278,"Triumph of the Will",Documentary,1934,4.16666666666667,3,16,,,,,,,,,
4280,"World According to Garp, The",Comedy|Drama|Romance,1982,3.55555555555556,9,4,6,7,,,,,,,
4282,"Fellini Satyricon",Drama|Fantasy,1969,3.5,1,5,7,,,,,,,,
4284,"Frankie and Johnny",Comedy,1966,3,1,4,,,,,,,,,
4285,"Frankie and Johnny",Comedy|Romance,1991,2.83333333333333,3,4,6,,,,,,,,
4289,"City of Women, The",Comedy|Drama,1980,2.83333333333333,3,4,7,,,,,,,,
4290,"For the Boys",Comedy|Drama|Musical,1991,2,1,4,7,15,,,,,,,
4291,"Nine to Five",Comedy|Crime,1980,2.72727272727273,11,4,9,,,,,,,,
4292,"Norma Rae",Drama,1979,3.5,2,7,,,,,,,,,
4293,"Summer Rental",Comedy,1985,2.5,4,4,,,,,,,,,
4294,"5,000 Fingers of Dr. T, The",Children|Fantasy|Musical,1953,4,2,3,5,15,,,,,,,
4296,"Love Story",Drama|Romance,1970,3,2,6,7,,,,,,,,
4297,"Pelle the Conqueror",Drama,1987,3.75,2,7,,,,,,,,,
4298,"Rififi",Crime|Film-Noir|Thriller,1955,4.75,2,9,10,19,,,,,,,
4299,"Knight's Tale, A",Action|Comedy|Romance,2001,3.34146341463415,41,4,6,8,,,,,,,
4300,"Bread and Roses",Drama,2000,4,3,7,,,,,,,,,
4304,"Startup.com",Documentary,2001,3.6,5,16,,,,,,,,,
4305,"Angel Eyes",Romance|Thriller,2001,1.625,4,6,10,,,,,,,,
4306,"Shrek",Adventure|Animation|Children|Comedy|Fantasy|Romance,2001,3.86764705882353,170,1,2,3,4,5,6,,,,
4307,"Fast Food, Fast Women",Comedy|Romance,2000,4.5,1,4,6,,,,,,,,
4308,"Moulin Rouge",Drama|Musical|Romance,2001,3.59090909090909,55,6,7,15,,,,,,,
4310,"Pearl Harbor",Action|Drama|Romance|War,2001,2.96511627906977,43,6,7,8,14,,,,,,
4312,"Himalaya",Adventure|Drama,1999,3.5,2,1,7,,,,,,,,
4313,"Man Who Cried, The",Drama,2000,3.5,2,7,,,,,,,,,
4316,"Ice Castles",Drama,1978,2,2,7,,,,,,,,,
4317,"Love Potion #9",Comedy|Romance,1992,2.5,3,4,6,,,,,,,,
4321,"City Slickers",Comedy|Western,1991,3.37096774193548,31,4,18,,,,,,,,
4322,"Eight Men Out",Drama,1988,3.75,10,7,,,,,,,,,
4323,"Horse Soldiers, The",Adventure|War|Western,1959,4,1,1,14,18,,,,,,,
4325,"Night, The",Drama,1960,4,1,7,,,,,,,,,
4326,"Mississippi Burning",Crime|Drama|Thriller,1988,3.59090909090909,11,7,9,10,,,,,,,
4327,"Magnificent Seven, The",Adventure|Western,1960,3.59375,16,1,18,,,,,,,,
4329,"Rio Bravo",Western,1959,3.66666666666667,3,18,,,,,,,,,
4333,"Throw Momma from the Train",Comedy|Crime,1987,3.2,10,4,9,,,,,,,,
4334,"Yi Yi",Drama,2000,4.6,5,7,,,,,,,,,
4337,"Sand Pebbles, The",Drama|Romance|War,1966,3.5,2,6,7,14,,,,,,,
4338,"Twelve O'Clock High",Drama|War,1949,4.5,1,7,14,,,,,,,,
4339,"Von Ryan's Express",Action|Adventure|Drama|War,1965,3.75,4,1,7,8,14,,,,,,
4340,"Animal, The",Comedy,2001,2.13636363636364,11,4,,,,,,,,,
4342,"Big Eden",Drama|Romance,2000,4.5,1,6,7,,,,,,,,
4343,"Evolution",Comedy|Sci-Fi,2001,3.03703703703704,27,4,13,,,,,,,,
4344,"Swordfish",Action|Crime|Drama,2001,3.10294117647059,34,7,8,9,,,,,,,
4345,"Anniversary Party, The",Drama,2001,4,3,7,,,,,,,,,
4347,"Divided We Fall",Comedy|Drama,2000,3.83333333333333,3,4,7,,,,,,,,
4349,"Catch-22",Comedy|War,1970,3.75,8,4,14,,,,,,,,
4350,"Forgotten Silver",Comedy|Documentary,1996,4.25,2,4,16,,,,,,,,
4351,"Point Break",Action|Crime|Thriller,1991,3.25,16,8,9,10,,,,,,,
4353,"Uncommon Valor",Action|War,1983,3,1,8,14,,,,,,,,
4354,"Unlawful Entry",Crime|Thriller,1992,2.5,1,9,10,,,,,,,,
4355,"Youngblood",Action|Drama,1986,2,2,7,8,,,,,,,,
4356,"Gentlemen Prefer Blondes",Comedy|Musical|Romance,1953,3.8,5,4,6,15,,,,,,,
4357,"How to Marry a Millionaire",Comedy|Drama|Romance,1953,4.5,1,4,6,7,,,,,,,
4359,"Seven Year Itch, The",Comedy,1955,3.375,8,4,,,,,,,,,
4361,"Tootsie",Comedy|Romance,1982,3.421875,32,4,6,,,,,,,,
4366,"Atlantis: The Lost Empire",Adventure|Animation|Children|Fantasy,2001,3.34210526315789,19,1,2,3,5,,,,,,
4367,"Lara Croft: Tomb Raider",Action|Adventure,2001,2.9,40,1,8,,,,,,,,
4368,"Dr. Dolittle 2",Comedy,2001,2.36363636363636,11,4,,,,,,,,,
4369,"Fast and the Furious, The",Action|Crime|Thriller,2001,3.06666666666667,45,8,9,10,,,,,,,
4370,"A.I. Artificial Intelligence",Adventure|Drama|Sci-Fi,2001,3.33928571428571,56,1,7,13,,,,,,,
4371,"Baby Boy",Crime|Drama,2001,0.5,1,7,9,,,,,,,,
4372,"Crazy/Beautiful",Drama|Romance,2001,3.4,5,6,7,,,,,,,,
4373,"Pootie Tang",Comedy,2001,3.16666666666667,3,4,,,,,,,,,
4374,"Let It Snow",Comedy|Romance,1999,4.5,1,4,6,,,,,,,,
4378,"Sexy Beast",Crime|Drama,2000,3.71428571428571,14,7,9,,,,,,,,
4380,"Princess and the Warrior, The",Drama|Romance,2000,3.85714285714286,7,6,7,,,,,,,,
4381,"Closet, The",Comedy,2001,3.375,4,4,,,,,,,,,
4383,"Crimson Rivers, The",Crime|Drama|Mystery|Thriller,2000,3.5,5,7,9,10,12,,,,,,
4384,"Lumumba",Drama,2000,3,1,7,,,,,,,,,
4386,"Cats & Dogs",Children|Comedy,2001,2.81818181818182,11,3,4,,,,,,,,
4387,"Kiss of the Dragon",Action,2001,3.77777777777778,9,8,,,,,,,,,
4388,"Scary Movie 2",Comedy,2001,2.65384615384615,26,4,,,,,,,,,
4389,"Lost and Delirious",Drama,2001,3.625,4,7,,,,,,,,,
4390,"Rape Me",Crime|Drama|Thriller,2000,3.5,2,7,9,10,,,,,,,
4392,"Alice",Comedy|Drama|Fantasy|Romance,1990,3,3,4,5,6,7,,,,,,
4393,"Another Woman",Drama,1988,4.5,1,7,,,,,,,,,
4394,"Beach Blanket Bingo",Comedy|Musical,1965,1.5,1,4,15,,,,,,,,
4395,"Big Deal on Madonna Street",Comedy|Crime,1958,4,1,4,9,,,,,,,,
4396,"Cannonball Run, The",Action|Comedy,1981,2.75,10,4,8,,,,,,,,
4397,"Cannonball Run II",Action|Comedy,1984,2.5,2,4,8,,,,,,,,
4399,"Diary of a Chambermaid",Comedy|Drama,1964,3.75,2,4,7,,,,,,,,
4402,"Dr. Goldfoot and the Bikini Machine",Comedy,1965,5,1,4,,,,,,,,,
4403,"Fall of the House of Usher, The",Horror,1960,3,2,11,,,,,,,,,
4404,"Faust",Drama|Fantasy|Horror,1926,4,1,5,7,11,,,,,,,
4406,"Man Who Shot Liberty Valance, The",Crime|Drama|Western,1962,4.4,5,7,9,18,,,,,,,
4407,"Salvador",Drama|Thriller|War,1986,4.5,1,7,10,14,,,,,,,
4408,"September",Drama,1987,3.5,1,7,,,,,,,,,
4409,"Shadows and Fog",Comedy|Drama|Mystery|Thriller,1991,3.33333333333333,3,4,7,10,12,,,,,,
4410,"Something Wild",Comedy|Crime|Drama,1986,4,1,4,7,9,,,,,,,
4412,"Thing with Two Heads, The",Comedy|Horror|Sci-Fi,1972,0.75,2,4,11,13,,,,,,,
4419,"All That Heaven Allows",Drama|Romance,1955,4.25,4,6,7,,,,,,,,
4420,"Barefoot Contessa, The",Drama,1954,3,1,7,,,,,,,,,
4422,"Cries and Whispers",Drama,1972,4,2,7,,,,,,,,,
4424,"Garden of the Finzi-Continis, The",Drama,1970,3.66666666666667,3,7,,,,,,,,,
4426,"Kiss Me Deadly",Film-Noir,1955,4,2,19,,,,,,,,,
4427,"Lion in Winter, The",Drama,1968,3.66666666666667,9,7,,,,,,,,,
4428,"Misfits, The",Comedy|Drama|Romance|Western,1961,3.25,2,4,6,7,18,,,,,,
4429,"Moby Dick",Drama,1956,4.5,2,7,,,,,,,,,
4432,"Sweet Smell of Success",Drama|Film-Noir,1957,4.125,4,7,19,,,,,,,,
4433,"Written on the Wind",Drama,1956,4.25,2,7,,,,,,,,,
4434,"10th Victim, The",Action|Comedy|Sci-Fi|Thriller,1965,4,1,4,8,10,13,,,,,,
4436,"Obsession",Mystery|Thriller,1976,3,1,10,12,,,,,,,,
4437,"Suspiria",Horror,1977,3.9375,8,11,,,,,,,,,
4438,"Fist of Fury",Action|Drama|Romance|Thriller,1972,3.83333333333333,3,6,7,8,10,,,,,,
4439,"Christiane F.",Drama,1981,3.625,4,7,,,,,,,,,
4440,"Big Boss, The",Action|Thriller,1971,3.75,2,8,10,,,,,,,,
4441,"Game of Death",Action,1978,4.16666666666667,3,8,,,,,,,,,
4442,"Last Dragon, The",Action|Comedy|Drama,1985,2.66666666666667,3,4,7,8,,,,,,,
4443,"Outland",Action|Sci-Fi|Thriller,1981,2.75,2,8,10,13,,,,,,,
4444,"Way of the Dragon, The",Action|Crime,1972,4.16666666666667,3,8,9,,,,,,,,
4445,"T-Rex: Back to the Cretaceous",Adventure|Documentary|IMAX,1998,4,1,1,16,17,,,,,,,
4446,"Final Fantasy: The Spirits Within",Adventure|Animation|Fantasy|Sci-Fi,2001,3.35483870967742,31,1,2,5,13,,,,,,
4447,"Legally Blonde",Comedy|Romance,2001,3.15625,64,4,6,,,,,,,,
4448,"Score, The",Action|Drama,2001,3.55,20,7,8,,,,,,,,
4449,"Adanggaman",Drama,2000,2,1,7,,,,,,,,,
4450,"Bully",Crime|Drama|Thriller,2001,3.64285714285714,7,7,9,10,,,,,,,
4451,"Jump Tomorrow",Comedy|Drama|Romance,2001,3.5,1,4,6,7,,,,,,,
4452,"Made",Comedy,2001,2.66666666666667,6,4,,,,,,,,,
4453,"Michael Jordan to the Max",Documentary|IMAX,2000,3.5,1,16,17,,,,,,,,
4454,"More",Animation|Drama|Sci-Fi|IMAX,1998,5,1,2,7,13,17,,,,,,
4458,"Africa: The Serengeti",Documentary|IMAX,1994,4,1,16,17,,,,,,,,
4459,"Alaska: Spirit of the Wild",Documentary|IMAX,1997,4,1,16,17,,,,,,,,
4462,"18 Again!",Comedy|Fantasy,1988,1.5,2,4,5,,,,,,,,
4463,"1969",Drama|War,1988,2,1,7,14,,,,,,,,
4464,"Accidental Tourist, The",Comedy|Drama|Romance,1988,3.6,5,4,6,7,,,,,,,
4465,"Accused, The",Drama,1988,3.7,5,7,,,,,,,,,
4466,"Above the Law",Action|Crime|Drama,1988,2.5,2,7,8,9,,,,,,,
4467,"Adventures of Baron Munchausen, The",Adventure|Comedy|Fantasy,1988,3.76923076923077,13,1,4,5,,,,,,,
4470,"Ariel",Drama,1988,3,2,7,,,,,,,,,
4471,"Arthur 2: On the Rocks",Comedy|Romance,1988,1.5,3,4,6,,,,,,,,
4473,"Bat*21",Drama|War,1988,3,1,7,14,,,,,,,,
4474,"Beaches",Comedy|Drama|Musical,1988,2.9,5,4,7,15,,,,,,,
4475,"Beast of War, The",Drama|War,1988,4,1,7,14,,,,,,,,
4476,"Big Business",Comedy,1988,2.33333333333333,3,4,,,,,,,,,
4477,"Big Top Pee-Wee",Adventure|Children|Comedy,1988,1.9375,8,1,3,4,,,,,,,
4478,"Biloxi Blues",Comedy|Drama,1988,3.5,2,4,7,,,,,,,,
4480,"Blob, The",Horror|Sci-Fi,1988,2.83333333333333,3,11,13,,,,,,,,
4482,"Bright Lights, Big City",Drama,1988,3.16666666666667,3,7,,,,,,,,,
4483,"Caddyshack II",Comedy,1988,1.5,3,4,,,,,,,,,
4484,"Camille Claudel",Drama,1988,3.75,2,7,,,,,,,,,
4487,"Cocktail",Drama|Romance,1988,2.95454545454545,11,6,7,,,,,,,,
4488,"Colors",Action|Crime|Drama,1988,3.33333333333333,3,7,8,9,,,,,,,
4489,"Coming to America",Comedy|Romance,1988,3.45833333333333,24,4,6,,,,,,,,
4490,"Couch Trip, The",Comedy,1988,2,1,4,,,,,,,,,
4492,"Critters",Comedy|Sci-Fi,1986,3,3,4,13,,,,,,,,
4495,"Crossing Delancey",Comedy|Romance,1988,5,1,4,6,,,,,,,,
4496,"D.O.A.",Film-Noir|Mystery|Thriller,1988,3.5,1,10,12,19,,,,,,,
4497,"Dead Heat",Action|Comedy|Horror|Sci-Fi,1988,3,1,4,8,11,13,,,,,,
4498,"Dead Pool, The",Action|Crime|Thriller,1988,3,6,8,9,10,,,,,,,
4499,"Dirty Rotten Scoundrels",Comedy,1988,4.125,16,4,,,,,,,,,
4500,"Drowning by Numbers",Comedy|Drama,1988,4,1,4,7,,,,,,,,
4502,"Ernest Saves Christmas",Children|Comedy,1988,1.625,4,3,4,,,,,,,,
4504,"Feds",Comedy,1988,1.5,1,4,,,,,,,,,
4505,"For Keeps",Drama|Romance,1988,3,1,6,7,,,,,,,,
4506,"Frantic",Crime|Mystery|Thriller,1988,3.16666666666667,3,9,10,12,,,,,,,
4508,"Gorillas in the Mist",Drama,1988,3.5,8,7,,,,,,,,,
4509,"Great Outdoors, The",Comedy,1988,2.9,5,4,,,,,,,,,
4511,"High Spirits",Comedy,1988,2,1,4,,,,,,,,,
4516,"Johnny Be Good",Comedy,1988,3,2,4,,,,,,,,,
4517,"Lady in White",Horror|Mystery|Thriller,1988,1.75,2,10,11,12,,,,,,,
4518,"The Lair of the White Worm",Comedy|Horror,1988,3.75,4,4,11,,,,,,,,
4519,"Land Before Time, The",Adventure|Animation|Children|Fantasy,1988,3.33333333333333,9,1,2,3,5,,,,,,
4520,"License to Drive",Comedy,1988,2.33333333333333,3,4,,,,,,,,,
4521,"Little Nikita",Drama,1988,3,1,7,,,,,,,,,
4522,"Masquerade",Mystery|Romance|Thriller,1988,1,1,6,10,12,,,,,,,
4523,"Milagro Beanfield War",Comedy|Drama|Fantasy,1988,3.5,2,4,5,7,,,,,,,
4524,"Moon Over Parador",Comedy,1988,3,1,4,,,,,,,,,
4526,"My Stepmother Is an Alien",Comedy|Romance|Sci-Fi,1988,3.1,5,4,6,13,,,,,,,
4527,"Night in the Life of Jimmy Reardon, A",Comedy|Romance,1988,2.5,2,4,6,,,,,,,,
4529,"Bagdad Cafe",Comedy|Drama,1987,3.875,4,4,7,,,,,,,,
4531,"Red Heat",Action,1988,2.66666666666667,3,8,,,,,,,,,
4533,"Return of the Living Dead, The",Comedy|Horror|Sci-Fi,1985,3.75,4,4,11,13,,,,,,,
4534,"Return to Snowy River",Adventure|Drama|Western,1988,2.5,2,1,7,18,,,,,,,
4535,"Man from Snowy River, The",Drama|Romance|Western,1982,3.375,4,6,7,18,,,,,,,
4537,"Running on Empty",Drama,1988,4.33333333333333,3,7,,,,,,,,,
4541,"Serpent and the Rainbow, The",Horror,1988,3.5,2,11,,,,,,,,,
4544,"Short Circuit 2",Comedy|Sci-Fi,1988,2.9,5,4,13,,,,,,,,
4545,"Short Circuit",Comedy|Sci-Fi,1986,3.275,20,4,13,,,,,,,,
4546,"Vanishing, The",Drama|Thriller,1988,3.91666666666667,6,7,10,,,,,,,,
4552,"Tetsuo, the Ironman",Action|Horror|Sci-Fi|Thriller,1988,3.5,3,8,10,11,13,,,,,,
4553,"They Live",Action|Sci-Fi|Thriller,1988,3.72222222222222,9,8,10,13,,,,,,,
4557,"Tucker: The Man and His Dream",Drama,1988,3,1,7,,,,,,,,,
4558,"Twins",Comedy,1988,2.46428571428571,14,4,,,,,,,,,
4562,"Without a Clue",Comedy|Mystery,1988,4,1,4,12,,,,,,,,
4563,"Young Einstein",Comedy,1988,1.83333333333333,3,4,,,,,,,,,
4564,"Always",Drama|Fantasy|Romance,1989,2.83333333333333,6,5,6,7,,,,,,,
4565,"American Ninja",Action|Adventure,1985,2.5,2,1,8,,,,,,,,
4568,"Best of the Best",Action,1989,2.5,1,8,,,,,,,,,
4571,"Bill & Ted's Excellent Adventure",Adventure|Comedy|Sci-Fi,1989,3.7,45,1,4,13,,,,,,,
4572,"Black Rain",Action|Crime|Drama,1989,3,3,7,8,9,,,,,,,
4573,"Blaze",Comedy|Drama,1989,2,1,4,7,,,,,,,,
4574,"Blind Fury",Action|Thriller,1989,3.25,2,8,10,,,,,,,,
4577,"Casualties of War",Drama|War,1989,3.83333333333333,3,7,14,,,,,,,,
4578,"Chances Are",Comedy|Romance,1989,2.5,2,4,6,,,,,,,,
4580,"Cyborg",Action|Sci-Fi,1989,0.5,2,8,13,,,,,,,,
4581,"Dad",Drama,1989,4,1,7,,,,,,,,,
4583,"Disorganized Crime",Action|Comedy,1989,4,1,4,8,,,,,,,,
4584,"Dream a Little Dream",Comedy|Drama|Romance,1989,2,1,4,6,7,,,,,,,
4585,"Dream Team, The",Comedy,1989,3.375,4,4,,,,,,,,,
4587,"Earth Girls Are Easy",Comedy|Musical|Sci-Fi,1988,2.25,8,4,13,15,,,,,,,
4589,"Eddie and the Cruisers",Drama|Musical|Mystery,1983,2,2,7,12,15,,,,,,,
4591,"Erik the Viking",Adventure|Comedy|Fantasy,1989,3,5,1,4,5,,,,,,,
4593,"Family Business",Comedy,1989,2.25,2,4,,,,,,,,,
4594,"Farewell to the King",Action|War,1989,3,1,8,14,,,,,,,,
4595,"Fat Man and Little Boy",Drama,1989,3.5,1,7,,,,,,,,,
4597,"Gleaming the Cube",Action|Drama|Mystery,1989,2,1,7,8,12,,,,,,,
4599,"Great Balls of Fire!",Drama,1989,2.5,2,7,,,,,,,,,
4600,"Gross Anatomy",Comedy|Drama,1989,3.25,2,4,7,,,,,,,,
4602,"Harlem Nights",Comedy|Crime|Romance,1989,3,3,4,6,9,,,,,,,
4603,"Her Alibi",Comedy|Romance,1989,2.5,1,4,6,,,,,,,,
4605,"How to Get Ahead in Advertising",Comedy|Fantasy,1989,3.625,4,4,5,,,,,,,,
4608,"Innocent Man, An",Crime|Drama,1989,2.25,2,7,9,,,,,,,,
4610,"January Man, The",Comedy|Crime|Mystery|Thriller,1989,2,1,4,9,10,12,,,,,,
4611,"Johnny Handsome",Crime|Drama,1989,4,1,7,9,,,,,,,,
4612,"Jesus of Montreal",Drama,1989,4.5,1,7,,,,,,,,,
4613,"K-9",Action|Comedy|Crime,1989,2,1,4,8,9,,,,,,,
4614,"Kickboxer",Action,1989,2.5,1,8,,,,,,,,,
4615,"Last Exit to Brooklyn",Drama,1989,4,1,7,,,,,,,,,
4616,"Lean on Me",Drama,1989,3.5,6,7,,,,,,,,,
4617,"Let It Ride",Comedy,1989,3.5,2,4,,,,,,,,,
4619,"Little Monsters",Comedy,1989,2.25,2,4,,,,,,,,,
4621,"Look Who's Talking",Comedy|Romance,1989,2.38888888888889,18,4,6,,,,,,,,
4622,"Loverboy",Comedy,1989,2.5,2,4,,,,,,,,,
4623,"Major League",Comedy,1989,3.575,20,4,,,,,,,,,
4624,"Meet the Feebles",Animation|Comedy|Musical,1989,3,3,2,4,15,,,,,,,
4625,"Millennium",Drama|Sci-Fi|Thriller,1989,2,3,7,10,13,,,,,,,
4626,"Miracle Mile",Drama|Romance|Sci-Fi,1989,3.5,2,6,7,13,,,,,,,
4628,"New York Stories",Comedy|Drama,1989,3.125,4,4,7,,,,,,,,
4629,"Next of Kin",Action|Crime|Thriller,1989,1.75,2,8,9,10,,,,,,,
4630,"No Holds Barred",Action,1989,1,1,8,,,,,,,,,
4632,"Package, The",Action|Thriller,1989,3,2,8,10,,,,,,,,
4634,"Penn & Teller Get Killed",Adventure|Comedy,1989,4,2,1,4,,,,,,,,
4635,"Pink Cadillac",Action|Comedy|Drama,1989,1,1,4,7,8,,,,,,,
4636,"Punisher, The",Action,1989,2.33333333333333,3,8,,,,,,,,,
4638,"Jurassic Park III",Action|Adventure|Sci-Fi|Thriller,2001,2.84722222222222,36,1,8,10,13,,,,,,
4639,"America's Sweethearts",Comedy|Romance,2001,2.58333333333333,18,4,6,,,,,,,,
4640,"Brother",Action|Crime|Thriller,2000,3.75,4,8,9,10,,,,,,,
4641,"Ghost World",Comedy|Drama,2001,3.5,34,4,7,,,,,,,,
4642,"Hedwig and the Angry Inch",Comedy|Drama|Musical,2000,4.18181818181818,11,4,7,15,,,,,,,
4643,"Planet of the Apes",Action|Adventure|Drama|Sci-Fi,2001,2.74489795918367,49,1,7,8,13,,,,,,
4644,"Bread and Tulips",Comedy|Drama|Romance,2000,3.66666666666667,3,4,6,7,,,,,,,
4645,"Cure",Crime|Horror|Thriller,1997,4.5,1,9,10,11,,,,,,,
4646,"Greenfingers",Comedy|Drama,2000,1.5,1,4,7,,,,,,,,
4649,"Wet Hot American Summer",Comedy,2001,3.64285714285714,7,4,,,,,,,,,
4653,"Return of the Musketeers, The",Adventure|Comedy,1989,3,1,1,4,,,,,,,,
4654,"Road House",Action|Drama,1989,2.78571428571429,7,7,8,,,,,,,,
4658,"Santa Sangre",Drama|Horror|Mystery|Thriller,1989,3.5,1,7,10,11,12,,,,,,
4660,"Scenes from the Class Struggle in Beverly Hills",Comedy,1989,4,1,4,,,,,,,,,
4661,"Sea of Love",Crime|Drama|Thriller,1989,3,2,7,9,10,,,,,,,
4662,"See No Evil, Hear No Evil",Comedy|Crime,1989,3.16666666666667,3,4,9,,,,,,,,
4663,"She's Out of Control",Comedy,1989,2.83333333333333,3,4,,,,,,,,,
4666,"Skin Deep",Comedy,1989,3,1,4,,,,,,,,,
4670,"Stepfather, The",Horror|Thriller,1987,2.5,1,10,11,,,,,,,,
4671,"Sweetie",Drama,1989,3.5,1,7,,,,,,,,,
4672,"Tall Guy, The",Comedy|Romance,1989,2.75,2,4,6,,,,,,,,
4673,"Tango & Cash",Action|Comedy|Crime|Thriller,1989,1.66666666666667,3,4,8,9,10,,,,,,
4675,"Three Fugitives",Action|Comedy,1989,1,1,4,8,,,,,,,,
4676,"Troop Beverly Hills",Comedy,1989,1.91666666666667,6,4,,,,,,,,,
4677,"Turner & Hooch",Comedy|Crime,1989,3.03846153846154,13,4,9,,,,,,,,
4678,"UHF",Comedy,1989,3.44444444444444,9,4,,,,,,,,,
4679,"Uncle Buck",Comedy,1989,2.88461538461538,13,4,,,,,,,,,
4681,"War of the Roses, The",Comedy|Drama,1989,3.64285714285714,7,4,7,,,,,,,,
4683,"Wizard, The",Adventure|Children|Comedy|Drama,1989,3.25,2,1,3,4,7,,,,,,
4686,"Weekend at Bernie's II",Adventure|Comedy,1993,1.625,4,1,4,,,,,,,,
4687,"Billy Liar",Comedy,1963,3.5,1,4,,,,,,,,,
4688,"Black Robe",Adventure|Drama,1991,3.33333333333333,3,1,7,,,,,,,,
4689,"Cat o' Nine Tails, The",Mystery|Thriller,1971,3.5,1,10,12,,,,,,,,
4690,"Cotton Club, The",Crime|Musical,1984,3.25,2,9,15,,,,,,,,
4695,"Who'll Stop the Rain",Crime|Drama,1978,4,1,7,9,,,,,,,,
4697,"Basket Case",Comedy|Horror,1982,2.625,4,4,11,,,,,,,,
4699,"Original Sin",Drama|Romance|Thriller,2001,2.75,2,6,7,10,,,,,,,
4700,"Princess Diaries, The",Children|Comedy|Romance,2001,3.03703703703704,27,3,4,6,,,,,,,
4701,"Rush Hour 2",Action|Comedy,2001,3.37096774193548,31,4,8,,,,,,,,
4703,"Chocolat",Drama,1988,3.375,4,7,,,,,,,,,
4704,"Hatari!",Adventure|Comedy,1962,3,1,1,4,,,,,,,,
4705,"Cage aux Folles, La",Comedy,1978,3,1,4,,,,,,,,,
4708,"Marat/Sade",Drama|Musical,1966,4.5,2,7,15,,,,,,,,
4709,"Paint Your Wagon",Comedy|Musical|Western,1969,2.83333333333333,3,4,15,18,,,,,,,
4710,"Shootist, The",Drama|Western,1976,3.5,1,7,18,,,,,,,,
4711,"Theremin: An Electronic Odyssey",Documentary,1993,4,2,16,,,,,,,,,
4713,"Altered States",Drama|Sci-Fi,1980,3.57142857142857,7,7,13,,,,,,,,
4714,"Any Which Way You Can",Comedy,1980,2,2,4,,,,,,,,,
4715,"Awakening, The",Horror,1980,3,1,11,,,,,,,,,
4717,"Battle Creek Brawl",Action|Comedy,1980,4,1,4,8,,,,,,,,
4718,"American Pie 2",Comedy,2001,3.06666666666667,45,4,,,,,,,,,
4719,"Osmosis Jones",Action|Animation|Comedy|Crime|Drama|Romance|Thriller,2001,2.625,8,2,4,6,7,8,9,10,,,
4720,"Others, The",Drama|Horror|Mystery|Thriller,2001,3.62727272727273,55,7,10,11,12,,,,,,
4721,"American Outlaws",Action|Comedy|Western,2001,2.125,4,4,8,18,,,,,,,
4722,"All Over the Guy",Comedy,2001,3,1,4,,,,,,,,,
4723,"Deep End, The",Drama,2001,1.83333333333333,3,7,,,,,,,,,
4725,"Session 9",Horror|Thriller,2001,3.625,4,10,11,,,,,,,,
4727,"Captain Corelli's Mandolin",Drama|Romance|War,2001,3.125,4,6,7,14,,,,,,,
4728,"Rat Race",Comedy,2001,3.05555555555556,18,4,,,,,,,,,
4732,"Bubble Boy",Comedy,2001,1.88888888888889,9,4,,,,,,,,,
4733,"Curse of the Jade Scorpion, The",Comedy,2001,2.5,3,4,,,,,,,,,
4734,"Jay and Silent Bob Strike Back",Adventure|Comedy,2001,3.16176470588235,34,1,4,,,,,,,,
4735,"Ghosts of Mars",Horror|Sci-Fi|Thriller,2001,2.6,5,10,11,13,,,,,,,
4736,"Summer Catch",Comedy|Drama|Romance,2001,2.66666666666667,3,4,6,7,,,,,,,
4738,"Happy Accidents",Romance|Sci-Fi,2000,4,4,6,13,,,,,,,,
4740,"Maybe Baby",Comedy|Romance,2000,3.5,1,4,6,,,,,,,,
4741,"Together",Comedy|Drama|Romance,2000,3.71428571428571,7,4,6,7,,,,,,,
4743,"Tortilla Soup",Comedy|Romance,2001,3.25,2,4,6,,,,,,,,
4744,"Jeepers Creepers",Horror,2001,2.5,7,11,,,,,,,,,
4745,"O",Drama,2001,3.625,4,7,,,,,,,,,
4748,"3 Ninjas",Action|Children|Comedy,1992,2.08333333333333,6,3,4,8,,,,,,,
4749,"3 Ninjas Kick Back",Action|Children|Comedy,1994,1.25,2,3,4,8,,,,,,,
4750,"3 Ninjas Knuckle Up",Action|Children,1995,0.5,1,3,8,,,,,,,,
4754,"Wicker Man, The",Drama|Horror|Mystery|Thriller,1973,3.91666666666667,6,7,10,11,12,,,,,,
4756,"Musketeer, The",Action|Adventure|Drama|Romance,2001,1.5,2,1,6,7,8,,,,,,
4757,"Rock Star",Comedy|Drama|Musical,2001,2.5,3,4,7,15,,,,,,,
4759,"Two Can Play That Game",Comedy|Drama,2001,4,1,4,7,,,,,,,,
4765,"L.I.E.",Drama,2001,4.33333333333333,3,7,,,,,,,,,
4766,"Our Lady of the Assassins",Crime|Drama|Romance,2000,4,1,6,7,9,,,,,,,
4769,"Into the Arms of Strangers: Stories of the Kindertransport",Documentary,2000,3,1,16,,,,,,,,,
4770,"Glass House, The",Thriller,2001,2.75,2,10,,,,,,,,,
4771,"Hardball",Drama,2001,2.66666666666667,3,7,,,,,,,,,
4772,"Dinner Rush",Drama,2000,3.5,1,7,,,,,,,,,
4773,"Haiku Tunnel",Comedy,2001,3,4,4,,,,,,,,,
4774,"Big Trouble",Comedy|Crime,2002,2.16666666666667,6,4,9,,,,,,,,
4775,"Glitter",Drama|Musical|Romance,2001,0.5,1,6,7,15,,,,,,,
4776,"Training Day",Crime|Drama|Thriller,2001,3.79411764705882,51,7,9,10,,,,,,,
4777,"American Astronaut, The",Comedy|Musical|Sci-Fi,2001,2.5,1,4,13,15,,,,,,,
4780,"Liam",Drama,2000,2,2,7,,,,,,,,,
4782,"Sidewalks of New York",Comedy|Romance,2001,2.5,2,4,6,,,,,,,,
4783,"Endurance: Shackleton's Legendary Antarctic Expedition, The",Documentary,2000,3.5,1,16,,,,,,,,,
4784,"French Lieutenant's Woman, The",Drama,1981,3,2,7,,,,,,,,,
4785,"Great Silence, The",Drama|Western,1969,4,1,7,18,,,,,,,,
4786,"Legend of Hell House, The",Horror|Thriller,1973,1,1,10,11,,,,,,,,
4787,"Little Man Tate",Drama,1991,3.35,10,7,,,,,,,,,
4788,"Moscow Does Not Believe in Tears",Drama|Romance,1979,5,1,6,7,,,,,,,,
4789,"Phantom of the Paradise",Comedy|Fantasy|Horror|Musical|Thriller,1974,4.33333333333333,3,4,5,10,11,15,,,,,
4792,"13 Ghosts",Horror,1960,3.125,4,11,,,,,,,,,
4794,"Opera",Crime|Horror|Mystery,1987,3,3,9,11,12,,,,,,,
4795,"Father Goose",Adventure|Comedy|Romance|War,1964,3.66666666666667,3,1,4,6,14,,,,,,
4796,"Grass Is Greener, The",Comedy|Romance,1960,3.25,2,4,6,,,,,,,,
4798,"Indiscreet",Comedy|Romance,1958,3.5,1,4,6,,,,,,,,
4799,"It's a Mad, Mad, Mad, Mad World",Action|Adventure|Comedy|Crime,1963,3.25,10,1,4,8,9,,,,,,
4800,"King Solomon's Mines",Action|Adventure|Drama|Romance|Thriller,1937,2.5,1,1,6,7,8,10,,,,,
4801,"Little Foxes, The",Drama,1941,4,2,7,,,,,,,,,
4802,"Operation Petticoat",Action|Comedy|Romance|War,1959,3,4,4,6,8,14,,,,,,
4803,"Play Misty for Me",Drama|Thriller,1971,3.625,4,7,10,,,,,,,,
4804,"Pocketful of Miracles",Comedy|Drama,1961,3.5,1,4,7,,,,,,,,
4808,"Vanishing, The",Mystery|Thriller,1993,2.375,4,10,12,,,,,,,,
4809,"Silkwood",Drama,1983,4.16666666666667,3,7,,,,,,,,,
4810,"I Never Promised You a Rose Garden",Drama,1977,2,1,7,,,,,,,,,
4811,"Quadrophenia",Drama|Musical,1979,3,2,7,15,,,,,,,,
4812,"SpaceCamp",Adventure|Sci-Fi,1986,2.16666666666667,6,1,13,,,,,,,,
4813,"When Worlds Collide",Sci-Fi,1951,5,1,13,,,,,,,,,
4814,"Don't Say a Word",Thriller,2001,2.5,5,10,,,,,,,,,
4815,"Hearts in Atlantis",Drama,2001,2.91666666666667,6,7,,,,,,,,,
4816,"Zoolander",Comedy,2001,3.50925925925926,54,4,,,,,,,,,
4818,"Extreme Days",Action|Adventure|Comedy|Drama,2001,2,1,1,4,7,8,,,,,,
4821,"Joy Ride",Adventure|Thriller,2001,3.1,5,1,10,,,,,,,,
4822,"Max Keeble's Big Move",Children|Comedy,2001,2.5,3,3,4,,,,,,,,
4823,"Serendipity",Comedy|Romance,2001,3.14,25,4,6,,,,,,,,
4825,"Swamp, The",Comedy|Drama,2001,3,1,4,7,,,,,,,,
4826,"Big Red One, The",Action|Adventure|Drama|War,1980,4.25,2,1,7,8,14,,,,,,
4827,"Boogeyman, The",Horror,1980,3,1,11,,,,,,,,,
4828,"Party, The",Comedy|Romance,1980,3.5,1,4,6,,,,,,,,
4830,"Brubaker",Crime|Drama,1980,4,1,7,9,,,,,,,,
4831,"Can't Stop the Music",Comedy|Musical,1980,3,1,4,15,,,,,,,,
4833,"Changeling, The",Horror|Mystery|Thriller,1980,3.33333333333333,3,10,11,12,,,,,,,
4835,"Coal Miner's Daughter",Drama,1980,3.5,3,7,,,,,,,,,
4836,"Competition, The",Drama|Romance,1980,3.75,2,6,7,,,,,,,,
4840,"Last Metro, The",Drama|Romance,1980,4,1,6,7,,,,,,,,
4844,"Bandits",Comedy|Crime|Romance,2001,2.66666666666667,6,4,6,9,,,,,,,
4845,"Corky Romano",Comedy|Crime,2001,1.33333333333333,3,4,9,,,,,,,,
4846,"Iron Monkey",Action|Comedy,1993,3.5,5,4,8,,,,,,,,
4847,"Fat Girl",Drama,2001,3,2,7,,,,,,,,,
4848,"Mulholland Drive",Crime|Drama|Film-Noir|Mystery|Thriller,2001,3.84313725490196,51,7,9,10,12,19,,,,,
4849,"My First Mister",Comedy|Drama,2001,3.33333333333333,3,4,7,,,,,,,,
4850,"Spriggan",Action|Animation|Sci-Fi,1998,3.375,4,2,8,13,,,,,,,
4852,"Bones",Horror,2001,1.66666666666667,3,11,,,,,,,,,
4855,"Dirty Harry",Action|Crime|Thriller,1971,3.775,20,8,9,10,,,,,,,
4857,"Fiddler on the Roof",Drama|Musical,1971,3.8125,8,7,15,,,,,,,,
4860,"Making the Grade",Comedy,1984,2,1,4,,,,,,,,,
4862,"Not Without My Daughter",Drama,1991,1.66666666666667,3,7,,,,,,,,,
4863,"Female Trouble",Comedy|Crime,1975,3.25,2,4,9,,,,,,,,
4864,"Titanica",Documentary|IMAX,1992,2.5,1,16,17,,,,,,,,
4865,"From Hell",Crime|Horror|Mystery|Thriller,2001,3.65,20,9,10,11,12,,,,,,
4866,"Last Castle, The",Action,2001,2.8125,8,8,,,,,,,,,
4867,"Riding in Cars with Boys",Comedy|Drama,2001,3.1,5,4,7,,,,,,,,
4871,"Focus",Drama,2001,3.5,1,7,,,,,,,,,
4873,"Waking Life",Animation|Drama|Fantasy,2001,3.68421052631579,19,2,5,7,,,,,,,
4874,"K-PAX",Drama|Fantasy|Mystery|Sci-Fi,2001,3.48484848484848,33,5,7,12,13,,,,,,
4876,"Thirteen Ghosts",Horror|Thriller,2001,2.45833333333333,12,10,11,,,,,,,,
4877,"Better Than Sex",Comedy|Romance,2000,3.5,1,4,6,,,,,,,,
4878,"Donnie Darko",Drama|Mystery|Sci-Fi|Thriller,2001,3.98165137614679,109,7,10,12,13,,,,,,
4879,"High Heels and Low Lifes",Action|Comedy|Crime|Drama,2001,3,1,4,7,8,9,,,,,,
4880,"Life as a House",Drama,2001,3.88888888888889,9,7,,,,,,,,,
4881,"Man Who Wasn't There, The",Crime|Drama,2001,3.73529411764706,17,7,9,,,,,,,,
4883,"Town is Quiet, The",Drama,2000,4,1,7,,,,,,,,,
4885,"Domestic Disturbance",Thriller,2001,2,1,10,,,,,,,,,
4886,"Monsters, Inc.",Adventure|Animation|Children|Comedy|Fantasy,2001,3.87121212121212,132,1,2,3,4,5,,,,,
4887,"One, The",Action|Sci-Fi|Thriller,2001,2.75,14,8,10,13,,,,,,,
4888,"Tape",Drama,2001,3.875,4,7,,,,,,,,,
4889,"Heist",Crime|Drama,2001,3.42857142857143,7,7,9,,,,,,,,
4890,"Shallow Hal",Comedy|Fantasy|Romance,2001,3.03225806451613,31,4,5,6,,,,,,,
4893,"When a Stranger Calls",Horror|Thriller,1979,2.5,2,10,11,,,,,,,,
4896,"Harry Potter and the Sorcerer's Stone",Adventure|Children|Fantasy,2001,3.76168224299065,107,1,3,5,,,,,,,
4898,"Novocaine",Comedy|Crime|Mystery|Thriller,2001,2.625,4,4,9,10,12,,,,,,
4899,"Black Knight",Adventure|Comedy|Fantasy,2001,2.1875,8,1,4,5,,,,,,,
4900,"Out Cold",Comedy,2001,3,5,4,,,,,,,,,
4901,"Spy Game",Action|Crime|Drama|Thriller,2001,3.48148148148148,27,7,8,9,10,,,,,,
4902,"Devil's Backbone, The",Drama|Fantasy|Horror|Thriller|War,2001,3.35,10,5,7,10,11,14,,,,,
4903,"In the Bedroom",Drama,2001,3,10,7,,,,,,,,,
4909,"Incredible Shrinking Woman, The",Comedy|Sci-Fi,1981,2,2,4,13,,,,,,,,
4911,"Jabberwocky",Adventure|Comedy|Fantasy,1977,3.5,2,1,4,5,,,,,,,
4912,"Funny Girl",Drama|Musical|Romance,1968,3.75,4,6,7,15,,,,,,,
4914,"Breathless",Crime|Drama|Romance,1960,3.9375,8,6,7,9,,,,,,,
4915,"Beastmaster, The",Action|Adventure|Fantasy,1982,2.8,5,1,5,8,,,,,,,
4916,"Midway",Drama|War,1976,3.33333333333333,3,7,14,,,,,,,,
4917,"MacArthur",Drama,1977,4,1,7,,,,,,,,,
4919,"Subway",Crime|Drama|Romance|Thriller,1985,3.5,2,6,7,9,10,,,,,,
4920,"Now, Voyager",Drama|Romance,1942,3.66666666666667,3,6,7,,,,,,,,
4921,"Little Women",Drama|Romance,1933,4,5,6,7,,,,,,,,
4925,"Cheap Detective, The",Comedy,1978,3,1,4,,,,,,,,,
4926,"Everybody's Famous!",Comedy|Drama|Musical,2000,2,1,4,7,15,,,,,,,
4927,"Last Wave, The",Fantasy|Mystery|Thriller,1977,3,1,5,10,12,,,,,,,
4928,"That Obscure Object of Desire",Drama,1977,3.125,4,7,,,,,,,,,
4929,"Toy, The",Comedy,1982,2.375,4,4,,,,,,,,,
4932,"Dressed to Kill",Mystery|Thriller,1980,1,1,10,12,,,,,,,,
4936,"Fame",Drama|Musical,1980,3.33333333333333,9,7,15,,,,,,,,
4939,"Final Countdown, The",Action|Sci-Fi,1980,3,1,8,13,,,,,,,,
4941,"Flash Gordon",Action|Adventure|Sci-Fi,1980,3.1875,8,1,8,13,,,,,,,
4942,"Angry Red Planet, The",Sci-Fi,1959,4.5,1,13,,,,,,,,,
4945,"Enforcer, The",Crime,1976,4,1,9,,,,,,,,,
4946,"Eye for an Eye, An",Action|Crime|Thriller,1981,4,1,8,9,10,,,,,,,
4947,"Gauntlet, The",Action,1977,3.5,2,8,,,,,,,,,
4951,"Lord of the Flies",Adventure|Drama|Thriller,1990,3.42857142857143,7,1,7,10,,,,,,,
4952,"Morons From Outer Space",Comedy|Sci-Fi,1985,2,1,4,13,,,,,,,,
4953,"People That Time Forgot, The",Adventure|Sci-Fi,1977,2.5,1,1,13,,,,,,,,
4954,"Ocean's Eleven",Comedy|Crime,1960,3.63636363636364,11,4,9,,,,,,,,
4956,"Stunt Man, The",Action|Adventure|Comedy|Drama|Romance|Thriller,1980,4.5,3,1,4,6,7,8,10,,,,
4957,"Sudden Impact",Crime|Thriller,1983,3.5,2,9,10,,,,,,,,
4958,"Behind Enemy Lines",Action|Drama|War,2001,3.25,20,7,8,14,,,,,,,
4959,"Affair of the Necklace, The",Drama,2001,3.25,2,7,,,,,,,,,
4961,"Pornstar: The Legend of Ron Jeremy",Documentary,2001,2.5,1,16,,,,,,,,,
4962,"Texas Rangers",Adventure|Western,2001,2,1,1,18,,,,,,,,
4963,"Ocean's Eleven",Crime|Thriller,2001,3.84453781512605,119,9,10,,,,,,,,
4964,"Baran",Adventure|Drama|Romance,2001,3.5,1,1,6,7,,,,,,,
4965,"Business of Strangers, The",Action|Drama|Thriller,2001,3.5,2,7,8,10,,,,,,,
4966,"Incredible Shrinking Man, The",Sci-Fi|Thriller,1957,3,1,10,13,,,,,,,,
4967,"No Man's Land",Drama|War,2001,4.19230769230769,13,7,14,,,,,,,,
4969,"And Then There Were None",Crime|Mystery,1945,3.625,4,9,12,,,,,,,,
4970,"Blue Angel, The",Drama,1930,4,1,7,,,,,,,,,
4971,"Moscow on the Hudson",Comedy|Drama,1984,3.1,5,4,7,,,,,,,,
4973,"Amelie",Comedy|Romance,2001,4.18333333333333,120,4,6,,,,,,,,
4974,"Not Another Teen Movie",Comedy,2001,2.57142857142857,14,4,,,,,,,,,
4975,"Vanilla Sky",Mystery|Romance|Sci-Fi|Thriller,2001,3.42045454545455,44,6,10,12,13,,,,,,
4976,"Iris",Drama,2001,3.875,4,7,,,,,,,,,
4977,"Kandahar",Drama,2001,3.5,2,7,,,,,,,,,
4978,"Lantana",Drama|Mystery|Thriller,2001,3.83333333333333,6,7,10,12,,,,,,,
4979,"Royal Tenenbaums, The",Comedy|Drama,2001,3.68382352941176,68,4,7,,,,,,,,
4980,"Bill & Ted's Bogus Journey",Adventure|Comedy|Fantasy|Sci-Fi,1991,3.075,20,1,4,5,13,,,,,,
4981,"Clockwise",Comedy,1986,4,1,4,,,,,,,,,
4985,"Sheena",Action|Adventure|Fantasy,1984,1.5,2,1,5,8,,,,,,,
4987,"Spacehunter: Adventures in the Forbidden Zone",Action|Adventure|Sci-Fi,1983,2,2,1,8,13,,,,,,,
4988,"White Water Summer",Adventure,1987,2,1,1,,,,,,,,,
4989,"How High",Comedy,2001,2.94444444444444,9,4,,,,,,,,,
4990,"Jimmy Neutron: Boy Genius",Adventure|Animation|Children|Comedy,2001,3.2,5,1,2,3,4,,,,,,
4991,"Joe Somebody",Comedy|Drama|Romance,2001,3.33333333333333,3,4,6,7,,,,,,,
4992,"Kate & Leopold",Comedy|Romance,2001,3.20588235294118,17,4,6,,,,,,,,
4993,"Lord of the Rings: The Fellowship of the Ring, The",Adventure|Fantasy,2001,4.10606060606061,198,1,5,,,,,,,,
4994,"Majestic, The",Comedy|Drama|Romance,2001,3.5,10,4,6,7,,,,,,,
4995,"Beautiful Mind, A",Drama|Romance,2001,4,123,6,7,,,,,,,,
4998,"Defiant Ones, The",Adventure|Crime|Drama|Thriller,1958,3.5,1,1,7,9,10,,,,,,
5004,"Party, The",Comedy,1968,3.5,7,4,,,,,,,,,
5007,"Topkapi",Adventure|Comedy|Thriller,1964,2.5,1,1,4,10,,,,,,,
5008,"Witness for the Prosecution",Drama|Mystery|Thriller,1957,4.38888888888889,9,7,10,12,,,,,,,
5009,"Ali",Drama,2001,3,8,7,,,,,,,,,
5010,"Black Hawk Down",Action|Drama|War,2001,3.81,50,7,8,14,,,,,,,
5011,"Charlotte Gray",Drama|Romance,2001,3.75,2,6,7,,,,,,,,
5012,"Yentl",Drama|Musical|Romance,1983,4,1,6,7,15,,,,,,,
5013,"Gosford Park",Comedy|Drama|Mystery,2001,3.7037037037037,27,4,7,12,,,,,,,
5014,"I Am Sam",Drama,2001,3.76470588235294,17,7,,,,,,,,,
5015,"Monster's Ball",Drama|Romance,2001,3.30555555555556,18,6,7,,,,,,,,
5016,"Shipping News, The",Drama,2001,3,6,7,,,,,,,,,
5021,"Murder by Death",Comedy|Crime|Mystery|Thriller,1976,2.83333333333333,3,4,9,10,12,,,,,,
5023,"Waterdance, The",Drama,1992,4,2,7,,,,,,,,,
5025,"Orange County",Comedy,2002,2.63333333333333,15,4,,,,,,,,,
5026,"Brotherhood of the Wolf",Action|Mystery|Thriller,2001,3.82142857142857,14,8,10,12,,,,,,,
5027,"Another 48 Hrs.",Action|Comedy|Crime|Drama|Thriller,1990,3,5,4,7,8,9,10,,,,,
5028,"What Time Is It There?",Drama,2001,2,1,7,,,,,,,,,
5033,"Russia House, The",Drama|Thriller,1990,2.5,2,7,10,,,,,,,,
5034,"Truly, Madly, Deeply",Drama|Romance,1991,3.66666666666667,3,6,7,,,,,,,,
5039,"Dragonslayer",Action|Adventure|Fantasy,1981,4.08333333333333,6,1,5,8,,,,,,,
5040,"Conan the Destroyer",Action|Adventure|Fantasy,1984,3.125,8,1,5,8,,,,,,,
5041,"Fire and Ice",Animation|Fantasy,1983,1.5,1,2,5,,,,,,,,
5046,"Impostor",Action|Drama|Sci-Fi|Thriller,2002,3,3,7,8,10,13,,,,,,
5047,"Kung Pow: Enter the Fist",Action|Comedy,2002,3.22222222222222,9,4,8,,,,,,,,
5048,"Snow Dogs",Adventure|Children|Comedy,2002,2.33333333333333,6,1,3,4,,,,,,,
5049,"48 Hrs.",Action|Comedy|Crime|Drama,1982,3.59090909090909,11,4,7,8,9,,,,,,
5051,"Italian for Beginners",Comedy|Drama|Romance,2000,3,2,4,6,7,,,,,,,
5053,"Blankman",Comedy,1994,1.5,1,4,,,,,,,,,
5054,"Brainstorm",Sci-Fi|Thriller,1983,3.5,1,10,13,,,,,,,,
5055,"Dragon: The Bruce Lee Story",Action|Drama,1993,2.8125,8,7,8,,,,,,,,
5059,"Little Dieter Needs to Fly",Documentary,1997,5,1,16,,,,,,,,,
5060,"M*A*S*H",Comedy|Drama|War,1970,3.93478260869565,46,4,7,14,,,,,,,
5062,"Seconds",Mystery|Sci-Fi|Thriller,1966,3.5,2,10,12,13,,,,,,,
5063,"One-Eyed Jacks",Western,1961,3,1,18,,,,,,,,,
5064,"The Count of Monte Cristo",Action|Adventure|Drama|Thriller,2002,3.828125,32,1,7,8,10,,,,,,
5065,"Mothman Prophecies, The",Drama|Fantasy|Horror|Mystery|Thriller,2002,3.07692307692308,13,5,7,10,11,12,,,,,
5066,"Walk to Remember, A",Drama|Romance,2002,3.5,14,6,7,,,,,,,,
5068,"Beijing Bicycle",Drama,2001,4,1,7,,,,,,,,,
5069,"Escaflowne: The Movie",Action|Adventure|Animation|Drama|Fantasy,2000,3.25,2,1,2,5,7,8,,,,,
5071,"Maelström",Drama|Romance,2000,4,1,6,7,,,,,,,,
5072,"Metropolis",Animation|Sci-Fi,2001,3.96153846153846,13,2,13,,,,,,,,
5073,"Son's Room, The",Drama,2001,3.83333333333333,3,7,,,,,,,,,
5074,"Storytelling",Comedy|Drama,2001,3.16666666666667,3,4,7,,,,,,,,
5075,"Waydowntown",Comedy,2000,3.66666666666667,3,4,,,,,,,,,
5076,"Adventures of Huck Finn, The",Adventure|Children|Comedy|Drama,1993,2.5,3,1,3,4,7,,,,,,
5077,"Cousins",Comedy|Romance,1989,3,1,4,6,,,,,,,,
5080,"Slackers",Comedy,2002,2.6,5,4,,,,,,,,,
5081,"Birthday Girl",Drama|Romance,2001,2.8,5,6,7,,,,,,,,
5083,"Rare Birds",Comedy|Drama,2001,3.5,2,4,7,,,,,,,,
5088,"Going Places",Comedy|Crime|Drama,1974,5,1,4,7,9,,,,,,,
5092,"Big Fat Liar",Children|Comedy,2002,3,5,3,4,,,,,,,,
5093,"Collateral Damage",Action|Thriller,2002,2.77777777777778,9,8,10,,,,,,,,
5094,"Rollerball",Action|Sci-Fi,2002,1.78571428571429,7,8,13,,,,,,,,
5095,"Scotland, Pa.",Comedy|Crime,2001,4.5,1,4,9,,,,,,,,
5096,"Baby's Day Out",Comedy,1994,1.25,2,4,,,,,,,,,
5099,"Heidi",Children|Drama,1937,2.5,4,3,7,,,,,,,,
5102,"Rookie of the Year",Comedy|Fantasy,1993,2.5,4,4,5,,,,,,,,
5103,"Sandlot, The",Children|Comedy|Drama,1993,3.4375,24,3,4,7,,,,,,,
5105,"Don't Look Now",Drama|Horror|Thriller,1973,0.5,1,7,10,11,,,,,,,
5106,"Crossroads",Comedy|Musical|Romance,2002,2.07142857142857,7,4,6,15,,,,,,,
5107,"Hart's War",Drama|War,2002,3.1,5,7,14,,,,,,,,
5108,"John Q",Crime|Drama|Thriller,2002,2.90909090909091,11,7,9,10,,,,,,,
5109,"Return to Never Land",Adventure|Animation|Children,2002,4,1,1,2,3,,,,,,,
5110,"Super Troopers",Comedy|Crime|Mystery,2001,3.60416666666667,24,4,9,12,,,,,,,
5111,"Good Son, The",Drama|Thriller,1993,1.5,1,7,10,,,,,,,,
5112,"Last Orders",Drama,2001,3,1,7,,,,,,,,,
5113,"After the Fox",Comedy|Crime,1966,2.75,2,4,9,,,,,,,,
5114,"Bad and the Beautiful, The",Drama,1952,4,1,7,,,,,,,,,
5116,"Designing Woman",Comedy,1957,3.5,1,4,,,,,,,,,
5120,"Sleuth",Comedy|Mystery|Thriller,1972,4.16666666666667,3,4,10,12,,,,,,,
5121,"Stroszek",Comedy|Drama,1977,4,1,4,7,,,,,,,,
5127,"Dragonfly",Drama|Fantasy|Mystery|Romance|Thriller,2002,3.5,3,5,6,7,10,12,,,,,
5128,"Queen of the Damned",Fantasy|Horror,2002,2.36363636363636,11,5,11,,,,,,,,
5131,"How to Kill Your Neighbor's Dog",Comedy|Drama,2000,3.25,2,4,7,,,,,,,,
5134,"Mean Machine",Comedy|Drama,2001,3,2,4,7,,,,,,,,
5135,"Monsoon Wedding",Comedy|Romance,2001,3.83333333333333,12,4,6,,,,,,,,
5136,"Wendigo",Drama|Horror,2001,2.5,2,7,11,,,,,,,,
5137,"Scratch",Documentary,2001,3.83333333333333,3,16,,,,,,,,,
5139,"Bad News Bears, The",Comedy,1976,3.27777777777778,9,4,,,,,,,,,
5146,"Vampire Hunter D: Bloodlust",Animation|Fantasy|Horror|Sci-Fi,2000,3.11111111111111,9,2,5,11,13,,,,,,
5147,"Wild Strawberries",Drama,1957,3.75,4,7,,,,,,,,,
5151,"40 Days and 40 Nights",Comedy|Romance,2002,3,18,4,6,,,,,,,,
5152,"We Were Soldiers",Action|Drama|War,2002,3.33333333333333,18,7,8,14,,,,,,,
5155,"Big Bird Cage, The",Action,1972,4.5,1,8,,,,,,,,,
5156,"Big Doll House, The",Action,1971,2.5,1,8,,,,,,,,,
5159,"Ferngully: The Last Rainforest",Animation|Children|Comedy|Musical,1992,3.14285714285714,7,2,3,4,15,,,,,,
5165,"Zombie",Horror,1979,4,2,11,,,,,,,,,
5168,"Royal Wedding",Comedy|Musical|Romance,1951,3,1,4,6,15,,,,,,,
5170,"All About the Benjamins",Action|Comedy|Crime,2002,2.5,2,4,8,9,,,,,,,
5171,"Time Machine, The",Action|Adventure|Sci-Fi,2002,2.86363636363636,22,1,8,13,,,,,,,
5177,"Magnificent Ambersons, The",Drama|Romance,1942,3.5,2,6,7,,,,,,,,
5178,"Fun",Crime|Drama,1994,4,1,7,9,,,,,,,,
5181,"Hangar 18",Action|Sci-Fi|Thriller,1980,4.5,2,8,10,13,,,,,,,
5187,"Hopscotch",Comedy,1980,4,3,4,,,,,,,,,
5189,"Humanoids from the Deep",Horror|Sci-Fi,1980,1.5,1,11,13,,,,,,,,
5197,"Little Darlings",Drama,1980,2,1,7,,,,,,,,,
5198,"Long Good Friday, The",Drama|Thriller,1980,3.5,1,7,10,,,,,,,,
5202,"Mon oncle d'Amérique",Drama,1980,3.25,2,7,,,,,,,,,
5205,"Motel Hell",Comedy|Horror,1980,2.75,2,4,11,,,,,,,,
5209,"Ffolkes",Action|Adventure|Thriller,1979,2,1,1,8,10,,,,,,,
5212,"Octagon, The",Action,1980,3,1,8,,,,,,,,,
5213,"Oh, God! Book II",Comedy,1980,1.5,1,4,,,,,,,,,
5214,"Oh, God!",Comedy|Fantasy,1977,2.5,4,4,5,,,,,,,,
5218,"Ice Age",Adventure|Animation|Children|Comedy,2002,3.68823529411765,85,1,2,3,4,,,,,,
5219,"Resident Evil",Action|Horror|Sci-Fi|Thriller,2002,3.08333333333333,30,8,10,11,13,,,,,,
5220,"Showtime",Action|Comedy,2002,2.4,10,4,8,,,,,,,,
5221,"Harrison's Flowers",Drama,2000,3,1,7,,,,,,,,,
5222,"Kissing Jessica Stein",Comedy|Romance,2001,3.375,4,4,6,,,,,,,,
5224,"Promises",Documentary,2001,4.25,2,16,,,,,,,,,
5225,"And Your Mother Too",Drama|Romance,2001,3.95238095238095,21,6,7,,,,,,,,
5226,"All the Right Moves",Drama|Romance,1983,2.25,2,6,7,,,,,,,,
5231,"Road to Morocco",Comedy,1942,3.5,1,4,,,,,,,,,
5237,"Taps",Drama,1981,4,1,7,,,,,,,,,
5238,"Return of the Secaucus 7",Drama,1980,3.5,2,7,,,,,,,,,
5239,"Rude Boy",Documentary|Drama,1980,4,1,7,16,,,,,,,,
5240,"Running Scared",Action|Drama,1980,4,1,7,8,,,,,,,,
5241,"Seems Like Old Times",Comedy|Romance,1980,5,1,4,6,,,,,,,,
5244,"Shogun Assassin",Action|Adventure,1980,5,1,1,8,,,,,,,,
5246,"Smokey and the Bandit II",Action|Comedy,1980,2.125,4,4,8,,,,,,,,
5247,"Smokey and the Bandit",Action|Comedy,1977,2.72222222222222,9,4,8,,,,,,,,
5248,"Smokey and the Bandit III",Action|Comedy,1983,1.375,4,4,8,,,,,,,,
5250,"Stir Crazy",Comedy,1980,4,3,4,,,,,,,,,
5254,"Blade II",Action|Horror|Thriller,2002,3.20588235294118,34,8,10,11,,,,,,,
5255,"Sorority Boys",Comedy,2002,2.375,4,4,,,,,,,,,
5256,"Stolen Summer",Drama,2002,2.75,2,7,,,,,,,,,
5258,"George Washington",Drama,2000,2,2,7,,,,,,,,,
5264,"Clockstoppers",Action|Adventure|Sci-Fi|Thriller,2002,2.25,4,1,8,10,13,,,,,,
5265,"Death to Smoochy",Comedy|Crime|Drama,2002,3.31818181818182,11,4,7,9,,,,,,,
5266,"Panic Room",Thriller,2002,3,37,10,,,,,,,,,
5267,"Rookie, The",Drama,2002,3.29166666666667,12,7,,,,,,,,,
5268,"No Such Thing",Drama|Fantasy|Romance,2001,2.5,1,5,6,7,,,,,,,
5269,"Piano Teacher, The",Drama,2001,4,1,7,,,,,,,,,
5272,"Time Out",Drama,2001,3,1,7,,,,,,,,,
5275,"Boxcar Bertha",Drama,1972,1.5,1,7,,,,,,,,,
5278,"Fraternity Vacation",Comedy|Romance,1985,1,1,4,6,,,,,,,,
5279,"Impromptu",Comedy|Romance,1991,4.25,2,4,6,,,,,,,,
5282,"High Crimes",Thriller,2002,3.25,2,10,,,,,,,,,
5283,"National Lampoon's Van Wilder",Comedy,2002,2.90909090909091,22,4,,,,,,,,,
5284,"Crush",Comedy|Romance,2001,2.5,1,4,6,,,,,,,,
5285,"Lucky Break",Comedy|Crime,2001,4,1,4,9,,,,,,,,
5288,"Atomic Cafe, The",Documentary|War,1982,4.5,2,14,16,,,,,,,,
5291,"Rashomon",Crime|Drama|Mystery,1950,3.94444444444444,18,7,9,12,,,,,,,
5292,"Slap Shot",Comedy,1977,3.85714285714286,7,4,,,,,,,,,
5293,"Changing Lanes",Drama|Thriller,2002,3.33333333333333,9,7,10,,,,,,,,
5294,"Frailty",Crime|Drama|Thriller,2001,3.86363636363636,11,7,9,10,,,,,,,
5296,"Sweetest Thing, The",Comedy|Romance,2002,2.9,10,4,6,,,,,,,,
5297,"Cat's Meow, The",Drama|Thriller,2002,2.5,2,7,10,,,,,,,,
5298,"Human Nature",Comedy|Romance,2001,3.5,5,4,6,,,,,,,,
5299,"My Big Fat Greek Wedding",Comedy|Romance,2002,3.26666666666667,60,4,6,,,,,,,,
5300,"3:10 to Yuma",Action|Adventure|Drama|Thriller|Western,1957,4,1,1,7,8,10,18,,,,,
5303,"Joe Versus the Volcano",Comedy|Romance,1990,3.42857142857143,7,4,6,,,,,,,,
5304,"Rome, Open City",Drama|War,1945,4,2,7,14,,,,,,,,
5307,"Taking Care of Business",Comedy,1990,3,1,4,,,,,,,,,
5308,"Three Men and a Baby",Comedy,1987,2.81578947368421,19,4,,,,,,,,,
5309,"Three Men and a Little Lady",Comedy|Romance,1990,2.5625,8,4,6,,,,,,,,
5311,"Watcher in the Woods, The",Children|Horror|Mystery|Thriller,1980,3,1,3,10,11,12,,,,,,
5312,"Murder by Numbers",Crime|Thriller,2002,2.85714285714286,7,9,10,,,,,,,,
5313,"The Scorpion King",Action|Adventure|Fantasy|Thriller,2002,2.29545454545455,22,1,5,8,10,,,,,,
5316,"Enigma",Romance|Thriller,2001,3.14285714285714,7,6,10,,,,,,,,
5319,"Nine Queens",Crime|Thriller,2000,3.5,6,9,10,,,,,,,,
5321,"Triumph of Love, The",Comedy,2001,2,1,4,,,,,,,,,
5322,"World Traveler",Drama,2001,4,1,7,,,,,,,,,
5323,"Jason X",Horror|Sci-Fi|Thriller,2002,1.1875,8,10,11,13,,,,,,,
5324,"Life or Something Like It",Comedy|Romance,2002,2.75,2,4,6,,,,,,,,
5325,"Dogtown and Z-Boyz",Documentary,2001,3.78571428571429,7,16,,,,,,,,,
5328,"Rain",Drama|Romance,2001,5,1,6,7,,,,,,,,
5329,"Salton Sea, The",Crime|Drama|Thriller,2002,3.35,10,7,9,10,,,,,,,
5333,"Bob le Flambeur",Crime|Drama,1955,3.33333333333333,3,7,9,,,,,,,,
5334,"Cadillac Man",Comedy|Crime,1990,1.5,2,4,9,,,,,,,,
5337,"Delirious",Comedy,1991,2.83333333333333,3,4,,,,,,,,,
5338,"Full Moon in Blue Water",Drama,1988,2,1,7,,,,,,,,,
5339,"Husbands and Wives",Comedy|Drama,1992,3.91666666666667,6,4,7,,,,,,,,
5341,"Lenny",Drama,1974,3.75,2,7,,,,,,,,,
5345,"Triumph of the Spirit",Drama,1989,3,1,7,,,,,,,,,
5346,"Wild Orchid",Drama|Romance,1990,1.75,2,6,7,,,,,,,,
5347,"Deuces Wild",Drama,2002,2.5,2,7,,,,,,,,,
5348,"Hollywood Ending",Comedy|Drama,2002,4,1,4,7,,,,,,,,
5349,"Spider-Man",Action|Adventure|Sci-Fi|Thriller,2002,3.54098360655738,122,1,8,10,13,,,,,,
5353,"Butterflies Are Free",Comedy|Drama,1972,3,1,4,7,,,,,,,,
5356,"Giant Spider Invasion, The",Horror|Sci-Fi,1975,0.5,1,11,13,,,,,,,,
5357,"Iron Will",Adventure,1994,3.5,2,1,,,,,,,,,
5358,"Mountains of the Moon",Adventure,1990,3,1,1,,,,,,,,,
5361,"White Fang",Adventure,1991,1.75,2,1,,,,,,,,,
5363,"New Guy, The",Comedy,2002,2.5,9,4,,,,,,,,,
5364,"Unfaithful",Drama|Thriller,2002,3.5,7,7,10,,,,,,,,
5365,"Lady and the Duke, The",Drama|Romance,2001,4,1,6,7,,,,,,,,
5372,"Calamity Jane",Musical|Western,1953,3.5,1,15,18,,,,,,,,
5373,"Cranes Are Flying, The",Drama|Romance|War,1957,4,1,6,7,14,,,,,,,
5375,"Harvey Girls, The",Comedy|Musical|Western,1946,3,1,4,15,18,,,,,,,
5377,"About a Boy",Comedy|Drama|Romance,2002,3.71590909090909,44,4,6,7,,,,,,,
5378,"Star Wars: Episode II - Attack of the Clones",Action|Adventure|Sci-Fi|IMAX,2002,3.15760869565217,92,1,8,13,17,,,,,,
5379,"Believer, The",Drama,2001,4.25,6,7,,,,,,,,,
5380,"Importance of Being Earnest, The",Comedy|Drama|Romance,2002,3.85,10,4,6,7,,,,,,,
5382,"Every Which Way But Loose",Comedy,1978,3,3,4,,,,,,,,,
5384,"I Want to Live!",Crime|Drama,1958,3,1,7,9,,,,,,,,
5385,"Last Waltz, The",Documentary,1978,4.5,1,16,,,,,,,,,
5387,"Enough",Drama|Thriller,2002,4,3,7,10,,,,,,,,
5388,"Insomnia",Action|Crime|Drama|Mystery|Thriller,2002,3.3030303030303,33,7,8,9,10,12,,,,,
5389,"Spirit: Stallion of the Cimarron",Adventure|Animation|Children|Western,2002,3.5,2,1,2,3,18,,,,,,
5390,"CQ",Drama,2001,3,1,7,,,,,,,,,
5391,"Thirteen Conversations About One Thing",Drama,2001,4,3,7,,,,,,,,,
5397,"Monkey Business",Comedy|Sci-Fi,1952,2.5,2,4,13,,,,,,,,
5398,"Requiem for a Heavyweight",Drama,1962,4,2,7,,,,,,,,,
5400,"Sum of All Fears, The",Drama|Thriller,2002,2.97058823529412,17,7,10,,,,,,,,
5401,"Undercover Brother",Comedy,2002,1.83333333333333,9,4,,,,,,,,,
5404,"84 Charing Cross Road",Drama|Romance,1987,4.5,3,6,7,,,,,,,,
5409,"Rapid Fire",Action,1992,3.75,2,8,,,,,,,,,
5410,"Silent Running",Drama|Sci-Fi,1972,2.375,4,7,13,,,,,,,,
5414,"Bad Company",Action|Comedy|Crime,2002,2.875,4,4,8,9,,,,,,,
5415,"Divine Secrets of the Ya-Ya Sisterhood",Comedy|Drama,2002,3.125,4,4,7,,,,,,,,
5416,"Cherish",Comedy|Drama|Thriller,2002,5,1,4,7,10,,,,,,,
5417,"Fast Runner, The",Drama|Fantasy,2001,3.83333333333333,3,5,7,,,,,,,,
5418,"Bourne Identity, The",Action|Mystery|Thriller,2002,3.81696428571429,112,8,10,12,,,,,,,
5419,"Scooby-Doo",Adventure|Children|Comedy|Fantasy|Mystery,2002,2.85294117647059,17,1,3,4,5,12,,,,,
5420,"Windtalkers",Action|Drama|War,2002,2.875,8,7,8,14,,,,,,,
5421,"Dangerous Lives of Altar Boys, The",Drama,2002,3.5,6,7,,,,,,,,,
5422,"Emperor's New Clothes, The",Comedy,2001,4,1,4,,,,,,,,,
5423,"Gangster No. 1",Action|Crime|Thriller,2000,3,3,8,9,10,,,,,,,
5424,"Harvard Man",Crime|Drama|Romance|Thriller,2001,3,1,6,7,9,10,,,,,,
5425,"Dark Blue World",Drama|War,2001,4.25,2,7,14,,,,,,,,
5427,"Caveman",Comedy,1981,2.5,3,4,,,,,,,,,
5428,"Cheech & Chong's The Corsican Brothers",Comedy,1984,1.125,4,4,,,,,,,,,
5433,"Silver Bullet",Adventure|Drama|Horror|Mystery|Thriller,1985,2.66666666666667,3,1,7,10,11,12,,,,,
5434,"Sorry, Wrong Number",Drama|Film-Noir|Thriller,1948,3.8,5,7,10,19,,,,,,,
5435,"Hombre",Western,1967,3,1,18,,,,,,,,,
5437,"Manhattan Project, The",Comedy|Sci-Fi|Thriller,1986,3,3,4,10,13,,,,,,,
5438,"Men at Work",Action|Comedy,1990,2.75,4,4,8,,,,,,,,
5440,"She Wore a Yellow Ribbon",Western,1949,3,1,18,,,,,,,,,
5442,"V. I. Warshawski",Action|Comedy|Crime,1991,2,1,4,8,9,,,,,,,
5443,"Juwanna Mann",Comedy,2002,1.5,2,4,,,,,,,,,
5444,"Lilo & Stitch",Adventure|Animation|Children|Sci-Fi,2002,3.81034482758621,29,1,2,3,13,,,,,,
5445,"Minority Report",Action|Crime|Mystery|Sci-Fi|Thriller,2002,3.6375,120,8,9,10,12,13,,,,,
5446,"Rabbit-Proof Fence",Adventure|Drama,2002,3.64285714285714,7,1,7,,,,,,,,
5447,"Sunshine State",Drama,2002,3.5,2,7,,,,,,,,,
5448,"Hey Arnold! The Movie",Adventure|Animation|Children|Comedy,2002,2,1,1,2,3,4,,,,,,
5449,"Mr. Deeds",Comedy|Romance,2002,2.90909090909091,22,4,6,,,,,,,,
5450,"Lovely & Amazing",Comedy|Drama|Romance,2001,3.2,5,4,6,7,,,,,,,
5451,"Pumpkin",Comedy|Drama|Romance,2002,3,5,4,6,7,,,,,,,
5452,"Look Who's Talking Now",Children|Comedy|Romance,1993,1.58333333333333,6,3,4,6,,,,,,,
5454,"Mo' Money",Comedy|Romance,1992,2.25,2,4,6,,,,,,,,
5455,"Object of Beauty, The",Comedy|Drama,1991,1.5,1,4,7,,,,,,,,
5456,"Wagons East",Comedy|Western,1994,2,1,4,18,,,,,,,,
5458,"Like Mike",Children|Comedy|Fantasy,2002,2.5,1,3,4,5,,,,,,,
5459,"Men in Black II",Action|Comedy|Sci-Fi,2002,2.95901639344262,61,4,8,13,,,,,,,
5460,"Powerpuff Girls, The",Action|Animation|Children|Comedy,2002,3.66666666666667,3,2,3,4,8,,,,,,
5461,"Me Without You",Comedy|Drama,2001,2.5,1,4,7,,,,,,,,
5462,"Crocodile Hunter: Collision Course, The",Adventure|Comedy,2002,2.5,2,1,4,,,,,,,,
5463,"Reign of Fire",Action|Adventure|Fantasy,2002,2.72222222222222,18,1,5,8,,,,,,,
5464,"Road to Perdition",Crime|Drama,2002,3.52040816326531,49,7,9,,,,,,,,
5465,"All About Lily Chou-Chou",Crime|Drama|Thriller,2001,3,1,7,9,10,,,,,,,
5466,"My Wife is an Actress",Comedy|Drama|Romance,2001,4,4,4,6,7,,,,,,,
5468,"20 Million Miles to Earth",Sci-Fi,1957,5,1,13,,,,,,,,,
5470,"The Importance of Being Earnest",Comedy|Romance,1952,4.33333333333333,3,4,6,,,,,,,,
5471,"Perfect",Drama|Romance,1985,1.83333333333333,3,6,7,,,,,,,,
5472,"1776",Children|Drama|Musical,1972,3.5,2,3,7,15,,,,,,,
5475,"Z",Drama|Mystery|Thriller,1969,3.83333333333333,3,7,10,12,,,,,,,
5476,"Halloween: Resurrection",Horror|Thriller,2002,2,3,10,11,,,,,,,,
5477,"Sex and Lucia",Drama|Romance,2001,3.875,4,6,7,,,,,,,,
5478,"Eight Legged Freaks",Action|Comedy|Horror|Sci-Fi,2002,2.75,8,4,8,11,13,,,,,,
5479,"K-19: The Widowmaker",Action|Adventure|Drama|Thriller,2002,3.5,6,1,7,8,10,,,,,,
5480,"Stuart Little 2",Children|Comedy,2002,2.6,5,3,4,,,,,,,,
5481,"Austin Powers in Goldmember",Comedy,2002,2.84615384615385,65,4,,,,,,,,,
5483,"Kid Stays in the Picture, The",Documentary,2002,3.83333333333333,3,16,,,,,,,,,
5485,"Tadpole",Comedy|Drama|Romance,2002,3.33333333333333,3,4,6,7,,,,,,,
5486,"Who Is Cletis Tout?",Comedy,2001,2.5,2,4,,,,,,,,,
5489,"Nosferatu the Vampyre",Horror,1979,4,1,11,,,,,,,,,
5490,"The Big Bus",Action|Comedy,1976,5,1,4,8,,,,,,,,
5493,"In Like Flint",Action|Adventure|Comedy,1967,4,1,1,4,8,,,,,,,
5497,"Our Man Flint",Adventure|Comedy|Sci-Fi,1965,3.5,3,1,4,13,,,,,,,
5498,"Red Beard",Drama,1965,4.5,1,7,,,,,,,,,
5499,"Robin and Marian",Adventure|Drama|Romance,1976,3.25,2,1,6,7,,,,,,,
5500,"Top Secret!",Comedy,1984,4.2,10,4,,,,,,,,,
5501,"Master of Disguise, The",Comedy|Mystery,2002,1.85714285714286,7,4,12,,,,,,,,
5502,"Signs",Horror|Sci-Fi|Thriller,2002,3.16666666666667,63,10,11,13,,,,,,,
5503,"Last Kiss, The",Comedy|Drama|Romance,2001,4,1,4,6,7,,,,,,,
5504,"Spy Kids 2: The Island of Lost Dreams",Adventure|Children,2002,2.21428571428571,7,1,3,,,,,,,,
5505,"Good Girl, The",Comedy|Drama,2002,3.20833333333333,12,4,7,,,,,,,,
5506,"Blood Work",Crime|Drama|Mystery|Thriller,2002,3.33333333333333,3,7,9,10,12,,,,,,
5507,"xXx",Action|Crime|Thriller,2002,2.77083333333333,24,8,9,10,,,,,,,
5508,"24 Hour Party People",Comedy|Drama|Musical,2002,3.57142857142857,7,4,7,15,,,,,,,
5512,"Secret Ballot",Comedy,2001,3.25,2,4,,,,,,,,,
5513,"Martin Lawrence Live: Runteldat",Comedy|Documentary,2002,5,1,4,16,,,,,,,,
5515,"Songs From the Second Floor",Drama,2000,3.5,1,7,,,,,,,,,
5521,"Principal, The",Action|Crime|Drama,1987,3.25,2,7,8,9,,,,,,,
5522,"Rollerball",Action|Drama|Sci-Fi,1975,3.5,4,7,8,13,,,,,,,
5523,"Adventures of Pluto Nash, The",Action|Adventure|Comedy|Sci-Fi,2002,2.33333333333333,3,1,4,8,13,,,,,,
5524,"Blue Crush",Adventure|Drama|Romance,2002,2.6875,8,1,6,7,,,,,,,
5525,"Mostly Martha",Comedy|Drama|Romance,2001,3.5,1,4,6,7,,,,,,,
5527,"Possession",Drama|Romance,2002,3.5,4,6,7,,,,,,,,
5528,"One Hour Photo",Drama|Thriller,2002,3.47368421052632,19,7,10,,,,,,,,
5529,"Serving Sara",Comedy|Romance,2002,3.25,2,4,6,,,,,,,,
5530,"Simone",Comedy|Drama|Fantasy|Sci-Fi,2002,2.14285714285714,7,4,5,7,13,,,,,,
5531,"Undisputed",Drama,2002,2.75,2,7,,,,,,,,,
5532,"Amy's O",Comedy|Romance,2001,4,1,4,6,,,,,,,,
5537,"Satin Rouge",Drama|Musical,2002,5,1,7,15,,,,,,,,
5538,"Care Bears Movie, The",Animation|Children|Fantasy,1985,1.5,2,2,3,5,,,,,,,
5539,"Care Bears Movie II: A New Generation",Animation|Children,1986,1.5,2,2,3,,,,,,,,
5540,"Clash of the Titans",Action|Adventure|Fantasy|Romance,1981,3.61111111111111,9,1,5,6,8,,,,,,
5541,"Hot Shots!",Action|Comedy|Romance|War,1991,3.13333333333333,15,4,6,8,14,,,,,,
5543,"Swarm, The",Action|Horror|Sci-Fi,1978,2.25,2,8,11,13,,,,,,,
5544,"Time After Time",Sci-Fi|Thriller,1979,3.75,4,10,13,,,,,,,,
5548,"Down and Out in Beverly Hills",Comedy,1986,3,5,4,,,,,,,,,
5550,"Love Me Tender",Musical|Western,1956,3.5,1,15,18,,,,,,,,
5553,"Stakeout",Comedy|Crime|Romance|Thriller,1987,3,8,4,6,9,10,,,,,,
5556,"FearDotCom",Crime|Horror|Thriller,2002,1.5,3,9,10,11,,,,,,,
5560,"À nous la liberté",Comedy|Musical,1931,1,1,4,15,,,,,,,,
5562,"Snipes",Drama|Thriller,2001,2.5,1,7,10,,,,,,,,
5563,"City by the Sea",Crime|Drama,2002,2.83333333333333,3,7,9,,,,,,,,
5564,"Swimfan",Thriller,2002,2,2,10,,,,,,,,,
5568,"Johnny Dangerously",Comedy,1984,2.85714285714286,7,4,,,,,,,,,
5569,"Last House on the Left, The",Crime|Horror|Thriller,1972,3.25,2,9,10,11,,,,,,,
5570,"Thesis",Drama|Horror|Thriller,1996,3.9,5,7,10,11,,,,,,,
5572,"Barbershop",Comedy,2002,2.71428571428571,7,4,,,,,,,,,
5573,"Stealing Harvard",Comedy|Crime,2002,2.28571428571429,7,4,9,,,,,,,,
5574,"Transporter, The",Action|Crime,2002,3.51923076923077,26,8,9,,,,,,,,
5575,"Alias Betty",Crime|Drama,2001,2,1,7,9,,,,,,,,
5577,"Igby Goes Down",Comedy|Drama,2002,3.66666666666667,12,4,7,,,,,,,,
5580,"Aspen Extreme",Action,1993,3.5,1,8,,,,,,,,,
5581,"Betsy's Wedding",Comedy,1990,2,1,4,,,,,,,,,
5582,"Captain Ron",Adventure|Comedy,1992,2.6875,8,1,4,,,,,,,,
5584,"Ernest Goes to Jail",Comedy,1990,3.5,1,4,,,,,,,,,
5585,"Ernest Scared Stupid",Comedy,1991,2.08333333333333,6,4,,,,,,,,,
5588,"Hills Have Eyes, The",Horror,1977,3.5,2,11,,,,,,,,,
5589,"Indian Summer",Comedy|Drama,1993,3,3,4,7,,,,,,,,
5590,"Mack, The",Crime,1973,2.5,1,9,,,,,,,,,
5591,"Monkey Trouble",Children|Comedy,1994,1,1,3,4,,,,,,,,
5596,"Spaced Invaders",Adventure|Comedy|Sci-Fi,1990,1.5,1,1,4,13,,,,,,,
5597,"Suburban Commando",Comedy|Sci-Fi,1991,1.75,2,4,13,,,,,,,,
5601,"Yearling, The",Children|Drama,1946,4,1,3,7,,,,,,,,
5602,"Ladykillers, The",Comedy|Crime,1955,3.5,1,4,9,,,,,,,,
5603,"Lavender Hill Mob, The",Comedy|Crime,1951,4.5,2,4,9,,,,,,,,
5604,"Man in the White Suit, The",Comedy|Sci-Fi,1951,3.5,1,4,13,,,,,,,,
5607,"Son of the Bride",Comedy|Drama,2001,5,1,4,7,,,,,,,,
5608,"Das Experiment",Drama|Thriller,2001,3.86363636363636,11,7,10,,,,,,,,
5609,"Ballistic: Ecks vs. Sever",Action|Thriller,2002,2.5,2,8,10,,,,,,,,
5610,"Banger Sisters, The",Comedy|Drama,2002,2,3,4,7,,,,,,,,
5611,"Four Feathers, The",Adventure|War,2002,2.75,2,1,14,,,,,,,,
5612,"Trapped",Action|Thriller,2002,2,1,8,10,,,,,,,,
5613,"8 Women",Comedy|Crime|Musical|Mystery,2002,3.83333333333333,3,4,9,12,15,,,,,,
5614,"His Secret Life",Drama|Romance,2001,4.5,1,6,7,,,,,,,,
5615,"Invincible",Drama,2001,3.5,1,7,,,,,,,,,
5617,"Secretary",Comedy|Drama|Romance,2002,3.9,25,4,6,7,,,,,,,
5618,"Spirited Away",Adventure|Animation|Fantasy,2001,4.1551724137931,87,1,2,5,,,,,,,
5619,"Trials of Henry Kissinger, The",Documentary,2002,4,2,16,,,,,,,,,
5620,"Sweet Home Alabama",Comedy|Romance,2002,3.05357142857143,28,4,6,,,,,,,,
5621,"Tuxedo, The",Action|Comedy,2002,2.5,10,4,8,,,,,,,,
5625,"Moonlight Mile",Drama|Romance,2002,3.5,3,6,7,,,,,,,,
5628,"Wasabi",Action|Comedy|Crime|Drama|Thriller,2001,3.5,5,4,7,8,9,10,,,,,
5629,"Jonah: A VeggieTales Movie",Animation|Children|Musical,2002,2,1,2,3,15,,,,,,,
5630,"Red Dragon",Crime|Mystery|Thriller,2002,3.43548387096774,31,9,10,12,,,,,,,
5632,"Bloody Sunday",Drama,2002,3.6,5,7,,,,,,,,,
5633,"Heaven",Drama,2002,3.75,2,7,,,,,,,,,
5635,"Man from Elysian Fields, The",Drama,2001,3,1,7,,,,,,,,,
5636,"Welcome to Collinwood",Comedy|Crime,2002,2.5,2,4,9,,,,,,,,
5637,"Flirting",Drama,1991,4.5,2,7,,,,,,,,,
5638,"Godzilla vs. Mothra",Action|Adventure|Fantasy|Sci-Fi,1964,2,1,1,5,8,13,,,,,,
5640,"Godzilla, King of the Monsters!",Horror|Sci-Fi,1956,3,1,11,13,,,,,,,,
5643,"Powaqqatsi",Documentary,1988,3.5,3,16,,,,,,,,,
5644,"Pride of the Yankees, The",Drama,1942,3.5,3,7,,,,,,,,,
5646,"Valmont",Drama|Romance,1989,4,4,6,7,,,,,,,,
5649,"Horror of Dracula",Horror,1958,3,1,11,,,,,,,,,
5650,"Strange Brew",Comedy,1983,3.54545454545455,11,4,,,,,,,,,
5651,"Incredible Mr. Limpet, The",Animation|Comedy|War,1964,3,1,2,4,14,,,,,,,
5657,"Flashback",Action|Adventure|Comedy|Crime|Drama,1990,4.5,1,1,4,7,8,9,,,,,
5663,"Below",Horror,2002,3.5,1,11,,,,,,,,,
5664,"Brown Sugar",Romance,2002,1.5,1,6,,,,,,,,,
5665,"Knockaround Guys",Action|Comedy|Crime,2002,2.5,5,4,8,9,,,,,,,
5666,"Rules of Attraction, The",Comedy|Drama|Romance|Thriller,2002,3.6,5,4,6,7,10,,,,,,
5667,"Tuck Everlasting",Drama|Fantasy,2002,3.25,2,5,7,,,,,,,,
5668,"White Oleander",Drama,2002,2.5,4,7,,,,,,,,,
5669,"Bowling for Columbine",Documentary,2002,3.77586206896552,58,16,,,,,,,,,
5670,"Comedian",Comedy|Documentary,2002,3,2,4,16,,,,,,,,
5672,"Pokemon 4 Ever",Adventure|Animation|Children|Fantasy,2002,0.5,2,1,2,3,5,,,,,,
5673,"Punch-Drunk Love",Comedy|Drama|Romance,2002,3.62121212121212,33,4,6,7,,,,,,,
5675,"Swept Away",Comedy|Romance,2002,1,1,4,6,,,,,,,,
5678,"Formula 51",Action|Comedy|Crime|Thriller,2001,2.66666666666667,3,4,8,9,10,,,,,,
5679,"Ring, The",Horror|Mystery|Thriller,2002,3.20212765957447,47,10,11,12,,,,,,,
5680,"Auto Focus",Crime|Drama,2002,3.16666666666667,3,7,9,,,,,,,,
5682,"Grey Zone, The",Drama,2001,3.25,2,7,,,,,,,,,
5684,"Naqoyqatsi",Documentary,2002,3,1,16,,,,,,,,,
5685,"Real Women Have Curves",Comedy|Drama,2002,4.25,2,4,7,,,,,,,,
5688,"Tully",Drama,2000,2.75,2,7,,,,,,,,,
5689,"Billy Bathgate",Crime|Drama,1991,2,1,7,9,,,,,,,,
5690,"Grave of the Fireflies",Animation|Drama|War,1988,4.15625,16,2,7,14,,,,,,,
5693,"Saturday Night Fever",Comedy|Drama|Romance,1977,3.31818181818182,11,4,6,7,,,,,,,
5694,"Staying Alive",Comedy|Drama|Musical,1983,2.25,2,4,7,15,,,,,,,
5696,"Urban Cowboy",Drama,1980,2.33333333333333,3,7,,,,,,,,,
5699,"Tom Horn",Western,1980,4,1,18,,,,,,,,,
5700,"The Pumaman",Action|Adventure|Fantasy|Sci-Fi,1980,0.5,1,1,5,8,13,,,,,,
5704,"Without Warning",Horror|Sci-Fi,1980,2,1,11,13,,,,,,,,
5706,"...All the Marbles",Comedy|Drama,1981,2,1,4,7,,,,,,,,
5707,"Absence of Malice",Drama|Romance,1981,3.25,2,6,7,,,,,,,,
5710,"Banana Joe",Comedy,1981,2.75,2,4,,,,,,,,,
5712,"Blow Out",Mystery|Thriller,1981,3.625,4,10,12,,,,,,,,
5720,"Friend Is a Treasure, A",Action|Adventure|Comedy,1981,2.5,1,1,4,8,,,,,,,
5721,"Chosen, The",Drama,1981,NaN,NaN,7,,,,,,,,,
5723,"Continental Divide",Comedy|Romance,1981,5,1,4,6,,,,,,,,
5733,"Eyewitness",Thriller,1981,4,1,10,,,,,,,,,
5735,"Faces of Death",Documentary|Horror,1978,1.75,2,11,16,,,,,,,,
5736,"Faces of Death 3",Documentary|Horror,1985,1.5,1,11,16,,,,,,,,
5741,"Woman Next Door, The",Drama|Romance,1981,4,1,6,7,,,,,,,,
5742,"First Monday in October",Comedy|Drama,1981,4,1,4,7,,,,,,,,
5745,"Four Seasons, The",Comedy|Drama,1981,5,1,4,7,,,,,,,,
5746,"Galaxy of Terror",Action|Horror|Mystery|Sci-Fi,1981,5,1,8,11,12,13,,,,,,
5747,"Gallipoli",Drama|War,1981,4.28571428571429,7,7,14,,,,,,,,
5749,"Ghost Story",Drama|Horror,1981,3,1,7,11,,,,,,,,
5752,"Gregory's Girl",Comedy|Romance,1981,3,1,4,6,,,,,,,,
5755,"Happy Birthday to Me",Horror|Mystery,1981,2,2,11,12,,,,,,,,
5764,"Looker",Drama|Horror|Sci-Fi|Thriller,1981,4.5,1,7,10,11,13,,,,,,
5767,"Teddy Bear",Comedy|Crime,1981,3.5,1,4,9,,,,,,,,
5768,"Modern Problems",Comedy|Fantasy,1981,3,1,4,5,,,,,,,,
5771,"My Bloody Valentine",Drama|Horror|Thriller,1981,0.5,1,7,10,11,,,,,,,
5772,"My Dinner with André",Drama,1981,4.75,2,7,,,,,,,,,
5773,"Neighbors",Comedy,1981,3,1,4,,,,,,,,,
5779,"Piranha II: The Spawning",Horror|Sci-Fi,1981,2,1,11,13,,,,,,,,
5780,"Polyester",Comedy,1981,3,1,4,,,,,,,,,
5782,"Professional, The",Action|Drama|Thriller,1981,3.86842105263158,19,7,8,10,,,,,,,
5784,"Ghost Ship",Horror,2002,2.5,9,11,,,,,,,,,
5785,"Jackass: The Movie",Action|Comedy|Documentary,2002,3.5,17,4,8,16,,,,,,,
5786,"Paid in Full",Action|Drama,2002,4.5,1,7,8,,,,,,,,
5787,"Truth About Charlie, The",Mystery|Thriller,2002,2.5,1,10,12,,,,,,,,
5788,"All or Nothing",Drama,2002,3.66666666666667,3,7,,,,,,,,,
5791,"Frida",Drama|Romance,2002,3.78125,16,6,7,,,,,,,,
5792,"Roger Dodger",Comedy|Drama,2002,3.66666666666667,6,4,7,,,,,,,,
5796,"Casino Royale",Action|Adventure|Comedy,1967,2.5,5,1,4,8,,,,,,,
5797,"Company of Wolves, The",Fantasy|Horror,1984,2,1,5,11,,,,,,,,
5799,"Exodus",Drama|Romance|War,1960,3.5,1,6,7,14,,,,,,,
5801,"Russians Are Coming, the Russians Are Coming, The",Comedy|War,1966,2.5,1,4,14,,,,,,,,
5802,"World of Henry Orient, The",Comedy,1964,4,1,4,,,,,,,,,
5803,"I Spy",Action|Adventure|Comedy|Crime,2002,2.5,7,1,4,8,9,,,,,,
5804,"Santa Clause 2, The",Children|Comedy|Fantasy|Romance,2002,2.3,5,3,4,5,6,,,,,,
5809,"Femme Fatale",Crime|Thriller,2002,3.375,4,9,10,,,,,,,,
5810,"8 Mile",Drama,2002,3.29268292682927,41,7,,,,,,,,,
5812,"Far from Heaven",Drama|Romance,2002,3.86363636363636,11,6,7,,,,,,,,
5816,"Harry Potter and the Chamber of Secrets",Adventure|Fantasy,2002,3.59803921568627,102,1,5,,,,,,,,
5817,"Ararat",Drama|War,2002,4.5,1,7,14,,,,,,,,
5818,"Crime of Father Amaro, The",Drama|Romance,2002,4.5,1,6,7,,,,,,,,
5820,"Standing in the Shadows of Motown",Documentary|Musical,2002,3.5,3,15,16,,,,,,,,
5826,"Rio Grande",Romance|Western,1950,3.5,1,6,18,,,,,,,,
5828,"Blackrock",Drama|Thriller,1997,2.5,1,7,10,,,,,,,,
5829,"Men with Brooms",Comedy|Drama|Romance,2002,4,1,4,6,7,,,,,,,
5833,"Dog Soldiers",Action|Horror,2002,4.66666666666667,3,8,11,,,,,,,,
5836,"Houseboat",Comedy|Romance,1958,2,1,4,6,,,,,,,,
5838,"Madame Bovary",Drama,1991,4,1,7,,,,,,,,,
5839,"My Father's Glory",Adventure|Drama,1990,4,1,1,7,,,,,,,,
5840,"My Mother's Castle",Comedy|Drama,1990,4,1,4,7,,,,,,,,
5841,"Return to the Blue Lagoon",Adventure|Romance,1991,1.66666666666667,3,1,6,,,,,,,,
5843,"Toy Soldiers",Action|Drama,1991,2.5,4,7,8,,,,,,,,
5847,"Ragtime",Drama,1981,3.5,1,7,,,,,,,,,
5849,"I'm Starting From Three",Comedy,1981,4.5,1,4,,,,,,,,,
5853,"Scanners",Horror|Sci-Fi|Thriller,1981,3.25,2,10,11,13,,,,,,,
5856,"Do You Remember Dolly Bell?",Comedy|Drama|Romance,1981,4,1,4,6,7,,,,,,,
5863,"Take This Job and Shove It",Comedy,1981,1,1,4,,,,,,,,,
5867,"Thief",Crime|Drama|Thriller,1981,4.5,2,7,9,10,,,,,,,
5872,"Die Another Day",Action|Adventure|Thriller,2002,2.92592592592593,27,1,8,10,,,,,,,
5873,"The Emperor's Club",Drama,2002,3.875,4,7,,,,,,,,,
5874,"Friday After Next",Comedy,2002,2.4,5,4,,,,,,,,,
5875,"Personal Velocity",Drama,2002,2.5,1,7,,,,,,,,,
5876,"Quiet American, The",Drama|Thriller|War,2002,3.9,5,7,10,14,,,,,,,
5878,"Talk to Her",Drama|Romance,2002,4.03571428571429,14,6,7,,,,,,,,
5879,"Eight Crazy Nights",Animation|Comedy|Musical,2002,1.5,4,2,4,15,,,,,,,
5880,"Extreme Ops",Action|Adventure|Crime|Thriller,2002,1.75,2,1,8,9,10,,,,,,
5881,"Solaris",Drama|Romance|Sci-Fi,2002,3.075,20,6,7,13,,,,,,,
5882,"Treasure Planet",Adventure|Animation|Children|Sci-Fi|IMAX,2002,3.5625,8,1,2,3,13,17,,,,,
5883,"They",Horror|Thriller,2002,1.5,1,10,11,,,,,,,,
5884,"Chopper Chicks in Zombietown",Comedy|Horror,1989,1,1,4,11,,,,,,,,
5888,"Brother",Crime|Drama,1997,5,1,7,9,,,,,,,,
5889,"Cruel Romance, A",Drama|Romance,1984,5,1,6,7,,,,,,,,
5890,"Elling",Comedy|Drama,2001,4.5,2,4,7,,,,,,,,
5891,"I Spit on Your Grave",Horror|Thriller,1978,2.625,4,10,11,,,,,,,,
5893,"Last Seduction, The",Crime|Drama|Thriller,1994,3.25,2,7,9,10,,,,,,,
5896,"New Waterford Girl",Comedy,1999,4,1,4,,,,,,,,,
5899,"Zulu",Action|Drama|War,1964,4,4,7,8,14,,,,,,,
5900,"Analyze That",Comedy|Crime,2002,2.5625,8,4,9,,,,,,,,
5901,"Empire",Crime|Drama,2002,4.5,1,7,9,,,,,,,,
5902,"Adaptation",Comedy|Drama|Romance,2002,3.94565217391304,46,4,6,7,,,,,,,
5903,"Equilibrium",Action|Sci-Fi|Thriller,2002,3.875,44,8,10,13,,,,,,,
5909,"Visitor Q",Comedy|Drama|Horror,2001,3.3,5,4,7,11,,,,,,,
5912,"Hit the Bank",Comedy|Crime,1981,4.5,1,4,9,,,,,,,,
5915,"Victory",Action|Drama|War,1981,4.75,2,7,8,14,,,,,,,
5919,"Android",Sci-Fi,1982,4.5,2,13,,,,,,,,,
5922,"Attila",Action,1982,2.5,1,8,,,,,,,,,
5925,"Beast Within, The",Horror,1982,2,2,11,,,,,,,,,
5927,"Best Little Whorehouse in Texas, The",Comedy|Drama|Musical|Romance,1982,3,1,4,6,7,15,,,,,,
5929,"Party 2, The",Comedy|Romance,1982,3,1,4,6,,,,,,,,
5932,"Burden of Dreams",Documentary,1982,3.75,2,16,,,,,,,,,
5938,"Deathtrap",Comedy|Crime|Mystery|Thriller,1982,4.5,2,4,9,10,12,,,,,,
5941,"Drumline",Comedy|Drama|Musical|Romance,2002,2.91666666666667,6,4,6,7,15,,,,,,
5942,"Hot Chick, The",Comedy,2002,2.83333333333333,6,4,,,,,,,,,
5943,"Maid in Manhattan",Comedy|Romance,2002,2.60526315789474,19,4,6,,,,,,,,
5944,"Star Trek: Nemesis",Action|Drama|Sci-Fi|Thriller,2002,3.10526315789474,19,7,8,10,13,,,,,,
5945,"About Schmidt",Comedy|Drama,2002,3.17307692307692,26,4,7,,,,,,,,
5947,"Evelyn",Drama,2002,3,1,7,,,,,,,,,
5949,"Intact",Thriller,2001,4.25,2,10,,,,,,,,,
5951,"Morvern Callar",Drama,2002,3.25,4,7,,,,,,,,,
5952,"Lord of the Rings: The Two Towers, The",Adventure|Fantasy,2002,4.02127659574468,188,1,5,,,,,,,,
5953,"Devils on the Doorstep",Drama|War,2000,4,1,7,14,,,,,,,,
5954,"25th Hour",Crime|Drama,2002,3.84090909090909,22,7,9,,,,,,,,
5955,"Antwone Fisher",Drama,2002,3.55555555555556,9,7,,,,,,,,,
5956,"Gangs of New York",Crime|Drama,2002,3.51818181818182,55,7,9,,,,,,,,
5957,"Two Weeks Notice",Comedy|Romance,2002,3.26315789473684,19,4,6,,,,,,,,
5959,"Narc",Crime|Drama|Thriller,2002,3.27777777777778,9,7,9,10,,,,,,,
5961,"Blue Steel",Action|Thriller,1990,1.5,1,8,10,,,,,,,,
5962,"Body of Evidence",Drama|Thriller,1993,1,1,7,10,,,,,,,,
5963,"Children's Hour, The",Drama,1961,3.5,2,7,,,,,,,,,
5965,"Duellists, The",Action|War,1977,4.16666666666667,3,8,14,,,,,,,,
5968,"Miami Blues",Comedy|Crime|Drama,1990,4,1,4,7,9,,,,,,,
5969,"My Girl 2",Comedy|Drama|Romance,1994,2.5,1,4,6,7,,,,,,,
5970,"My Girl",Comedy|Drama|Romance,1991,3.2,10,4,6,7,,,,,,,
5971,"My Neighbor Totoro",Animation|Children|Drama|Fantasy,1988,3.95945945945946,37,2,3,5,7,,,,,,
5974,"Thief of Bagdad, The",Adventure|Fantasy,1940,3,1,1,5,,,,,,,,
5975,"War and Peace",Drama|Romance|War,1956,3.5,1,6,7,14,,,,,,,
5979,"Attack of the Crab Monsters",Horror|Sci-Fi,1957,3,1,11,13,,,,,,,,
5980,"Black Christmas",Horror|Mystery|Thriller,1974,3.5,2,10,11,12,,,,,,,
5984,"Story of O, The",Drama|Romance,1975,3.5,2,6,7,,,,,,,,
5986,"Fat City",Drama,1972,4,1,7,,,,,,,,,
5988,"Quicksilver",Drama,1986,2.625,4,7,,,,,,,,,
5989,"Catch Me If You Can",Crime|Drama,2002,3.92173913043478,115,7,9,,,,,,,,
5990,"Pinocchio",Children|Comedy|Fantasy,2002,3.5,1,3,4,5,,,,,,,
5991,"Chicago",Comedy|Crime|Drama|Musical,2002,3.72448979591837,49,4,7,9,15,,,,,,
5992,"Hours, The",Drama|Romance,2002,3.7,15,6,7,,,,,,,,
5993,"Max",Drama,2002,2.9,5,7,,,,,,,,,
5994,"Nicholas Nickleby",Drama|Romance,2002,4,2,6,7,,,,,,,,
5995,"Pianist, The",Drama|War,2002,4.10869565217391,46,7,14,,,,,,,,
5999,"Heavy Metal 2000",Action|Adventure|Animation|Fantasy|Sci-Fi,2000,2.25,2,1,2,5,8,13,,,,,
6001,"King of Comedy, The",Comedy|Drama,1983,4.07142857142857,7,4,7,,,,,,,,
6002,"Love Liza",Drama,2002,3.33333333333333,3,7,,,,,,,,,
6003,"Confessions of a Dangerous Mind",Comedy|Crime|Drama|Thriller,2002,3.6,15,4,7,9,10,,,,,,
6005,"Blue Collar Comedy Tour: The Movie",Comedy|Documentary,2003,3,3,4,16,,,,,,,,
6006,"Just Married",Comedy|Romance,2003,2.75,8,4,6,,,,,,,,
6009,"City of Lost Souls, The",Crime|Drama|Thriller,2000,3,1,7,9,10,,,,,,,
6012,"Guy Thing, A",Comedy|Romance,2003,2.5,4,4,6,,,,,,,,
6013,"Kangaroo Jack",Action|Comedy,2003,1.75,2,4,8,,,,,,,,
6014,"National Security",Action|Comedy,2003,2.5,5,4,8,,,,,,,,
6016,"City of God",Action|Adventure|Crime|Drama|Thriller,2002,4.14666666666667,75,1,7,8,9,10,,,,,
6020,"Alice Adams",Comedy|Drama,1935,3.5,1,4,7,,,,,,,,
6021,"American Friend, The",Crime|Drama|Mystery|Thriller,1977,5,1,7,9,10,12,,,,,,
6022,"American Me",Drama,1992,2.5,3,7,,,,,,,,,
6023,"Band of Outsiders",Comedy|Crime|Drama|Romance,1964,3.5,2,4,6,7,9,,,,,,
6025,"CB4 - The Movie",Comedy,1993,2.9,5,4,,,,,,,,,
6027,"Dogfight",Drama|Romance,1991,4.16666666666667,3,6,7,,,,,,,,
6030,"Girls! Girls! Girls!",Comedy|Musical,1962,2,1,4,15,,,,,,,,
6031,"Imitation of Life",Drama|Romance,1959,3.5,2,6,7,,,,,,,,
6033,"Mystery Date",Comedy,1991,3,1,4,,,,,,,,,
6035,"Pépé le Moko",Crime|Drama|Romance,1937,3.25,2,6,7,9,,,,,,,
6036,"Secret Admirer",Comedy|Romance,1985,3,1,4,6,,,,,,,,
6039,"Woman in Red, The",Comedy|Romance,1984,2.375,4,4,6,,,,,,,,
6040,"Darkness Falls",Horror|Thriller,2003,2.125,4,10,11,,,,,,,,
6041,"Amen.",Drama,2002,3.83333333333333,3,7,,,,,,,,,
6042,"Blind Spot: Hitler's Secretary",Documentary,2002,3,1,16,,,,,,,,,
6044,"Blind Date",Horror|Thriller,1984,2,1,10,11,,,,,,,,
6049,"Ethan Frome",Drama,1993,4,1,7,,,,,,,,,
6051,"Harder They Come, The",Action|Crime|Drama,1973,4.16666666666667,3,7,8,9,,,,,,,
6055,"Sugar Hill",Drama,1994,2.25,2,7,,,,,,,,,
6057,"Biker Boyz",Action|Crime|Drama,2003,2,1,7,8,9,,,,,,,
6058,"Final Destination 2",Horror|Thriller,2003,3.05,10,10,11,,,,,,,,
6059,"Recruit, The",Action|Thriller,2003,3.35294117647059,17,8,10,,,,,,,,
6060,"Guru, The",Comedy|Romance,2002,3,2,4,6,,,,,,,,
6062,"Lost in La Mancha",Documentary,2002,3.08333333333333,6,16,,,,,,,,,
6063,"May",Drama|Horror,2002,3.33333333333333,3,7,11,,,,,,,,
6064,"Harder They Fall, The",Drama|Film-Noir,1956,4,1,7,19,,,,,,,,
6067,"Ordinary Decent Criminal",Comedy|Crime,2000,4,1,4,9,,,,,,,,
6070,"Tokyo Decadence",Drama,1992,4,1,7,,,,,,,,,
6078,"Firefox",Action|Sci-Fi|Thriller,1982,2.75,2,8,10,13,,,,,,,
6086,"I, the Jury",Crime|Drama|Thriller,1982,5,1,7,9,10,,,,,,,
6090,"Kiss Me Goodbye",Comedy,1982,3.5,1,4,,,,,,,,,
6093,"Last Unicorn, The",Animation|Children|Fantasy,1982,3.375,4,2,3,5,,,,,,,
6095,"Dragon Lord",Action,1982,3.5,1,8,,,,,,,,,
6100,"Midsummer Night's Sex Comedy, A",Comedy|Romance,1982,4,3,4,6,,,,,,,,
6101,"Missing",Drama|Mystery|Thriller,1982,4,1,7,10,12,,,,,,,
6104,"Monty Python Live at the Hollywood Bowl",Comedy,1982,4.16666666666667,9,4,,,,,,,,,
6107,"Night of the Shooting Stars",Drama|War,1982,4,1,7,14,,,,,,,,
6111,"Paradise",Adventure|Romance,1982,3.5,1,1,6,,,,,,,,
6116,"Pirate Movie, The",Adventure|Comedy|Musical,1982,2.5,2,1,4,15,,,,,,,
6119,"Santa Claus Is a Stinker",Comedy,1982,4,1,4,,,,,,,,,
6122,"Richard Pryor Live on the Sunset Strip",Comedy|Documentary,1982,4,2,4,16,,,,,,,,
6123,"Sunless",Documentary,1983,4,1,16,,,,,,,,,
6124,"Savannah Smiles",Comedy,1982,2.75,2,4,,,,,,,,,
6125,"Secret Policeman's Other Ball, The",Comedy|Documentary|Musical,1982,3.5,1,4,15,16,,,,,,,
6140,"Tenebre",Horror|Mystery|Thriller,1982,2.25,2,10,11,12,,,,,,,
6141,"They Call Me Bruce?",Comedy,1982,3,1,4,,,,,,,,,
6143,"Trail of the Pink Panther",Comedy|Crime,1982,3,2,4,9,,,,,,,,
6145,"Venom",Horror|Thriller,1982,2,1,10,11,,,,,,,,
6148,"White Dog",Drama|Horror|Thriller,1982,2.83333333333333,3,7,10,11,,,,,,,
6153,"Zapped!",Comedy|Sci-Fi,1982,1.5,2,4,13,,,,,,,,
6155,"How to Lose a Guy in 10 Days",Comedy|Romance,2003,3.27586206896552,29,4,6,,,,,,,,
6156,"Shanghai Knights",Action|Adventure|Comedy,2003,3.21052631578947,19,1,4,8,,,,,,,
6157,"Daredevil",Action|Crime,2003,2.5,32,8,9,,,,,,,,
6158,"Jungle Book 2, The",Animation|Children,2003,3,1,2,3,,,,,,,,
6159,"All the Real Girls",Drama|Romance,2003,4.25,2,6,7,,,,,,,,
6162,"Gerry",Adventure|Drama,2002,3.16666666666667,3,1,7,,,,,,,,
6163,"He Loves Me... He Loves Me Not",Romance|Thriller,2002,4.5,1,6,10,,,,,,,,
6166,"Dennis the Menace",Comedy,1993,1.8125,8,4,,,,,,,,,
6169,"Black Stallion Returns, The",Adventure|Children,1983,2.5,2,1,3,,,,,,,,
6170,"Black Stallion, The",Adventure|Children|Drama,1979,3.5,3,1,3,7,,,,,,,
6178,"Patch of Blue, A",Drama|Romance,1965,4,1,6,7,,,,,,,,
6181,"Red Badge of Courage, The",Drama|War,1951,4,1,7,14,,,,,,,,
6182,"Thrill of It All, The",Comedy,1963,3,1,4,,,,,,,,,
6183,"Pillow Talk",Comedy|Musical|Romance,1959,3.83333333333333,3,4,6,15,,,,,,,
6184,"Man Who Fell to Earth, The",Drama|Sci-Fi,1976,4.25,4,7,13,,,,,,,,
6185,"Dark Blue",Action|Crime|Drama|Thriller,2003,3,3,7,8,9,10,,,,,,
6186,"Gods and Generals",Action|Drama|War,2003,3,1,7,8,14,,,,,,,
6187,"Life of David Gale, The",Crime|Drama|Thriller,2003,3.8125,8,7,9,10,,,,,,,
6188,"Old School",Comedy,2003,3.51282051282051,39,4,,,,,,,,,
6192,"Open Hearts",Romance,2002,5,1,6,,,,,,,,,
6193,"Poolhall Junkies",Comedy|Drama|Thriller,2002,3.83333333333333,3,4,7,10,,,,,,,
6195,"Stone Reader",Documentary,2002,4,2,16,,,,,,,,,
6196,"Cradle 2 the Grave",Action|Crime|Drama|Thriller,2003,3.5,3,7,8,9,10,,,,,,
6197,"Spider",Drama|Mystery,2002,3.33333333333333,3,7,12,,,,,,,,
6201,"Lady Jane",Drama|Romance,1986,5,1,6,7,,,,,,,,
6202,"Late Marriage",Comedy|Drama|Romance,2001,3.5,1,4,6,7,,,,,,,
6203,"Life Stinks",Comedy,1991,1.5,2,4,,,,,,,,,
6204,"Meteor Man, The",Comedy,1993,2.5,1,4,,,,,,,,,
6210,"Volcano High",Action|Comedy,2001,3,1,4,8,,,,,,,,
6212,"Bringing Down the House",Comedy,2003,1.91666666666667,6,4,,,,,,,,,
6213,"Tears of the Sun",Action|Drama|Thriller,2003,2.64285714285714,7,7,8,10,,,,,,,
6214,"Irreversible",Crime|Drama|Mystery|Thriller,2002,3.88888888888889,9,7,9,10,12,,,,,,
6215,"Laurel Canyon",Drama,2002,3,3,7,,,,,,,,,
6216,"Nowhere in Africa",Drama,2001,3.75,2,7,,,,,,,,,
6217,"Safety of Objects, The",Drama,2001,3,2,7,,,,,,,,,
6218,"Bend It Like Beckham",Comedy|Drama|Romance,2002,3.3,40,4,6,7,,,,,,,
6219,"Hunted, The",Action|Drama|Thriller,2003,3,3,7,8,10,,,,,,,
6220,"Willard",Drama|Horror|Thriller,2003,2.5,4,7,10,11,,,,,,,
6222,"Prozac Nation",Drama,2001,3,1,7,,,,,,,,,
6223,"Spun",Comedy|Crime|Drama,2001,3.25,2,4,7,9,,,,,,,
6225,"King of Kings",Drama,1961,3,1,7,,,,,,,,,
6228,"Talk of the Town, The",Comedy|Romance|Thriller,1942,4,1,4,6,10,,,,,,,
6232,"Born Free",Adventure|Children|Drama,1966,4,1,1,3,7,,,,,,,
6234,"Equus",Drama|Mystery,1977,3.5,1,7,12,,,,,,,,
6235,"Europa Europa",Drama|War,1990,4.33333333333333,3,7,14,,,,,,,,
6237,"Glenn Miller Story, The",Drama,1953,4,1,7,,,,,,,,,
6238,"Green Card",Comedy|Drama|Romance,1990,2.83333333333333,9,4,6,7,,,,,,,
6239,"Journey to the Center of the Earth",Adventure|Children|Sci-Fi,1959,2.75,2,1,3,13,,,,,,,
6241,"Pauline at the Beach",Comedy|Drama|Romance,1983,4,1,4,6,7,,,,,,,
6242,"Ringu",Horror|Mystery|Thriller,1998,3.45454545454545,11,10,11,12,,,,,,,
6244,"Salaam Bombay!",Drama,1988,3.5,2,7,,,,,,,,,
6245,"Sweet Charity",Comedy|Drama|Musical|Romance,1969,3.5,1,4,6,7,15,,,,,,
6246,"Talent for the Game",Drama,1991,4,1,7,,,,,,,,,
6249,"Boat Trip",Comedy,2003,2.375,4,4,,,,,,,,,
6250,"Dreamcatcher",Drama|Horror|Sci-Fi|Thriller,2003,2.64285714285714,7,7,10,11,13,,,,,,
6251,"Piglet's Big Movie",Animation|Children,2003,2,1,2,3,,,,,,,,
6252,"View from the Top",Comedy|Romance,2003,2.375,4,4,6,,,,,,,,
6254,"Awful Truth, The",Comedy|Romance,1937,4.75,2,4,6,,,,,,,,
6263,"Basic",Drama|Thriller|War,2003,3.75,2,7,10,14,,,,,,,
6264,"Core, The",Action|Drama|Sci-Fi|Thriller,2003,2.375,8,7,8,10,13,,,,,,
6265,"Head of State",Comedy,2003,2.25,2,4,,,,,,,,,
6266,"What a Girl Wants",Comedy|Drama|Romance,2003,3.0625,8,4,6,7,,,,,,,
6267,"Assassination Tango",Drama|Thriller,2002,2,1,7,10,,,,,,,,
6268,"Raising Victor Vargas",Comedy|Drama|Romance,2002,3.75,2,4,6,7,,,,,,,
6269,"Stevie",Documentary,2002,4.25,2,16,,,,,,,,,
6270,"Akira Kurosawa's Dreams",Drama|Fantasy,1990,4.33333333333333,3,5,7,,,,,,,,
6271,"Day for Night",Comedy|Drama|Romance,1973,2,1,4,6,7,,,,,,,
6273,"In a Lonely Place",Drama|Film-Noir|Mystery|Romance,1950,3.5,1,6,7,12,19,,,,,,
6279,"Good Thief, The",Crime|Drama,2002,4,1,7,9,,,,,,,,
6280,"Man Apart, A",Action|Crime|Drama|Thriller,2003,2.25,2,7,8,9,10,,,,,,
6281,"Phone Booth",Drama|Thriller,2002,3.140625,32,7,10,,,,,,,,
6283,"Cowboy Bebop: The Movie",Action|Animation|Sci-Fi|Thriller,2001,3.9,20,2,8,10,13,,,,,,
6285,"Levity",Drama,2003,4,1,7,,,,,,,,,
6286,"Man Without a Past, The",Comedy|Crime|Drama,2002,3.875,4,4,7,9,,,,,,,
6287,"Anger Management",Comedy,2003,3.05882352941176,34,4,,,,,,,,,
6288,"Better Luck Tomorrow",Crime|Drama,2002,3.875,4,7,9,,,,,,,,
6289,"Ghosts of the Abyss",Documentary|IMAX,2003,3.5,1,16,17,,,,,,,,
6290,"House of 1000 Corpses",Horror,2003,2.71428571428571,7,11,,,,,,,,,
6291,"Lilya 4-Ever",Crime|Drama,2002,3.5,3,7,9,,,,,,,,
6294,"Bulletproof Monk",Action|Adventure|Sci-Fi,2003,2.40909090909091,11,1,8,13,,,,,,,
6295,"Chasing Papi",Comedy,2003,2,1,4,,,,,,,,,
6296,"Mighty Wind, A",Comedy|Musical,2003,3.75,14,4,15,,,,,,,,
6297,"Holes",Adventure|Children|Comedy|Mystery,2003,3.425,20,1,3,4,12,,,,,,
6298,"Malibu's Most Wanted",Comedy|Crime,2003,2.66666666666667,3,4,9,,,,,,,,
6299,"Winged Migration",Documentary,2001,3.5,9,16,,,,,,,,,
6300,"Flickering Lights",Action|Comedy|Crime,2000,4.5,3,4,8,9,,,,,,,
6301,"Straw Dogs",Drama|Thriller,1971,4,5,7,10,,,,,,,,
6302,"Beginning of the End",Sci-Fi,1957,1,1,13,,,,,,,,,
6303,"Andromeda Strain, The",Mystery|Sci-Fi,1971,3.625,8,12,13,,,,,,,,
6305,"Fahrenheit 451",Drama|Sci-Fi,1966,3.6,10,7,13,,,,,,,,
6306,"I Am Trying to Break Your Heart",Documentary,2002,4.16666666666667,3,16,,,,,,,,,
6308,"Legal Eagles",Comedy|Crime|Romance,1986,2.625,4,4,6,9,,,,,,,
6310,"Memories of Me",Comedy|Drama,1988,2.5,1,4,7,,,,,,,,
6313,"Sibling Rivalry",Comedy,1990,2.5,2,4,,,,,,,,,
6314,"Undercover Blues",Comedy|Crime,1993,2,2,4,9,,,,,,,,
6315,"Wildcats",Comedy,1986,1.83333333333333,3,4,,,,,,,,,
6316,"Wiz, The",Adventure|Children|Comedy|Fantasy|Musical,1978,2,1,1,3,4,5,15,,,,,
6319,"My Father the Hero",Comedy|Drama,1991,2.16666666666667,3,4,7,,,,,,,,
6320,"Scenes from a Mall",Comedy,1991,1.5,2,4,,,,,,,,,
6322,"Confidence",Crime|Thriller,2003,2.83333333333333,6,9,10,,,,,,,,
6323,"Identity",Crime|Horror|Mystery|Thriller,2003,3.68181818181818,22,9,10,11,12,,,,,,
6324,"It Runs in the Family",Comedy|Drama,2003,2.5,2,4,7,,,,,,,,
6327,"Decade Under the Influence, A",Documentary,2003,3.5,3,16,,,,,,,,,
6329,"Manic",Drama,2001,3,1,7,,,,,,,,,
6330,"People I Know",Crime|Drama,2002,3,2,7,9,,,,,,,,
6331,"Spellbound",Documentary,2002,3.92307692307692,13,16,,,,,,,,,
6332,"Lizzie McGuire Movie, The",Children|Comedy|Romance,2003,3,4,3,4,6,,,,,,,
6333,"X2: X-Men United",Action|Adventure|Sci-Fi|Thriller,2003,3.72368421052632,76,1,8,10,13,,,,,,
6334,"Blue Car",Drama,2002,3.5,3,7,,,,,,,,,
6335,"Dancer Upstairs, The",Crime|Drama|Thriller,2002,3.83333333333333,3,7,9,10,,,,,,,
6336,"Marooned in Iraq",Drama,2002,3,1,7,,,,,,,,,
6337,"Owning Mahowny",Crime|Drama|Thriller,2003,3.5,4,7,9,10,,,,,,,
6338,"Daddy Day Care",Children|Comedy,2003,2.33333333333333,6,3,4,,,,,,,,
6339,"Man on the Train",Comedy|Drama,2002,3.875,4,4,7,,,,,,,,
6341,"Shape of Things, The",Drama,2003,3.25,4,7,,,,,,,,,
6342,"Trip, The",Comedy|Drama|Romance,2002,2,1,4,6,7,,,,,,,
6344,"101 Reykjavik",Comedy|Drama|Romance,2000,3.5,1,4,6,7,,,,,,,
6345,"Chorus Line, A",Comedy|Drama|Musical,1985,4.66666666666667,3,4,7,15,,,,,,,
6347,"Beat Street",Drama|Musical,1984,1,1,7,15,,,,,,,,
6348,"Breakin' 2: Electric Boogaloo",Musical,1984,1.66666666666667,3,15,,,,,,,,,
6349,"Breakin'",Drama|Musical,1984,2,3,7,15,,,,,,,,
6350,"Laputa: Castle in the Sky",Action|Adventure|Animation|Children|Fantasy|Sci-Fi,1986,4.0625,24,1,2,3,5,8,13,,,,
6357,"High Society",Comedy|Musical|Romance,1956,3,2,4,6,15,,,,,,,
6358,"Kiss Me Kate",Comedy|Musical|Romance,1953,3.5,1,4,6,15,,,,,,,
6365,"Matrix Reloaded, The",Action|Adventure|Sci-Fi|Thriller|IMAX,2003,3.35416666666667,96,1,8,10,13,17,,,,,
6367,"Down with Love",Comedy|Romance,2003,2.9,10,4,6,,,,,,,,
6368,"Cinemania",Documentary,2002,4,4,16,,,,,,,,,
6370,"Spanish Apartment, The",Comedy|Drama|Romance,2002,4,5,4,6,7,,,,,,,
6371,"Pokémon Heroes",Animation|Children,2003,0.5,1,2,3,,,,,,,,
6373,"Bruce Almighty",Comedy|Drama|Fantasy|Romance,2003,3.3169014084507,71,4,5,6,7,,,,,,
6374,"In-Laws, The",Comedy,2003,2.16666666666667,3,4,,,,,,,,,
6375,"Gigantic",Documentary,2002,4,4,16,,,,,,,,,
6376,"Respiro",Comedy|Drama,2002,3.5,2,4,7,,,,,,,,
6377,"Finding Nemo",Adventure|Animation|Children|Comedy,2003,3.96099290780142,141,1,2,3,4,,,,,,
6378,"Italian Job, The",Action|Crime,2003,3.61864406779661,59,8,9,,,,,,,,
6379,"Wrong Turn",Horror|Thriller,2003,3,2,10,11,,,,,,,,
6380,"Capturing the Friedmans",Documentary,2003,3.92857142857143,7,16,,,,,,,,,
6382,"Together",Drama,2002,3,1,7,,,,,,,,,
6383,"2 Fast 2 Furious",Action|Crime|Thriller,2003,2.60526315789474,19,8,9,10,,,,,,,
6385,"Whale Rider",Drama,2002,3.75,14,7,,,,,,,,,
6386,"Nevada Smith",Western,1966,4,1,18,,,,,,,,,
6387,"Once a Thief",Action|Comedy|Crime|Thriller,1991,3.66666666666667,3,4,8,9,10,,,,,,
6390,"Silk Stockings",Musical,1957,3.5,1,15,,,,,,,,,
6395,"Crazies, The",Action|Drama|Horror|Sci-Fi|Thriller,1973,3.5,1,7,8,10,11,13,,,,,
6400,"Murder on a Sunday Morning",Documentary,2001,3.5,1,16,,,,,,,,,
6402,"Siam Sunset",Comedy,1999,5,1,4,,,,,,,,,
6405,"Treasure Island",Adventure|Children,1950,3.25,2,1,3,,,,,,,,
6407,"Walk, Don't Run",Comedy|Romance,1966,2,1,4,6,,,,,,,,
6408,"Animals are Beautiful People",Comedy|Documentary,1974,5,1,4,16,,,,,,,,
6410,"Car Wash",Comedy,1976,3.75,2,4,,,,,,,,,
6412,"Destry Rides Again",Comedy|Western,1939,3.75,2,4,18,,,,,,,,
6415,"Intervista",Comedy|Drama,1987,4,1,4,7,,,,,,,,
6417,"Live Wire",Action,1992,4,1,8,,,,,,,,,
6422,"Shenandoah",Drama|War|Western,1965,4,1,7,14,18,,,,,,,
6424,"Oscar",Comedy|Crime|Mystery|Romance,1991,1,1,4,6,9,12,,,,,,
6425,"6th Man, The",Comedy,1997,1.5,2,4,,,,,,,,,
6427,"Railway Children, The",Children|Drama,1970,4,1,3,7,,,,,,,,
6428,"Two Mules for Sister Sara",Comedy|War|Western,1970,3,2,4,14,18,,,,,,,
6429,"Winchester '73",Western,1950,4,1,18,,,,,,,,,
6433,"Man with the Movie Camera, The",Documentary,1929,3.33333333333333,3,16,,,,,,,,,
6434,"Objective, Burma!",War,1945,3,1,14,,,,,,,,,
6436,"This Boy's Life",Drama,1993,3.33333333333333,3,7,,,,,,,,,
6440,"Barton Fink",Drama|Thriller,1991,4.03571428571429,14,7,10,,,,,,,,
6442,"Belle époque",Comedy|Romance,1992,5,2,4,6,,,,,,,,
6448,"Flight of the Phoenix, The",Action|Adventure|Drama,1965,4,2,1,7,8,,,,,,,
6449,"From the Terrace",Drama,1960,3,1,7,,,,,,,,,
6452,"Long, Hot Summer, The",Drama,1958,4,1,7,,,,,,,,,
6453,"Man of Aran",Documentary,1934,3.5,1,16,,,,,,,,,
6454,"Music Box",Drama,1989,3.5,1,7,,,,,,,,,
6460,"Trial, The",Drama,1962,4.9,5,7,,,,,,,,,
6461,"Unforgiven, The",Drama|Western,1960,3.83333333333333,6,7,18,,,,,,,,
6464,"Good Burger",Children|Comedy,1997,2,2,3,4,,,,,,,,
6465,"Jubilee",Drama,1977,3,1,7,,,,,,,,,
6466,"Mississippi Masala",Drama|Romance,1991,3.5,3,6,7,,,,,,,,
6476,"Shattered",Mystery|Thriller,1991,3,1,10,12,,,,,,,,
6477,"Song of Bernadette, The",Drama,1943,3,1,7,,,,,,,,,
6480,"Thoroughly Modern Millie",Comedy|Musical,1967,3,1,4,15,,,,,,,,
6482,"Dumb and Dumberer: When Harry Met Lloyd",Comedy,2003,1.95454545454545,11,4,,,,,,,,,
6483,"From Justin to Kelly",Musical|Romance,2003,0.833333333333333,3,6,15,,,,,,,,
6484,"Hollywood Homicide",Action|Crime|Drama,2003,2.92857142857143,7,7,8,9,,,,,,,
6493,"Alex and Emma",Comedy|Drama|Romance,2003,2,1,4,6,7,,,,,,,
6502,"28 Days Later",Action|Horror|Sci-Fi,2002,3.97413793103448,58,8,11,13,,,,,,,
6503,"Charlie's Angels: Full Throttle",Action|Adventure|Comedy|Crime|Thriller,2003,2.37037037037037,27,1,4,8,9,10,,,,,
6506,"Fulltime Killer",Action|Thriller,2001,3.5,1,8,10,,,,,,,,
6509,"Ali: Fear Eats the Soul",Drama|Romance,1974,4,2,6,7,,,,,,,,
6510,"Bodies, Rest & Motion",Drama|Romance,1993,3,1,6,7,,,,,,,,
6514,"Ring of Terror",Horror,1962,0.5,1,11,,,,,,,,,
6515,"You Only Live Once",Crime|Film-Noir,1937,4.5,1,9,19,,,,,,,,
6516,"Anastasia",Drama,1956,3.5,1,7,,,,,,,,,
6517,"Babe, The",Drama,1992,2.25,2,7,,,,,,,,,
6523,"Mr. Baseball",Comedy|Romance,1992,2.5,2,4,6,,,,,,,,
6527,"Scaramouche",Adventure|Romance,1952,3,1,1,6,,,,,,,,
6528,"Start the Revolution Without Me",Comedy,1970,2,1,4,,,,,,,,,
6530,"Tenant, The",Drama|Horror|Mystery|Thriller,1976,4.25,2,7,10,11,12,,,,,,
6533,"What's Up, Doc?",Comedy,1972,4.5,1,4,,,,,,,,,
6534,"Hulk",Action|Adventure|Sci-Fi,2003,2.56060606060606,33,1,8,13,,,,,,,
6535,"Legally Blonde 2: Red, White & Blonde",Comedy,2003,2.40909090909091,11,4,,,,,,,,,
6536,"Sinbad: Legend of the Seven Seas",Adventure|Animation|Children|Fantasy,2003,3.66666666666667,6,1,2,3,5,,,,,,
6537,"Terminator 3: Rise of the Machines",Action|Adventure|Sci-Fi,2003,3.04444444444444,45,1,8,13,,,,,,,
6538,"Swimming Pool",Drama|Mystery|Thriller,2003,3.6,5,7,10,12,,,,,,,
6539,"Pirates of the Caribbean: The Curse of the Black Pearl",Action|Adventure|Comedy|Fantasy,2003,3.77852348993289,149,1,4,5,8,,,,,,
6541,"League of Extraordinary Gentlemen, The",Action|Fantasy|Sci-Fi,2003,2.625,32,5,8,13,,,,,,,
6542,"Cuckoo, The",Comedy|Drama|War,2002,3.5,1,4,7,14,,,,,,,
6545,"I Capture the Castle",Drama|Romance,2003,4.5,1,6,7,,,,,,,,
6547,"Northfork",Drama|Fantasy,2003,2.25,2,5,7,,,,,,,,
6548,"Bad Boys II",Action|Comedy|Crime|Thriller,2003,2.88235294117647,17,4,8,9,10,,,,,,
6549,"How to Deal",Comedy|Drama|Romance,2003,3.5,3,4,6,7,,,,,,,
6550,"Johnny English",Action|Comedy|Thriller,2003,2.96153846153846,13,4,8,10,,,,,,,
6551,"Anarchist Cookbook, The",Comedy|Romance,2002,4,1,4,6,,,,,,,,
6552,"Dirty Pretty Things",Crime|Drama|Thriller,2002,3.625,12,7,9,10,,,,,,,
6553,"Embalmer, The",Drama,2002,4,1,7,,,,,,,,,
6554,"Garage Days",Comedy|Musical,2002,1.25,2,4,15,,,,,,,,
6557,"Born to Be Wild",Adventure|Children|Comedy|Drama,1995,0.5,1,1,3,4,7,,,,,,
6558,"Curly Sue",Comedy|Drama,1991,2.33333333333333,3,4,7,,,,,,,,
6559,"Little Giants",Children|Comedy,1994,2.5,4,3,4,,,,,,,,
6560,"Loose Cannons",Action|Comedy,1990,2,1,4,8,,,,,,,,
6561,"Mouse That Roared, The",Comedy|War,1959,3,1,4,14,,,,,,,,
6563,"Masked & Anonymous",Comedy|Drama,2003,2.5,1,4,7,,,,,,,,
6564,"Lara Croft Tomb Raider: The Cradle of Life",Action|Adventure|Comedy|Romance|Thriller,2003,2.64705882352941,17,1,4,6,8,10,,,,,
6565,"Seabiscuit",Drama,2003,3.69444444444444,18,7,,,,,,,,,
6566,"Spy Kids 3-D: Game Over",Action|Adventure|Children,2003,2,3,1,3,8,,,,,,,
6567,"Buffalo Soldiers",Comedy|Crime|Drama|War,2001,3.5,3,4,7,9,14,,,,,,
6568,"Camp",Comedy|Musical,2003,3.25,2,4,15,,,,,,,,
6571,"Mondays in the Sun",Drama,2002,4,1,7,,,,,,,,,
6572,"Scorched",Comedy|Crime,2003,3.5,2,4,9,,,,,,,,
6573,"Avanti!",Comedy|Drama,1972,4,1,4,7,,,,,,,,
6574,"Eve of Destruction",Action|Sci-Fi|Thriller,1991,1,1,8,10,13,,,,,,,
6577,"Kickboxer 2: The Road Back",Action|Drama,1991,3.5,2,7,8,,,,,,,,
6578,"Kiss Me, Stupid",Comedy,1964,3.5,1,4,,,,,,,,,
6579,"One, Two, Three",Comedy,1961,4,2,4,,,,,,,,,
6581,"Private Life of Sherlock Holmes, The",Comedy|Drama|Mystery,1970,2.5,2,4,7,12,,,,,,,
6582,"Remo Williams: The Adventure Begins",Action|Comedy|Crime|Thriller,1985,2.33333333333333,3,4,8,9,10,,,,,,
6583,"Blood of Heroes, The",Action|Sci-Fi,1989,4,1,8,13,,,,,,,,
6584,"What's Up, Tiger Lily?",Adventure|Comedy|Crime|Thriller,1966,3.16666666666667,3,1,4,9,10,,,,,,
6586,"American Wedding",Comedy,2003,3.09375,16,4,,,,,,,,,
6587,"Gigli",Comedy|Crime|Romance,2003,1.5,1,4,6,9,,,,,,,
6588,"And Now... Ladies and Gentlemen...",Romance|Thriller,2002,4,1,6,10,,,,,,,,
6591,"Magdalene Sisters, The",Drama,2002,4.33333333333333,6,7,,,,,,,,,
6592,"Secret Lives of Dentists, The",Drama,2002,4,1,7,,,,,,,,,
6593,"Freaky Friday",Children|Comedy|Fantasy,2003,3.20833333333333,24,3,4,5,,,,,,,
6595,"S.W.A.T.",Action|Thriller,2003,3.32142857142857,14,8,10,,,,,,,,
6596,"Divorce, Le",Comedy|Drama|Romance,2003,3.5,1,4,6,7,,,,,,,
6597,"Princess Blade, The",Action|Sci-Fi,2001,3,1,8,13,,,,,,,,
6598,"Step Into Liquid",Documentary,2002,3.5,1,16,,,,,,,,,
6603,"Double Life, A",Crime|Drama|Film-Noir,1947,2.5,1,7,9,19,,,,,,,
6604,"Hawks and Sparrows",Comedy,1966,4,1,4,,,,,,,,,
6609,"Gospel According to St. Matthew, The",Drama,1964,3.5,1,7,,,,,,,,,
6611,"Umberto D.",Drama,1952,5,1,7,,,,,,,,,
6612,"Brother's Keeper",Documentary,1992,4.25,2,16,,,,,,,,,
6614,"I Love You to Death",Comedy|Crime,1990,2.66666666666667,3,4,9,,,,,,,,
6615,"Freddy vs. Jason",Action|Horror|Thriller,2003,2.33333333333333,9,8,10,11,,,,,,,
6616,"Grind",Action|Comedy,2003,2.75,2,4,8,,,,,,,,
6617,"Open Range",Western,2003,3.94444444444444,9,18,,,,,,,,,
6618,"Shaolin Soccer",Action|Comedy,2001,3.82352941176471,17,4,8,,,,,,,,
6619,"Uptown Girls",Comedy,2003,2.91666666666667,6,4,,,,,,,,,
6620,"American Splendor",Comedy|Drama,2003,3.83333333333333,18,4,7,,,,,,,,
6624,"Agent Cody Banks",Action|Adventure|Children|Fantasy,2003,1.9,5,1,3,5,8,,,,,,
6625,"Camp Nowhere",Adventure|Children|Comedy,1994,2.5,4,1,3,4,,,,,,,
6628,"Hot Dog... The Movie",Comedy,1984,2,1,4,,,,,,,,,
6629,"House of Wax",Crime|Horror|Mystery|Thriller,1953,3.5,3,9,10,11,12,,,,,,
6631,"Man's Best Friend",Horror|Sci-Fi|Thriller,1993,1.5,2,10,11,13,,,,,,,
6636,"Sure Thing, The",Comedy|Romance,1985,3.75,4,4,6,,,,,,,,
6638,"Valley Girl",Comedy|Romance,1983,2.16666666666667,3,4,6,,,,,,,,
6639,"Wait Until Dark",Drama|Thriller,1967,3.42857142857143,7,7,10,,,,,,,,
6643,"Tokyo Story",Drama,1953,2.625,4,7,,,,,,,,,
6644,"Green Ray, The",Drama|Romance,1986,4,1,6,7,,,,,,,,
6645,"THX 1138",Action|Adventure|Drama|Sci-Fi,1971,3.78571428571429,7,1,7,8,13,,,,,,
6650,"Kind Hearts and Coronets",Comedy|Drama,1949,3.33333333333333,3,4,7,,,,,,,,
6654,"Atragon",Adventure|Sci-Fi,1963,3.5,1,1,13,,,,,,,,
6656,"Attack of the Puppet People",Horror|Sci-Fi,1958,4,1,11,13,,,,,,,,
6658,"10",Comedy|Romance,1979,3.375,4,4,6,,,,,,,,
6659,"Tremors",Comedy|Horror|Sci-Fi,1990,3.4375,16,4,11,13,,,,,,,
6660,"Red Shoes, The",Drama|Fantasy|Musical|Romance,1948,3.5,1,5,6,7,15,,,,,,
6662,"Pink Panther, The",Comedy|Crime,1963,3.45454545454545,11,4,9,,,,,,,,
6663,"Pink Panther Strikes Again, The",Comedy|Crime,1976,3.4,5,4,9,,,,,,,,
6664,"Commando",Action|Adventure,1985,3.5,6,1,8,,,,,,,,
6665,"Dracula",Horror|Romance,1979,4.5,1,6,11,,,,,,,,
6666,"Discreet Charm of the Bourgeoisie, The",Comedy|Drama|Fantasy,1972,4.3,5,4,5,7,,,,,,,
6667,"Waco: The Rules of Engagement",Documentary,1997,3.5,1,16,,,,,,,,,
6668,"Road Home, The",Drama|Romance,1999,NaN,NaN,6,7,,,,,,,,
6669,"Ikiru",Drama,1952,3.41666666666667,6,7,,,,,,,,,
6670,"Comic Book Villains",Comedy,2002,2.25,2,4,,,,,,,,,
6671,"Angel at My Table, An",Drama,1990,4,1,7,,,,,,,,,
6678,"Handmaid's Tale, The",Drama|Sci-Fi,1990,3.5,1,7,13,,,,,,,,
6679,"Revolution OS",Documentary,2001,4,1,16,,,,,,,,,
6684,"Death in Venice",Drama|Romance,1971,4,2,6,7,,,,,,,,
6686,"Medallion, The",Action|Comedy|Crime|Fantasy,2003,2.7,5,4,5,8,9,,,,,,
6687,"My Boss's Daughter",Comedy|Romance,2003,2,4,4,6,,,,,,,,
6688,"Autumn Spring",Comedy|Drama,2001,3.5,1,4,7,,,,,,,,
6689,"Battle of Shaker Heights, The",Comedy|Drama|Romance,2003,4,1,4,6,7,,,,,,,
6691,"Dust",Drama|Western,2001,2.5,1,7,18,,,,,,,,
6692,"Stoked: The Rise and Fall of Gator",Documentary,2002,2,1,16,,,,,,,,,
6695,"Jeepers Creepers 2",Horror|Thriller,2003,1.875,4,10,11,,,,,,,,
6696,"Bollywood/Hollywood",Comedy|Drama|Musical|Romance,2002,2.5,1,4,6,7,15,,,,,,
6699,"Once Upon a Time in the Midlands",Drama,2002,3,1,7,,,,,,,,,
6702,"Dickie Roberts: Former Child Star",Comedy,2003,2.3,5,4,,,,,,,,,
6705,"Party Monster",Comedy|Crime|Drama|Thriller,2003,2.5,1,4,7,9,10,,,,,,
6706,"Taking Sides",Drama,2001,3.5,1,7,,,,,,,,,
6707,"Cabin Fever",Horror|Thriller,2002,2.875,8,10,11,,,,,,,,
6708,"Matchstick Men",Comedy|Crime|Drama,2003,3.72058823529412,34,4,7,9,,,,,,,
6709,"Once Upon a Time in Mexico",Action|Adventure|Crime|Thriller,2003,3.21428571428571,14,1,8,9,10,,,,,,
6710,"Dummy",Comedy|Drama|Romance,2002,3.625,4,4,6,7,,,,,,,
6711,"Lost in Translation",Comedy|Drama|Romance,2003,4.03378378378378,74,4,6,7,,,,,,,
6713,"Millennium Actress",Animation|Drama|Romance,2001,3.8,5,2,6,7,,,,,,,
6715,"Children of the Night",Horror,1991,3.5,1,11,,,,,,,,,
6718,"Gotcha!",Comedy,1985,2.5,1,4,,,,,,,,,
6720,"Kuffs",Action|Comedy|Crime,1992,2.5,2,4,8,9,,,,,,,
6721,"Once Upon a Time in China",Action|Adventure|Drama,1991,3.35714285714286,7,1,7,8,,,,,,,
6722,"Once Upon a Time in China II",Action|Romance,1992,2.5,1,6,8,,,,,,,,
6723,"Once Upon a Time in China III",Action,1993,3,2,8,,,,,,,,,
6724,"Paper Moon",Comedy|Crime|Drama,1973,3.6,5,4,7,9,,,,,,,
6731,"Day of the Dead",Horror|Sci-Fi|Thriller,1985,3.625,8,10,11,13,,,,,,,
6732,"Hello, Dolly!",Comedy|Musical|Romance,1969,3.75,2,4,6,15,,,,,,,
6734,"Memoirs of an Invisible Man",Comedy|Romance|Sci-Fi|Thriller,1992,2,2,4,6,10,13,,,,,,
6744,"Once Bitten",Comedy|Horror,1985,2.25,4,4,11,,,,,,,,
6746,"Squirm",Horror|Romance,1976,2,1,6,11,,,,,,,,
6748,"Brood, The",Horror,1979,3,1,11,,,,,,,,,
6750,"Anything Else",Comedy|Drama|Romance,2003,2.83333333333333,3,4,6,7,,,,,,,
6751,"Cold Creek Manor",Drama|Thriller,2003,2.5,1,7,10,,,,,,,,
6752,"Fighting Temptations, The",Drama,2003,3.5,1,7,,,,,,,,,
6753,"Secondhand Lions",Children|Comedy|Drama,2003,3.5,12,3,4,7,,,,,,,
6754,"Underworld",Action|Fantasy|Horror,2003,3.5,33,5,8,11,,,,,,,
6755,"Bubba Ho-tep",Comedy|Horror,2002,3.32142857142857,14,4,11,,,,,,,,
6760,"In This World",Adventure|Drama,2002,3,2,1,7,,,,,,,,
6763,"Duplex",Comedy|Crime,2003,2.42857142857143,7,4,9,,,,,,,,
6764,"Rundown, The",Action|Adventure|Comedy,2003,3.14705882352941,17,1,4,8,,,,,,,
6765,"Under the Tuscan Sun",Comedy|Drama|Romance,2003,3.27777777777778,9,4,6,7,,,,,,,
6768,"Luther",Drama,2003,4,1,7,,,,,,,,,
6769,"Mambo Italiano",Comedy,2003,3,1,4,,,,,,,,,
6770,"My Life Without Me",Drama|Romance,2003,3.5,2,6,7,,,,,,,,
6772,"To Be and to Have",Documentary,2002,3,1,16,,,,,,,,,
6773,"Triplets of Belleville, The",Animation|Comedy|Fantasy,2003,3.70454545454545,22,2,4,5,,,,,,,
6774,"Videodrome",Fantasy|Horror|Sci-Fi|Thriller,1983,3.6875,8,5,10,11,13,,,,,,
6775,"Life and Debt",Documentary,2001,4,1,16,,,,,,,,,
6776,"Lagaan: Once Upon a Time in India",Comedy|Drama|Musical|Romance,2001,4.16666666666667,3,4,6,7,15,,,,,,
6777,"Judgment at Nuremberg",Drama,1961,3.6,5,7,,,,,,,,,
6780,"Brief History of Time, A",Documentary,1991,3.25,2,16,,,,,,,,,
6782,"Leningrad Cowboys Go America",Comedy|Musical,1989,4,1,4,15,,,,,,,,
6783,"Rules of the Game, The",Comedy|Drama,1939,3.5,3,4,7,,,,,,,,
6785,"Seven Brides for Seven Brothers",Comedy|Musical|Romance|Western,1954,3.75,4,4,6,15,18,,,,,,
6786,"Kiss of the Spider Woman",Drama,1985,3.875,4,7,,,,,,,,,
6787,"All the President's Men",Drama|Thriller,1976,4.01851851851852,27,7,10,,,,,,,,
6788,"Angie",Comedy|Drama|Romance,1994,2,1,4,6,7,,,,,,,
6789,"Apartment, The",Drama|Mystery|Romance,1996,4,1,6,7,12,,,,,,,
6790,"Avalon",Drama|Fantasy|Sci-Fi,2001,3.5,3,5,7,13,,,,,,,
6791,"Babette's Feast",Drama,1987,4.4,5,7,,,,,,,,,
6793,"Beethoven",Children|Comedy|Drama,1992,1.77272727272727,11,3,4,7,,,,,,,
6794,"Beethoven's 2nd",Children|Comedy,1993,1.5,5,3,4,,,,,,,,
6796,"Boyz N the Hood",Crime|Drama,1991,3.72222222222222,18,7,9,,,,,,,,
6797,"Bugsy",Crime|Drama,1991,3,1,7,9,,,,,,,,
6798,"Bugsy Malone",Children|Comedy|Crime|Musical,1976,2.75,2,3,4,9,15,,,,,,
6800,"Cobra",Action|Crime,1986,2.33333333333333,3,8,9,,,,,,,,
6803,"Phenomena",Horror|Mystery|Thriller,1985,3.5,1,10,11,12,,,,,,,
6804,"Crimewave",Comedy|Crime,1985,2,1,4,9,,,,,,,,
6807,"Monty Python's The Meaning of Life",Comedy,1983,3.95,40,4,,,,,,,,,
6808,"Where Eagles Dare",Action|Adventure|War,1968,4,4,1,8,14,,,,,,,
6809,"Tightrope",Thriller,1984,3,1,10,,,,,,,,,
6810,"Sleeping with the Enemy",Drama|Thriller,1991,2.5,5,7,10,,,,,,,,
6811,"PCU",Comedy,1994,2.5,5,4,,,,,,,,,
6812,"Rookie, The",Action|Comedy|Thriller,1990,2.25,2,4,8,10,,,,,,,
6814,"City Heat",Action|Comedy,1984,3,1,4,8,,,,,,,,
6816,"Three O'Clock High",Comedy,1987,4,1,4,,,,,,,,,
6817,"White Hunter, Black Heart",Adventure|Drama,1990,3,1,1,7,,,,,,,,
6818,"Come and See",Drama|War,1985,5,2,7,14,,,,,,,,
6820,"Ginger Snaps",Drama|Horror|Thriller,2000,4,6,7,10,11,,,,,,,
6821,"More American Graffiti",Comedy,1979,3,1,4,,,,,,,,,
6827,"It's Pat",Comedy,1994,0.833333333333333,3,4,,,,,,,,,
6832,"Regarding Henry",Drama,1991,3.6,5,7,,,,,,,,,
6835,"Alien Contamination",Action|Horror|Sci-Fi,1980,5,1,8,11,13,,,,,,,
6836,"Amazing Transparent Man, The",Sci-Fi,1960,3.5,1,13,,,,,,,,,
6837,"Love Affair",Comedy|Drama|Romance,1939,3,1,4,6,7,,,,,,,
6849,"Scrooge",Drama|Fantasy|Musical,1970,NaN,NaN,5,7,15,,,,,,,
6850,"Leap of Faith",Comedy|Drama,1992,2.33333333333333,3,4,7,,,,,,,,
6851,"Gas, Food, Lodging",Drama|Romance,1992,2.75,2,6,7,,,,,,,,
6852,"In Cold Blood",Crime|Drama,1967,3.625,4,7,9,,,,,,,,
6853,"Campus Man",Comedy,1987,1,1,4,,,,,,,,,
6856,"Yankee Doodle Dandy",Drama|Musical,1942,4,2,7,15,,,,,,,,
6857,"Ninja Scroll",Action|Adventure|Animation|Fantasy,1995,3.76923076923077,13,1,2,5,8,,,,,,
6858,"Knife in the Water",Drama,1962,3.75,2,7,,,,,,,,,
6860,"Mobsters",Crime|Drama,1991,2,1,7,9,,,,,,,,
6862,"Out of Time",Crime|Drama|Thriller,2003,3.5,2,7,9,10,,,,,,,
6863,"School of Rock",Comedy|Musical,2003,3.40151515151515,66,4,15,,,,,,,,
6867,"Station Agent, The",Comedy|Drama,2003,3.58333333333333,12,4,7,,,,,,,,
6868,"Wonderland",Crime|Drama|Mystery|Thriller,2003,3.42857142857143,7,7,9,10,12,,,,,,
6869,"Bus 174",Crime|Documentary,2002,3.83333333333333,3,9,16,,,,,,,,
6870,"Mystic River",Crime|Drama|Mystery,2003,3.71153846153846,52,7,9,12,,,,,,,
6872,"House of the Dead, The",Action|Horror,2003,1.125,4,8,11,,,,,,,,
6873,"Intolerable Cruelty",Comedy|Romance,2003,3.175,20,4,6,,,,,,,,
6874,"Kill Bill: Vol. 1",Action|Crime|Thriller,2003,3.9618320610687,131,8,9,10,,,,,,,
6879,"Runaway Jury",Drama|Thriller,2003,3.44117647058824,17,7,10,,,,,,,,
6880,"Texas Chainsaw Massacre, The",Horror,2003,1.85714285714286,7,11,,,,,,,,,
6881,"Pieces of April",Comedy|Drama,2003,3.07142857142857,7,4,7,,,,,,,,
6882,"Returner",Action|Adventure|Sci-Fi,2002,2.5,1,1,8,13,,,,,,,
6883,"Sylvia",Drama|Romance,2003,3,1,6,7,,,,,,,,
6884,"Veronica Guerin",Crime|Drama|Thriller,2003,3,2,7,9,10,,,,,,,
6885,"In the Cut",Crime|Drama|Mystery|Romance|Thriller,2003,2.83333333333333,3,6,7,9,10,12,,,,,
6886,"Beyond Borders",Drama|Romance|War,2003,3.5,1,6,7,14,,,,,,,
6887,"Radio",Drama,2003,4.1,5,7,,,,,,,,,
6888,"Scary Movie 3",Comedy|Horror,2003,2.275,20,4,11,,,,,,,,
6889,"Brother Bear",Adventure|Animation|Children,2003,3,2,1,2,3,,,,,,,
6890,"Elephant",Drama,2003,3.55555555555556,9,7,,,,,,,,,
6893,"Italian Job, The",Action|Comedy|Crime,1969,3.85,10,4,8,9,,,,,,,
6898,"Sweet Sixteen",Drama,2002,3.33333333333333,3,7,,,,,,,,,
6899,"Alien from L.A.",Sci-Fi,1988,3.5,1,13,,,,,,,,,
6902,"Interstate 60",Adventure|Comedy|Drama|Fantasy|Mystery|Sci-Fi|Thriller,2002,4,2,1,4,5,7,10,12,13,,,
6909,"Eye, The",Thriller,2002,3.25,2,10,,,,,,,,,
6911,"Jolson Story, The",Musical,1946,3.5,1,15,,,,,,,,,
6912,"You'll Never Get Rich",Comedy|Musical|Romance,1941,3.5,1,4,6,15,,,,,,,
6918,"Unvanquished, The",Drama,1957,3.75,2,7,,,,,,,,,
6920,"Cercle Rouge, Le",Crime|Thriller,1970,3.5,3,9,10,,,,,,,,
6927,"Human Stain, The",Drama|Romance|Thriller,2003,4,1,6,7,10,,,,,,,
6932,"Shattered Glass",Crime|Drama,2003,3.5,7,7,9,,,,,,,,
6934,"Matrix Revolutions, The",Action|Adventure|Sci-Fi|Thriller|IMAX,2003,3.15189873417722,79,1,8,10,13,17,,,,,
6935,"Revolution Will Not Be Televised, The",Documentary,2003,4,1,16,,,,,,,,,
6936,"Elf",Children|Comedy|Fantasy,2003,3.69230769230769,39,3,4,5,,,,,,,
6938,"Billabong Odyssey",Documentary,2003,4,1,16,,,,,,,,,
6939,"Gloomy Sunday",Drama|Romance,1999,4,1,6,7,,,,,,,,
6942,"Love Actually",Comedy|Drama|Romance,2003,3.78813559322034,59,4,6,7,,,,,,,
6944,"Father of the Bride",Comedy,1991,3.5,13,4,,,,,,,,,
6945,"My Architect: A Son's Journey",Documentary,2003,4.25,2,16,,,,,,,,,
6946,"Looney Tunes: Back in Action",Action|Animation|Children|Fantasy,2003,2.75,2,2,3,5,8,,,,,,
6947,"Master and Commander: The Far Side of the World",Adventure|Drama|War,2003,3.63888888888889,36,1,7,14,,,,,,,
6948,"Tupac: Resurrection",Documentary,2003,4,1,16,,,,,,,,,
6949,"Big Empty, The",Comedy|Mystery|Sci-Fi,2003,3.5,1,4,12,13,,,,,,,
6950,"Missing, The",Adventure|Thriller|Western,2003,3.66666666666667,3,1,10,18,,,,,,,
6951,"Cat in the Hat, The",Children|Comedy,2003,2.1,5,3,4,,,,,,,,
6952,"Gothika",Horror|Thriller,2003,3.11111111111111,9,10,11,,,,,,,,
6953,"21 Grams",Crime|Drama|Mystery|Romance|Thriller,2003,3.3,25,6,7,9,10,12,,,,,
6954,"Barbarian Invasions, The",Comedy|Crime|Drama|Mystery|Romance,2003,4,3,4,6,7,9,12,,,,,
6957,"Bad Santa",Comedy|Crime,2003,3.36538461538462,26,4,9,,,,,,,,
6958,"Haunted Mansion, The",Children|Comedy|Fantasy|Horror,2003,2.5,10,3,4,5,11,,,,,,
6959,"Timeline",Action|Adventure|Sci-Fi,2003,2,3,1,8,13,,,,,,,
6961,"Damage",Drama,1992,4,1,7,,,,,,,,,
6962,"OT: Our Town",Documentary,2002,3.5,1,16,,,,,,,,,
6963,"Devil's Playground",Documentary,2002,4.25,2,16,,,,,,,,,
6965,"Journeys with George",Documentary,2002,3.5,1,16,,,,,,,,,
6966,"Darkman",Action|Crime|Fantasy|Sci-Fi|Thriller,1990,3.83333333333333,3,5,8,9,10,13,,,,,
6967,"Dead of Night",Horror|Mystery,1945,0.5,1,11,12,,,,,,,,
6969,"Dernier Combat, Le",Drama|Sci-Fi,1983,4.5,1,7,13,,,,,,,,
6970,"Desk Set",Comedy|Romance,1957,3.75,2,4,6,,,,,,,,
6971,"Europa",Drama|Thriller,1991,4,1,7,10,,,,,,,,
6973,"Final Analysis",Drama|Romance|Thriller,1992,2.5,1,6,7,10,,,,,,,
6974,"Freshman, The",Comedy|Crime,1990,3,6,4,9,,,,,,,,
6975,"Funny Games",Drama|Horror|Thriller,1997,3.2,5,7,10,11,,,,,,,
6978,"Slacker",Comedy|Drama,1991,3.25,4,4,7,,,,,,,,
6979,"WarGames",Drama|Sci-Fi|Thriller,1983,3.30952380952381,21,7,10,13,,,,,,,
6981,"Ordet",Drama,1955,3.75,2,7,,,,,,,,,
6982,"Forbidden Games",Drama|War,1952,3.5,1,7,14,,,,,,,,
6983,"Jane Eyre",Drama|Romance,1944,5,1,6,7,,,,,,,,
6984,"Tale of Two Cities, A",Drama,1935,4,1,7,,,,,,,,,
6985,"Passion of Joan of Arc, The",Drama,1928,3.9,5,7,,,,,,,,,
6986,"Ben-Hur: A Tale of the Christ",Adventure|Drama|Romance,1925,3,1,1,6,7,,,,,,,
6987,"Cabinet of Dr. Caligari, The",Crime|Fantasy|Horror,1920,3.85714285714286,7,5,9,11,,,,,,,
6989,"Gorky Park",Crime|Drama|Thriller,1983,3.5,4,7,9,10,,,,,,,
6990,"The Great Train Robbery",Action|Adventure|Comedy|Crime|Drama,1978,3.5,1,1,4,7,8,9,,,,,
6992,"Guarding Tess",Comedy|Drama,1994,2.75,2,4,7,,,,,,,,
6993,"Hannah and Her Sisters",Comedy|Drama|Romance,1986,3.76923076923077,13,4,6,7,,,,,,,
6994,"Hard Way, The",Action|Comedy,1991,3.25,2,4,8,,,,,,,,
6996,"Highlander II: The Quickening",Action|Sci-Fi,1991,1.85714285714286,7,8,13,,,,,,,,
6997,"Hoffa",Crime|Drama,1992,3,2,7,9,,,,,,,,
6998,"House of Cards",Drama,1993,2,1,7,,,,,,,,,
6999,"Housesitter",Comedy|Romance,1992,2.25,2,4,6,,,,,,,,
7000,"Hudson Hawk",Action|Adventure|Comedy,1991,3,4,1,4,8,,,,,,,
7001,"Invasion of the Body Snatchers",Horror|Mystery|Sci-Fi|Thriller,1978,3.75,6,10,11,12,13,,,,,,
7004,"Kindergarten Cop",Action|Comedy|Crime|Thriller,1990,2.88235294117647,17,4,8,9,10,,,,,,
7005,"King Ralph",Comedy,1991,1.5,1,4,,,,,,,,,
7007,"Last Boy Scout, The",Action|Comedy|Crime|Drama|Thriller,1991,3.5,8,4,7,8,9,10,,,,,
7008,"Last Tango in Paris",Drama|Romance,1972,4.5,5,6,7,,,,,,,,
7009,"Lorenzo's Oil",Drama,1992,3.33333333333333,3,7,,,,,,,,,
7010,"Lover, The",Drama|Romance,1992,3.5,3,6,7,,,,,,,,
7012,"Mr. Destiny",Comedy|Fantasy,1990,3,1,4,5,,,,,,,,
7013,"Night of the Hunter, The",Drama|Film-Noir|Thriller,1955,4,7,7,10,19,,,,,,,
7015,"Only the Lonely",Comedy|Romance,1991,3.16666666666667,3,4,6,,,,,,,,
7016,"Over the Top",Action|Drama,1987,1.5,3,7,8,,,,,,,,
7017,"Passenger 57",Action|Thriller,1992,3.5,3,8,10,,,,,,,,
7018,"Presumed Innocent",Crime|Drama|Thriller,1990,3.9,5,7,9,10,,,,,,,
7019,"Project X",Comedy|Drama,1987,2.75,2,4,7,,,,,,,,
7020,"Proof",Comedy|Drama|Romance,1991,NaN,NaN,4,6,7,,,,,,,
7022,"Battle Royale",Action|Drama|Horror|Thriller,2000,3.93333333333333,30,7,8,10,11,,,,,,
7023,"Wedding Banquet, The",Comedy|Drama|Romance,1993,4.5,1,4,6,7,,,,,,,
7024,"Salo, or The 120 Days of Sodom",Drama,1976,3.66666666666667,3,7,,,,,,,,,
7025,"Midnight Clear, A",Drama|War,1992,3.75,2,7,14,,,,,,,,
7026,"Summer School",Comedy,1987,2.375,4,4,,,,,,,,,
7027,"Silverado",Action|Western,1985,3.2,5,8,18,,,,,,,,
7028,"Quick Change",Comedy|Crime,1990,3.57142857142857,7,4,9,,,,,,,,
7030,"Radio Flyer",Drama,1992,2.75,2,7,,,,,,,,,
7031,"Real McCoy, The",Action|Crime|Drama|Thriller,1993,4,1,7,8,9,10,,,,,,
7032,"Revenge",Drama|Romance|Thriller,1990,4,1,6,7,10,,,,,,,
7033,"Secret of My Succe$s, The",Comedy|Romance,1987,3.125,4,4,6,,,,,,,,
7034,"Show Me Love",Drama|Romance,1998,3.8125,8,6,7,,,,,,,,
7036,"Teen Wolf",Comedy|Fantasy,1985,3.14285714285714,7,4,5,,,,,,,,
7037,"High Heels",Comedy|Drama,1991,4.5,1,4,7,,,,,,,,
7038,"Things You Can Tell Just by Looking at Her",Drama|Romance,2000,4,1,6,7,,,,,,,,
7040,"To Live and Die in L.A.",Action|Crime|Drama|Thriller,1985,2.5,1,7,8,9,10,,,,,,
7041,"Trapped in Paradise",Comedy|Crime,1994,2.5,1,4,9,,,,,,,,
7044,"Wild at Heart",Crime|Drama|Mystery|Romance|Thriller,1990,3.8,5,6,7,9,10,12,,,,,
7045,"Witches, The",Children|Fantasy,1990,3.16666666666667,3,3,5,,,,,,,,
7046,"Witches of Eastwick, The",Comedy|Fantasy|Horror|Thriller,1987,2.5,11,4,5,10,11,,,,,,
7047,"Year of the Dragon",Action|Crime|Drama,1985,2.5,1,7,8,9,,,,,,,
7048,"Nothing to Lose",Action|Adventure|Comedy|Crime,1997,3.375,4,1,4,8,9,,,,,,
7049,"Flying Down to Rio",Comedy|Musical|Romance,1933,3,1,4,6,15,,,,,,,
7050,"Follow the Fleet",Comedy|Musical|Romance,1936,3.75,2,4,6,15,,,,,,,
7051,"What's New, Pussycat",Comedy,1965,3.5,2,4,,,,,,,,,
7052,"Mary of Scotland",Drama,1936,3,1,7,,,,,,,,,
7053,"Roberta",Comedy|Musical|Romance,1935,4,1,4,6,15,,,,,,,
7054,"Little Women",Drama,1949,3.5,2,7,,,,,,,,,
7055,"Swing Time",Comedy|Musical|Romance,1936,4,1,4,6,15,,,,,,,
7056,"Public Enemy, The",Action|Crime|Drama,1931,4.25,2,7,8,9,,,,,,,
7057,"Midsummer Night's Dream, A",Comedy|Fantasy|Romance,1935,3.5,1,4,5,6,,,,,,,
7058,"Life with Father",Comedy,1947,3.5,1,4,,,,,,,,,
7059,"National Velvet",Children|Drama,1944,3.75,2,3,7,,,,,,,,
7060,"Jesus Christ Superstar",Drama|Musical,1973,4,3,7,15,,,,,,,,
7061,"Dark Victory",Drama|Romance,1939,4,1,6,7,,,,,,,,
7062,"Birdman of Alcatraz",Drama,1962,4,1,7,,,,,,,,,
7063,"Aguirre: The Wrath of God",Adventure|Drama,1972,4,8,1,7,,,,,,,,
7064,"Beauty and the Beast",Drama|Fantasy,1946,3.25,6,5,7,,,,,,,,
7065,"Birth of a Nation, The",Drama|War,1915,2,1,7,14,,,,,,,,
7067,"Juliet of the Spirits",Comedy|Drama|Fantasy|Romance,1965,3.25,2,4,5,6,7,,,,,,
7069,"Macbeth",Drama,1971,3.5,4,7,,,,,,,,,
7070,"Red River",Action|Adventure|Western,1948,4,1,1,8,18,,,,,,,
7071,"Woman Under the Influence, A",Drama,1974,5,1,7,,,,,,,,,
7072,"Stagecoach",Action|Drama|Romance|Western,1939,3.5,3,6,7,8,18,,,,,,
7073,"Shot in the Dark, A",Comedy|Crime|Mystery,1964,2.5,1,4,9,12,,,,,,,
7074,"Navigator, The",Comedy,1924,3.5,1,4,,,,,,,,,
7075,"Court Jester, The",Adventure|Comedy|Musical,1956,3.5,1,1,4,15,,,,,,,
7076,"Bullitt",Action|Crime|Drama|Thriller,1968,3.875,8,7,8,9,10,,,,,,
7078,"Jezebel",Drama,1938,3.83333333333333,3,7,,,,,,,,,
7079,"Hunchback of Notre Dame, The",Drama,1939,3.5,2,7,,,,,,,,,
7080,"42nd Street",Drama|Musical|Romance,1933,4,3,6,7,15,,,,,,,
7082,"That Touch of Mink",Comedy|Romance,1962,3.75,2,4,6,,,,,,,,
7083,"Sweet Dreams",Drama,1985,3,1,7,,,,,,,,,
7084,"Play It Again, Sam",Comedy|Romance,1972,3.75,4,4,6,,,,,,,,
7085,"Send Me No Flowers",Comedy|Romance,1964,3.25,2,4,6,,,,,,,,
7086,"Pygmalion",Comedy|Drama,1938,3.5,1,4,7,,,,,,,,
7087,"Passage to India, A",Adventure|Drama,1984,4,2,1,7,,,,,,,,
7088,"Black Orpheus",Drama|Romance,1959,4,1,6,7,,,,,,,,
7089,"Amarcord",Comedy|Drama,1973,4,2,4,7,,,,,,,,
7090,"Hero",Action|Adventure|Drama,2002,3.92105263157895,38,1,7,8,,,,,,,
7091,"Horse Feathers",Comedy,1932,4,2,4,,,,,,,,,
7092,"Anna Karenina",Drama|Romance,1935,3.5,2,6,7,,,,,,,,
7093,"Front Page, The",Comedy,1974,3.75,2,4,,,,,,,,,
7096,"Rivers and Tides",Documentary,2001,5,1,16,,,,,,,,,
7099,"Nausicaä of the Valley of the Wind",Adventure|Animation|Drama|Fantasy|Sci-Fi,1984,4,23,1,2,5,7,13,,,,,
7101,"Doc Hollywood",Comedy|Romance,1991,3,6,4,6,,,,,,,,
7102,"Dragnet",Comedy|Crime|Drama,1987,2.5,4,4,7,9,,,,,,,
7103,"Madhouse",Comedy,1990,3.5,1,4,,,,,,,,,
7104,"1941",Comedy|War,1979,2.66666666666667,3,4,14,,,,,,,,
7107,"Foul Play",Comedy|Thriller,1978,2.75,2,4,10,,,,,,,,
7108,"Crime Story",Action|Crime|Drama,1993,3.25,2,7,8,9,,,,,,,
7109,"Beyond the Clouds",Drama|Romance,1996,3,1,6,7,,,,,,,,
7114,"Collector, The",Drama|Horror|Thriller,1965,0.5,1,7,10,11,,,,,,,
7115,"Deep Red",Horror|Mystery|Thriller,1975,2.6,5,10,11,12,,,,,,,
7116,"Diabolique",Horror|Mystery|Thriller,1955,3.125,4,10,11,12,,,,,,,
7117,"Leprechaun",Comedy|Horror,1993,2.3,5,4,11,,,,,,,,
7118,"Wings of Honneamise",Animation|Drama|Sci-Fi|War,1987,3.75,2,2,7,13,14,,,,,,
7121,"Adam's Rib",Comedy|Romance,1949,4.75,4,4,6,,,,,,,,
7122,"King of Hearts",Comedy|Drama|War,1966,5,1,4,7,14,,,,,,,
7123,"Naked Lunch",Drama|Fantasy|Mystery|Sci-Fi,1991,3.44444444444444,9,5,7,12,13,,,,,,
7124,"Grass",Documentary,1999,3.16666666666667,3,16,,,,,,,,,
7125,"Spring Forward",Drama,1999,2,1,7,,,,,,,,,
7127,"Run",Action|Drama|Thriller,1991,3.5,1,7,8,10,,,,,,,
7131,"Summer Place, A",Drama,1959,3,1,7,,,,,,,,,
7132,"Night at the Opera, A",Comedy|Musical|Romance,1935,4.11111111111111,9,4,6,15,,,,,,,
7134,"Element of Crime, The",Drama|Thriller,1984,4,1,7,10,,,,,,,,
7137,"Cooler, The",Comedy|Drama|Romance,2003,3.55,10,4,6,7,,,,,,,
7139,"In America",Drama|Romance,2002,3.85714285714286,7,6,7,,,,,,,,
7141,"My Flesh and Blood",Documentary,2003,4,1,16,,,,,,,,,
7142,"Honey",Drama|Romance,2003,3,3,6,7,,,,,,,,
7143,"Last Samurai, The",Action|Adventure|Drama|War,2003,3.90322580645161,62,1,7,8,14,,,,,,
7147,"Big Fish",Drama|Fantasy|Romance,2003,3.83333333333333,69,5,6,7,,,,,,,
7149,"Something's Gotta Give",Comedy|Drama|Romance,2003,3.64705882352941,17,4,6,7,,,,,,,
7150,"Stuck on You",Comedy,2003,2.8,10,4,,,,,,,,,
7151,"Girl with a Pearl Earring",Drama|Romance,2003,3.375,12,6,7,,,,,,,,
7153,"Lord of the Rings: The Return of the King, The",Action|Adventure|Drama|Fantasy,2003,4.11891891891892,185,1,5,7,8,,,,,,
7154,"Mona Lisa Smile",Drama|Romance,2003,2.8,10,6,7,,,,,,,,
7155,"Calendar Girls",Comedy,2003,2.625,8,4,,,,,,,,,
7156,"Fog of War: Eleven Lessons from the Life of Robert S. McNamara, The",Documentary|War,2003,4.30769230769231,13,14,16,,,,,,,,
7158,"House of Sand and Fog",Drama,2003,3.77777777777778,9,7,,,,,,,,,
7160,"Monster",Crime|Drama,2003,3.52941176470588,17,7,9,,,,,,,,
7161,"Cheaper by the Dozen",Children|Comedy,2003,1.9375,8,3,4,,,,,,,,
7162,"Cold Mountain",Drama|Romance|War,2003,3.29166666666667,12,6,7,14,,,,,,,
7163,"Paycheck",Action|Sci-Fi|Thriller,2003,2.91176470588235,17,8,10,13,,,,,,,
7164,"Peter Pan",Action|Adventure|Children|Fantasy,2003,3.08333333333333,6,1,3,5,8,,,,,,
7165,"Company, The",Drama|Musical,2003,3,1,7,15,,,,,,,,
7167,"Japanese Story",Drama,2003,3,1,7,,,,,,,,,
7169,"Chasing Liberty",Comedy|Romance,2004,3.9375,8,4,6,,,,,,,,
7171,"Aileen: Life and Death of a Serial Killer",Documentary,2003,3.5,2,16,,,,,,,,,
7173,"Along Came Polly",Comedy|Romance,2004,3.04166666666667,24,4,6,,,,,,,,
7175,"Torque",Action|Crime,2004,2.25,2,8,9,,,,,,,,
7176,"Crimson Gold",Drama,2003,3.5,1,7,,,,,,,,,
7177,"Osama",Drama,2003,3.5,1,7,,,,,,,,,
7178,"Great Gatsby, The",Drama,1974,3,1,7,,,,,,,,,
7179,"Wuthering Heights",Drama|Romance,1992,2.5,1,6,7,,,,,,,,
7181,"Ship of Fools",Drama,1965,3.5,1,7,,,,,,,,,
7184,"This Property is Condemned",Drama|Romance,1966,4.5,1,6,7,,,,,,,,
7190,"Jane Eyre",Drama,1970,3.5,1,7,,,,,,,,,
7191,"Blame It on the Bellboy",Comedy,1992,2,1,4,,,,,,,,,
7192,"Only the Strong",Action,1993,3,2,8,,,,,,,,,
7193,"Adventures of Ford Fairlane, The",Action|Comedy,1990,3,2,4,8,,,,,,,,
7202,"Beyond Re-Animator",Horror,2003,3,1,11,,,,,,,,,
7205,"Wind and the Lion, The",Adventure,1975,3,1,1,,,,,,,,,
7206,"Mon Oncle",Comedy,1958,3.83333333333333,3,4,,,,,,,,,
7208,"Dr. Jekyll and Mr. Hyde",Drama|Horror,1941,3.75,2,7,11,,,,,,,,
7209,"M. Hulot's Holiday",Comedy,1953,3.5,3,4,,,,,,,,,
7211,"People Will Talk",Comedy|Romance,1951,3.5,1,4,6,,,,,,,,
7212,"I Was a Male War Bride",Comedy|Romance,1949,4.25,2,4,6,,,,,,,,
7215,"To Have and Have Not",Adventure|Drama|Romance|Thriller|War,1944,3.5,4,1,6,7,10,14,,,,,
7216,"High Sierra",Crime|Drama|Film-Noir|Thriller,1941,4.16666666666667,3,7,9,10,19,,,,,,
7217,"Dark Passage",Crime|Drama|Film-Noir|Romance|Thriller,1947,4,1,6,7,9,10,19,,,,,
7218,"Ox-Bow Incident, The",Drama|Western,1943,4.5,1,7,18,,,,,,,,
7219,"They Drive by Night",Drama,1940,4,1,7,,,,,,,,,
7222,"Reefer Madness",Comedy|Drama,1938,3.25,2,4,7,,,,,,,,
7223,"D.O.A.",Drama|Film-Noir|Mystery,1950,2.5,1,7,12,19,,,,,,,
7225,"Pumping Iron",Documentary,1977,3.66666666666667,3,16,,,,,,,,,
7228,"Cool World",Animation|Comedy|Fantasy,1992,2.5,4,2,4,5,,,,,,,
7234,"Strada, La",Drama,1954,4.25,6,7,,,,,,,,,
7235,"Ichi the Killer",Action|Comedy|Crime|Drama|Horror|Thriller,2001,3.41666666666667,6,4,7,8,9,10,11,,,,
7236,"Boy and His Dog, A",Sci-Fi,1975,4,3,13,,,,,,,,,
7238,"Ashes and Diamonds",Drama|War,1958,4,1,7,14,,,,,,,,
7243,"Intolerance: Love's Struggle Throughout the Ages",Drama,1916,3.5,1,7,,,,,,,,,
7245,"Tormented",Horror|Thriller,1960,1,1,10,11,,,,,,,,
7247,"Chitty Chitty Bang Bang",Adventure|Children|Comedy|Fantasy|Musical,1968,3.45454545454545,11,1,3,4,5,15,,,,,
7248,"Suriyothai",Action|Adventure|Drama|War,2001,3.5,1,1,7,8,14,,,,,,
7251,"Where the Day Takes You",Drama,1992,4,1,7,,,,,,,,,
7254,"The Butterfly Effect",Drama|Sci-Fi|Thriller,2004,3.6304347826087,46,7,10,13,,,,,,,
7255,"Win a Date with Tad Hamilton!",Comedy|Romance,2004,2.8125,8,4,6,,,,,,,,
7256,"Touching the Void",Adventure|Documentary,2003,4,8,1,16,,,,,,,,
7257,"Big Bounce, The",Comedy|Crime|Thriller,2004,2,4,4,9,10,,,,,,,
7258,"Perfect Score, The",Comedy|Crime,2004,2.75,4,4,9,,,,,,,,
7259,"You Got Served",Drama|Musical,2004,2.125,4,7,15,,,,,,,,
7260,"Latter Days",Comedy|Drama|Romance,2003,3.5,1,4,6,7,,,,,,,
7261,"Barbershop 2: Back in Business",Comedy,2004,2.16666666666667,3,4,,,,,,,,,
7262,"Catch That Kid",Action|Adventure|Children|Comedy|Crime,2004,2,1,1,3,4,8,9,,,,,
7263,"Miracle",Drama,2004,3.35,10,7,,,,,,,,,
7264,"An Amazing Couple",Comedy|Romance,2002,4,1,4,6,,,,,,,,
7265,"Dreamers, The",Drama,2003,3.73076923076923,13,7,,,,,,,,,
7266,"Lost Skeleton of Cadavra, The",Comedy|Horror|Sci-Fi,2002,4,1,4,11,13,,,,,,,
7282,"Hip Hop Witch, Da",Comedy|Horror|Thriller,2000,1,1,4,10,11,,,,,,,
7285,"Thirteen",Drama,2003,3.61111111111111,9,7,,,,,,,,,
7292,"Best Defense",Comedy|War,1984,2.5,1,4,14,,,,,,,,
7293,"50 First Dates",Comedy|Romance,2004,3.5531914893617,47,4,6,,,,,,,,
7294,"Welcome to Mooseport",Comedy,2004,3.25,4,4,,,,,,,,,
7297,"Kitchen Stories",Comedy|Drama,2003,3.66666666666667,3,4,7,,,,,,,,
7299,"Monsieur Ibrahim",Drama,2003,3.66666666666667,3,7,,,,,,,,,
7301,"Diary of a Country Priest",Drama,1951,3.5,3,7,,,,,,,,,
7302,"Thief of Bagdad, The",Action|Adventure|Fantasy,1924,3.5,1,1,5,8,,,,,,,
7303,"The Diary of Anne Frank",Drama|War,1959,4,4,7,14,,,,,,,,
7304,"Allegro non troppo",Animation|Comedy|Fantasy|Musical,1977,4,1,2,4,5,15,,,,,,
7305,"Black Widow",Crime|Drama|Mystery|Thriller,1987,2.5,2,7,9,10,12,,,,,,
7306,"Herod's Law",Comedy|Crime|Mystery,2000,3,1,4,9,12,,,,,,,
7307,"Flesh & Blood",Action|Adventure|Drama|War,1985,3,2,1,7,8,14,,,,,,
7308,"King Solomon's Mines",Adventure|Comedy,1985,2.5,1,1,4,,,,,,,,
7310,"Raw Deal",Action,1986,3.33333333333333,3,8,,,,,,,,,
7311,"Goodbye, Mr. Chips",Drama|Romance,1939,3.66666666666667,3,6,7,,,,,,,,
7312,"Follow Me, Boys!",Comedy|Drama,1966,0.5,1,4,7,,,,,,,,
7315,"Against the Ropes",Comedy|Drama,2004,2,2,4,7,,,,,,,,
7316,"Confessions of a Teenage Drama Queen",Comedy,2004,2.375,4,4,,,,,,,,,
7317,"EuroTrip",Adventure|Comedy,2004,3.13333333333333,15,1,4,,,,,,,,
7318,"Passion of the Christ, The",Drama,2004,2.61538461538462,13,7,,,,,,,,,
7319,"Club Dread",Comedy|Horror,2004,2.08333333333333,6,4,11,,,,,,,,
7320,"Dirty Dancing: Havana Nights",Romance,2004,3.4,5,6,,,,,,,,,
7321,"Twisted",Thriller,2004,2.75,2,10,,,,,,,,,
7323,"Good bye, Lenin!",Comedy|Drama,2003,3.80434782608696,23,4,7,,,,,,,,
7324,"Hidalgo",Adventure|Drama,2004,3.31818181818182,11,1,7,,,,,,,,
7325,"Starsky & Hutch",Action|Comedy|Crime|Thriller,2004,3.28571428571429,21,4,8,9,10,,,,,,
7326,"Reckoning, The",Crime|Drama,2004,3.5,1,7,9,,,,,,,,
7327,"Persona",Drama,1966,3.75,6,7,,,,,,,,,
7328,"Passion of Anna, The",Drama,1969,3.5,1,7,,,,,,,,,
7333,"Corbeau, Le",Crime|Drama|Thriller,1943,4.25,2,7,9,10,,,,,,,
7335,"Pickup on South Street",Film-Noir,1953,4,1,19,,,,,,,,,
7336,"Damned, The",Drama|War,1969,3.5,1,7,14,,,,,,,,
7340,"Just One of the Guys",Comedy,1985,2.75,4,4,,,,,,,,,
7344,"Wrong Arm of the Law, The",Comedy|Crime,1963,3.5,1,4,9,,,,,,,,
7345,"Agent Cody Banks 2: Destination London",Action|Adventure|Children|Comedy,2004,4,1,1,3,4,8,,,,,,
7346,"Girl Next Door, The",Comedy|Romance,2004,3.125,20,4,6,,,,,,,,
7347,"Secret Window",Mystery|Thriller,2004,3.3,15,10,12,,,,,,,,
7348,"Spartan",Thriller,2004,3.5,3,10,,,,,,,,,
7349,"Broken Wings",Drama,2002,3,1,7,,,,,,,,,
7352,"Wilbur Wants to Kill Himself",Comedy|Drama|Romance,2002,4,2,4,6,7,,,,,,,
7354,"Mad Dog and Glory",Comedy|Drama|Romance,1993,3.33333333333333,3,4,6,7,,,,,,,
7357,"Peyton Place",Drama|Romance,1957,3.5,1,6,7,,,,,,,,
7360,"Dawn of the Dead",Action|Drama|Horror|Thriller,2004,3.90625,16,7,8,10,11,,,,,,
7361,"Eternal Sunshine of the Spotless Mind",Drama|Romance|Sci-Fi,2004,4.16030534351145,131,6,7,13,,,,,,,
7362,"Taking Lives",Crime|Drama|Thriller,2004,3.25,4,7,9,10,,,,,,,
7364,"Intermission",Comedy|Crime|Drama,2003,4,1,4,7,9,,,,,,,
7366,"Jersey Girl",Comedy|Drama|Romance,2004,2.9375,8,4,6,7,,,,,,,
7367,"Ladykillers, The",Comedy|Crime,2004,2.57142857142857,14,4,9,,,,,,,,
7368,"Never Die Alone",Crime|Drama|Thriller,2004,3.5,1,7,9,10,,,,,,,
7369,"Scooby-Doo 2: Monsters Unleashed",Action|Adventure|Children|Comedy|Mystery,2004,2.25,4,1,3,4,8,12,,,,,
7371,"Dogville",Drama|Mystery|Thriller,2003,4.025,20,7,10,12,,,,,,,
7372,"Ned Kelly",Drama,2003,3,1,7,,,,,,,,,
7373,"Hellboy",Action|Adventure|Fantasy|Horror,2004,3.3780487804878,41,1,5,8,11,,,,,,
7375,"Prince & Me, The",Comedy|Romance,2004,3.07142857142857,7,4,6,,,,,,,,
7376,"Walking Tall",Action,2004,3,6,8,,,,,,,,,
7377,"United States of Leland, The",Crime|Drama,2003,3.5,1,7,9,,,,,,,,
7379,"The Alamo",Drama|War|Western,2004,3.5,6,7,14,18,,,,,,,
7380,"Ella Enchanted",Comedy|Fantasy|Romance,2004,3.35714285714286,7,4,5,6,,,,,,,
7381,"Whole Ten Yards, The",Action|Comedy|Crime,2004,3.14285714285714,7,4,8,9,,,,,,,
7382,"I'm Not Scared",Drama|Mystery|Thriller,2003,4.25,2,7,10,12,,,,,,,
7386,"Ten Commandments, The",Adventure|Drama,1956,3.75,4,1,7,,,,,,,,
7387,"Dawn of the Dead",Action|Drama|Horror,1978,3.975,20,7,8,11,,,,,,,
7390,"Prey for Rock & Roll",Drama|Musical,2003,1.5,1,7,15,,,,,,,,
7394,"Those Magnificent Men in Their Flying Machines",Action|Adventure|Comedy,1965,2.5,1,1,4,8,,,,,,,
7395,"Cheaper by the Dozen",Comedy|Drama,1950,2.75,2,4,7,,,,,,,,
7396,"Scenes From a Marriage",Drama,1973,4,7,7,,,,,,,,,
7411,"Munchies",Comedy|Horror,1987,1.5,1,4,11,,,,,,,,
7414,"Going in Style",Comedy|Drama,1979,2.5,1,4,7,,,,,,,,
7419,"After Hours",Comedy|Thriller,1985,3.78571428571429,7,4,10,,,,,,,,
7438,"Kill Bill: Vol. 2",Action|Drama|Thriller,2004,3.86818181818182,110,7,8,10,,,,,,,
7439,"Punisher, The",Action|Crime|Thriller,2004,3.5,14,8,9,10,,,,,,,
7440,"Paper Clips",Documentary,2004,3.25,2,16,,,,,,,,,
7443,"This So-Called Disaster",Documentary,2003,3.5,1,16,,,,,,,,,
7444,"13 Going on 30",Comedy|Fantasy|Romance,2004,3.19047619047619,21,4,5,6,,,,,,,
7445,"Man on Fire",Action|Crime|Drama|Mystery|Thriller,2004,3.62857142857143,35,7,8,9,10,12,,,,,
7448,"Envy",Comedy,2004,2.75,4,4,,,,,,,,,
7449,"Godsend",Drama|Horror|Thriller,2004,2.5,2,7,10,11,,,,,,,
7450,"Laws of Attraction",Comedy|Romance,2004,2.75,4,4,6,,,,,,,,
7451,"Mean Girls",Comedy,2004,3.75641025641026,39,4,,,,,,,,,
7454,"Van Helsing",Action|Adventure|Fantasy|Horror,2004,2.70833333333333,24,1,5,8,11,,,,,,
7455,"Mudge Boy, The",Drama,2003,3,1,7,,,,,,,,,
7457,"Breakin' All the Rules",Comedy|Romance,2004,3.5,1,4,6,,,,,,,,
7458,"Troy",Action|Adventure|Drama|War,2004,3.42708333333333,48,1,7,8,14,,,,,,
7459,"Carandiru",Crime|Drama,2003,4.5,1,7,9,,,,,,,,
7460,"Coffee and Cigarettes",Comedy|Drama,2003,3.58333333333333,6,4,7,,,,,,,,
7477,"Eye See You",Horror|Thriller,2002,2.5,1,10,11,,,,,,,,
7479,"Watch on the Rhine",Drama,1943,4,1,7,,,,,,,,,
7481,"Enemy Mine",Adventure|Drama|Sci-Fi,1985,4,4,1,7,13,,,,,,,
7482,"Enter the Dragon",Action|Crime,1973,4.03846153846154,13,8,9,,,,,,,,
7486,"Happy Together",Drama|Romance,1997,4.75,2,6,7,,,,,,,,
7487,"Henry & June",Drama,1990,4,1,7,,,,,,,,,
7492,"Martin",Drama|Horror,1977,4,1,7,11,,,,,,,,
7493,"Three Faces of Eve, The",Drama,1957,4,2,7,,,,,,,,,
7541,"100 Girls",Comedy|Romance,2000,3.25,4,4,6,,,,,,,,
7560,"Fail-Safe",Drama|Thriller|War,1964,4,1,7,10,14,,,,,,,
7561,"Paperhouse",Fantasy|Horror|Thriller,1988,3.5,1,5,10,11,,,,,,,
7562,"Dobermann",Action|Crime,1997,2.5,1,8,9,,,,,,,,
7564,"Kwaidan",Horror,1964,2.5,2,11,,,,,,,,,
7566,"28 Up",Documentary,1985,4,3,16,,,,,,,,,
7569,"You Only Live Twice",Action|Adventure|Sci-Fi|Thriller,1967,3.83333333333333,12,1,8,10,13,,,,,,
7570,"Octopussy",Action|Adventure|Thriller,1983,3.3125,8,1,8,10,,,,,,,
7572,"Wit",Drama,2001,4.5,1,7,,,,,,,,,
7573,"Never Say Never Again",Action|Adventure|Thriller,1983,3.125,8,1,8,10,,,,,,,
7579,"Pride and Prejudice",Comedy|Drama|Romance,1940,3.66666666666667,3,4,6,7,,,,,,,
7581,"Fountainhead, The",Drama,1949,3.25,2,7,,,,,,,,,
7584,"Woman of the Year",Comedy|Romance,1942,4,2,4,6,,,,,,,,
7587,"Samouraï, Le",Crime|Drama|Thriller,1967,4,4,7,9,10,,,,,,,
7614,"Oklahoma!",Musical|Romance|Western,1955,4.5,2,6,15,18,,,,,,,
7615,"Desert Hearts",Drama,1985,4.5,1,7,,,,,,,,,
7616,"Body Double",Mystery|Thriller,1984,2.5,1,10,12,,,,,,,,
7618,"Chaplin",Drama,1992,3.5,2,7,,,,,,,,,
7619,"Miracle Worker, The",Drama,1962,3.66666666666667,3,7,,,,,,,,,
7620,"Monster in a Box",Comedy|Drama,1992,4,1,4,7,,,,,,,,
7624,"School Ties",Drama,1992,2.75,6,7,,,,,,,,,
7636,"Raising Cain",Horror|Thriller,1992,0.5,1,10,11,,,,,,,,
7646,"Rose Red",Horror|Mystery|Thriller,2002,3,2,10,11,12,,,,,,,
7647,"Noises Off...",Comedy,1992,3.75,2,4,,,,,,,,,
7649,"Babylon 5: In the Beginning",Adventure|Sci-Fi,1998,2.8,5,1,13,,,,,,,,
7650,"Witchfinder General",Horror,1968,2,3,11,,,,,,,,,
7657,"Versus",Action|Comedy|Fantasy|Horror,2000,3.75,2,4,5,8,11,,,,,,
7669,"Pride and Prejudice",Drama|Romance,1995,3.55555555555556,9,6,7,,,,,,,,
7698,"China Syndrome, The",Drama|Thriller,1979,3.7,5,7,10,,,,,,,,
7700,"Wages of Fear, The",Action|Adventure|Drama|Thriller,1953,3.3,5,1,7,8,10,,,,,,
7701,"Look Who's Talking Too",Comedy|Romance,1990,1.78571428571429,7,4,6,,,,,,,,
7702,"Bells of St. Mary's, The",Drama,1945,3.5,1,7,,,,,,,,,
7704,"Delta Force, The",Action,1986,2,1,8,,,,,,,,,
7705,"Pat and Mike",Comedy|Romance,1952,4,2,4,6,,,,,,,,
7706,"Animal Crackers",Comedy|Musical,1930,4.125,4,4,15,,,,,,,,
7707,"He Said, She Said",Comedy|Drama|Romance,1991,2,1,4,6,7,,,,,,,
7708,"Bedazzled",Comedy|Fantasy,1967,2,1,4,5,,,,,,,,
7713,"Cat People",Drama|Horror|Romance|Thriller,1942,4,1,6,7,10,11,,,,,,
7714,"Camelot",Drama|Musical|Romance,1967,4,1,6,7,15,,,,,,,
7716,"Lonely Guy, The",Comedy,1984,3.5,1,4,,,,,,,,,
7720,"Four Musketeers, The",Action|Adventure|Comedy|Romance,1974,2.75,4,1,4,6,8,,,,,,
7727,"Protocol",Comedy,1984,3,1,4,,,,,,,,,
7728,"Postman Always Rings Twice, The",Crime|Drama|Film-Noir|Thriller,1946,3.66666666666667,3,7,9,10,19,,,,,,
7730,"Matinee",Comedy|Drama,1993,3,1,4,7,,,,,,,,
7742,"Baxter",Drama|Horror,1989,0.5,1,7,11,,,,,,,,
7743,"Explorers",Adventure|Children|Sci-Fi,1985,3.5,2,1,3,13,,,,,,,
7745,"Scent of Green Papaya, The",Drama,1993,4,1,7,,,,,,,,,
7748,"Pierrot le fou",Crime|Drama,1965,3.875,4,7,9,,,,,,,,
7749,"Weekend",Drama,1967,4,1,7,,,,,,,,,
7753,"Tuesdays with Morrie",Drama,1999,3.5,2,7,,,,,,,,,
7756,"Alexander Nevsky",Action|Drama|War,1938,4,2,7,8,14,,,,,,,
7757,"Jason and the Argonauts",Action|Adventure|Fantasy,1963,3.5,6,1,5,8,,,,,,,
7762,"Tinker, Tailor, Soldier, Spy",Drama|Thriller,1979,3.625,4,7,10,,,,,,,,
7766,"Throne of Blood",Action|Drama|Thriller|War,1957,4,4,7,8,10,14,,,,,,
7767,"Best of Youth, The",Drama,2003,4.75,2,7,,,,,,,,,
7772,"Undercurrent",Film-Noir|Thriller,1946,3.5,1,10,19,,,,,,,,
7773,"Bang, Bang, You're Dead",Drama,2002,4,2,7,,,,,,,,,
7781,"Twister",Comedy,1990,1.5,1,4,,,,,,,,,
7782,"Sniper",Action|Drama,1993,3,2,7,8,,,,,,,,
7786,"Genghis Blues",Documentary,1999,3.5,1,16,,,,,,,,,
7789,"11'09""01 - September 11",Drama,2002,4,2,7,,,,,,,,,
7792,"Parallax View, The",Thriller,1974,NaN,NaN,10,,,,,,,,,
7802,"Warriors, The",Action|Adventure|Crime|Thriller,1979,3.9375,8,1,8,9,10,,,,,,
7810,"Babylon 5: A Call to Arms",Adventure|Sci-Fi,1999,3.33333333333333,3,1,13,,,,,,,,
7811,"Babylon 5: The River of Souls",Drama|Sci-Fi,1998,4,1,7,13,,,,,,,,
7812,"Babylon 5: Thirdspace",Drama|Sci-Fi,1998,3.66666666666667,3,7,13,,,,,,,,
7815,"True Stories",Comedy|Musical,1986,5,1,4,15,,,,,,,,
7820,"Virgin Spring, The",Crime|Drama,1960,3.75,2,7,9,,,,,,,,
7822,"Mogambo",Adventure|Drama|Romance,1953,3,1,1,6,7,,,,,,,
7826,"Secret Life of Walter Mitty, The",Comedy|Romance|Thriller,1947,3.5,1,4,6,10,,,,,,,
7831,"Another Thin Man",Comedy|Crime|Drama|Mystery|Romance,1939,3.5,1,4,6,7,9,12,,,,,
7832,"Thin Man Goes Home, The",Comedy|Crime|Mystery,1945,3.5,1,4,9,12,,,,,,,
7833,"Shadow of the Thin Man",Comedy|Crime|Mystery,1941,3.5,1,4,9,12,,,,,,,
7834,"After the Thin Man",Comedy|Crime|Mystery|Romance,1936,2.83333333333333,3,4,6,9,12,,,,,,
7835,"Song of the Thin Man",Comedy|Crime|Drama|Musical|Mystery|Romance,1947,3.5,1,4,6,7,9,12,15,,,,
7839,"Love Crazy",Comedy,1941,3.5,1,4,,,,,,,,,
7840,"Gunga Din",Adventure|Comedy|War,1939,3.16666666666667,3,1,4,14,,,,,,,
7841,"Children of Dune",Fantasy|Sci-Fi,2003,3.75,2,5,13,,,,,,,,
7842,"Dune",Drama|Fantasy|Sci-Fi,2000,4.375,4,5,7,13,,,,,,,
7843,"Lammbock",Comedy,2001,4.5,1,4,,,,,,,,,
7844,"Legend, The",Action|Comedy,1993,3.5,2,4,8,,,,,,,,
7845,"Tremors II: Aftershocks",Comedy|Horror|Sci-Fi,1996,2.7,5,4,11,13,,,,,,,
7846,"Tremors 3: Back to Perfection",Comedy|Horror|Sci-Fi,2001,3,3,4,11,13,,,,,,,
7879,"Notorious C.H.O.",Comedy,2002,3.5,1,4,,,,,,,,,
7882,"The Plague of the Zombies",Horror,1966,3,1,11,,,,,,,,,
7883,"I Walked with a Zombie",Drama|Horror,1943,2,2,7,11,,,,,,,,
7884,"Highway 61",Comedy,1991,3.25,2,4,,,,,,,,,
7888,"How to Succeed in Business Without Really Trying",Comedy|Musical,1967,4.25,2,4,15,,,,,,,,
7889,"Pat Garrett and Billy the Kid",Western,1973,3.75,2,18,,,,,,,,,
7891,"Last Man on Earth, The",Drama|Horror|Sci-Fi,1964,3,1,7,11,13,,,,,,,
7894,"Duck, You Sucker",Action|Western,1971,3.5,4,8,18,,,,,,,,
7895,"Bring Me the Head of Alfredo Garcia",Crime|Drama|Thriller,1974,3.5,2,7,9,10,,,,,,,
7896,"Ride the High Country",Adventure|Drama|Western,1962,3.5,1,1,7,18,,,,,,,
7899,"Master of the Flying Guillotine",Action,1975,4.5,1,8,,,,,,,,,
7900,"Frankenstein Must Be Destroyed",Drama|Horror|Sci-Fi,1969,3,1,7,11,13,,,,,,,
7916,"Gidget",Comedy,1959,3.5,1,4,,,,,,,,,
7920,"Desperate Living",Comedy|Crime,1977,3.5,1,4,9,,,,,,,,
7924,"Stray Dog",Drama|Film-Noir|Thriller,1949,3.5,1,7,10,19,,,,,,,
7925,"Hidden Fortress, The",Action|Adventure,1958,4.25,2,1,8,,,,,,,,
7926,"High and Low",Crime|Drama|Film-Noir|Thriller,1963,4,1,7,9,10,19,,,,,,
7930,"People Under the Stairs, The",Horror|Mystery|Thriller,1991,3.75,2,10,11,12,,,,,,,
7932,"Dark Days",Documentary,2000,3.66666666666667,3,16,,,,,,,,,
7934,"Zelig",Comedy,1983,4,7,4,,,,,,,,,
7936,"Shame",Drama|War,1968,4,1,7,14,,,,,,,,
7937,"Silence, The",Drama,1963,3.5,2,7,,,,,,,,,
7938,"Winter Light",Drama,1963,3.5,1,7,,,,,,,,,
7939,"Through a Glass Darkly",Drama,1961,4.5,1,7,,,,,,,,,
7940,"The Magician",Drama,1958,4.5,1,7,,,,,,,,,
7943,"Killers, The",Crime|Film-Noir,1946,4,1,9,19,,,,,,,,
7944,"Night of the Iguana, The",Drama|Thriller,1964,3,1,7,10,,,,,,,,
7951,"Nightbreed",Fantasy|Horror,1990,2,1,5,11,,,,,,,,
7976,"Ken Park",Drama,2002,4.5,1,7,,,,,,,,,
7979,"Monterey Pop",Documentary|Musical,1968,3.5,1,15,16,,,,,,,,
7980,"Bridge Too Far, A",Action|Drama|War,1977,3.78571428571429,7,7,8,14,,,,,,,
7981,"Infernal Affairs",Crime|Drama|Thriller,2002,4.33333333333333,9,7,9,10,,,,,,,
7982,"Tale of Two Sisters, A",Drama|Horror|Mystery|Thriller,2003,3.25,4,7,10,11,12,,,,,,
7983,"Broadway Danny Rose",Comedy,1984,4.2,5,4,,,,,,,,,
7984,"From Beyond",Horror|Sci-Fi,1986,4,1,11,13,,,,,,,,
7986,"Robot Jox",Sci-Fi,1990,1,1,13,,,,,,,,,
7987,"Dolls",Horror,1987,2.5,1,11,,,,,,,,,
7988,"Space Truckers",Comedy|Sci-Fi,1996,2,1,4,13,,,,,,,,
7991,"Death Race 2000",Action|Sci-Fi,1975,3.66666666666667,3,8,13,,,,,,,,
7993,"Bucket Of Blood, A",Comedy|Horror,1959,2.5,1,4,11,,,,,,,,
8008,"Brigadoon",Fantasy|Musical|Romance,1954,4,3,5,6,15,,,,,,,
8010,"Power of One, The",Drama,1992,4,1,7,,,,,,,,,
8011,"Weather Underground, The",Documentary,2002,4,4,16,,,,,,,,,
8012,"Kikujiro",Comedy|Drama,1999,3.66666666666667,3,4,7,,,,,,,,
8014,"Spring, Summer, Fall, Winter... and Spring",Drama,2003,4.25,10,7,,,,,,,,,
8015,"Phantom Tollbooth, The",Adventure|Animation|Children|Fantasy,1970,3.5,1,1,2,3,5,,,,,,
8016,"Getaway, The",Action|Crime|Drama|Thriller,1972,4,2,7,8,9,10,,,,,,
8019,"Dark Water",Drama|Horror|Mystery|Thriller,2002,4,1,7,10,11,12,,,,,,
8024,"Thing Called Love, The",Comedy|Drama|Romance,1993,3.5,2,4,6,7,,,,,,,
8025,"The Thief",Drama,1997,4.5,1,7,,,,,,,,,
8033,"How to Steal a Million",Comedy|Crime|Romance,1966,3.66666666666667,3,4,6,9,,,,,,,
8035,"Stendhal Syndrome, The",Crime|Horror|Thriller,1996,2,2,9,10,11,,,,,,,
8042,"Mean Streets",Crime|Drama,1973,4,7,7,9,,,,,,,,
8043,"Jack the Bear",Comedy|Drama,1993,1.5,1,4,7,,,,,,,,
8044,"I Am a Fugitive from a Chain Gang",Crime|Drama|Film-Noir,1932,3.66666666666667,3,7,9,19,,,,,,,
8045,"Hamburger Hill",Action|Drama|War,1987,2,1,7,8,14,,,,,,,
8057,"Sweet Bird of Youth",Drama,1962,3,1,7,,,,,,,,,
8092,"Frankenstein Unbound",Drama|Horror|Sci-Fi,1990,3,1,7,11,13,,,,,,,
8093,"Shiri",Action|Drama|Romance|Thriller,1999,3.5,1,6,7,8,10,,,,,,
8094,"Bad Day at Black Rock",Drama|Thriller|Western,1955,3.5,1,7,10,18,,,,,,,
8117,"In China They Eat Dogs",Action|Comedy,1999,4,1,4,8,,,,,,,,
8118,"Delta Force 2",Action|Adventure|Thriller|War,1990,4,1,1,8,10,14,,,,,,
8119,"Crossroads",Drama,1986,3,3,7,,,,,,,,,
8121,"Seducing Doctor Lewis",Comedy,2003,2,2,4,,,,,,,,,
8125,"Sunrise: A Song of Two Humans",Drama|Romance,1927,4,1,6,7,,,,,,,,
8126,"Shock Corridor",Drama,1963,3.5,1,7,,,,,,,,,
8128,"Au revoir les enfants",Drama,1987,4.1,5,7,,,,,,,,,
8131,"Pursuit of Happiness",Comedy|Romance,2001,3.5,1,4,6,,,,,,,,
8132,"Gladiator",Action|Drama,1992,4.33333333333333,9,7,8,,,,,,,,
8136,"Indestructible Man",Crime|Horror|Sci-Fi,1956,0.5,1,9,11,13,,,,,,,
8137,"Wasp Woman, The",Horror|Sci-Fi,1959,0.5,1,11,13,,,,,,,,
8138,"Attack of the Giant Leeches",Horror|Sci-Fi,1959,2.25,2,11,13,,,,,,,,
8142,"Dead or Alive: Hanzaisha",Action|Crime,1999,4.25,2,8,9,,,,,,,,
8143,"Lola Montès",Drama,1955,3.5,1,7,,,,,,,,,
8147,"Charly",Drama|Sci-Fi,1968,4,1,7,13,,,,,,,,
8153,"Lust for Life",Drama,1956,2.5,1,7,,,,,,,,,
8154,"Dolce Vita, La",Drama,1960,3.75,6,7,,,,,,,,,
8157,"Jin Roh: The Wolf Brigade",Animation|Fantasy|Thriller,1998,3.5,5,2,5,10,,,,,,,
8158,"Rush",Crime|Drama,1991,4,1,7,9,,,,,,,,
8167,"Captain Blood",Action|Adventure|Romance,1935,4,2,1,6,8,,,,,,,
8169,"*batteries not included",Children|Comedy|Fantasy|Sci-Fi,1987,3.28571428571429,7,3,4,5,13,,,,,,
8183,"Educating Rita",Comedy|Drama,1983,3.16666666666667,3,4,7,,,,,,,,
8188,"Sansho the Bailiff",Drama,1954,3.5,1,7,,,,,,,,,
8189,"Zazie dans le métro",Comedy,1960,3,1,4,,,,,,,,,
8190,"Americanization of Emily, The",Comedy|Drama|War,1964,4,1,4,7,14,,,,,,,
8191,"Anne of the Thousand Days",Drama,1969,4,1,7,,,,,,,,,
8195,"Avventura, L'",Drama|Mystery|Romance,1960,4,2,6,7,12,,,,,,,
8196,"Beyond the Valley of the Dolls",Comedy|Horror,1970,3.5,1,4,11,,,,,,,,
8197,"Hiroshima Mon Amour",Drama|Romance|War,1959,4,1,6,7,14,,,,,,,
8199,"Ugetsu",Drama|Thriller,1953,2.5,2,7,10,,,,,,,,
8207,"Day of the Jackal, The",Crime|Thriller,1973,4.08333333333333,6,9,10,,,,,,,,
8225,"Night of the Living Dead",Horror,1990,4,1,11,,,,,,,,,
8228,"Maltese Falcon, The",Mystery,1931,3.61764705882353,17,12,,,,,,,,,
8232,"I Love You Again",Comedy|Drama,1940,3.5,1,4,7,,,,,,,,
8235,"Safety Last!",Action|Comedy|Romance,1923,4,2,4,6,8,,,,,,,
8236,"While the City Sleeps",Drama|Film-Noir,1956,0.5,1,7,19,,,,,,,,
8238,"Little Murders",Comedy|Crime,1971,5,1,4,9,,,,,,,,
8239,"Viridiana",Comedy|Drama,1961,4,1,4,7,,,,,,,,
8241,"Masterminds",Action|Comedy|Thriller,1997,4,1,4,8,10,,,,,,,
8253,"Lupin III: The Castle Of Cagliostro",Action|Adventure|Animation|Comedy|Crime|Mystery,1979,3.4,5,1,2,4,8,9,12,,,,
8254,"Arizona Dream",Comedy|Drama|Fantasy|Romance,1993,4.25,6,4,5,6,7,,,,,,
8261,"3 Women",Drama,1977,4.16666666666667,3,7,,,,,,,,,
8264,"Grey Gardens",Documentary,1975,3.5,1,16,,,,,,,,,
8266,"Purple Rain",Drama|Musical,1984,2.7,5,7,15,,,,,,,,
8268,"Point of No Return",Action|Thriller,1993,4.25,2,8,10,,,,,,,,
8270,"Hairdresser's Husband, The",Comedy|Drama|Romance,1990,3.75,2,4,6,7,,,,,,,
8275,"College",Comedy,1927,3.5,1,4,,,,,,,,,
8290,"Mitchell",Action|Crime,1975,0.75,2,8,9,,,,,,,,
8293,"Used People",Comedy|Drama,1992,3.5,1,4,7,,,,,,,,
8302,"Front Page, The",Comedy|Drama|Romance,1931,3.5,1,4,6,7,,,,,,,
8327,"Dolls",Drama|Romance,2002,4.25,2,6,7,,,,,,,,
8331,"Man Who Came to Dinner, The",Comedy,1942,4,1,4,,,,,,,,,
8335,"Make Way for Tomorrow",Drama,1937,3.5,1,7,,,,,,,,,
8336,"Major and the Minor, The",Comedy|Romance,1942,3.5,1,4,6,,,,,,,,
8337,"Caine Mutiny, The",Drama|War,1954,4,2,7,14,,,,,,,,
8338,"Black Narcissus",Drama,1947,4,1,7,,,,,,,,,
8340,"Escape from Alcatraz",Drama|Thriller,1979,3.78571428571429,7,7,10,,,,,,,,
8341,"Oliver Twist",Adventure|Crime|Drama,1948,3.83333333333333,3,1,7,9,,,,,,,
8360,"Shrek 2",Adventure|Animation|Children|Comedy|Musical|Romance,2004,3.57608695652174,92,1,2,3,4,6,15,,,,
8361,"Day After Tomorrow, The",Action|Adventure|Drama|Sci-Fi|Thriller,2004,3.05,50,1,7,8,10,13,,,,,
8362,"Raising Helen",Comedy|Drama|Romance,2004,2.75,4,4,6,7,,,,,,,
8363,"Soul Plane",Comedy,2004,3.75,2,4,,,,,,,,,
8364,"Baadasssss!",Drama,2003,3.375,4,7,,,,,,,,,
8366,"Saved!",Comedy|Drama,2004,3.89285714285714,14,4,7,,,,,,,,
8368,"Harry Potter and the Prisoner of Azkaban",Adventure|Fantasy|IMAX,2004,3.91397849462366,93,1,5,17,,,,,,,
8369,"Mindhunters",Action|Crime|Horror|Mystery|Thriller,2004,2.66666666666667,3,8,9,10,11,12,,,,,
8370,"Blind Swordsman: Zatoichi, The",Action|Comedy|Crime|Drama,2003,3.95833333333333,12,4,7,8,9,,,,,,
8371,"Chronicles of Riddick, The",Action|Sci-Fi|Thriller,2004,3.30434782608696,23,8,10,13,,,,,,,
8372,"Garfield: The Movie",Animation|Children|Comedy,2004,2.3,5,2,3,4,,,,,,,
8373,"Stepford Wives, The",Comedy|Fantasy|Thriller,2004,2.25,12,4,5,10,,,,,,,
8375,"Hunting of the President, The",Documentary,2004,2.5,1,16,,,,,,,,,
8376,"Napoleon Dynamite",Comedy,2004,3.32432432432432,37,4,,,,,,,,,
8378,"Doctor, The",Drama,1991,4,1,7,,,,,,,,,
8379,"Dresser, The",Drama,1983,3,1,7,,,,,,,,,
8380,"Father Hood",Comedy,1993,2.5,1,4,,,,,,,,,
8382,"Hello Again",Comedy,1987,2.5,1,4,,,,,,,,,
8383,"Hope Springs",Comedy|Romance,2003,1,1,4,6,,,,,,,,
8385,"Lover Come Back",Comedy|Romance,1961,3,1,4,6,,,,,,,,
8387,"Police Academy: Mission to Moscow",Comedy|Crime,1994,0.8,5,4,9,,,,,,,,
8391,"Big Wednesday",Comedy|Drama,1978,3,1,4,7,,,,,,,,
8402,"Book of Love",Comedy|Romance,1990,2,1,4,6,,,,,,,,
8405,"Hour of the Wolf",Drama|Horror,1968,4.5,2,7,11,,,,,,,,
8410,"Suddenly",Crime|Drama|Film-Noir,1954,3.5,1,7,9,19,,,,,,,
8424,"Divorcee, The",Drama|Romance,1930,4,1,6,7,,,,,,,,
8425,"Meet the Applegates",Comedy,1991,2,1,4,,,,,,,,,
8426,"Robot Carnival",Animation|Comedy|Drama|Fantasy|Sci-Fi,1987,4,1,2,4,5,7,13,,,,,
8427,"Americathon",Comedy|Sci-Fi,1979,1.5,1,4,13,,,,,,,,
8446,"Sands of Iwo Jima",Action|Drama|Romance|War,1949,2.5,1,6,7,8,14,,,,,,
8447,"This Island Earth",Sci-Fi,1955,1,1,13,,,,,,,,,
8450,"Anthony Adverse",Adventure|Romance,1936,3,1,1,6,,,,,,,,
8451,"Blackboard Jungle",Drama,1955,3.25,2,7,,,,,,,,,
8454,"Luna Papa",Comedy|Drama|Fantasy,1999,3.5,1,4,5,7,,,,,,,
8456,"Investigation of a Citizen Above Suspicion",Crime|Drama|Thriller,1970,4,1,7,9,10,,,,,,,
8458,"To Each His Own",Drama,1946,3.5,1,7,,,,,,,,,
8459,"Heiress, The",Drama|Romance,1949,3.5,1,6,7,,,,,,,,
8461,"Dragon Seed",Drama|War,1944,3.5,1,7,14,,,,,,,,
8462,"Executive Suite",Drama,1954,3,1,7,,,,,,,,,
8463,"Johnny Belinda",Drama,1948,4,1,7,,,,,,,,,
8464,"Super Size Me",Comedy|Documentary|Drama,2004,3.51,50,4,7,16,,,,,,,
8465,"Johnny Eager",Crime|Drama|Film-Noir|Romance,1942,3.5,1,6,7,9,19,,,,,,
8477,"Jetée, La",Romance|Sci-Fi,1962,4.5,2,6,13,,,,,,,,
8481,"Northwest Passage",Action|Adventure|Drama|Romance|Thriller|Western,1940,3,1,1,6,7,8,10,18,,,,
8482,"Picture of Dorian Gray, The",Drama|Fantasy|Horror,1945,2,2,5,7,11,,,,,,,
8484,"Human Condition I, The",Drama|War,1959,4.5,1,7,14,,,,,,,,
8487,"Please Don't Eat the Daisies",Children|Comedy|Musical,1960,3.5,2,3,4,15,,,,,,,
8491,"White Heat",Crime|Drama|Film-Noir,1949,3.66666666666667,3,7,9,19,,,,,,,
8492,"Christmas Carol, A",Drama|Fantasy,1951,3.25,2,5,7,,,,,,,,
8493,"Memphis Belle",Action|Drama|War,1990,3.08333333333333,6,7,8,14,,,,,,,
8494,"Cincinnati Kid, The",Drama,1965,0.5,1,7,,,,,,,,,
8495,"Animal Factory",Crime|Drama,2000,2.5,1,7,9,,,,,,,,
8500,"Godzilla vs. Mechagodzilla",Action|Horror|Sci-Fi,1974,2.5,1,8,11,13,,,,,,,
8501,"Hitcher, The",Action|Thriller,1986,3.625,4,8,10,,,,,,,,
8502,"Show Boat",Drama|Musical|Romance,1951,3,1,6,7,15,,,,,,,
8506,"Fear X",Mystery|Thriller,2003,2.25,2,10,12,,,,,,,,
8507,"Freaks",Crime|Drama|Horror,1932,3.16666666666667,9,7,9,11,,,,,,,
8511,"Immigrant, The",Comedy,1917,4.5,1,4,,,,,,,,,
8512,"Silent Movie",Comedy,1976,3.5,1,4,,,,,,,,,
8518,"Anna Christie",Drama,1930,3.5,1,7,,,,,,,,,
8521,"Dr. Jekyll and Mr. Hyde",Drama|Horror,1931,2,2,7,11,,,,,,,,
8526,"Around the World in 80 Days",Adventure|Children|Comedy,2004,2.5,3,1,3,4,,,,,,,
8528,"Dodgeball: A True Underdog Story",Comedy,2004,3.55128205128205,39,4,,,,,,,,,
8529,"Terminal, The",Comedy|Drama|Romance,2004,3.31914893617021,47,4,6,7,,,,,,,
8530,"Dear Frankie",Drama|Romance,2004,3.75,2,6,7,,,,,,,,
8531,"White Chicks",Action|Comedy|Crime,2004,2.83333333333333,6,4,8,9,,,,,,,
8532,"Door in the Floor, The",Drama,2004,2.5,1,7,,,,,,,,,
8533,"Notebook, The",Drama|Romance,2004,3.56578947368421,38,6,7,,,,,,,,
8534,"Two Brothers",Adventure|Children|Drama,2004,3.5,1,1,3,7,,,,,,,
8535,"De-Lovely",Drama|Musical,2004,4,1,7,15,,,,,,,,
8542,"Day at the Races, A",Comedy|Musical,1937,4,3,4,15,,,,,,,,
8571,"Bob & Carol & Ted & Alice",Comedy|Drama,1969,3.5,1,4,7,,,,,,,,
8574,"Claymation Christmas Celebration, A",Animation|Children|Comedy|Musical,1987,1.5,2,2,3,4,15,,,,,,
8575,"Happenstance",Comedy|Drama,2001,3,1,4,7,,,,,,,,
8577,"Comandante",Documentary,2003,4,1,16,,,,,,,,,
8578,"Undead",Action|Comedy|Horror|Sci-Fi,2003,3.25,2,4,8,11,13,,,,,,
8580,"Into the Woods",Adventure|Comedy|Fantasy|Musical,1991,5,1,1,4,5,15,,,,,,
8581,"Pirates of Silicon Valley",Documentary|Drama,1999,4,4,7,16,,,,,,,,
8582,"Manufacturing Consent: Noam Chomsky and the Media",Documentary|War,1992,4.25,2,14,16,,,,,,,,
8587,"Mayor of the Sunset Strip",Documentary,2003,3.5,1,16,,,,,,,,,
8588,"Killing Me Softly",Drama|Mystery|Romance|Thriller,2002,4,1,6,7,10,12,,,,,,
8591,"Philadelphia Experiment, The",Adventure|Drama|Sci-Fi,1984,3.5,1,1,7,13,,,,,,,
8593,"Juice",Action|Crime|Drama|Thriller,1992,4,1,7,8,9,10,,,,,,
8596,"Revenge of the Pink Panther",Comedy|Crime,1978,3.25,2,4,9,,,,,,,,
8600,"Angels with Dirty Faces",Crime|Drama|Film-Noir|Thriller,1938,3.75,2,7,9,10,19,,,,,,
8601,"Zero de conduite",Comedy|Drama,1933,4,1,4,7,,,,,,,,
8604,"Taxi",Action|Comedy,1998,3.2,5,4,8,,,,,,,,
8605,"Taxi 3",Action|Comedy,2003,3.25,2,4,8,,,,,,,,
8607,"Tokyo Godfathers",Adventure|Animation|Drama,2003,3.9,5,1,2,7,,,,,,,
8609,"Our Hospitality",Comedy,1923,3.25,2,4,,,,,,,,,
8610,"All of Me",Comedy|Fantasy,1984,2.5,2,4,5,,,,,,,,
8611,"Farmer's Daughter, The",Comedy,1947,3.5,1,4,,,,,,,,,
8614,"Overboard",Comedy|Romance,1987,3,6,4,6,,,,,,,,
8617,"Butterfield 8",Drama,1960,3,1,7,,,,,,,,,
8620,"Exterminating Angel, The",Comedy|Drama|Fantasy|Mystery,1962,1.5,2,4,5,7,12,,,,,,
8622,"Fahrenheit 9/11",Documentary,2004,3.48648648648649,37,16,,,,,,,,,
8623,"Roxanne",Comedy|Romance,1987,3.27272727272727,11,4,6,,,,,,,,
8626,"Dr. Terror's House of Horrors",Horror|Sci-Fi,1965,1.5,1,11,13,,,,,,,,
8632,"Secret Society",Comedy,2002,0.5,1,4,,,,,,,,,
8633,"Last Starfighter, The",Action|Adventure|Comedy|Sci-Fi,1984,3.57142857142857,7,1,4,8,13,,,,,,
8636,"Spider-Man 2",Action|Adventure|Sci-Fi|IMAX,2004,3.80379746835443,79,1,8,13,17,,,,,,
8638,"Before Sunset",Drama|Romance,2004,3.7,15,6,7,,,,,,,,
8640,"King Arthur",Action|Adventure|Drama|War,2004,2.96153846153846,13,1,7,8,14,,,,,,
8641,"Anchorman: The Legend of Ron Burgundy",Comedy,2004,3.7719298245614,57,4,,,,,,,,,
8643,"Cinderella Story, A",Comedy|Romance,2004,3.27777777777778,9,4,6,,,,,,,,
8644,"I, Robot",Action|Adventure|Sci-Fi|Thriller,2004,3.49180327868852,61,1,8,10,13,,,,,,
8645,"Maria Full of Grace",Crime|Drama,2004,3.9375,8,7,9,,,,,,,,
8650,"Long Day's Journey Into Night",Drama,1962,3.5,1,7,,,,,,,,,
8656,"Short Film About Killing, A",Crime|Drama,1988,3.75,2,7,9,,,,,,,,
8665,"Bourne Supremacy, The",Action|Crime|Thriller,2004,3.78666666666667,75,8,9,10,,,,,,,
8666,"Catwoman",Action|Crime|Fantasy,2004,1.33333333333333,9,5,8,9,,,,,,,
8667,"A Home at the End of the World",Drama|Romance,2004,3.5,1,6,7,,,,,,,,
8670,"Testament of Dr. Mabuse, The",Crime|Horror|Mystery|Thriller,1933,4,1,9,10,11,12,,,,,,
8677,"Flash Gordon Conquers the Universe",Action|Sci-Fi,1940,1.25,2,8,13,,,,,,,,
8684,"Man Escaped, A",Adventure|Drama,1956,3.5,1,1,7,,,,,,,,
8685,"Miracle of Marcelino, The",Comedy|Drama,1955,3.5,1,4,7,,,,,,,,
8690,"Slaughterhouse-Five",Comedy|Drama|Sci-Fi|War,1972,4,1,4,7,13,14,,,,,,
8695,"Bachelor and the Bobby-Soxer, The",Comedy,1947,3,3,4,,,,,,,,,
8711,"Mr. Blandings Builds His Dream House",Comedy,1948,3,1,4,,,,,,,,,
8712,"My Favorite Wife",Comedy|Romance,1940,3,1,4,6,,,,,,,,
8713,"New Adventures of Pippi Longstocking, The",Adventure|Children|Fantasy|Musical,1988,3,1,1,3,5,15,,,,,,
8714,"Night and Day",Drama|Musical,1946,2.5,1,7,15,,,,,,,,
8718,"Snake Pit, The",Drama,1948,3.5,2,7,,,,,,,,,
8720,"Super, The",Comedy,1991,2,1,4,,,,,,,,,
8724,"Leopard, The",Drama|War,1963,4.25,2,7,14,,,,,,,,
8727,"Day of the Locust, The",Drama,1975,2,1,7,,,,,,,,,
8730,"To End All Wars",Action|Drama|War,2001,4,2,7,8,14,,,,,,,
8738,"Woman Is a Woman, A",Comedy|Drama|Musical|Romance,1961,5,1,4,6,7,15,,,,,,
8743,"Biggles",Adventure|Fantasy|Sci-Fi,1986,3,2,1,5,13,,,,,,,
8748,"Yesterday, Today and Tomorrow",Comedy,1963,4,2,4,,,,,,,,,
8753,"Unprecedented: The 2000 Presidential Election",Documentary,2002,3.5,1,16,,,,,,,,,
8754,"Prime of Miss Jean Brodie, The",Drama,1969,4,1,7,,,,,,,,,
8755,"My Voyage to Italy",Documentary,1999,3,1,16,,,,,,,,,
8765,"This Gun for Hire",Crime|Film-Noir|Thriller,1942,NaN,NaN,9,10,19,,,,,,,
8771,"Sherlock Holmes: Terror by Night",Crime|Mystery|Thriller,1946,3,1,9,10,12,,,,,,,
8772,"Spy Who Came in from the Cold, The",Drama|Thriller,1965,0.5,1,7,10,,,,,,,,
8773,"Sherlock Holmes and the Secret Weapon",Crime|Mystery|Thriller,1942,3,1,9,10,12,,,,,,,
8774,"Sherlock Holmes: The Woman in Green",Mystery,1945,3.5,1,12,,,,,,,,,
8778,"Sherlock Holmes: Dressed to Kill",Crime|Mystery,1946,3.75,2,9,12,,,,,,,,
8781,"Manchurian Candidate, The",Thriller,2004,3.04166666666667,12,10,,,,,,,,,
8782,"Thunderbirds",Action|Adventure|Fantasy|Sci-Fi,2004,2.75,2,1,5,8,13,,,,,,
8783,"Village, The",Drama|Mystery|Thriller,2004,3.19230769230769,26,7,10,12,,,,,,,
8784,"Garden State",Comedy|Drama|Romance,2004,3.70833333333333,48,4,6,7,,,,,,,
8795,"Musa the Warrior",Action|Adventure|Drama|War,2001,4.5,1,1,7,8,14,,,,,,
8796,"Funny Thing Happened on the Way to the Forum, A",Comedy|Musical,1966,3.1,5,4,15,,,,,,,,
8798,"Collateral",Action|Crime|Drama|Thriller,2004,3.76136363636364,44,7,8,9,10,,,,,,
8799,"Little Black Book",Comedy|Romance,2004,2.16666666666667,3,4,6,,,,,,,,
8800,"Code 46",Romance|Sci-Fi,2003,4.5,1,6,13,,,,,,,,
8804,"Story of Women",Drama,1988,5,1,7,,,,,,,,,
8807,"Harold and Kumar Go to White Castle",Adventure|Comedy,2004,3.45588235294118,34,1,4,,,,,,,,
8808,"Princess Diaries 2: Royal Engagement, The",Comedy|Romance,2004,2.5,7,4,6,,,,,,,,
8809,"Danny Deckchair",Comedy|Romance,2003,3.25,2,4,6,,,,,,,,
8810,"AVP: Alien vs. Predator",Action|Horror|Sci-Fi|Thriller,2004,2.82352941176471,17,8,10,11,13,,,,,,
8813,"We Don't Live Here Anymore",Drama,2004,4,2,7,,,,,,,,,
8814,"Without a Paddle",Comedy,2004,2,7,4,,,,,,,,,
8815,"Exorcist: The Beginning",Horror|Thriller,2004,2.5,3,10,11,,,,,,,,
8827,"Bill Cosby, Himself",Comedy|Documentary,1983,4,5,4,16,,,,,,,,
8830,"Anacondas: The Hunt for the Blood Orchid",Adventure|Drama|Horror|Sci-Fi|Thriller,2004,1.75,2,1,7,10,11,13,,,,,
8831,"Suspect Zero",Crime|Thriller,2004,3.5,1,9,10,,,,,,,,
8832,"Warriors of Heaven and Earth",Action|Adventure|Drama,2003,3.25,2,1,7,8,,,,,,,
8833,"Vanity Fair",Drama|Romance,2004,3.5,3,6,7,,,,,,,,
8835,"Paparazzi",Drama|Thriller,2004,2.33333333333333,3,7,10,,,,,,,,
8836,"Wicker Park",Drama|Romance|Thriller,2004,3.33333333333333,3,6,7,10,,,,,,,
8838,"Alice Doesn't Live Here Anymore",Drama|Romance,1974,4.16666666666667,3,6,7,,,,,,,,
8840,"Who's That Knocking at My Door?",Drama,1967,1,1,7,,,,,,,,,
8844,"Camera Buff",Drama,1979,3,1,7,,,,,,,,,
8848,"Vitelloni, I",Drama,1953,3.5,2,7,,,,,,,,,
8860,"Cellular",Action|Crime|Drama|Mystery|Thriller,2004,2.85714285714286,7,7,8,9,10,12,,,,,
8861,"Resident Evil: Apocalypse",Action|Horror|Sci-Fi|Thriller,2004,2.92857142857143,14,8,10,11,13,,,,,,
8864,"Mr. 3000",Comedy|Drama,2004,2.66666666666667,3,4,7,,,,,,,,
8865,"Sky Captain and the World of Tomorrow",Action|Adventure|Sci-Fi,2004,2.63888888888889,18,1,8,13,,,,,,,
8866,"Wimbledon",Comedy|Romance,2004,3.11111111111111,9,4,6,,,,,,,,
8869,"First Daughter",Comedy|Romance,2004,3.33333333333333,6,4,6,,,,,,,,
8870,"Forgotten, The",Drama|Mystery|Sci-Fi|Thriller,2004,2.5,5,7,10,12,13,,,,,,
8873,"Motorcycle Diaries, The",Adventure|Drama,2004,3.7962962962963,27,1,7,,,,,,,,
8874,"Shaun of the Dead",Comedy|Horror,2004,4.00649350649351,77,4,11,,,,,,,,
8875,"Come Back, Little Sheba",Drama,1952,4,1,7,,,,,,,,,
8879,"Murder on the Orient Express",Crime|Mystery|Thriller,1974,3.25,6,9,10,12,,,,,,,
8880,"Mask",Drama,1985,3.42857142857143,7,7,,,,,,,,,
8894,"Orca: The Killer Whale",Action|Drama|Horror|Thriller,1977,1.5,1,7,8,10,11,,,,,,
8905,"1492: Conquest of Paradise",Adventure|Drama,1992,2.5,1,1,7,,,,,,,,
8906,"Cannibal Holocaust",Horror,1980,2.66666666666667,3,11,,,,,,,,,
8907,"Shark Tale",Animation|Children|Comedy,2004,2.34615384615385,13,2,3,4,,,,,,,
8908,"Ladder 49",Action|Drama|Thriller,2004,3.66666666666667,6,7,8,10,,,,,,,
8910,"I Heart Huckabees",Comedy,2004,3.45238095238095,21,4,,,,,,,,,
8911,"Raise Your Voice",Romance,2004,5,1,6,,,,,,,,,
8912,"Taxi",Action|Comedy,2004,1.75,2,4,8,,,,,,,,
8914,"Primer",Drama|Sci-Fi,2004,3.79411764705882,17,7,13,,,,,,,,
8915,"Stage Beauty",Drama,2004,3.5,1,7,,,,,,,,,
8916,"Shall We Dance?",Comedy|Romance,2004,3,3,4,6,,,,,,,,
8917,"Team America: World Police",Action|Adventure|Animation|Comedy,2004,3.46875,32,1,2,4,8,,,,,,
8918,"Eulogy",Comedy|Crime|Drama,2004,3,1,4,7,9,,,,,,,
8919,"P.S.",Comedy|Drama|Fantasy|Romance,2004,4.25,2,4,5,6,7,,,,,,
8920,"Country Girl, The",Drama,1954,3.5,1,7,,,,,,,,,
8921,"Rose Tattoo, The",Drama|Romance,1955,3.5,1,6,7,,,,,,,,
8928,"Fearless Vampire Killers, The",Comedy|Horror,1967,3.66666666666667,3,4,11,,,,,,,,
8933,"Decline of the American Empire, The",Comedy|Drama,1986,4,1,4,7,,,,,,,,
8934,"Bebe's Kids",Animation|Children|Comedy,1992,1,1,2,3,4,,,,,,,
8937,"Friday Night Lights",Action|Drama,2004,3.5625,8,7,8,,,,,,,,
8938,"Tarnation",Documentary,2003,4,1,16,,,,,,,,,
8939,"Final Cut, The",Sci-Fi|Thriller,2004,3.66666666666667,3,10,13,,,,,,,,
8943,"Being Julia",Comedy|Drama,2004,1.75,2,4,7,,,,,,,,
8946,"Surviving Christmas",Comedy,2004,2.75,2,4,,,,,,,,,
8947,"Grudge, The",Horror|Mystery|Thriller,2004,2.3,10,10,11,12,,,,,,,
8948,"Alfie",Comedy|Drama|Romance,2004,2.33333333333333,3,4,6,7,,,,,,,
8949,"Sideways",Comedy|Drama|Romance,2004,3.74358974358974,39,4,6,7,,,,,,,
8950,"The Machinist",Drama|Mystery|Thriller,2004,3.98684210526316,38,7,10,12,,,,,,,
8951,"Vera Drake",Drama,2004,3,4,7,,,,,,,,,
8952,"Falling Angels",Drama,2003,3.5,1,7,,,,,,,,,
8954,"Lightning in a Bottle",Documentary,2004,4,1,16,,,,,,,,,
8955,"Undertow",Crime|Drama|Thriller,2004,3,1,7,9,10,,,,,,,
8957,"Saw",Horror|Mystery|Thriller,2004,3.18181818181818,33,10,11,12,,,,,,,
8958,"Ray",Drama,2004,3.68421052631579,19,7,,,,,,,,,
8959,"Birth",Drama|Mystery,2004,2.5,3,7,12,,,,,,,,
8961,"Incredibles, The",Action|Adventure|Animation|Children|Comedy,2004,3.836,125,1,2,3,4,8,,,,,
8964,"Callas Forever",Drama,2002,3,1,7,,,,,,,,,
8965,"Polar Express, The",Adventure|Animation|Children|Fantasy|IMAX,2004,3.13636363636364,11,1,2,3,5,17,,,,,
8966,"Kinsey",Drama,2004,3.125,8,7,,,,,,,,,
8967,"Seed of Chucky",Comedy|Horror,2004,1.75,4,4,11,,,,,,,,
8968,"After the Sunset",Action|Adventure|Comedy|Crime|Thriller,2004,3.58333333333333,6,1,4,8,9,10,,,,,
8969,"Bridget Jones: The Edge of Reason",Comedy|Drama|Romance,2004,3.025,20,4,6,7,,,,,,,
8970,"Finding Neverland",Drama,2004,3.609375,32,7,,,,,,,,,
8972,"National Treasure",Action|Adventure|Drama|Mystery|Thriller,2004,3.26315789473684,38,1,7,8,10,12,,,,,
8973,"Bad Education",Drama|Thriller,2004,3.75,8,7,10,,,,,,,,
8974,"SpongeBob SquarePants Movie, The",Adventure|Animation|Children|Comedy,2004,3,2,1,2,3,4,,,,,,
8977,"Alexander",Action|Adventure|Drama|War,2004,2.2,10,1,7,8,14,,,,,,
8978,"Christmas with the Kranks",Children|Comedy,2004,2.5,2,3,4,,,,,,,,
8979,"Guerrilla: The Taking of Patty Hearst",Documentary,2004,4,1,16,,,,,,,,,
8981,"Closer",Drama|Romance,2004,3.71875,16,6,7,,,,,,,,
8982,"I Am David",Drama,2003,3,3,7,,,,,,,,,
8983,"House of Flying Daggers",Action|Drama|Romance,2004,3.52,25,6,7,8,,,,,,,
8984,"Ocean's Twelve",Action|Comedy|Crime|Thriller,2004,3.2906976744186,43,4,8,9,10,,,,,,
8985,"Blade: Trinity",Action|Fantasy|Horror|Thriller,2004,2.85714285714286,14,5,8,10,11,,,,,,
8987,"Bush's Brain",Documentary,2004,3,1,16,,,,,,,,,
8989,"Damn Yankees!",Comedy|Musical,1958,3.5,1,4,15,,,,,,,,
8998,"That's Entertainment",Documentary,1974,4,1,16,,,,,,,,,
9004,"D.A.R.Y.L.",Adventure|Children|Sci-Fi,1985,2,1,1,3,13,,,,,,,
9005,"Fire in the Sky",Drama|Mystery|Sci-Fi,1993,2,2,7,12,13,,,,,,,
9008,"Invisible Man Returns, The",Horror|Sci-Fi,1940,2.5,1,11,13,,,,,,,,
9010,"Love Me If You Dare",Drama|Romance,2003,4.1,5,6,7,,,,,,,,
9018,"Control Room",Documentary|War,2004,4.33333333333333,3,14,16,,,,,,,,
25746,"Hunchback of Notre Dame, The",Drama|Horror,1923,3,1,7,11,,,,,,,,
25750,"Sherlock Jr.",Comedy|Fantasy|Romance,1924,3,2,4,5,6,,,,,,,
25752,"Freshman, The",Comedy,1925,4,1,4,,,,,,,,,
25753,"Greed",Drama,1924,4,1,7,,,,,,,,,
25757,"Jazz Singer, The",Drama|Musical|Romance,1927,4,1,6,7,15,,,,,,,
25769,"Steamboat Bill, Jr.",Comedy|Romance,1928,4.5,1,4,6,,,,,,,,
25771,"Andalusian Dog, An",Fantasy,1929,4.5,4,5,,,,,,,,,
25773,"Little Caesar",Crime|Drama,1931,4,1,7,9,,,,,,,,
25782,"Boudu Saved From Drowning",Comedy,1932,0.5,1,4,,,,,,,,,
25788,"Scarface",Crime|Drama,1932,3.75,2,7,9,,,,,,,,
25795,"Dinner at Eight",Comedy|Drama|Romance,1933,3.5,1,4,6,7,,,,,,,
25797,"Gold Diggers of 1933",Musical,1933,3.5,1,15,,,,,,,,,
25805,"Atalante, L'",Comedy|Drama|Romance,1934,4.5,1,4,6,7,,,,,,,
25825,"Fury",Drama|Film-Noir,1936,3.375,4,7,19,,,,,,,,
25826,"Libeled Lady",Comedy|Romance,1936,3.5,1,4,6,,,,,,,,
25827,"Mr. Deeds Goes to Town",Comedy|Romance,1936,3.5,2,4,6,,,,,,,,
25833,"Camille",Drama|Romance,1936,4,1,6,7,,,,,,,,
25834,"Captains Courageous",Adventure|Drama,1937,4,1,1,7,,,,,,,,
25841,"Stage Door",Drama,1937,4.16666666666667,3,7,,,,,,,,,
25850,"Holiday",Comedy|Drama|Romance,1938,3,3,4,6,7,,,,,,,
25855,"Roaring Twenties, The",Crime|Drama|Thriller,1939,NaN,NaN,7,9,10,,,,,,,
25856,"Wuthering Heights",Drama|Romance,1939,3.25,2,6,7,,,,,,,,
25865,"Letter, The",Drama|Film-Noir,1940,4,1,7,19,,,,,,,,
25870,"Here Comes Mr. Jordan",Comedy|Fantasy|Romance,1941,3.5,1,4,5,6,,,,,,,
25886,"Random Harvest",Drama|Romance,1942,4,2,6,7,,,,,,,,
25887,"Tales of Manhattan",Comedy|Drama,1942,5,1,4,7,,,,,,,,
25898,"Day of Wrath",Drama,1943,4,2,7,,,,,,,,,
25905,"Miracle of Morgan's Creek, The",Comedy|Romance,1944,3.5,1,4,6,,,,,,,,
25906,"Mr. Skeffington",Drama|Romance,1944,5,1,6,7,,,,,,,,
25923,"Great Expectations",Drama,1946,3.5,1,7,,,,,,,,,
25927,"Stranger, The",Drama|Film-Noir|Thriller,1946,3,1,7,10,19,,,,,,,
25937,"Easter Parade",Musical|Romance,1948,3.33333333333333,3,6,15,,,,,,,,
25940,"Lady from Shanghai, The",Drama|Film-Noir|Mystery,1947,3.5,1,7,12,19,,,,,,,
25946,"Three Musketeers, The",Action|Adventure|Drama|Romance,1948,3.5,1,1,6,7,8,,,,,,
25947,"Unfaithfully Yours",Comedy,1948,5,1,4,,,,,,,,,
25952,"Letter to Three Wives, A",Comedy|Drama,1949,4,1,4,7,,,,,,,,
25959,"Annie Get Your Gun",Comedy|Musical|Romance|Western,1950,2.5,1,4,6,15,18,,,,,,
25962,"King Solomon's Mines",Action|Adventure|Romance,1950,3,1,1,6,8,,,,,,,
25963,"Young and the Damned, The",Crime|Drama,1950,4,1,7,9,,,,,,,,
25996,"Star Is Born, A",Drama|Musical,1954,3.5,1,7,15,,,,,,,,
25999,"The Wild One",Drama,1953,3.5,1,7,,,,,,,,,
26002,"Confidential Report",Crime|Drama|Mystery|Thriller,1955,3.5,1,7,9,10,12,,,,,,
26003,"Night and Fog",Crime|Documentary|War,1955,4.5,1,9,14,16,,,,,,,
26038,"Teacher's Pet",Comedy|Romance,1958,4,1,4,6,,,,,,,,
26048,"Human Condition II, The",Drama|War,1959,4.5,1,7,14,,,,,,,,
26052,"Pickpocket",Crime|Drama,1959,2.75,2,7,9,,,,,,,,
26059,"When a Woman Ascends the Stairs",Drama,1960,4.5,1,7,,,,,,,,,
26073,"Human Condition III, The",Drama|War,1961,5,1,7,14,,,,,,,,
26078,"Advise and Consent",Drama,1962,5,1,7,,,,,,,,,
26082,"Harakiri",Drama,1962,4.5,3,7,,,,,,,,,
26084,"Music Man, The",Children|Comedy|Musical|Romance,1962,3.9,5,3,4,6,15,,,,,,
26085,"Mutiny on the Bounty",Adventure|Drama|Romance,1962,NaN,NaN,1,6,7,,,,,,,
26095,"Carabineers, The",Comedy|Drama|War,1963,0.5,1,4,7,14,,,,,,,
26116,"Hush... Hush, Sweet Charlotte",Horror|Thriller,1964,4.5,2,10,11,,,,,,,,
26122,"Onibaba",Drama|Horror|War,1964,4.5,1,7,11,14,,,,,,,
26124,"Robinson Crusoe on Mars",Sci-Fi,1964,2,1,13,,,,,,,,,
26131,"Battle of Algiers, The",Drama|War,1966,4.3,5,7,14,,,,,,,,
26133,"Charlie Brown Christmas, A",Animation|Children|Comedy,1965,4,6,2,3,4,,,,,,,
26142,"Major Dundee",Adventure|War|Western,1965,2,1,1,14,18,,,,,,,
26147,"Thousand Clowns, A",Comedy|Drama|Romance,1965,5,1,4,6,7,,,,,,,
26150,"Andrei Rublev",Drama|War,1969,4.5,1,7,14,,,,,,,,
26151,"Au Hasard Balthazar",Crime|Drama,1966,3.5,2,7,9,,,,,,,,
26152,"Batman",Action|Adventure|Comedy,1966,3,5,1,4,8,,,,,,,
26158,"Closely Watched Trains",Comedy|Drama|War,1966,4,1,4,7,14,,,,,,,
26159,"Tokyo Drifter",Action|Crime|Drama,1966,3.75,2,7,8,9,,,,,,,
26169,"Branded to Kill",Action|Crime|Drama,1967,5,1,7,8,9,,,,,,,
26171,"Play Time",Comedy,1967,3.16666666666667,3,4,,,,,,,,,
26172,"Point Blank",Action|Crime|Drama|Thriller,1967,3,2,7,8,9,10,,,,,,
26176,"Titicut Follies",Documentary|Drama,1967,2.5,1,7,16,,,,,,,,
26183,"Asterix and Cleopatra",Action|Adventure|Animation|Children|Comedy,1968,4.25,2,1,2,3,4,8,,,,,
26184,"Diamond Arm, The",Action|Adventure|Comedy|Crime|Thriller,1968,3.5,2,1,4,8,9,10,,,,,
26195,"Sympathy for the Devil",Documentary|Musical,1968,3,1,15,16,,,,,,,,
26198,"Yours, Mine and Ours",Children|Comedy,1968,2.75,2,3,4,,,,,,,,
26225,"Claire's Knee",Comedy|Romance,1970,4.5,1,4,6,,,,,,,,
26231,"Performance",Crime|Drama|Thriller,1970,4,1,7,9,10,,,,,,,
26236,"White Sun of the Desert, The",Action|Adventure|Comedy|Drama|Romance|War,1970,4,1,1,4,6,7,8,14,,,,
26237,"Zabriskie Point",Drama|Romance,1970,4,1,6,7,,,,,,,,
26242,"Duel",Action|Mystery|Thriller,1971,3.2,5,8,10,12,,,,,,,
26249,"They Call Me Trinity",Comedy|Western,1971,3.75,2,4,18,,,,,,,,
26258,"Topo, El",Fantasy|Western,1970,3.9,5,5,18,,,,,,,,
26265,"Dr. Phibes Rises Again",Adventure|Comedy|Horror|Romance,1972,4.5,1,1,4,6,11,,,,,,
26283,"Charley Varrick",Crime|Drama|Thriller,1973,3,1,7,9,10,,,,,,,
26285,"Dark Star",Comedy|Sci-Fi|Thriller,1974,2.5,1,4,10,13,,,,,,,
26303,"Sisters",Horror|Thriller,1973,4,1,10,11,,,,,,,,
26308,"Turkish Delight",Drama|Romance,1973,4,1,6,7,,,,,,,,
26313,"California Split",Comedy|Drama,1974,4,1,4,7,,,,,,,,
26317,"Emmanuelle",Drama|Romance,1974,3.5,1,6,7,,,,,,,,
26322,"Gone in 60 Seconds",Action|Crime|Drama,1974,3.125,4,7,8,9,,,,,,,
26326,"Holy Mountain, The",Drama,1973,4.5,2,7,,,,,,,,,
26340,"Twelve Tasks of Asterix, The",Action|Adventure|Animation|Children|Comedy|Fantasy,1976,3.66666666666667,3,1,2,3,4,5,8,,,,
26344,"French Connection II",Action|Crime|Drama|Thriller,1975,3,1,7,8,9,10,,,,,,
26347,"Irony of Fate, or Enjoy Your Bath!",Comedy|Drama|Romance,1975,4,1,4,6,7,,,,,,,
26350,"Passenger, The",Drama,1975,5,1,7,,,,,,,,,
26357,"Trilogy of Terror",Horror|Thriller,1975,4,1,10,11,,,,,,,,
26359,"1900",Drama|War,1976,4.5,1,7,14,,,,,,,,
26365,"Futureworld",Sci-Fi|Thriller,1976,2.5,1,10,13,,,,,,,,
26366,"Harlan County U.S.A.",Documentary,1976,5,1,16,,,,,,,,,
26375,"Silver Streak",Action|Comedy|Crime,1976,3.66666666666667,3,4,8,9,,,,,,,
26386,"High Anxiety",Comedy|Thriller,1977,3.5,1,4,10,,,,,,,,
26391,"New York, New York",Drama|Musical|Romance,1977,2.5,1,6,7,15,,,,,,,
26394,"Turning Point, The",Drama|Romance,1977,4,1,6,7,,,,,,,,
26399,"Five Deadly Venoms",Action,1978,3.5,1,8,,,,,,,,,
26401,"Last Hurrah for Chivalry",Action|Drama,1979,5,1,7,8,,,,,,,,
26409,"Clonus Horror, The",Horror|Sci-Fi,1979,2.75,2,11,13,,,,,,,,
26413,"Snake in the Eagle's Shadow",Action|Comedy,1978,3.25,2,4,8,,,,,,,,
26422,"Hair",Comedy|Drama|Musical,1979,3.16666666666667,3,4,7,15,,,,,,,
26429,"Love at First Bite",Comedy|Horror|Romance,1979,4,1,4,6,11,,,,,,,
26444,"Hitch Hikers Guide to the Galaxy, The",Adventure|Comedy|Sci-Fi,1981,4,2,1,4,13,,,,,,,
26453,"Smiley's People",Drama|Mystery,1982,4,1,7,12,,,,,,,,
26464,"Blue Thunder",Action|Crime|Drama,1983,3,1,7,8,9,,,,,,,
26467,"Day After, The",Drama|Sci-Fi,1983,3,1,7,13,,,,,,,,
26471,"Eddie Murphy Delirious",Comedy|Documentary,1983,4.375,4,4,16,,,,,,,,
26472,"Norte, El",Adventure|Drama,1984,3.5,1,1,7,,,,,,,,
26492,"Twilight Zone: The Movie",Fantasy|Horror|Sci-Fi|Thriller,1983,3,3,5,10,11,13,,,,,,
26498,"Boy Meets Girl",Drama,1984,3,1,7,,,,,,,,,
26504,"Cloak & Dagger",Action|Adventure|Children|Crime|Mystery|Thriller,1984,3.25,2,1,3,8,9,10,12,,,,
26510,"Ewok Adventure, The",Adventure|Children|Fantasy|Sci-Fi,1984,2.25,2,1,3,5,13,,,,,,
26523,"Silent Night, Deadly Night",Horror|Thriller,1984,3.5,1,10,11,,,,,,,,
26524,"Times of Harvey Milk, The",Documentary,1984,4.5,2,16,,,,,,,,,
26527,"What Have I Done to Deserve This?",Comedy|Drama,1984,4,1,4,7,,,,,,,,
26528,"Anne of Green Gables",Children|Drama,1985,4.5,3,3,7,,,,,,,,
26539,"Death of a Salesman",Drama,1985,3,1,7,,,,,,,,,
26542,"Ewoks: The Battle for Endor",Adventure|Children|Fantasy|Sci-Fi,1985,3,2,1,3,5,13,,,,,,
26547,"Police Story",Action|Comedy|Crime|Thriller,1985,4.25,2,4,8,9,10,,,,,,
26554,"Quiet Earth, The",Drama|Mystery|Sci-Fi,1985,4.25,2,7,12,13,,,,,,,
26555,"Spies Like Us",Comedy,1985,2.75,2,4,,,,,,,,,
26562,"White Nights",Drama,1985,3,1,7,,,,,,,,,
26564,"'Round Midnight",Drama|Musical,1986,3.5,2,7,15,,,,,,,,
26567,"Club Paradise",Comedy,1986,2,1,4,,,,,,,,,
26578,"Sacrifice, The",Drama,1986,4.16666666666667,3,7,,,,,,,,,
26585,"Better Tomorrow, A",Crime|Drama|Thriller,1986,3.83333333333333,3,7,9,10,,,,,,,
26587,"Decalogue, The",Crime|Drama|Romance,1989,5,1,6,7,9,,,,,,,
26590,"G.I. Joe: The Movie",Action|Adventure|Animation|Children|Fantasy|Sci-Fi,1987,2,1,1,2,3,5,8,13,,,,
26593,"Hell Comes to Frogtown",Action|Comedy|Sci-Fi,1988,2,1,4,8,13,,,,,,,
26599,"Law of Desire",Comedy|Drama|Romance,1987,4,1,4,6,7,,,,,,,
26603,"Prince of Darkness",Fantasy|Horror|Sci-Fi|Thriller,1987,4.5,1,5,10,11,13,,,,,,
26606,"Chinese Ghost Story, A",Action|Fantasy|Horror|Romance,1987,4.25,2,5,6,8,11,,,,,,
26612,"Better Tomorrow II, A",Crime|Drama|Thriller,1987,4,2,7,9,10,,,,,,,
26614,"Bourne Identity, The",Action|Adventure|Drama|Mystery|Thriller,1988,3.38888888888889,9,1,7,8,10,12,,,,,
26622,"Dominick and Eugene",Drama,1988,3,1,7,,,,,,,,,
26629,"Killer Klowns from Outer Space",Comedy|Horror|Sci-Fi,1988,2,3,4,11,13,,,,,,,
26630,"Moonwalker",Musical,1988,3,1,15,,,,,,,,,
26631,"Alice",Animation|Fantasy|Mystery,1988,3.75,2,2,5,12,,,,,,,
26645,"Life Is a Long Quiet River",Comedy,1988,4,1,4,,,,,,,,,
26649,"Lonesome Dove",Adventure|Drama|Western,1989,3.75,2,1,7,18,,,,,,,
26662,"Kiki's Delivery Service",Adventure|Animation|Children|Drama|Fantasy,1989,4.05882352941176,17,1,2,3,5,7,,,,,
26676,"Almost an Angel",Comedy,1990,2.5,1,4,,,,,,,,,
26680,"Cry-Baby",Comedy|Musical|Romance,1990,3.8,5,4,6,15,,,,,,,
26681,"Bullet in the Head",Action|Drama|War,1990,4,2,7,8,14,,,,,,,
26686,"Ghost Dad",Comedy|Fantasy,1990,1.5,3,4,5,,,,,,,,
26693,"It",Drama|Fantasy|Horror|Mystery|Thriller,1990,4,1,5,7,10,11,12,,,,,
26694,"Ju Dou",Drama,1990,3.5,1,7,,,,,,,,,
26695,"Krays, The",Drama,1990,3.5,1,7,,,,,,,,,
26696,"Lionheart",Action,1990,0.5,1,8,,,,,,,,,
26700,"Nuns on the Run",Comedy|Crime,1990,2.25,2,4,9,,,,,,,,
26701,"Patlabor: The Movie",Action|Animation|Crime|Drama|Film-Noir|Mystery|Sci-Fi|Thriller,1989,3,1,2,7,8,9,10,12,13,19,,
26704,"State of Grace",Crime|Drama|Thriller,1990,4,2,7,9,10,,,,,,,
26712,"35 Up",Documentary,1991,4,3,16,,,,,,,,,
26713,"Days of Being Wild",Drama|Romance,1990,4.5,1,6,7,,,,,,,,
26717,"Begotten",Drama|Horror,1990,0.5,1,7,11,,,,,,,,
26726,"Dutch",Comedy,1991,2.5,1,4,,,,,,,,,
26729,"Hearts of Darkness: A Filmmakers Apocalypse",Documentary,1991,3.8,5,16,,,,,,,,,
26732,"Johnny Stecchino",Comedy,1991,4,1,4,,,,,,,,,
26736,"Riki-Oh: The Story of Ricky",Action|Crime|Thriller,1991,4.5,1,8,9,10,,,,,,,
26741,"Mannequin 2: On the Move",Comedy|Fantasy|Romance,1991,1.5,1,4,5,6,,,,,,,
26743,"Only Yesterday",Animation|Drama,1991,2.5,1,2,7,,,,,,,,
26745,"Other People's Money",Comedy|Drama|Romance,1991,2.5,1,4,6,7,,,,,,,
26750,"Quigley Down Under",Adventure|Drama|Western,1990,3.25,2,1,7,18,,,,,,,
26761,"Prime Suspect 2",Crime|Drama|Mystery|Romance|Thriller,1992,3,1,6,7,9,10,12,,,,,
26764,"Captain America",Action|Fantasy|Sci-Fi|Thriller|War,1990,1.25,2,5,8,10,13,14,,,,,
26765,"City Hunter",Action|Comedy|Romance,1993,2.75,2,4,6,8,,,,,,,
26776,"Porco Rosso",Adventure|Animation|Comedy|Fantasy|Romance,1992,3.89285714285714,14,1,2,4,5,6,,,,,
26777,"Stolen Children",Drama,1992,4,1,7,,,,,,,,,
26778,"Ladybugs",Comedy,1992,3,3,4,,,,,,,,,
26782,"Mambo Kings, The",Drama|Musical,1992,2,1,7,15,,,,,,,,
26791,"Shining Through",Drama|Romance|Thriller|War,1992,1.5,1,6,7,10,14,,,,,,
26792,"Sidekicks",Action|Adventure|Children|Comedy,1992,1.5,2,1,3,4,8,,,,,,
26796,"Heart in Winter, A",Drama|Romance,1992,3.5,1,6,7,,,,,,,,
26797,"Visions of Light: The Art of Cinematography",Documentary,1992,3,1,16,,,,,,,,,
26810,"Bad Boy Bubby",Drama,1993,4.83333333333333,3,7,,,,,,,,,
26812,"Barbarians at the Gate",Drama,1993,2.75,2,7,,,,,,,,,
26819,"Fortress",Action|Sci-Fi,1992,2.5,1,8,13,,,,,,,,
26828,"Mr. Nanny",Action|Children|Comedy,1993,1.5,1,3,4,8,,,,,,,
26838,"Snapper, The",Comedy|Drama,1993,3,1,4,7,,,,,,,,
26840,"Sonatine",Action|Comedy|Crime|Drama,1993,5,1,4,7,8,9,,,,,,
26849,"Stand, The",Adventure|Drama|Fantasy|Horror|Sci-Fi,1994,5,1,1,5,7,11,13,,,,,
26854,"Darkman II: Return of Durant, The",Action|Crime|Horror,1995,2.5,1,8,9,11,,,,,,,
26861,"Freaked",Comedy|Sci-Fi,1993,3.5,1,4,13,,,,,,,,
26865,"Fist of Legend",Action|Drama,1994,3.375,4,7,8,,,,,,,,
26870,"Major League II",Comedy,1994,2.66666666666667,3,4,,,,,,,,,
26871,"My Father the Hero",Comedy|Romance,1994,2.25,2,4,6,,,,,,,,
26875,"Pure Formality, A",Crime|Film-Noir|Mystery|Thriller,1994,4,1,9,10,12,19,,,,,,
26887,"Langoliers, The",Drama|Fantasy|Horror|Mystery|Sci-Fi|Thriller,1995,3,1,5,7,10,11,12,13,,,,
26900,"Last Wedding, The",Comedy|Drama,1995,3,1,4,7,,,,,,,,
26901,"Last of the Dogmen",Adventure|Western,1995,2.5,1,1,18,,,,,,,,
26903,"Whisper of the Heart",Animation|Drama|Romance,1995,3.8,5,2,6,7,,,,,,,
26913,"Street Fighter II: The Animated Movie",Action|Animation,1994,1.5,1,2,8,,,,,,,,
26928,"Summer's Tale, A",Comedy|Drama|Romance,1996,5,1,4,6,7,,,,,,,
26940,"Late Shift, The",Comedy,1996,2.5,1,4,,,,,,,,,
26947,"Pusher",Crime|Thriller,1996,2.5,1,9,10,,,,,,,,
26958,"Emma",Romance,1996,3.5,1,6,,,,,,,,,
26965,"Boxer, The",Drama|Thriller,1997,3.5,2,7,10,,,,,,,,
26974,"Gummo",Drama,1997,3.16666666666667,3,7,,,,,,,,,
26985,"Nirvana",Action|Sci-Fi,1997,4.5,1,8,13,,,,,,,,
26999,"Lion King II: Simba's Pride, The",Adventure|Animation|Children|Musical|Romance,1998,3,2,1,2,3,6,15,,,,,
27002,"From the Earth to the Moon",Action|Documentary|Drama|Thriller,1998,3.5,1,7,8,10,16,,,,,,
27003,"Beowulf",Action|Horror|Sci-Fi,1999,3,1,8,11,13,,,,,,,
27006,"RKO 281",Drama,1999,3.5,1,7,,,,,,,,,
27008,"From Dusk Till Dawn 2: Texas Blood Money",Comedy|Crime|Horror,1999,1,1,4,9,11,,,,,,,
27020,"Gia",Drama|Romance,1998,3.4,5,6,7,,,,,,,,
27022,"Thursday",Action|Crime|Thriller,1998,4,1,8,9,10,,,,,,,
27032,"Who Am I?",Action|Adventure|Comedy|Sci-Fi|Thriller,1998,3.5,2,1,4,8,10,13,,,,,
27036,"Merlin",Action|Adventure|Drama|Fantasy|Romance,1998,3,1,1,5,6,7,8,,,,,
27074,"Brave New World",Sci-Fi,1998,1.5,1,13,,,,,,,,,
27075,"Addams Family Reunion",Children|Comedy|Fantasy,1998,3,1,3,4,5,,,,,,,
27105,"Purgatory",Fantasy|Western,1999,2.5,1,5,18,,,,,,,,
27124,"Bleeder",Drama|Thriller,1999,2,1,7,10,,,,,,,,
27134,"Dark Portals: The Chronicles of Vidocq",Action|Crime|Fantasy,2001,4,1,5,8,9,,,,,,,
27140,"Candyman 3: Day of the Dead",Horror,1999,3,1,11,,,,,,,,,
27155,"Batman/Superman Movie, The",Action|Adventure|Animation|Children|Fantasy|Sci-Fi,1998,2,1,1,2,3,5,8,13,,,,
27156,"Neon Genesis Evangelion: The End of Evangelion",Action|Animation|Drama|Fantasy|Sci-Fi,1997,4.3,5,2,5,7,8,13,,,,,
27176,"Style Wars",Documentary,1983,4.5,1,16,,,,,,,,,
27178,"In July",Comedy|Romance,2000,4,1,4,6,,,,,,,,
27186,"Kirikou and the Sorceress",Adventure|Animation|Children|Fantasy,1998,4,2,1,2,3,5,,,,,,
27193,"Taxi 2",Action|Comedy,2000,3.875,4,4,8,,,,,,,,
27246,"If These Walls Could Talk 2",Drama|Romance,2000,4,1,6,7,,,,,,,,
27251,"10th Kingdom, The",Adventure|Comedy|Fantasy,2000,2.75,2,1,4,5,,,,,,,
27255,"Wind Will Carry Us, The",Drama,1999,3.5,1,7,,,,,,,,,
27266,"2046",Drama|Fantasy|Romance|Sci-Fi,2004,4.07142857142857,7,5,6,7,13,,,,,,
27306,"Bartleby",Comedy|Drama,2001,1.5,1,4,7,,,,,,,,
27311,"Batman Beyond: Return of the Joker",Action|Animation|Crime|Sci-Fi|Thriller,2000,3.5,3,2,8,9,10,13,,,,,
27317,"Audition",Drama|Horror|Mystery|Romance|Thriller,1999,3.75,6,6,7,10,11,12,,,,,
27320,"Nine Lives of Tomas Katz, The",Comedy|Drama|Fantasy,2000,5,1,4,5,7,,,,,,,
27328,"Monday",Action|Comedy|Crime|Fantasy|Thriller,2000,4.5,1,4,5,8,9,10,,,,,
27329,"Paradise Lost 2: Revelations",Documentary,2000,4,1,16,,,,,,,,,
27368,"Asterix & Obelix: Mission Cleopatra",Adventure|Comedy|Fantasy,2002,4,3,1,4,5,,,,,,,
27369,"Daria: Is It Fall Yet?",Animation|Comedy,2000,4,1,2,4,,,,,,,,
27370,"Late Night Shopping",Comedy,2001,4.5,1,4,,,,,,,,,
27373,"61*",Drama,2001,5,1,7,,,,,,,,,
27397,"Joint Security Area",Crime|Drama|Mystery|Thriller|War,2000,4.25,4,7,9,10,12,14,,,,,
27408,"Ripley's Game",Drama|Thriller,2002,3.33333333333333,3,7,10,,,,,,,,
27416,"Jalla! Jalla!",Comedy|Drama|Romance,2000,3.75,2,4,6,7,,,,,,,
27420,"Teknolust",Comedy|Drama|Romance|Sci-Fi,2002,2,1,4,6,7,13,,,,,,
27426,"Accidental Spy, The",Action|Comedy|Thriller,2001,2.5,1,4,8,10,,,,,,,
27434,"Darkness",Horror|Mystery,2002,1.5,3,11,12,,,,,,,,
27441,"Blood: The Last Vampire",Action|Animation|Horror,2000,3.25,2,2,8,11,,,,,,,
27450,"Blueberry",Adventure|Western,2004,2.5,1,1,18,,,,,,,,
27473,"American Psycho II: All American Girl",Comedy|Crime|Horror|Mystery|Thriller,2002,2.5,1,4,9,10,11,12,,,,,
27478,"Ali G Indahouse",Comedy,2002,3,3,4,,,,,,,,,
27480,"Dead or Alive 2: Tôbôsha",Action|Crime|Thriller,2000,4.5,1,8,9,10,,,,,,,
27482,"Cube 2: Hypercube",Horror|Mystery|Sci-Fi,2002,3.75,2,11,12,13,,,,,,,
27491,"Pulse",Horror|Mystery|Thriller,2001,3,1,10,11,12,,,,,,,
27513,"Dog Days",Drama,2001,3,1,7,,,,,,,,,
27523,"My Sassy Girl",Comedy|Romance,2001,5,1,4,6,,,,,,,,
27537,"Nothing",Comedy|Fantasy|Mystery|Sci-Fi,2003,3.5,1,4,5,12,13,,,,,,
27539,"Undertaking Betty",Comedy|Romance,2002,2.5,1,4,6,,,,,,,,
27549,"Dead or Alive: Final",Comedy|Crime|Drama|Sci-Fi|Thriller,2002,1.5,1,4,7,9,10,13,,,,,
27555,"Fubar",Comedy,2002,3.75,2,4,,,,,,,,,
27563,"Happiness of the Katakuris, The",Comedy|Horror|Musical,2001,4.33333333333333,3,4,11,15,,,,,,,
27584,"Dead End",Comedy|Horror|Mystery|Thriller,2003,3.5,2,4,10,11,12,,,,,,
27592,"Sympathy for Mr. Vengeance",Crime|Drama,2002,3.8,5,7,9,,,,,,,,
27595,"Jesus Christ Vampire Hunter",Action|Comedy|Horror|Musical,2001,0.5,1,4,8,11,15,,,,,,
27604,"Suicide Club",Horror|Mystery|Thriller,2001,3.125,4,10,11,12,,,,,,,
27611,"Battlestar Galactica",Drama|Sci-Fi|War,2003,3.81578947368421,19,7,13,14,,,,,,,
27618,"Sound of Thunder, A",Action|Adventure|Drama|Sci-Fi|Thriller,2005,2.75,2,1,7,8,10,13,,,,,
27619,"Lion King 1½, The",Adventure|Animation|Children|Comedy,2004,4.5,2,1,2,3,4,,,,,,
27627,"Oasis",Drama|Romance,2002,4.5,1,6,7,,,,,,,,
27644,"Remember Me",Comedy|Drama|Romance,2003,3.5,1,4,6,7,,,,,,,
27660,"Animatrix, The",Action|Animation|Drama|Sci-Fi,2003,3.7,20,2,7,8,13,,,,,,
27664,"Brown Bunny, The",Drama,2003,3.25,2,7,,,,,,,,,
27667,"Ju-on: The Curse",Horror,2000,3,1,11,,,,,,,,,
27674,"11:14",Comedy|Crime|Drama|Mystery|Thriller,2003,3.75,4,4,7,9,10,12,,,,,
27683,"Tremors 4: The Legend Begins",Action|Comedy|Horror|Sci-Fi|Thriller|Western,2004,2,1,4,8,10,11,13,18,,,,
27685,"Bring It On Again",Comedy,2004,1.75,2,4,,,,,,,,,
27689,"Crimson Rivers 2: Angels of the Apocalypse",Action|Crime|Thriller,2004,2.5,1,8,9,10,,,,,,,
27692,"And Starring Pancho Villa as Himself",Action|Comedy|Drama|War,2003,3.5,1,4,7,8,14,,,,,,
27695,"Nicotina",Action|Comedy|Drama,2003,3,1,4,7,8,,,,,,,
27704,"Battle Royale 2: Requiem",Action|Drama|Thriller|War,2003,5,1,7,8,10,14,,,,,,
27705,"In Hell",Action|Drama|Thriller,2003,1.5,1,7,8,10,,,,,,,
27706,"Lemony Snicket's A Series of Unfortunate Events",Adventure|Children|Comedy|Fantasy,2004,3.16,25,1,3,4,5,,,,,,
27708,"Helen of Troy",Action|Adventure|Drama|Romance,2003,4,1,1,6,7,8,,,,,,
27716,"Green Butchers, The",Comedy|Crime|Drama|Romance,2003,4.5,1,4,6,7,9,,,,,,
27721,"Very Long Engagement, A",Drama|Mystery|Romance|War,2004,3.66666666666667,6,6,7,12,14,,,,,,
27722,"Last Life in the Universe",Drama|Romance,2003,4.16666666666667,3,6,7,,,,,,,,
27728,"Ghost in the Shell 2: Innocence",Action|Animation|Drama|Sci-Fi|Thriller,2004,2.16666666666667,3,2,7,8,10,13,,,,,
27731,"Cat Returns, The",Adventure|Animation|Children|Fantasy,2002,3.75,8,1,2,3,5,,,,,,
27741,"Twilight Samurai, The",Drama|Romance,2002,3.83333333333333,6,6,7,,,,,,,,
27744,"Facing Windows",Drama|Romance,2003,4.5,1,6,7,,,,,,,,
27746,"Ginger Snaps: Unleashed",Horror|Thriller,2004,3,1,10,11,,,,,,,,
27751,"'Salem's Lot",Drama|Horror|Mystery|Thriller,2004,5,1,7,10,11,12,,,,,,
27762,"Comic Book: The Movie",Comedy,2004,2.5,1,4,,,,,,,,,
27768,"Intimate Strangers",Drama,2004,3.75,2,7,,,,,,,,,
27769,"Down to the Bone",Drama,2004,3,1,7,,,,,,,,,
27772,"Ju-on: The Grudge",Horror,2002,2.58333333333333,6,11,,,,,,,,,
27773,"Old Boy",Mystery|Thriller,2003,4.08974358974359,39,10,12,,,,,,,,
27776,"Red Lights",Drama,2004,4.5,1,7,,,,,,,,,
27778,"Ginger Snaps Back: The Beginning",Fantasy|Horror,2004,3,1,5,11,,,,,,,,
27784,"One Missed Call",Horror|Mystery,2003,1.5,1,11,12,,,,,,,,
27788,"Jacket, The",Drama|Mystery|Sci-Fi|Thriller,2005,3,8,7,10,12,13,,,,,,
27790,"Millions",Children|Comedy|Crime|Drama|Fantasy,2004,3.5,4,3,4,5,7,9,,,,,
27793,"Starship Troopers 2: Hero of the Federation",Action|Horror|Sci-Fi|War,2004,1.5,2,8,11,13,14,,,,,,
27801,"Ong-Bak: The Thai Warrior",Action|Thriller,2003,4,12,8,10,,,,,,,,
27802,"Infernal Affairs 2",Action|Crime|Drama|Thriller,2003,3,1,7,8,9,10,,,,,,
27803,"Sea Inside, The",Drama,2004,4,8,7,,,,,,,,,
27808,"Spanglish",Comedy|Drama|Romance,2004,3.36363636363636,11,4,6,7,,,,,,,
27815,"Chorus, The",Drama,2004,3.90909090909091,11,7,,,,,,,,,
27816,"Saints and Soldiers",Action|Adventure|Drama|War,2003,2.5,1,1,7,8,14,,,,,,
27820,"Story of the Weeping Camel, The",Documentary|Drama,2003,4,2,7,16,,,,,,,,
27821,"Interpreter, The",Drama|Thriller,2005,3.25,6,7,10,,,,,,,,
27822,"Open Water",Drama|Thriller,2003,2.7,5,7,10,,,,,,,,
27826,"Touch of Pink",Comedy|Drama|Romance,2004,4,1,4,6,7,,,,,,,
27829,"Slasher",Documentary,2004,3.5,1,16,,,,,,,,,
27830,"Bobby Jones, Stroke of Genius",Drama,2004,2.5,1,7,,,,,,,,,
27831,"Layer Cake",Crime|Drama|Thriller,2004,3.81578947368421,19,7,9,10,,,,,,,
27834,"Return, The",Drama,2003,4.33333333333333,3,7,,,,,,,,,
27837,"Flight of the Phoenix",Action|Adventure,2004,2.875,4,1,8,,,,,,,,
27838,"Mean Creek",Drama|Thriller,2004,3.75,2,7,10,,,,,,,,
27839,"Ring Two, The",Drama|Horror|Mystery|Thriller,2005,2.3,5,7,10,11,12,,,,,,
27846,"Corporation, The",Documentary,2003,3.9,10,16,,,,,,,,,
27850,"Yes Men, The",Documentary,2003,3.75,2,16,,,,,,,,,
27865,"Azumi",Action|Adventure|Drama|Thriller,2003,2.75,2,1,7,8,10,,,,,,
27866,"In My Father's Den",Drama,2004,3.5,1,7,,,,,,,,,
27869,"Tae Guk Gi: The Brotherhood of War",Action|Drama|War,2004,4.5,1,7,8,14,,,,,,,
27873,"Metallica: Some Kind of Monster",Documentary,2004,3.16666666666667,3,16,,,,,,,,,
27878,"Born into Brothels",Documentary,2004,3.875,4,16,,,,,,,,,
27879,"DiG!",Documentary,2004,4.125,4,16,,,,,,,,,
27882,"Riding Giants",Documentary,2004,4,4,16,,,,,,,,,
27899,"What the #$*! Do We Know!?",Comedy|Documentary|Drama,2004,2.75,2,4,7,16,,,,,,,
27904,"Scanner Darkly, A",Animation|Drama|Mystery|Sci-Fi|Thriller,2006,3.61363636363636,22,2,7,10,12,13,,,,,
27905,"Casshern",Action|Drama|Fantasy|Sci-Fi,2004,3.5,1,5,7,8,13,,,,,,
27912,"Outfoxed: Rupert Murdoch's War on Journalism",Documentary,2004,3.3,5,16,,,,,,,,,
30707,"Million Dollar Baby",Drama,2004,3.84615384615385,52,7,,,,,,,,,
30745,"Gozu",Comedy|Crime|Drama|Horror|Mystery,2003,4.75,2,4,7,9,11,12,,,,,
30749,"Hotel Rwanda",Drama|War,2004,3.79166666666667,48,7,14,,,,,,,,
30793,"Charlie and the Chocolate Factory",Adventure|Children|Comedy|Fantasy|IMAX,2005,3,61,1,3,4,5,17,,,,,
30803,"3-Iron",Drama|Romance,2004,4.5,3,6,7,,,,,,,,
30810,"Life Aquatic with Steve Zissou, The",Adventure|Comedy|Fantasy,2004,3.48648648648649,37,1,4,5,,,,,,,
30812,"Aviator, The",Drama,2004,3.52857142857143,35,7,,,,,,,,,
30816,"Phantom of the Opera, The",Drama|Musical|Romance,2004,3.16666666666667,12,6,7,15,,,,,,,
30818,"Beyond the Sea",Drama|Musical,2004,2,1,7,15,,,,,,,,
30820,"Woodsman, The",Drama,2004,3.83333333333333,3,7,,,,,,,,,
30822,"In Good Company",Comedy|Drama,2004,3.45454545454545,11,4,7,,,,,,,,
30825,"Meet the Fockers",Comedy,2004,3.10606060606061,33,4,,,,,,,,,
30846,"Assassination of Richard Nixon, The",Crime|Drama|Thriller,2004,3.5,2,7,9,10,,,,,,,
30848,"Love Song for Bobby Long, A",Drama,2004,3.16666666666667,3,7,,,,,,,,,
30850,"Merchant of Venice, The",Drama,2004,3.75,4,7,,,,,,,,,
30883,"Fat Albert",Comedy|Fantasy,2004,1.5,2,4,5,,,,,,,,
30890,"Keys to the House, The",Drama,2004,3,1,7,,,,,,,,,
30892,"In the Realms of the Unreal",Animation|Documentary,2004,NaN,NaN,2,16,,,,,,,,
30894,"White Noise",Drama|Horror|Mystery|Sci-Fi|Thriller,2005,2.5,8,7,10,11,12,13,,,,,
30898,"Upside of Anger, The",Comedy|Drama|Romance,2005,3.16666666666667,3,4,6,7,,,,,,,
30994,"Little Miss Marker",Comedy|Drama,1980,4,1,4,7,,,,,,,,
31000,"Sweet Liberty",Comedy,1986,2.5,1,4,,,,,,,,,
31030,"I Remember Mama",Children|Drama,1948,4,1,3,7,,,,,,,,
31038,"Smooth Talk",Drama|Romance,1985,4,1,6,7,,,,,,,,
31049,"Out Cold",Comedy|Thriller,1989,2.5,1,4,10,,,,,,,,
31083,"Man Trouble",Comedy|Romance,1992,2,1,4,6,,,,,,,,
31086,"Battles Without Honor & Humanity",Crime|Drama,1973,3.5,1,7,9,,,,,,,,
31101,"Stander",Action|Crime|Drama,2003,3.5,2,7,8,9,,,,,,,
31114,"Imaginary Heroes",Comedy|Drama,2004,3,2,4,7,,,,,,,,
31116,"Sergeant York",Drama|War,1941,3.83333333333333,3,7,14,,,,,,,,
31123,"Ruby & Quentin",Comedy|Crime,2003,2.5,1,4,9,,,,,,,,
31150,"Wizards",Animation|Fantasy|Sci-Fi|War,1977,2,1,2,5,13,14,,,,,,
31162,"Life and Death of Peter Sellers, The",Comedy|Drama,2004,3,1,4,7,,,,,,,,
31184,"Appleseed",Action|Animation|Fantasy|Sci-Fi,2004,3.83333333333333,3,2,5,8,13,,,,,,
31193,"Many Adventures of Winnie the Pooh, The",Animation|Children|Musical,1977,3.5,1,2,3,15,,,,,,,
31221,"Elektra",Action|Adventure|Crime|Drama,2005,2.05,10,1,7,8,9,,,,,,
31223,"Racing Stripes",Children|Comedy,2005,2,1,3,4,,,,,,,,
31225,"Coach Carter",Drama,2005,3.07142857142857,7,7,,,,,,,,,
31260,"Boys Town",Drama,1938,3.5,1,7,,,,,,,,,
31297,"Gold Diggers of 1935",Comedy|Musical,1935,3.5,1,4,15,,,,,,,,
31309,"Rocco and His Brothers",Crime|Drama,1960,3.5,1,7,9,,,,,,,,
31364,"Memories of Murder",Crime|Drama|Mystery|Thriller,2003,4.7,5,7,9,10,12,,,,,,
31367,"Chase, The",Action|Adventure|Comedy|Crime|Romance|Thriller,1994,2,1,1,4,6,8,9,10,,,,
31410,"Downfall",Drama|War,2004,3.875,20,7,14,,,,,,,,
31420,"Assault on Precinct 13",Action|Crime|Drama|Thriller,2005,3.1875,8,7,8,9,10,,,,,,
31422,"Are We There Yet?",Children|Comedy,2005,0.5,1,3,4,,,,,,,,
31424,"Alone in the Dark",Action|Horror|Sci-Fi|Thriller,2005,0.5,1,8,10,11,13,,,,,,
31427,"Hide and Seek",Horror|Mystery|Thriller,2005,2.33333333333333,6,10,11,12,,,,,,,
31431,"Boogeyman",Drama|Horror|Mystery|Thriller,2005,2,2,7,10,11,12,,,,,,
31433,"Wedding Date, The",Comedy|Romance,2005,3.13636363636364,11,4,6,,,,,,,,
31435,"Rory O'Shea Was Here",Drama,2004,4.5,1,7,,,,,,,,,
31437,"Nobody Knows",Drama,2004,4.25,2,7,,,,,,,,,
31445,"Employee of the Month",Comedy|Drama,2004,2.25,2,4,7,,,,,,,,
31522,"Marriage of Maria Braun, The",Drama,1979,5,1,7,,,,,,,,,
31545,"Trou, Le",Crime|Film-Noir,1960,4,1,9,19,,,,,,,,
31553,"Double Dragon",Action|Adventure|Sci-Fi,1994,1,1,1,8,13,,,,,,,
31590,"Hands Off the Loot",Crime|Drama|Thriller,1954,3,1,7,9,10,,,,,,,
31610,"Purple Butterfly",Drama,2003,4,1,7,,,,,,,,,
31617,"El Cid",Action|Adventure|Drama|Romance|War,1961,3,1,1,6,7,8,14,,,,,
31658,"Howl's Moving Castle",Adventure|Animation|Fantasy|Romance,2004,4.075,40,1,2,5,6,,,,,,
31660,"Steamboy",Action|Animation|Drama|Sci-Fi,2004,3,2,2,7,8,13,,,,,,
31664,"Gorgeous",Action|Comedy|Romance,1999,3.5,1,4,6,8,,,,,,,
31685,"Hitch",Comedy|Romance,2005,3.16666666666667,45,4,6,,,,,,,,
31692,"Uncle Nino",Comedy,2003,0.5,1,4,,,,,,,,,
31694,"Bride & Prejudice",Comedy|Musical|Romance,2004,3.25,2,4,6,15,,,,,,,
31696,"Constantine",Action|Fantasy|Horror|Thriller,2005,3.47142857142857,35,5,8,10,11,,,,,,
31698,"Son of the Mask",Adventure|Children|Comedy|Fantasy,2005,1,1,1,3,4,5,,,,,,
31700,"Because of Winn-Dixie",Children|Comedy|Drama,2005,3.16666666666667,3,3,4,7,,,,,,,
31702,"Turtles Can Fly",Drama|War,2004,4,1,7,14,,,,,,,,
31737,"Bunny Lake Is Missing",Mystery|Thriller,1965,3.5,1,10,12,,,,,,,,
31804,"Night Watch",Action|Fantasy|Horror|Mystery|Sci-Fi|Thriller,2004,3.25,4,5,8,10,11,12,13,,,,
31851,"Sons of the Desert",Comedy,1933,3,1,4,,,,,,,,,
31867,"Man of the House",Action|Comedy,2005,3,1,4,8,,,,,,,,
31878,"Kung Fu Hustle",Action|Comedy,2004,3.57894736842105,19,4,8,,,,,,,,
31903,"Zelary",Drama|Romance,2003,4,1,6,7,,,,,,,,
31909,"Dr. Giggles",Comedy|Horror,1992,4,1,4,11,,,,,,,,
31921,"Seven-Per-Cent Solution, The",Adventure|Comedy|Crime|Drama|Mystery|Thriller,1976,2.5,1,1,4,7,9,10,12,,,,
31923,"Three Musketeers, The",Action|Adventure|Comedy,1973,4,3,1,4,8,,,,,,,
31925,"Royal Flash",Adventure|Comedy|Romance,1975,4,1,1,4,6,,,,,,,
31952,"Control",Comedy|Crime|Drama|Mystery,2003,3.5,1,4,7,9,12,,,,,,
31973,"Germany Year Zero",Drama|War,1948,3.5,1,7,14,,,,,,,,
32009,"Tyler Perry's Diary of a Mad Black Woman",Comedy|Drama|Romance,2005,2.66666666666667,3,4,6,7,,,,,,,
32011,"Cursed",Horror|Thriller,2005,2.16666666666667,6,10,11,,,,,,,,
32017,"Pacifier, The",Action|Comedy,2005,2.71428571428571,7,4,8,,,,,,,,
32019,"Be Cool",Comedy|Crime|Musical,2005,2.4375,8,4,9,15,,,,,,,
32022,"Gunner Palace",Documentary|War,2004,3.66666666666667,3,14,16,,,,,,,,
32029,"Hostage",Action|Crime|Drama|Thriller,2005,3.05,10,7,8,9,10,,,,,,
32031,"Robots",Adventure|Animation|Children|Comedy|Fantasy|Sci-Fi|IMAX,2005,3.02631578947368,19,1,2,3,4,5,13,17,,,
32058,"Class Action",Drama,1991,2,1,7,,,,,,,,,
32060,"Cat and the Canary, The",Horror|Mystery,1927,3,1,11,12,,,,,,,,
32116,"Oh, God! You Devil",Comedy,1984,2.5,1,4,,,,,,,,,
32139,"Agony and the Ecstasy, The",Drama,1965,4,1,7,,,,,,,,,
32160,"Twentieth Century",Comedy,1934,NaN,NaN,4,,,,,,,,,
32179,"Elevator to the Gallows",Crime|Drama|Thriller,1958,4,1,7,9,10,,,,,,,
32213,"Cube Zero",Horror|Mystery|Sci-Fi|Thriller,2004,2.66666666666667,3,10,11,12,13,,,,,,
32234,"Julia",Drama,1977,4,1,7,,,,,,,,,
32243,"Stealing Rembrandt",Action|Comedy|Crime,2003,3.5,1,4,8,9,,,,,,,
32289,"Ice Princess",Children|Comedy|Drama,2005,3.375,4,3,4,7,,,,,,,
32291,"Melinda and Melinda",Comedy|Drama,2004,3.1,5,4,7,,,,,,,,
32294,"Milk and Honey",Drama,2003,3.5,1,7,,,,,,,,,
32296,"Miss Congeniality 2: Armed and Fabulous",Adventure|Comedy|Crime,2005,2.25,8,1,4,9,,,,,,,
32298,"Guess Who",Comedy|Romance,2005,2.33333333333333,3,4,6,,,,,,,,
32300,"D.E.B.S.",Action|Comedy,2004,2.83333333333333,3,4,8,,,,,,,,
32302,"League of Ordinary Gentlemen, A",Documentary,2004,4,1,16,,,,,,,,,
32314,"Incident at Loch Ness",Adventure|Comedy|Documentary,2004,3.5,1,1,4,16,,,,,,,
32371,"Call Northside 777",Crime|Drama|Film-Noir,1948,NaN,NaN,7,9,19,,,,,,,
32387,"Sword of Doom, The",Action|Drama,1966,4.25,2,7,8,,,,,,,,
32392,"800 Bullets",Comedy|Crime|Drama|Western,2002,2.5,1,4,7,9,18,,,,,,
32440,"If Looks Could Kill",Action|Comedy,1991,2,1,4,8,,,,,,,,
32442,"Greedy",Comedy,1994,2.5,1,4,,,,,,,,,
32456,"Pom Poko",Animation|Comedy|Drama|Fantasy,1994,4.25,2,2,4,5,7,,,,,,
32460,"Knockin' on Heaven's Door",Action|Comedy|Crime|Drama,1997,4.25,4,4,7,8,9,,,,,,
32469,"We're No Angels",Comedy|Crime|Drama,1955,4.5,1,4,7,9,,,,,,,
32511,"Touch of Zen, A",Action|Adventure,1971,4.5,1,1,8,,,,,,,,
32515,"Walker",Adventure|Drama|War|Western,1987,2.5,1,1,7,14,18,,,,,,
32554,"Memories",Animation|Fantasy|Sci-Fi|Thriller,1995,3.83333333333333,3,2,5,10,13,,,,,,
32582,"Wild Parrots of Telegraph Hill, The",Documentary,2003,4.75,2,16,,,,,,,,,
32584,"Ballad of Jack and Rose, The",Drama,2005,3.125,4,7,,,,,,,,,
32587,"Sin City",Action|Crime|Film-Noir|Mystery|Thriller,2005,3.85714285714286,84,8,9,10,12,19,,,,,
32589,"Beauty Shop",Comedy,2005,2,1,4,,,,,,,,,
32596,"Sahara",Action|Adventure|Comedy,2005,3.07142857142857,7,1,4,8,,,,,,,
32598,"Fever Pitch",Comedy|Romance,2005,2.9375,8,4,6,,,,,,,,
32600,"Eros",Drama,2004,3.5,1,7,,,,,,,,,
32620,"Not on the Lips",Comedy|Musical|Romance,2003,3.5,1,4,6,15,,,,,,,
32632,"Electra Glide in Blue",Action|Crime,1973,3.5,1,8,9,,,,,,,,
32649,"Special Day, A",Drama|War,1977,4,1,7,14,,,,,,,,
32657,"Man Who Planted Trees, The",Animation|Drama,1987,4.25,4,2,7,,,,,,,,
32659,"Tanguy",Comedy,2001,2.5,1,4,,,,,,,,,
32666,"National Lampoon's Lady Killers",Comedy,2003,1,1,4,,,,,,,,,
32728,"Little Girl Who Lives Down the Lane, The",Drama|Mystery|Thriller,1976,4,1,7,10,12,,,,,,,
32743,"Ringu 0: Bâsudei",Drama|Horror|Thriller,2000,3,1,7,10,11,,,,,,,
32770,"Brothers",Drama,2004,4.25,2,7,,,,,,,,,
32799,"Maidens in Uniform",Drama|Romance,1931,3.5,1,6,7,,,,,,,,
32862,"With Six You Get Eggroll",Comedy|Romance,1968,4,1,4,6,,,,,,,,
32875,"Holiday",Comedy,1949,3,1,4,,,,,,,,,
32892,"Ivan's Childhood",Drama|War,1962,2.75,2,7,14,,,,,,,,
32898,"Trip to the Moon, A",Action|Adventure|Fantasy|Sci-Fi,1902,3.5,5,1,5,8,13,,,,,,
32906,"Ascent, The",Drama|War,1977,3.5,1,7,14,,,,,,,,
32914,"Carrie",Drama|Horror|Thriller,2002,3,1,7,10,11,,,,,,,
32917,"Boccaccio '70",Comedy|Fantasy|Romance,1962,4,1,4,5,6,,,,,,,
33004,"Hitchhiker's Guide to the Galaxy, The",Adventure|Comedy|Sci-Fi,2005,3.42045454545455,44,1,4,13,,,,,,,
33085,"Amityville Horror, The",Horror|Thriller,2005,2.25,6,10,11,,,,,,,,
33090,"Mutant Aliens",Animation|Comedy|Sci-Fi,2001,4,2,2,4,13,,,,,,,
33124,"Before the Fall",Drama|War,2004,3.5,1,7,14,,,,,,,,
33126,"Frisco Kid, The",Comedy|Western,1979,2.5,1,4,18,,,,,,,,
33132,"State Property 2",Action|Crime|Drama,2005,1.5,1,7,8,9,,,,,,,
33138,"Palindromes",Adventure|Comedy|Drama,2004,5,1,1,4,7,,,,,,,
33145,"Lot Like Love, A",Comedy|Drama|Romance,2005,3,6,4,6,7,,,,,,,
33148,"King's Ransom",Comedy|Crime,2005,2.5,1,4,9,,,,,,,,
33154,"Enron: The Smartest Guys in the Room",Documentary,2005,4,6,16,,,,,,,,,
33158,"xXx: State of the Union",Action|Crime|Thriller,2005,2,5,8,9,10,,,,,,,
33162,"Kingdom of Heaven",Action|Drama|Romance|War,2005,3.5,17,6,7,8,14,,,,,,
33164,"House of Wax",Horror|Thriller,2005,1.83333333333333,6,10,11,,,,,,,,
33166,"Crash",Crime|Drama,2004,3.89,50,7,9,,,,,,,,
33171,"Mysterious Skin",Drama|Mystery,2004,2,2,7,12,,,,,,,,
33188,"Mischief",Comedy|Romance,1985,2.5,1,4,6,,,,,,,,
33201,"Between Your Legs",Drama|Mystery|Romance|Thriller,1999,4.5,1,6,7,10,12,,,,,,
33237,"San Francisco",Drama|Musical|Romance,1936,4,1,6,7,15,,,,,,,
33294,"Vampire Hunter D",Animation|Fantasy|Horror,1985,2.5,1,2,5,11,,,,,,,
33310,"Common Thread, A",Drama|Romance,2004,4.5,1,6,7,,,,,,,,
33312,"Cocoanuts, The",Comedy|Musical,1929,3.5,1,4,15,,,,,,,,
33421,"Dear Wendy",Drama,2005,3.66666666666667,3,7,,,,,,,,,
33435,"Los Angeles Plays Itself",Documentary,2003,3.5,1,16,,,,,,,,,
33437,"Unleashed",Action|Crime|Drama|Thriller,2005,3.44444444444444,9,7,8,9,10,,,,,,
33493,"Star Wars: Episode III - Revenge of the Sith",Action|Adventure|Sci-Fi,2005,3.42948717948718,78,1,8,13,,,,,,,
33495,"Kicking & Screaming",Comedy,2005,2.64285714285714,7,4,,,,,,,,,
33499,"Monster-in-Law",Comedy|Romance,2005,2.5,4,4,6,,,,,,,,
33558,"Snow Walker, The",Adventure|Drama,2003,3,1,1,7,,,,,,,,
33564,"Divorce - Italian Style",Comedy,1961,4.5,2,4,,,,,,,,,
33615,"Madagascar",Adventure|Animation|Children|Comedy,2005,3.375,40,1,2,3,4,,,,,,
33629,"Airborne",Adventure|Comedy,1993,2.5,1,1,4,,,,,,,,
33639,"Mad Hot Ballroom",Children|Documentary,2005,3.33333333333333,3,3,16,,,,,,,,
33644,"Dominion: Prequel to the Exorcist",Horror|Thriller,2005,2.5,1,10,11,,,,,,,,
33646,"Longest Yard, The",Comedy|Drama,2005,3.11111111111111,9,4,7,,,,,,,,
33649,"Saving Face",Comedy|Drama|Romance,2004,5,1,4,6,7,,,,,,,
33660,"Cinderella Man",Drama|Romance,2005,4.08823529411765,17,6,7,,,,,,,,
33669,"Sisterhood of the Traveling Pants, The",Adventure|Comedy|Drama,2005,3.07142857142857,7,1,4,7,,,,,,,
33672,"Lords of Dogtown",Action|Comedy|Drama,2005,3,7,4,7,8,,,,,,,
33677,"Rock School",Documentary,2005,3.5,3,16,,,,,,,,,
33679,"Mr. & Mrs. Smith",Action|Adventure|Comedy|Romance,2005,3.27966101694915,59,1,4,6,8,,,,,,
33681,"Adventures of Sharkboy and Lavagirl 3-D, The",Action|Adventure|Children|Fantasy,2005,1.75,2,1,3,5,8,,,,,,
33683,"High Tension",Horror|Thriller,2003,3.75,2,10,11,,,,,,,,
33725,"It's All Gone Pete Tong",Comedy|Drama|Musical,2004,3.16666666666667,3,4,7,15,,,,,,,
33779,"Eddie Izzard: Dress to Kill",Comedy,1999,4.5,2,4,,,,,,,,,
33781,"Quo Vadis",Drama|Romance,1951,3,2,6,7,,,,,,,,
33794,"Batman Begins",Action|Crime|IMAX,2005,3.86206896551724,116,8,9,17,,,,,,,
33801,"Godzilla: Final Wars",Action|Adventure|Fantasy|Sci-Fi,2004,3,1,1,5,8,13,,,,,,
33815,"Perfect Man, The",Comedy|Drama|Romance,2005,3,2,4,6,7,,,,,,,
33826,"Saint Ralph",Comedy|Drama,2004,2.5,1,4,7,,,,,,,,
33830,"Herbie: Fully Loaded",Adventure|Comedy|Romance,2005,3.16666666666667,3,1,4,6,,,,,,,
33834,"Land of the Dead",Action|Horror|Thriller,2005,3.125,4,8,10,11,,,,,,,
33836,"Bewitched",Comedy|Fantasy|Romance,2005,2.26923076923077,13,4,5,6,,,,,,,
33838,"Rize",Documentary,2005,3.5,1,16,,,,,,,,,
33880,"Me and You and Everyone We Know",Comedy|Drama,2005,3.75,4,4,7,,,,,,,,
33893,"Perfect Crime, The",Comedy|Crime|Thriller,2004,4.5,1,4,9,10,,,,,,,
33896,"3 Extremes",Horror,2004,3.33333333333333,3,11,,,,,,,,,
33903,"Edukators, The",Comedy|Crime|Drama|Romance,2004,4,5,4,6,7,9,,,,,,
33966,"Cop and ½",Comedy,1993,1.5,1,4,,,,,,,,,
34018,"At the Circus",Comedy|Musical,1939,3,1,4,15,,,,,,,,
34048,"War of the Worlds",Action|Adventure|Sci-Fi|Thriller,2005,3.15,50,1,8,10,13,,,,,,
34072,"March of the Penguins",Documentary,2005,3.55555555555556,18,16,,,,,,,,,
34129,"Rebound",Comedy,2005,3,1,4,,,,,,,,,
34143,"Dark Water",Drama|Horror|Thriller,2005,2,3,7,10,11,,,,,,,
34148,"Beat That My Heart Skipped, The",Drama,2005,3,2,7,,,,,,,,,
34150,"Fantastic Four",Action|Adventure|Sci-Fi,2005,2.76388888888889,36,1,8,13,,,,,,,
34153,"Murderball",Documentary,2005,3.83333333333333,3,16,,,,,,,,,
34162,"Wedding Crashers",Comedy|Romance,2005,3.50862068965517,58,4,6,,,,,,,,
34164,"Happy Endings",Comedy|Drama,2005,3.5,1,4,7,,,,,,,,
34271,"Hustle & Flow",Crime|Drama,2005,3.75,4,7,9,,,,,,,,
34292,"Hardware",Action|Horror|Sci-Fi,1990,1.5,1,8,11,13,,,,,,,
34312,"Calcium Kid, The",Comedy,2004,5,1,4,,,,,,,,,
34319,"Island, The",Action|Sci-Fi|Thriller,2005,3.35483870967742,31,8,10,13,,,,,,,
34321,"Bad News Bears",Children|Comedy,2005,3,3,3,4,,,,,,,,
34323,"Devil's Rejects, The",Action|Crime|Horror,2005,3.71428571428571,7,8,9,11,,,,,,,
34326,"Last Days",Drama,2005,3,2,7,,,,,,,,,
34330,"November",Drama|Mystery,2004,3,1,7,12,,,,,,,,
34332,"Sky High",Action|Adventure|Children|Comedy,2005,2.91666666666667,6,1,3,4,8,,,,,,
34334,"Stealth",Action|Adventure|Sci-Fi|Thriller,2005,2.5,5,1,8,10,13,,,,,,
34336,"Must Love Dogs",Comedy|Romance,2005,2,4,4,6,,,,,,,,
34338,"Aristocrats, The",Comedy|Documentary,2005,3.35,10,4,16,,,,,,,,
34359,"Georgy Girl",Comedy,1966,4,1,4,,,,,,,,,
34397,"Order, The",Action|Adventure|Drama|Thriller,2001,3,1,1,7,8,10,,,,,,
34405,"Serenity",Action|Adventure|Sci-Fi,2005,3.94,50,1,8,13,,,,,,,
34437,"Broken Flowers",Comedy|Drama,2005,3.47619047619048,21,4,7,,,,,,,,
34450,"Miracles - Mr. Canton and Lady Rose",Action|Comedy|Crime|Drama,1989,4.5,1,4,7,8,9,,,,,,
34482,"Browning Version, The",Drama,1951,NaN,NaN,7,,,,,,,,,
34520,"Dukes of Hazzard, The",Action|Adventure|Comedy,2005,2.08333333333333,12,1,4,8,,,,,,,
34523,"The Chumscrubber",Comedy|Drama,2005,2,3,4,7,,,,,,,,
34528,"Junebug",Comedy|Drama,2005,3.66666666666667,3,4,7,,,,,,,,
34530,"Deuce Bigalow: European Gigolo",Comedy,2005,2.83333333333333,3,4,,,,,,,,,
34532,"Skeleton Key, The",Drama|Horror|Mystery|Thriller,2005,3,4,7,10,11,12,,,,,,
34534,"Four Brothers",Action|Crime|Drama,2005,3.57142857142857,7,7,8,9,,,,,,,
34536,"The Great Raid",Action|Drama|War,2005,3.16666666666667,3,7,8,14,,,,,,,
34540,"Pretty Persuasion",Comedy|Drama,2005,3,1,4,7,,,,,,,,
34542,"Grizzly Man",Documentary,2005,3.7,5,16,,,,,,,,,
34800,"Private Resort",Comedy,1985,1.5,1,4,,,,,,,,,
34811,"Pusher II: With Blood on My Hands",Action|Crime|Drama|Thriller,2004,2.5,1,7,8,9,10,,,,,,
35015,"Duma",Adventure|Drama,2005,3.5,1,1,7,,,,,,,,
35347,"Animal Farm",Animation|Drama,1954,1,1,2,7,,,,,,,,
35807,"Teahouse of the August Moon, The",Comedy,1956,4,1,4,,,,,,,,,
35836,"40-Year-Old Virgin, The",Comedy|Romance,2005,3.5472972972973,74,4,6,,,,,,,,
35957,"Red Eye",Horror|Thriller,2005,3.38888888888889,9,10,11,,,,,,,,
36276,"Hidden",Drama|Mystery|Thriller,2005,2.5,2,7,10,12,,,,,,,
36289,"Asterix & Obelix vs. Caesar",Adventure|Children|Comedy|Fantasy,1999,4,1,1,3,4,5,,,,,,
36363,"Kin-Dza-Dza!",Comedy|Drama|Sci-Fi,1986,3.75,2,4,7,13,,,,,,,
36397,"Valiant",Adventure|Animation|Children|Comedy|Fantasy|War,2005,1.5,1,1,2,3,4,5,14,,,,
36401,"Brothers Grimm, The",Comedy|Fantasy|Horror|Thriller,2005,2.625,20,4,5,10,11,,,,,,
36477,"Baxter, The",Comedy|Drama|Romance,2005,4,1,4,6,7,,,,,,,
36509,"Cave, The",Action|Adventure|Horror|Mystery|Sci-Fi|Thriller,2005,2.66666666666667,3,1,8,10,11,12,13,,,,
36517,"Constant Gardener, The",Drama|Thriller,2005,3.46153846153846,13,7,10,,,,,,,,
36519,"Transporter 2",Action|Crime|Thriller,2005,3.21875,16,8,9,10,,,,,,,
36525,"Just Like Heaven",Comedy|Fantasy|Romance,2005,2.6875,8,4,5,6,,,,,,,
36527,"Proof",Drama,2005,3.57142857142857,7,7,,,,,,,,,
36529,"Lord of War",Action|Crime|Drama|Thriller|War,2005,3.71428571428571,35,7,8,9,10,14,,,,,
36533,"Cry_Wolf",Drama|Horror|Mystery|Thriller,2005,2.25,2,7,10,11,12,,,,,,
36535,"Everything Is Illuminated",Comedy|Drama,2005,3.77777777777778,9,4,7,,,,,,,,
36537,"Thumbsucker",Comedy|Drama,2005,3.33333333333333,3,4,7,,,,,,,,
36708,"Family Guy Presents Stewie Griffin: The Untold Story",Adventure|Animation|Comedy,2005,3.70833333333333,12,1,2,4,,,,,,,
36850,"Police Story 2",Action|Comedy|Crime|Thriller,1988,3.75,2,4,8,9,10,,,,,,
36931,"New Police Story",Action|Crime|Drama,2004,3.5,1,7,8,9,,,,,,,
37211,"Go West",Comedy|Musical|Western,1940,3,1,4,15,18,,,,,,,
37240,"Why We Fight",Documentary,2005,3.5,4,16,,,,,,,,,
37380,"Doom",Action|Horror|Sci-Fi,2005,2.15,10,8,11,13,,,,,,,
37382,"Domino",Crime|Drama|Thriller,2005,2.875,8,7,9,10,,,,,,,
37384,"Waiting...",Comedy,2005,3.26923076923077,13,4,,,,,,,,,
37386,"Aeon Flux",Action|Sci-Fi,2005,2.76190476190476,21,8,13,,,,,,,,
37444,"Frankenstein 90",Comedy|Horror|Romance,1984,4,1,4,6,11,,,,,,,
37475,"Unfinished Life, An",Drama,2005,3,1,7,,,,,,,,,
37477,"Man, The",Action|Comedy|Crime,2005,2.5,1,4,8,9,,,,,,,
37495,"Survive Style 5+",Fantasy|Mystery|Romance|Thriller,2004,3.5,1,5,6,10,12,,,,,,
37545,"Woyzeck",Drama,1979,3.25,2,7,,,,,,,,,
37720,"Exorcism of Emily Rose, The",Crime|Drama|Horror|Thriller,2005,2.91666666666667,6,7,9,10,11,,,,,,
37727,"Flightplan",Action|Drama|Thriller,2005,2.86363636363636,11,7,8,10,,,,,,,
37729,"Corpse Bride",Animation|Comedy|Fantasy|Musical|Romance,2005,3.53409090909091,44,2,4,5,6,15,,,,,
37731,"Green Street Hooligans",Crime|Drama,2005,3.72222222222222,9,7,9,,,,,,,,
37733,"History of Violence, A",Action|Crime|Drama|Thriller,2005,3.5,27,7,8,9,10,,,,,,
37736,"Oliver Twist",Drama,2005,3.5,3,7,,,,,,,,,
37739,"Greatest Game Ever Played, The",Drama,2005,3.3,5,7,,,,,,,,,
37741,"Capote",Crime|Drama,2005,3.8695652173913,23,7,9,,,,,,,,
37830,"Final Fantasy VII: Advent Children",Action|Adventure|Animation|Fantasy|Sci-Fi,2004,3.55,10,1,2,5,8,13,,,,,
37844,"Roll Bounce",Comedy|Drama|Romance,2005,2,1,4,6,7,,,,,,,
37853,"Into the Blue",Action|Adventure|Crime|Thriller,2005,2.5,2,1,8,9,10,,,,,,
37857,"MirrorMask",Adventure|Children|Drama|Fantasy,2005,3.61111111111111,9,1,3,5,7,,,,,,
38038,"Wallace & Gromit in The Curse of the Were-Rabbit",Adventure|Animation|Children|Comedy,2005,3.63333333333333,30,1,2,3,4,,,,,,
38061,"Kiss Kiss Bang Bang",Comedy|Crime|Mystery|Thriller,2005,4.07142857142857,35,4,9,10,12,,,,,,
38095,"Bittersweet Life, A",Action|Crime|Drama,2005,4.16666666666667,3,7,8,9,,,,,,,
38159,"Short Film About Love, A",Drama|Romance,1988,4.5,1,6,7,,,,,,,,
38164,"All This, and Heaven Too",Drama|Romance,1940,4,1,6,7,,,,,,,,
38198,"Darwin's Nightmare",Documentary,2004,4,1,16,,,,,,,,,
38294,"Beowulf & Grendel",Action|Adventure|Drama|Fantasy,2005,2.5,1,1,5,7,8,,,,,,
38304,"No Direction Home: Bob Dylan",Documentary,2005,4.625,4,16,,,,,,,,,
38388,"Goal! The Dream Begins",Drama,2005,4.25,2,7,,,,,,,,,
38583,"Wraith, The",Action|Horror|Sci-Fi|Thriller,1986,2.5,1,8,10,11,13,,,,,,
38798,"In Her Shoes",Comedy|Drama,2005,3.125,4,4,7,,,,,,,,
38886,"Squid and the Whale, The",Comedy|Drama,2005,3.44444444444444,9,4,7,,,,,,,,
38992,"Two for the Money",Drama,2005,3.5,1,7,,,,,,,,,
39183,"Brokeback Mountain",Drama|Romance,2005,3.55882352941176,34,6,7,,,,,,,,
39231,"Elizabethtown",Comedy|Drama|Romance,2005,3.5,4,4,6,7,,,,,,,
39234,"North Country",Drama,2005,3.5,4,7,,,,,,,,,
39292,"Good Night, and Good Luck.",Crime|Drama,2005,3.775,20,7,9,,,,,,,,
39307,"Dreamer: Inspired by a True Story",Children|Drama,2005,2.5,1,3,7,,,,,,,,
39381,"Proposition, The",Crime|Drama|Western,2005,3.5625,8,7,9,18,,,,,,,
39400,"Fog, The",Action|Horror|Mystery|Thriller,2005,2.1,5,8,10,11,12,,,,,,
39414,"Shopgirl",Comedy|Drama|Romance,2005,3,7,4,6,7,,,,,,,
39427,"Stay",Thriller,2005,3,4,10,,,,,,,,,
39435,"Legend of Zorro, The",Action|Adventure|Drama|Western,2005,2.9,5,1,7,8,18,,,,,,
39444,"Weather Man, The",Comedy|Drama,2005,3.38888888888889,9,4,7,,,,,,,,
39446,"Saw II",Horror|Thriller,2005,2.80769230769231,13,10,11,,,,,,,,
39449,"Prime",Comedy|Drama|Romance,2005,2.6,5,4,6,7,,,,,,,
39516,"Don't Move",Drama,2004,4.5,1,7,,,,,,,,,
39715,"American Pie Presents: Band Camp",Comedy,2005,2.14285714285714,7,4,,,,,,,,,
39801,"Great Yokai War, The",Adventure|Comedy|Fantasy|Horror,2005,2.75,2,1,4,5,11,,,,,,
39869,"Manderlay",Drama,2005,4.125,4,7,,,,,,,,,
40148,"Revolver",Crime|Drama|Thriller,2005,3.35714285714286,7,7,9,10,,,,,,,
40278,"Jarhead",Action|Drama|War,2005,3.67647058823529,17,7,8,14,,,,,,,
40339,"Chicken Little",Action|Adventure|Animation|Children|Comedy|Sci-Fi,2005,2.28571428571429,7,1,2,3,4,8,13,,,,
40412,"Dead Man's Shoes",Crime|Thriller,2004,4.75,2,9,10,,,,,,,,
40414,"Joyeux Noël",Drama|War,2005,3.7,5,7,14,,,,,,,,
40478,"Night of the Lepus",Horror|Sci-Fi|Thriller,1972,2.5,1,10,11,13,,,,,,,
40491,"Match Factory Girl, The",Comedy|Drama,1990,5,1,4,7,,,,,,,,
40578,"Sword of the Beast",Action|Drama,1965,3,1,7,8,,,,,,,,
40581,"Just Friends",Comedy|Romance,2005,2.91666666666667,6,4,6,,,,,,,,
40583,"Syriana",Drama|Thriller,2005,3.53125,16,7,10,,,,,,,,
40597,"One-Way Ticket to Mombasa",Comedy|Drama,2002,2,1,4,7,,,,,,,,
40614,"Derailed",Drama|Thriller,2005,3.25,4,7,10,,,,,,,,
40617,"Creep",Horror|Thriller,2004,3,1,10,11,,,,,,,,
40629,"Pride & Prejudice",Drama|Romance,2005,3.55555555555556,27,6,7,,,,,,,,
40697,"Babylon 5",Sci-Fi,NaN,2.25,2,13,,,,,,,,,
40723,"Wolf Creek",Crime|Horror|Thriller,2005,3.25,4,9,10,11,,,,,,,
40732,"Descent, The",Adventure|Drama|Horror|Thriller,2005,3.54545454545455,11,1,7,10,11,,,,,,
40815,"Harry Potter and the Goblet of Fire",Adventure|Fantasy|Thriller|IMAX,2005,3.8169014084507,71,1,5,10,17,,,,,,
40819,"Walk the Line",Drama|Musical|Romance,2005,3.75641025641026,39,6,7,15,,,,,,,
40826,"Rent",Drama|Musical|Romance,2005,3.15,10,6,7,15,,,,,,,
40851,"Zathura",Action|Adventure|Children|Fantasy,2005,3.375,4,1,3,5,8,,,,,,
40870,"C.R.A.Z.Y.",Drama,2005,3.5,2,7,,,,,,,,,
40946,"Sarah Silverman: Jesus Is Magic",Comedy|Musical,2005,2,2,4,15,,,,,,,,
40955,"Breakfast on Pluto",Comedy|Drama,2005,3.875,4,4,7,,,,,,,,
40959,"Ice Harvest, The",Action|Comedy|Crime|Thriller,2005,3.66666666666667,3,4,8,9,10,,,,,,
40962,"Yours, Mine and Ours",Comedy|Romance,2005,3.33333333333333,3,4,6,,,,,,,,
40966,"Libertine, The",Drama,2004,3.5,1,7,,,,,,,,,
41014,"Bird with the Crystal Plumage, The",Crime|Horror|Mystery|Thriller,1970,4,1,9,10,11,12,,,,,,
41285,"Match Point",Crime|Drama|Romance,2005,3.44117647058824,17,6,7,9,,,,,,,
41527,"Paradise Now",Crime|Drama|Thriller|War,2005,4,2,7,9,10,14,,,,,,
41566,"Chronicles of Narnia: The Lion, the Witch and the Wardrobe, The",Adventure|Children|Fantasy,2005,3.44354838709677,62,1,3,5,,,,,,,
41569,"King Kong",Action|Adventure|Drama|Fantasy|Thriller,2005,3.4,40,1,5,7,8,10,,,,,
41571,"Memoirs of a Geisha",Drama|Romance,2005,3.58333333333333,12,6,7,,,,,,,,
41573,"Family Stone, The",Comedy|Drama|Romance,2005,2.875,8,4,6,7,,,,,,,
41617,"Havoc",Crime|Drama|Romance,2005,2.75,2,6,7,9,,,,,,,
41627,"Samurai Rebellion",Action|Drama,1967,3.5,1,7,8,,,,,,,,
41712,"Room for Romeo Brass, A",Comedy|Drama,1999,4,1,4,7,,,,,,,,
41716,"Matador, The",Comedy|Drama|Thriller,2005,3.21428571428571,7,4,7,10,,,,,,,
41724,"Wal-Mart: The High Cost of Low Price",Documentary,2005,4.5,1,16,,,,,,,,,
41769,"Mozart and the Whale",Comedy|Drama|Romance,2005,2.5,1,4,6,7,,,,,,,
41828,"Don't Look Now: We're Being Shot At",Comedy|War,1966,4.5,1,4,14,,,,,,,,
41863,"Three Burials of Melquiades Estrada, The",Adventure|Crime|Drama,2006,4,5,1,7,9,,,,,,,
41997,"Munich",Action|Crime|Drama|Thriller,2005,3.80952380952381,21,7,8,9,10,,,,,,
42002,"Producers, The",Comedy|Musical,2005,3.38888888888889,9,4,15,,,,,,,,
42004,"Transamerica",Adventure|Comedy|Drama,2005,3.5,6,1,4,7,,,,,,,
42007,"Rumor Has It...",Comedy|Drama|Romance,2005,2.83333333333333,3,4,6,7,,,,,,,
42009,"Cheaper by the Dozen 2",Adventure|Comedy,2005,1.875,4,1,4,,,,,,,,
42011,"Fun with Dick and Jane",Comedy|Crime,2005,2.18181818181818,11,4,9,,,,,,,,
42013,"Ringer, The",Comedy,2005,2.75,4,4,,,,,,,,,
42015,"Casanova",Action|Adventure|Comedy|Drama|Romance,2005,3,3,1,4,6,7,8,,,,,
42018,"Mrs. Henderson Presents",Comedy|Drama,2005,2,2,4,7,,,,,,,,
42176,"Ear, The",Drama|Thriller,1970,4,1,7,10,,,,,,,,
42191,"Luxo Jr.",Animation|Children,1986,3.75,2,2,3,,,,,,,,
42285,"Dentist, The",Horror|Thriller,1996,3,1,10,11,,,,,,,,
42418,"New World, The",Adventure|Drama|Romance,2005,3.2,5,1,6,7,,,,,,,
42422,"Voices of a Distant Star",Animation|Drama|Romance|Sci-Fi,2003,4.5,1,2,6,7,13,,,,,,
42556,"7 Faces of Dr. Lao",Fantasy|Mystery|Western,1964,5,1,5,12,18,,,,,,,
42559,"Samurai Assassin",Action|Adventure|Drama,1965,3,1,1,7,8,,,,,,,
42602,"Boys of Baraka, The",Documentary,2005,3.5,1,16,,,,,,,,,
42632,"Lady Vengeance",Crime|Drama|Mystery|Thriller,2005,4,5,7,9,10,12,,,,,,
42638,"Grand Theft Parsons",Comedy|Drama,2003,2.5,1,4,7,,,,,,,,
42718,"District 13",Action|Crime|Sci-Fi,2004,3.8,5,8,9,13,,,,,,,
42723,"Hostel",Horror,2005,2.86363636363636,11,11,,,,,,,,,
42725,"Grandma's Boy",Comedy,2006,2.57142857142857,7,4,,,,,,,,,
42728,"Tristan & Isolde",Drama|Romance,2006,3.6,5,6,7,,,,,,,,
42730,"Glory Road",Drama,2006,3.75,2,7,,,,,,,,,
42732,"Last Holiday",Comedy,2006,3.5,3,4,,,,,,,,,
42734,"Hoodwinked!",Animation|Children|Comedy,2005,3.25,4,2,3,4,,,,,,,
42738,"Underworld: Evolution",Action|Fantasy|Horror,2006,3.09375,16,5,8,11,,,,,,,
42740,"Looking for Comedy in the Muslim World",Comedy,2005,3.5,1,4,,,,,,,,,
42761,"Casper Meets Wendy",Adventure|Children|Comedy|Fantasy,1998,4.5,1,1,3,4,5,,,,,,
42943,"Revolution",Adventure|Drama|War,1985,2.5,1,1,7,14,,,,,,,
42946,"Project A",Action|Comedy,1983,4,2,4,8,,,,,,,,
43289,"Bird People in China, The",Adventure|Comedy|Drama|Fantasy,1998,4,1,1,4,5,7,,,,,,
43333,"Water",Drama|Romance,2005,3.5,1,6,7,,,,,,,,
43376,"Sophie Scholl: The Final Days",Drama|War,2005,4.625,4,7,14,,,,,,,,
43396,"World's Fastest Indian, The",Drama,2005,3.78571428571429,7,7,,,,,,,,,
43419,"Bandidas",Action|Comedy|Crime|Western,2006,1,1,4,8,9,18,,,,,,
43460,"Tristram Shandy: A Cock and Bull Story",Comedy|Drama,2005,3.33333333333333,3,4,7,,,,,,,,
43549,"Helter Skelter",Action|Crime|Drama|Horror,2004,3.5,1,7,8,9,11,,,,,,
43556,"Annapolis",Drama,2006,2.75,2,7,,,,,,,,,
43558,"Big Momma's House 2",Action|Comedy|Crime,2006,2,1,4,8,9,,,,,,,
43560,"Nanny McPhee",Children|Comedy|Fantasy,2005,3.16666666666667,6,3,4,5,,,,,,,
43677,"Tuskegee Airmen, The",Drama|War,1995,2,1,7,14,,,,,,,,
43679,"Final Destination 3",Horror|Mystery|Thriller,2006,2.83333333333333,9,10,11,12,,,,,,,
43684,"Something New",Comedy|Drama|Romance,2006,4.5,1,4,6,7,,,,,,,
43708,"Block Party",Comedy|Documentary,2005,3.16666666666667,3,4,16,,,,,,,,
43744,"Imagine Me & You",Comedy|Drama|Romance,2005,3.5,1,4,6,7,,,,,,,
43836,"Pink Panther, The",Adventure|Comedy|Crime,2006,2.85714285714286,7,1,4,9,,,,,,,
43869,"Curious George",Adventure|Animation|Children|Comedy,2006,3.5,2,1,2,3,4,,,,,,
43871,"Firewall",Crime|Drama|Thriller,2006,2.75,8,7,9,10,,,,,,,
43904,"When a Stranger Calls",Horror|Thriller,2006,1.3,5,10,11,,,,,,,,
43908,"London",Drama,2005,3,1,7,,,,,,,,,
43912,"Freedomland",Crime|Drama,2006,2,1,7,9,,,,,,,,
43914,"Winter Passing",Drama,2005,4,1,7,,,,,,,,,
43917,"Eight Below",Action|Adventure|Drama|Romance,2006,3,4,1,6,7,8,,,,,,
43919,"Date Movie",Comedy|Romance,2006,0.833333333333333,3,4,6,,,,,,,,
43921,"Running Scared",Action|Crime|Thriller,2006,3.3,5,8,9,10,,,,,,,
43928,"Ultraviolet",Action|Fantasy|Sci-Fi|Thriller,2006,1.92307692307692,13,5,8,10,13,,,,,,
43930,"Just My Luck",Comedy|Romance,2006,3,1,4,6,,,,,,,,
43932,"Pulse",Action|Drama|Fantasy|Horror|Mystery|Sci-Fi|Thriller,2006,1.75,2,5,7,8,10,11,12,13,,,
43936,"16 Blocks",Crime|Thriller,2006,3,9,9,10,,,,,,,,
44004,"Failure to Launch",Comedy|Romance,2006,3.25,6,4,6,,,,,,,,
44020,"Ultimate Avengers",Action|Animation|Children|Sci-Fi,2006,2.75,2,2,3,8,13,,,,,,
44022,"Ice Age 2: The Meltdown",Adventure|Animation|Children|Comedy,2006,3.21739130434783,23,1,2,3,4,,,,,,
44189,"Ask the Dust",Drama|Romance,2006,4,1,6,7,,,,,,,,
44191,"V for Vendetta",Action|Sci-Fi|Thriller|IMAX,2006,3.885,100,8,10,13,17,,,,,,
44193,"She's the Man",Comedy|Romance,2006,3.75,6,4,6,,,,,,,,
44195,"Thank You for Smoking",Comedy|Drama,2006,4.02777777777778,36,4,7,,,,,,,,
44197,"Find Me Guilty",Comedy|Crime|Drama,2006,3,1,4,7,9,,,,,,,
44199,"Inside Man",Crime|Drama|Thriller,2006,3.8,40,7,9,10,,,,,,,
44204,"Tsotsi",Crime|Drama,2005,3.25,4,7,9,,,,,,,,
44225,"Aquamarine",Children|Comedy|Fantasy,2006,2,2,3,4,5,,,,,,,
44238,"Leprechaun 2",Comedy|Fantasy|Horror,1994,2.5,1,4,5,11,,,,,,,
44241,"Leprechaun 3",Comedy|Fantasy|Horror,1995,2,1,4,5,11,,,,,,,
44243,"Leprechaun 4: In Space",Comedy|Fantasy|Horror|Sci-Fi,1997,0.5,1,4,5,11,13,,,,,,
44301,"Lights in the Dusk",Crime|Drama,2006,3.5,1,7,9,,,,,,,,
44397,"Hills Have Eyes, The",Drama|Horror|Thriller,2006,3.08333333333333,6,7,10,11,,,,,,,
44399,"Shaggy Dog, The",Adventure|Children|Comedy|Fantasy,2006,1.25,2,1,3,4,5,,,,,,
44511,"Unknown White Male",Documentary,2005,3.5,1,16,,,,,,,,,
44555,"Lives of Others, The",Drama|Romance|Thriller,2006,4.11764705882353,34,6,7,10,,,,,,,
44597,"Youth of the Beast",Action|Crime|Mystery,1963,4,1,8,9,12,,,,,,,
44613,"Take the Lead",Drama,2006,3.75,2,7,,,,,,,,,
44633,"Devil and Daniel Johnston, The",Documentary,2005,4.5,1,16,,,,,,,,,
44657,"Mouchette",Drama,1967,3,1,7,,,,,,,,,
44665,"Lucky Number Slevin",Crime|Drama|Mystery,2006,3.85526315789474,38,7,9,12,,,,,,,
44694,"Volver",Comedy|Drama,2006,3.8125,8,4,7,,,,,,,,
44709,"Akeelah and the Bee",Drama,2006,3.8,5,7,,,,,,,,,
44719,"Brainstorm",Drama,2001,2.5,1,7,,,,,,,,,
44731,"Stay Alive",Horror|Sci-Fi|Thriller,2006,1.33333333333333,3,10,11,13,,,,,,,
44759,"Basic Instinct 2",Crime|Drama|Mystery|Thriller,2006,2.16666666666667,3,7,9,10,12,,,,,,
44761,"Brick",Crime|Drama|Film-Noir|Mystery,2005,3.875,12,7,9,12,19,,,,,,
44773,"Dead Hate the Living!, The",Comedy|Horror,2000,3,1,4,11,,,,,,,,
44777,"Evil Aliens",Comedy|Horror|Sci-Fi,2005,4.5,1,4,11,13,,,,,,,
44788,"This Film Is Not Yet Rated",Documentary,2006,3.5,6,16,,,,,,,,,
44828,"Slither",Comedy|Horror|Sci-Fi,2006,3,5,4,11,13,,,,,,,
44840,"Benchwarmers, The",Comedy,2006,2.77272727272727,11,4,,,,,,,,,
44849,"Renaissance",Action|Animation|Film-Noir|Sci-Fi|Thriller,2006,2.5,1,2,8,10,13,19,,,,,
44851,"Go for Zucker!",Comedy,2004,5,1,4,,,,,,,,,
44864,"Friends with Money",Comedy|Drama|Romance,2006,3.25,4,4,6,7,,,,,,,
44889,"Reefer Madness: The Movie Musical",Comedy|Drama|Musical,2005,4.75,2,4,7,15,,,,,,,
44929,"Candy",Drama|Romance,2006,4.25,2,6,7,,,,,,,,
44931,"Secrets of a Soul",Drama,1926,4.5,1,7,,,,,,,,,
44937,"Child, The",Crime|Drama,2005,4,1,7,9,,,,,,,,
44943,"9/11",Documentary,2002,5,1,16,,,,,,,,,
44972,"Scary Movie 4",Comedy|Horror,2006,2.25,12,4,11,,,,,,,,
44974,"Hard Candy",Drama|Thriller,2005,3.5,12,7,10,,,,,,,,
45028,"Prairie Home Companion, A",Comedy|Drama|Musical,2006,3.66666666666667,6,4,7,15,,,,,,,
45062,"Sentinel, The",Crime|Drama|Thriller,2006,2.75,2,7,9,10,,,,,,,
45074,"Wild, The",Adventure|Animation|Children|Comedy|Fantasy,2006,2.5,1,1,2,3,4,5,,,,,
45081,"Silent Hill",Fantasy|Horror|Thriller,2006,2.95833333333333,12,5,10,11,,,,,,,
45106,"American Dreamz",Comedy|Drama,2006,3,1,4,7,,,,,,,,
45175,"Kinky Boots",Comedy|Drama,2005,3.75,4,4,7,,,,,,,,
45183,"Protector, The",Action|Comedy|Crime|Thriller,2005,3,1,4,8,9,10,,,,,,
45186,"Mission: Impossible III",Action|Adventure|Thriller,2006,3.58928571428571,28,1,8,10,,,,,,,
45208,"RV",Adventure|Children|Comedy,2006,2,3,1,3,4,,,,,,,
45210,"United 93",Crime|Drama,2006,4.14285714285714,7,7,9,,,,,,,,
45221,"Stick It",Comedy,2006,2.58333333333333,6,4,,,,,,,,,
45361,"American Haunting, An",Drama|Horror|Mystery|Thriller,2005,1.5,2,7,10,11,12,,,,,,
45382,"Down in the Valley",Drama|Romance,2005,3.25,2,6,7,,,,,,,,
45431,"Over the Hedge",Adventure|Animation|Children|Comedy,2006,3.42857142857143,14,1,2,3,4,,,,,,
45440,"Art School Confidential",Comedy|Drama,2006,3.33333333333333,6,4,7,,,,,,,,
45442,"Poseidon",Action|Adventure|Thriller|IMAX,2006,2.875,4,1,8,10,17,,,,,,
45447,"Da Vinci Code, The",Drama|Mystery|Thriller,2006,3.12244897959184,49,7,10,12,,,,,,,
45499,"X-Men: The Last Stand",Action|Sci-Fi|Thriller,2006,3.35576923076923,52,8,10,13,,,,,,,
45501,"Break-Up, The",Comedy|Drama|Romance,2006,2.59090909090909,11,4,6,7,,,,,,,
45503,"Peaceful Warrior",Drama,2006,5,1,7,,,,,,,,,
45517,"Cars",Animation|Children|Comedy,2006,3.3780487804878,41,2,3,4,,,,,,,
45635,"Notorious Bettie Page, The",Drama,2005,3,2,7,,,,,,,,,
45648,"Game 6",Comedy|Drama,2005,2.5,1,4,7,,,,,,,,
45658,"On a Clear Day",Drama,2005,2,1,7,,,,,,,,,
45662,"Omen, The",Horror|Thriller,2006,2.3,5,10,11,,,,,,,,
45666,"Nacho Libre",Comedy,2006,2.46428571428571,14,4,,,,,,,,,
45668,"Lake House, The",Drama|Fantasy|Romance,2006,3.1,10,5,6,7,,,,,,,
45672,"Click",Adventure|Comedy|Drama|Fantasy|Romance,2006,2.97826086956522,23,1,4,5,6,7,,,,,
45720,"Devil Wears Prada, The",Comedy|Drama,2006,3.55882352941176,34,4,7,,,,,,,,
45722,"Pirates of the Caribbean: Dead Man's Chest",Action|Adventure|Fantasy,2006,3.50694444444444,72,1,5,8,,,,,,,
45726,"You, Me and Dupree",Comedy,2006,2.16666666666667,6,4,,,,,,,,,
45728,"Clerks II",Comedy,2006,3.88461538461538,13,4,,,,,,,,,
45730,"Lady in the Water",Drama|Fantasy|Mystery,2006,2.83333333333333,9,5,7,12,,,,,,,
45732,"My Super Ex-Girlfriend",Comedy|Fantasy|Romance,2006,1.58333333333333,6,4,5,6,,,,,,,
45880,"Marie Antoinette",Drama|Romance,2006,3.19230769230769,13,6,7,,,,,,,,
45928,"Who Killed the Electric Car?",Documentary,2006,3.7,5,16,,,,,,,,,
45950,"Inconvenient Truth, An",Documentary,2006,3.57692307692308,13,16,,,,,,,,,
45969,"Career Opportunities",Comedy|Romance,1991,2.5,1,4,6,,,,,,,,
46062,"High School Musical",Children|Comedy|Drama|Musical|Romance,2006,2,3,3,4,6,7,15,,,,,
46105,"I Am a Sex Addict",Comedy|Documentary|Romance,2005,4.5,1,4,6,16,,,,,,,
46231,"Stoned",Drama,2005,2,1,7,,,,,,,,,
46322,"Jet Li's Fearless",Action|Drama,2006,3.125,8,7,8,,,,,,,,
46335,"Fast and the Furious: Tokyo Drift, The",Action|Crime|Drama|Thriller,2006,2.09090909090909,11,7,8,9,10,,,,,,
46337,"Garfield: A Tail of Two Kitties",Animation|Children|Comedy,2006,2.25,2,2,3,4,,,,,,,
46347,"Metal: A Headbanger's Journey",Documentary,2005,4,2,16,,,,,,,,,
46367,"Public Eye, The",Crime|Thriller,1992,2,1,9,10,,,,,,,,
46530,"Superman Returns",Action|Adventure|Sci-Fi|IMAX,2006,3.08,25,1,8,13,17,,,,,,
46559,"Road to Guantanamo, The",Drama|War,2006,3.5,1,7,14,,,,,,,,
46572,"Edmond",Drama|Thriller,2005,3.5,3,7,10,,,,,,,,
46574,"OH in Ohio, The",Comedy,2006,2.5,1,4,,,,,,,,,
46578,"Little Miss Sunshine",Adventure|Comedy|Drama,2006,3.88311688311688,77,1,4,7,,,,,,,
46664,"Fallen Idol, The",Drama|Mystery|Thriller,1948,2.5,1,7,10,12,,,,,,,
46723,"Babel",Drama|Thriller,2006,3.5,31,7,10,,,,,,,,
46772,"Strangers with Candy",Comedy,2005,2.5,1,4,,,,,,,,,
46850,"Wordplay",Documentary,2006,4,3,16,,,,,,,,,
46855,"Army of Shadows",Action|Drama|Thriller|War,1969,4.5,1,7,8,10,14,,,,,,
46862,"Orchestra Rehearsal",Drama,1978,3.5,1,7,,,,,,,,,
46865,"Little Man",Comedy,2006,1,1,4,,,,,,,,,
46948,"Monster House",Animation|Children|Fantasy|Mystery,2006,3.11111111111111,9,2,3,5,12,,,,,,
46965,"Snakes on a Plane",Action|Comedy|Horror|Thriller,2006,2.64285714285714,14,4,8,10,11,,,,,,
46967,"Scoop",Comedy|Fantasy|Mystery,2006,3.375,4,4,5,12,,,,,,,
46970,"Talladega Nights: The Ballad of Ricky Bobby",Action|Comedy,2006,3.25,28,4,8,,,,,,,,
46972,"Night at the Museum",Action|Comedy|Fantasy|IMAX,2006,3.23913043478261,23,4,5,8,17,,,,,,
46974,"World Trade Center",Drama,2006,2.66666666666667,6,7,,,,,,,,,
46976,"Stranger than Fiction",Comedy|Drama|Fantasy|Romance,2006,3.69318181818182,44,4,5,6,7,,,,,,
47044,"Miami Vice",Action|Crime|Drama|Thriller,2006,2.75,10,7,8,9,10,,,,,,
47099,"Pursuit of Happyness, The",Drama,2006,3.79347826086957,46,7,,,,,,,,,
47122,"John Tucker Must Die",Comedy|Romance,2006,2.72222222222222,9,4,6,,,,,,,,
47124,"Ant Bully, The",Adventure|Animation|Children|Comedy|Fantasy|IMAX,2006,3.25,2,1,2,3,4,5,17,,,,
47200,"Crank",Action|Thriller,2006,3.42857142857143,14,8,10,,,,,,,,
47202,"Secret Life of Words, The",Drama|Romance,2005,4,1,6,7,,,,,,,,
47254,"Chaos",Action|Crime|Drama|Thriller,2005,3.5,1,7,8,9,10,,,,,,
47261,"Night Listener, The",Fantasy|Mystery|Thriller,2006,2.83333333333333,3,5,10,12,,,,,,,
47382,"Step Up",Drama|Romance,2006,3.5,4,6,7,,,,,,,,
47384,"Zoom",Adventure|Comedy|Drama|Fantasy,2006,2.5,1,1,4,5,7,,,,,,
47404,"Mind Game",Adventure|Animation|Comedy|Fantasy|Romance|Sci-Fi,2004,4.25,2,1,2,4,5,6,13,,,,
47423,"Half Nelson",Drama,2006,4,5,7,,,,,,,,,
47446,"Moustache, La",Drama|Mystery|Thriller,2005,3.5,1,7,10,12,,,,,,,
47465,"Tideland",Drama|Fantasy|Thriller,2005,3,3,5,7,10,,,,,,,
47491,"Adam's Apples",Comedy|Drama,2005,4.16666666666667,3,4,7,,,,,,,,
47516,"Material Girls",Children|Comedy|Drama,2006,2,1,3,4,7,,,,,,,
47518,"Accepted",Comedy,2006,2.92857142857143,14,4,,,,,,,,,
47538,"Crime Busters",Action|Adventure|Comedy|Crime,1977,2.5,1,1,4,8,9,,,,,,
47566,"Born to Kill",Crime|Drama|Film-Noir,1947,4,1,7,9,19,,,,,,,
47610,"Illusionist, The",Drama|Fantasy|Mystery|Romance,2006,3.77906976744186,43,5,6,7,12,,,,,,
47629,"The Queen",Drama,2006,3.73076923076923,13,7,,,,,,,,,
47640,"Beerfest",Comedy,2006,3.5,6,4,,,,,,,,,
47644,"Invincible",Drama,2006,3,7,7,,,,,,,,,
47646,"Idlewild",Crime|Drama|Musical,2006,4,1,7,9,15,,,,,,,
47721,"Red Balloon, The",Children|Fantasy,1956,3.5,1,3,5,,,,,,,,
47725,"Angel-A",Comedy|Drama|Fantasy|Romance,2005,3.5,3,4,5,6,7,,,,,,
47736,"Chump at Oxford, A",Comedy,1940,5,1,4,,,,,,,,,
47774,"Icicle Thief, The",Comedy|Fantasy,1989,3,1,4,5,,,,,,,,
47793,"Puffy Chair, The",Drama|Romance,2006,2.5,1,6,7,,,,,,,,
47810,"Wicker Man, The",Horror|Mystery|Thriller,2006,1,4,10,11,12,,,,,,,
47894,"Wind That Shakes the Barley, The",Drama|War,2006,3.75,4,7,14,,,,,,,,
47937,"Severance",Comedy|Horror|Thriller,2006,3,1,4,10,11,,,,,,,
47950,"Hollywoodland",Crime|Drama|Mystery|Thriller,2006,3.2,5,7,9,10,12,,,,,,
47952,"Covenant, The",Action|Horror|Thriller,2006,3,1,8,10,11,,,,,,,
47970,"Last Kiss, The",Comedy|Drama,2006,3.83333333333333,3,4,7,,,,,,,,
47978,"SherryBaby",Drama,2006,2.5,1,7,,,,,,,,,
47997,"Idiocracy",Adventure|Comedy|Sci-Fi|Thriller,2006,3.72222222222222,18,1,4,10,13,,,,,,
47999,"Jesus Camp",Documentary|Drama,2006,4.07142857142857,7,7,16,,,,,,,,
48001,"Bow, The",Drama|Romance,2005,4,1,6,7,,,,,,,,
48032,"Tiger and the Snow, The",Comedy|Drama|Romance|War,2005,4,1,4,6,7,14,,,,,,
48043,"Fountain, The",Drama|Fantasy|Romance,2006,3.5,14,5,6,7,,,,,,,
48045,"Fear City: A Family-Style Comedy",Comedy,1994,4,1,4,,,,,,,,,
48082,"Science of Sleep, The",Comedy|Drama|Fantasy|Romance,2006,3.86363636363636,11,4,5,6,7,,,,,,
48142,"Black Dahlia, The",Crime|Drama|Mystery|Thriller,2006,3.25,6,7,9,10,12,,,,,,
48150,"Woods, The",Horror,2006,3,1,11,,,,,,,,,
48161,"Gridiron Gang",Drama,2006,3,2,7,,,,,,,,,
48214,"Land of Plenty",Drama,2004,3.5,1,7,,,,,,,,,
48262,"Bridge, The",Documentary,2006,4,1,16,,,,,,,,,
48304,"Apocalypto",Adventure|Drama|Thriller,2006,3.60526315789474,19,1,7,10,,,,,,,
48319,"Flyboys",Action|Adventure|Drama|War,2006,2,1,1,7,8,14,,,,,,
48322,"Jackass Number Two",Comedy|Documentary,2006,3.57142857142857,7,4,16,,,,,,,,
48326,"All the King's Men",Drama,2006,3,3,7,,,,,,,,,
48342,"Conversations with Other Women",Comedy|Drama|Romance,2005,4,2,4,6,7,,,,,,,
48385,"Borat: Cultural Learnings of America for Make Benefit Glorious Nation of Kazakhstan",Comedy,2006,3.34615384615385,65,4,,,,,,,,,
48394,"Pan's Labyrinth",Drama|Fantasy|Thriller,2006,3.81481481481481,81,5,7,10,,,,,,,
48412,"Guardian, The",Action|Adventure|Drama,2006,3,4,1,7,8,,,,,,,
48414,"Open Season",Adventure|Animation|Children|Comedy|IMAX,2006,3,2,1,2,3,4,17,,,,,
48416,"School for Scoundrels",Comedy|Crime,2006,2.5,1,4,9,,,,,,,,
48516,"Departed, The",Crime|Drama|Thriller,2006,4.25233644859813,107,7,9,10,,,,,,,
48518,"Texas Chainsaw Massacre: The Beginning, The",Horror|Thriller,2006,2.5,2,10,11,,,,,,,,
48520,"Employee of the Month",Comedy,2006,2.83333333333333,6,4,,,,,,,,,
48560,"Running With Scissors",Comedy|Drama,2006,2.5,1,4,7,,,,,,,,
48593,"Man of the Year",Comedy|Thriller,2006,2.5,3,4,10,,,,,,,,
48596,"Marine, The",Action|Drama|Thriller,2006,2.75,2,7,8,10,,,,,,,
48598,"Infamous",Drama,2006,3.75,2,7,,,,,,,,,
48638,"Fellini's Casanova",Drama|Romance,1976,3.5,2,6,7,,,,,,,,
48649,"Chapayev",Drama|War,1934,4.5,1,7,14,,,,,,,,
48678,"Feast",Action|Comedy|Horror|Thriller,2005,2.75,2,4,8,10,11,,,,,,
48696,"Little Children",Drama|Romance,2006,3.875,4,6,7,,,,,,,,
48698,"Deliver Us from Evil",Documentary,2006,4.5,2,16,,,,,,,,,
48738,"Last King of Scotland, The",Drama|Thriller,2006,3.975,20,7,10,,,,,,,,
48741,"U.S. vs. John Lennon, The",Documentary,2006,4,1,16,,,,,,,,,
48744,"Shortbus",Comedy|Drama|Romance,2006,4,3,4,6,7,,,,,,,
48774,"Children of Men",Action|Adventure|Drama|Sci-Fi|Thriller,2006,3.9453125,64,1,7,8,10,13,,,,,
48780,"Prestige, The",Drama|Mystery|Sci-Fi|Thriller,2006,4.00555555555556,90,7,10,12,13,,,,,,
48783,"Flags of Our Fathers",Drama|War,2006,3.45454545454545,11,7,14,,,,,,,,
48872,"13 Tzameti",Film-Noir|Thriller,2005,4.5,1,10,19,,,,,,,,
48877,"Saw III",Crime|Horror|Thriller,2006,3.04545454545455,11,9,10,11,,,,,,,
48879,"Catch a Fire",Drama|Thriller,2006,3.25,2,7,10,,,,,,,,
48883,"Death of a President",Crime|Drama|Mystery|Thriller,2006,3.25,2,7,9,10,12,,,,,,
48982,"Flushed Away",Animation|Comedy,2006,3.5,7,2,4,,,,,,,,
48997,"Perfume: The Story of a Murderer",Crime|Drama|Thriller,2006,3.25,8,7,9,10,,,,,,,
49013,"Santa Clause 3: The Escape Clause, The",Comedy|Fantasy,2006,2.75,2,4,5,,,,,,,,
49110,"Mom and Dad Save the World",Comedy|Sci-Fi,1992,2,1,4,13,,,,,,,,
49130,"Good Year, A",Comedy|Drama|Romance,2006,3.66666666666667,3,4,6,7,,,,,,,
49132,"Shut Up & Sing",Documentary,2006,3,3,16,,,,,,,,,
49220,"For Your Consideration",Comedy,2006,2.375,4,4,,,,,,,,,
49263,"Fuck",Comedy|Documentary,2005,3,1,4,16,,,,,,,,
49265,"Shooting Dogs",Documentary|Drama|War,2005,4,1,7,14,16,,,,,,,
49272,"Casino Royale",Action|Adventure|Thriller,2006,3.94444444444444,81,1,8,10,,,,,,,
49274,"Happy Feet",Adventure|Animation|Children|Comedy|IMAX,2006,2.68181818181818,11,1,2,3,4,17,,,,,
49276,"Let's Go to Prison",Comedy,2006,1.33333333333333,3,4,,,,,,,,,
49278,"Déjà Vu",Action|Sci-Fi|Thriller,2006,3.3,20,8,10,13,,,,,,,
49280,"Bobby",Drama,2006,3.83333333333333,3,7,,,,,,,,,
49284,"10 Items or Less",Comedy|Drama|Romance,2006,2.66666666666667,3,4,6,7,,,,,,,
49286,"Holiday, The",Comedy|Romance,2006,3.20833333333333,24,4,6,,,,,,,,
49314,"Harsh Times",Action|Crime|Drama,2006,3,1,7,8,9,,,,,,,
49347,"Fast Food Nation",Drama,2006,3.83333333333333,3,7,,,,,,,,,
49389,"The Great Train Robbery",Crime|Western,1903,2.5,2,9,18,,,,,,,,
49396,"Tenacious D in The Pick of Destiny",Adventure|Comedy|Musical,2006,3.44444444444444,9,1,4,15,,,,,,,
49524,"Nativity Story, The",Drama,2006,3.5,2,7,,,,,,,,,
49530,"Blood Diamond",Action|Adventure|Crime|Drama|Thriller|War,2006,3.76415094339623,53,1,7,8,9,10,14,,,,
49647,"Charlotte's Web",Children|Comedy|Drama|Fantasy,2006,3.33333333333333,3,3,4,5,7,,,,,,
49649,"Eragon",Action|Adventure|Fantasy,2006,2.33333333333333,12,1,5,8,,,,,,,
49651,"Rocky Balboa",Action|Drama,2006,3.32142857142857,14,7,8,,,,,,,,
49666,"Fur: An Imaginary Portrait of Diane Arbus",Drama|Fantasy|Romance,2006,3,1,5,6,7,,,,,,,
49688,"Dam Busters, The",Action|Drama|War,1955,4,1,7,8,14,,,,,,,
49735,"Another Gay Movie",Comedy,2006,3.5,1,4,,,,,,,,,
49772,"Painted Veil, The",Drama|Romance,2006,4,4,6,7,,,,,,,,
49793,"We Are Marshall",Drama,2006,3.75,2,7,,,,,,,,,
49822,"Good Shepherd, The",Drama|Thriller,2006,3.14285714285714,7,7,10,,,,,,,,
49824,"Dreamgirls",Drama|Musical,2006,3.1,5,7,15,,,,,,,,
49910,"Freedom Writers",Drama,2007,3.75,4,7,,,,,,,,,
49917,"When the Levees Broke: A Requiem in Four Acts",Documentary,2006,4,1,16,,,,,,,,,
49932,"Inland Empire",Drama|Mystery|Thriller,2006,3.66666666666667,6,7,10,12,,,,,,,
49957,"History Boys, The",Comedy|Drama,2006,3,2,4,7,,,,,,,,
49961,"Notes on a Scandal",Drama,2006,3.75,4,7,,,,,,,,,
50003,"DOA: Dead or Alive",Action|Adventure,2006,2,2,1,8,,,,,,,,
50005,"Curse of the Golden Flower",Action|Drama,2006,2.5,3,7,8,,,,,,,,
50064,"Good German, The",Drama|Mystery|Thriller,2006,3,1,7,10,12,,,,,,,
50068,"Letters from Iwo Jima",Drama|War,2006,3.70588235294118,17,7,14,,,,,,,,
50147,"Black Christmas",Action|Horror|Thriller,2006,2,1,8,10,11,,,,,,,
50158,"Stomp the Yard",Drama|Musical,2007,2.5,2,7,15,,,,,,,,
50160,"Miss Potter",Drama,2006,3.75,2,7,,,,,,,,,
50189,"American Pie Presents The Naked Mile",Comedy|Romance,2006,1.16666666666667,3,4,6,,,,,,,,
50274,"Venus",Drama|Romance,2006,3.5,2,6,7,,,,,,,,
50354,"The Return of Don Camillo",Comedy,1953,3,1,4,,,,,,,,,
50356,"The Little World of Don Camillo",Comedy,1952,3,1,4,,,,,,,,,
50440,"Primeval",Horror|Thriller,2007,2,1,10,11,,,,,,,,
50442,"Alpha Dog",Crime|Drama,2007,3.125,8,7,9,,,,,,,,
50445,"Hitcher, The",Action|Horror|Thriller,2007,2.5,2,8,10,11,,,,,,,
50514,"After the Wedding",Drama,2006,3.5,1,7,,,,,,,,,
50601,"Bridge to Terabithia",Adventure|Children|Fantasy,2007,2.77777777777778,9,1,3,5,,,,,,,
50610,"Beer League",Comedy,2006,4,1,4,,,,,,,,,
50613,"Dead Meat",Horror,2004,4.5,1,11,,,,,,,,,
50658,"49 Up",Documentary,2005,4,2,16,,,,,,,,,
50685,"Waitress",Comedy|Drama|Romance,2007,3.83333333333333,6,4,6,7,,,,,,,
50740,"Seven Up!",Documentary,1964,3.83333333333333,3,16,,,,,,,,,
50792,"Catch and Release",Comedy|Drama|Romance,2006,2.25,2,4,6,7,,,,,,,
50794,"Smokin' Aces",Action|Crime|Drama|Thriller,2006,3.1,10,7,8,9,10,,,,,,
50796,"Blood and Chocolate",Drama|Fantasy|Horror|Romance,2007,2,2,5,6,7,11,,,,,,
50798,"Epic Movie",Adventure|Comedy,2007,1.125,4,1,4,,,,,,,,
50800,"Messengers, The",Drama|Horror|Thriller,2007,2.5,2,7,10,11,,,,,,,
50802,"Because I Said So",Comedy|Drama|Romance,2007,3,3,4,6,7,,,,,,,
50804,"Hannibal Rising",Drama|Horror|Thriller,2007,3.5,3,7,10,11,,,,,,,
50806,"Norbit",Comedy|Romance,2007,1,1,4,6,,,,,,,,
50842,"Boss of It All, The",Comedy|Drama,2006,4.5,2,4,7,,,,,,,,
50851,"Cocaine Cowboys",Documentary,2006,4.5,2,16,,,,,,,,,
50872,"Ratatouille",Animation|Children|Drama,2007,3.86805555555556,72,2,3,7,,,,,,,
50912,"Paris, I Love You",Romance,2006,2.9375,8,6,,,,,,,,,
50923,"Astronaut Farmer, The",Drama,2007,2.25,2,7,,,,,,,,,
50942,"Wake Up, Ron Burgundy",Comedy,2004,3.5,1,4,,,,,,,,,
50954,"It's a Boy Girl Thing",Comedy|Romance,2006,1,2,4,6,,,,,,,,
50999,"Ugly Duckling and Me!, The",Animation|Comedy,2006,5,1,2,4,,,,,,,,
51024,"The Odyssey",Adventure|Drama|Fantasy,1997,3.16666666666667,3,1,5,7,,,,,,,
51037,"Unknown",Drama|Mystery|Thriller,2006,3,4,7,10,12,,,,,,,
51077,"Ghost Rider",Action|Fantasy|Thriller,2007,2.25,12,5,8,10,,,,,,,
51080,"Breach",Drama|Thriller,2007,3.5625,8,7,10,,,,,,,,
51082,"Tyler Perry's Daddy's Little Girls",Comedy|Romance,2007,2,1,4,6,,,,,,,,
51084,"Music and Lyrics",Comedy|Romance,2007,3.1,10,4,6,,,,,,,,
51086,"Number 23, The",Drama|Mystery|Thriller,2007,2.92857142857143,14,7,10,12,,,,,,,
51088,"Reno 911!: Miami",Comedy,2007,3,2,4,,,,,,,,,
51091,"Black Snake Moan",Drama,2006,3.5,4,7,,,,,,,,,
51167,"My Father and My Son",Drama,2005,4.5,1,7,,,,,,,,,
51174,"Factory Girl",Drama,2006,3.5,1,7,,,,,,,,,
51255,"Hot Fuzz",Action|Comedy|Crime|Mystery,2007,4,61,4,8,9,12,,,,,,
51314,"Golden Door",Adventure|Drama|Romance,2006,4.5,1,1,6,7,,,,,,,
51357,"Citizen X",Crime|Drama|Thriller,1995,4,1,7,9,10,,,,,,,
51412,"Next",Action|Sci-Fi|Thriller,2007,2.82142857142857,14,8,10,13,,,,,,,
51471,"Amazing Grace",Drama|Romance,2006,3,1,6,7,,,,,,,,
51498,"2001 Maniacs",Comedy|Horror,2005,3.25,2,4,11,,,,,,,,
51540,"Zodiac",Crime|Drama|Thriller,2007,3.71052631578947,38,7,9,10,,,,,,,
51545,"Pusher III: I'm the Angel of Death",Action|Comedy|Drama|Horror|Thriller,2005,2.5,1,4,7,8,10,11,,,,,
51562,"Babylon 5: The Gathering",Sci-Fi,1993,4,1,13,,,,,,,,,
51573,"Meshes of the Afternoon",Fantasy,1943,3,1,5,,,,,,,,,
51575,"Wild Hogs",Adventure|Comedy,2007,2.3,5,1,4,,,,,,,,
51662,"300",Action|Fantasy|War|IMAX,2007,3.68125,80,5,8,14,17,,,,,,
51666,"Abandoned, The",Horror|Mystery|Thriller,2006,2,1,10,11,12,,,,,,,
51694,"Starter for 10",Drama|Romance,2006,3.5,1,6,7,,,,,,,,
51698,"Last Mimzy, The",Adventure|Children|Sci-Fi,2007,3,2,1,3,13,,,,,,,
51705,"Priceless",Comedy|Romance,2006,4.25,2,4,6,,,,,,,,
51709,"Host, The",Comedy|Drama|Horror|Sci-Fi|Thriller,2006,4,7,4,7,10,11,13,,,,,
51834,"Becoming Jane",Drama|Romance,2007,2.91666666666667,6,6,7,,,,,,,,
51884,"Namesake, The",Drama|Romance,2006,3.66666666666667,3,6,7,,,,,,,,
51903,"I Think I Love My Wife",Comedy|Drama|Romance,2007,2.5,1,4,6,7,,,,,,,
51925,"Premonition",Drama|Fantasy|Mystery|Thriller,2007,3.5,3,5,7,10,12,,,,,,
51927,"Dead Silence",Horror|Mystery|Thriller,2007,3.25,2,10,11,12,,,,,,,
51931,"Reign Over Me",Drama,2007,4.1,5,7,,,,,,,,,
51933,"Pride",Drama,2007,2.5,1,7,,,,,,,,,
51935,"Shooter",Action|Drama|Thriller,2007,3.86,25,7,8,10,,,,,,,
51937,"Hills Have Eyes II, The",Horror|Thriller,2007,2.5,2,10,11,,,,,,,,
51939,"TMNT",Action|Adventure|Animation|Children|Comedy|Fantasy,2007,3.08333333333333,6,1,2,3,4,5,8,,,,
52042,"Black Book",Drama|Thriller|War,2006,2.5,1,7,10,14,,,,,,,
52241,"Lookout, The",Crime|Drama|Thriller,2007,3.25,6,7,9,10,,,,,,,
52245,"Blades of Glory",Comedy|Romance,2007,3.08823529411765,17,4,6,,,,,,,,
52279,"Are We Done Yet?",Comedy,2007,1.5,1,4,,,,,,,,,
52281,"Grindhouse",Action|Crime|Horror|Sci-Fi|Thriller,2007,3.42592592592593,27,8,9,10,11,13,,,,,
52283,"Reaping, The",Horror|Thriller,2007,2.5,3,10,11,,,,,,,,
52287,"Meet the Robinsons",Action|Adventure|Animation|Children|Comedy|Sci-Fi,2007,3.54545454545455,11,1,2,3,4,8,13,,,,
52299,"American Hardcore",Documentary,2006,3.5,1,16,,,,,,,,,
52319,"Inglorious Bastards",Action|Adventure|Drama|War,1978,3.57142857142857,7,1,7,8,14,,,,,,
52328,"Sunshine",Adventure|Drama|Sci-Fi|Thriller,2007,3.64285714285714,14,1,7,10,13,,,,,,
52375,"Hoax, The",Crime|Drama,2007,3.5,2,7,9,,,,,,,,
52435,"How the Grinch Stole Christmas!",Animation|Comedy|Fantasy|Musical,1966,3.59090909090909,11,2,4,5,15,,,,,,
52458,"Disturbia",Drama|Thriller,2007,3.15,10,7,10,,,,,,,,
52462,"Aqua Teen Hunger Force Colon Movie Film for Theaters",Action|Adventure|Animation|Comedy|Fantasy|Mystery|Sci-Fi,2007,3,1,1,2,4,5,8,12,13,,,
52579,"Vie en Rose, La",Drama|Musical,2007,3.25,2,7,15,,,,,,,,
52604,"Fracture",Crime|Drama|Mystery|Thriller,2007,3.66666666666667,12,7,9,10,12,,,,,,
52644,"Vacancy",Horror|Thriller,2007,3.75,2,10,11,,,,,,,,
52668,"In the Land of Women",Comedy|Drama|Romance,2007,4,2,4,6,7,,,,,,,
52694,"Mr. Bean's Holiday",Comedy,2007,2.875,4,4,,,,,,,,,
52712,"Invisible, The",Crime|Drama|Fantasy|Mystery|Thriller,2007,2.33333333333333,3,5,7,9,10,12,,,,,
52715,"Kickin It Old Skool",Comedy,2007,2,1,4,,,,,,,,,
52722,"Spider-Man 3",Action|Adventure|Sci-Fi|Thriller|IMAX,2007,3,44,1,8,10,13,17,,,,,
52724,"Lucky You",Comedy|Drama,2007,3,1,4,7,,,,,,,,
52730,"It's a Very Merry Muppet Christmas Movie",Children|Comedy,2002,1.5,2,3,4,,,,,,,,
52767,"21 Up",Documentary,1977,4,3,16,,,,,,,,,
52784,"Sharkwater",Documentary,2006,4,1,16,,,,,,,,,
52831,"Maniac Cop",Action|Crime|Horror|Thriller,1988,3.5,1,8,9,10,11,,,,,,
52867,"Ex, The",Comedy|Romance,2007,4,1,4,6,,,,,,,,
52885,"Paprika",Animation|Mystery|Sci-Fi,2006,3.77777777777778,9,2,12,13,,,,,,,
52950,"Day Watch",Action|Fantasy|Horror|Thriller,2006,2.5,2,5,8,10,11,,,,,,
52952,"This Is England",Drama,2006,4,8,7,,,,,,,,,
52967,"Away from Her",Drama,2006,3.625,4,7,,,,,,,,,
52973,"Knocked Up",Comedy|Drama|Romance,2007,3.65384615384615,52,4,6,7,,,,,,,
52975,"Hairspray",Comedy|Drama|Musical,2007,3.5,15,4,7,15,,,,,,,
53000,"28 Weeks Later",Horror|Sci-Fi|Thriller,2007,3.5952380952381,21,10,11,13,,,,,,,
53022,"Wheels on Meals",Action|Comedy|Crime|Romance,1984,3.75,2,4,6,8,9,,,,,,
53024,"Jonestown: The Life and Death of Peoples Temple",Documentary,2006,3.875,4,16,,,,,,,,,
53121,"Shrek the Third",Adventure|Animation|Children|Comedy|Fantasy,2007,3.02380952380952,21,1,2,3,4,5,,,,,
53123,"Once",Drama|Musical|Romance,2006,3.94444444444444,9,6,7,15,,,,,,,
53125,"Pirates of the Caribbean: At World's End",Action|Adventure|Comedy|Fantasy,2007,3.4375,56,1,4,5,8,,,,,,
53127,"Bug",Drama|Horror|Thriller,2007,2.875,4,7,10,11,,,,,,,
53129,"Mr. Brooks",Crime|Drama|Thriller,2007,4,7,7,9,10,,,,,,,
53138,"Librarian: Return to King Solomon's Mines, The",Action|Adventure|Fantasy,2006,3.5,2,1,5,8,,,,,,,
53140,"Librarian: Quest for the Spear, The",Action|Adventure|Comedy|Fantasy|Romance,2004,3.75,2,1,4,5,6,8,,,,,
53143,"Fay Grim",Action|Thriller,2006,2,1,8,10,,,,,,,,
53161,"I'm a Cyborg, But That's OK",Comedy|Drama|Romance|Sci-Fi,2006,3,2,4,6,7,13,,,,,,
53280,"Breed, The",Horror|Thriller,2006,5,1,10,11,,,,,,,,
53318,"Cashback",Comedy|Drama|Romance,2006,3.25,4,4,6,7,,,,,,,
53322,"Ocean's Thirteen",Crime|Thriller,2007,3.48484848484848,33,9,10,,,,,,,,
53326,"Them",Horror,2006,2,1,11,,,,,,,,,
53355,"Sun Alley",Comedy|Romance,1999,5,1,4,6,,,,,,,,
53435,"Hostel: Part II",Crime|Horror|Thriller,2007,2,4,9,10,11,,,,,,,
53447,"Paranoid Park",Crime|Drama,2007,4,1,7,9,,,,,,,,
53450,"Legend of Sleepy Hollow, The",Comedy|Fantasy|Horror,1980,1.5,1,4,5,11,,,,,,,
53453,"Starcrash",Action|Adventure|Fantasy|Sci-Fi,1978,0.5,1,1,5,8,13,,,,,,
53460,"Surf's Up",Animation|Children|Comedy,2007,3.5,7,2,3,4,,,,,,,
53464,"Fantastic Four: Rise of the Silver Surfer",Action|Adventure|Sci-Fi,2007,2.575,20,1,8,13,,,,,,,
53466,"Nancy Drew",Adventure|Crime|Thriller,2007,2.83333333333333,3,1,9,10,,,,,,,
53468,"Fido",Comedy|Horror|Thriller,2006,3.28571428571429,7,4,10,11,,,,,,,
53519,"Death Proof",Action|Adventure|Crime|Horror|Thriller,2007,3.13461538461538,26,1,8,9,10,11,,,,,
53550,"Rescue Dawn",Action|Adventure|Drama|War,2006,3.33333333333333,3,1,7,8,14,,,,,,
53574,"TV Set, The",Comedy|Drama,2006,4,2,4,7,,,,,,,,
53578,"Valet, The",Comedy,2006,5,1,4,,,,,,,,,
53808,"Bring It On: All or Nothing",Comedy,2006,2,1,4,,,,,,,,,
53883,"Power of Nightmares, The: The Rise of the Politics of Fear",Documentary,2004,4.5,1,16,,,,,,,,,
53894,"Sicko",Documentary|Drama,2007,3.71428571428571,14,7,16,,,,,,,,
53921,"Mighty Heart, A",Drama|Thriller,2007,3.5,1,7,10,,,,,,,,
53953,"1408",Drama|Horror|Thriller,2007,3.16,25,7,10,11,,,,,,,
53956,"Death at a Funeral",Comedy,2007,3.25,4,4,,,,,,,,,
53972,"Live Free or Die Hard",Action|Adventure|Crime|Thriller,2007,3.40625,32,1,8,9,10,,,,,,
53974,"License to Wed",Comedy|Romance,2007,2.33333333333333,3,4,6,,,,,,,,
53993,"Evan Almighty",Comedy|Fantasy,2007,2.53846153846154,13,4,5,,,,,,,,
53996,"Transformers",Action|Sci-Fi|Thriller|IMAX,2007,3.34615384615385,39,8,10,13,17,,,,,,
54001,"Harry Potter and the Order of the Phoenix",Adventure|Drama|Fantasy|IMAX,2007,3.86206896551724,58,1,5,7,17,,,,,,
54004,"I Now Pronounce You Chuck and Larry",Comedy|Romance,2007,3.45454545454545,11,4,6,,,,,,,,
54116,"First Snow",Drama|Thriller,2006,3.25,2,7,10,,,,,,,,
54121,"Broken Arrow",Drama|Romance|Western,1950,3,1,6,7,18,,,,,,,
54185,"Manufactured Landscapes",Documentary,2006,3.75,2,16,,,,,,,,,
54190,"Across the Universe",Drama|Fantasy|Musical|Romance,2007,4.04545454545455,11,5,6,7,15,,,,,,
54256,"Hot Rod",Comedy,2007,3.14285714285714,7,4,,,,,,,,,
54259,"Stardust",Adventure|Comedy|Fantasy|Romance,2007,3.60294117647059,34,1,4,5,6,,,,,,
54272,"Simpsons Movie, The",Animation|Comedy,2007,3.6195652173913,46,2,4,,,,,,,,
54274,"I Know Who Killed Me",Crime|Drama|Thriller,2007,0.5,1,7,9,10,,,,,,,
54276,"No Reservations",Comedy|Drama|Romance,2007,3.25,2,4,6,7,,,,,,,
54281,"Charlie Bartlett",Comedy|Drama,2007,3.5,5,4,7,,,,,,,,
54286,"Bourne Ultimatum, The",Action|Crime|Thriller,2007,3.69753086419753,81,8,9,10,,,,,,,
54354,"China Blue",Documentary,2005,4,1,16,,,,,,,,,
54372,"Tell No One",Crime|Drama|Mystery|Thriller,2006,3.83333333333333,3,7,9,10,12,,,,,,
54503,"Superbad",Comedy,2007,3.86363636363636,55,4,,,,,,,,,
54617,"Brice Man, The",Comedy,2005,3.5,1,4,,,,,,,,,
54648,"Rush Hour 3",Action|Comedy|Crime|Thriller,2007,2.7,5,4,8,9,10,,,,,,
54686,"Last Legion, The",Action|Adventure|Fantasy|War,2007,3,1,1,5,8,14,,,,,,
54732,"Balls of Fury",Comedy,2007,2.83333333333333,3,4,,,,,,,,,
54734,"Sydney White",Comedy,2007,2.5,2,4,,,,,,,,,
54736,"Kingdom, The",Action|Drama|Thriller,2007,3.8125,8,7,8,10,,,,,,,
54745,"Rocket Science",Comedy|Drama,2007,3.25,2,4,7,,,,,,,,
54768,"Daddy Day Camp",Children|Comedy,2007,0.5,1,3,4,,,,,,,,
54771,"Invasion, The",Action|Drama|Horror|Sci-Fi|Thriller,2007,3,2,7,8,10,11,13,,,,,
54780,"Nanny Diaries, The",Comedy|Drama|Romance,2007,3.16666666666667,3,4,6,7,,,,,,,
54785,"Halloween",Horror,2007,3.25,4,11,,,,,,,,,
54787,"Death Sentence",Drama|Thriller,2007,3.5,1,7,10,,,,,,,,
54796,"2 Days in Paris",Comedy|Drama|Romance,2007,3.5,1,4,6,7,,,,,,,
54881,"King of Kong, The",Documentary,2007,3.91666666666667,12,16,,,,,,,,,
54908,"Taxi 4",Action|Comedy,2007,2,1,4,8,,,,,,,,
54910,"Behind the Mask: The Rise of Leslie Vernon",Comedy|Horror|Thriller,2006,4,1,4,10,11,,,,,,,
54934,"Brothers Solomon, The",Comedy,2007,0.5,1,4,,,,,,,,,
54962,"Nines, The",Drama|Mystery,2007,2.5,1,7,12,,,,,,,,
54995,"Planet Terror",Action|Horror|Sci-Fi,2007,3.79545454545455,22,8,11,13,,,,,,,
54997,"3:10 to Yuma",Action|Crime|Drama|Western,2007,4.06,25,7,8,9,18,,,,,,
54999,"Shoot 'Em Up",Action|Comedy|Crime,2007,3.45833333333333,12,4,8,9,,,,,,,
55020,"Ten, The",Comedy,2007,4.5,1,4,,,,,,,,,
55036,"Gotti",Crime|Drama,1996,2.5,1,7,9,,,,,,,,
55052,"Atonement",Drama|Romance|War,2007,3.53846153846154,13,6,7,14,,,,,,,
55061,"Electroma",Drama|Sci-Fi,2006,1,1,7,13,,,,,,,,
55067,"Requiem",Drama|Thriller,2006,3.5,1,7,10,,,,,,,,
55069,"4 Months, 3 Weeks and 2 Days",Drama,2007,4,3,7,,,,,,,,,
55071,"No End in Sight",Documentary,2007,4,1,16,,,,,,,,,
55080,"Brave One, The",Crime|Drama|Thriller,2007,3.25,2,7,9,10,,,,,,,
55094,"In the Valley of Elah",Drama|Mystery,2007,3.5,3,7,12,,,,,,,,
55110,"December Boys",Drama,2007,3,1,7,,,,,,,,,
55112,"Shanghai Kiss",Comedy|Drama|Romance,2007,4,1,4,6,7,,,,,,,
55116,"Hunting Party, The",Action|Adventure|Comedy|Drama|Thriller,2007,2.66666666666667,3,1,4,7,8,10,,,,,
55118,"Eastern Promises",Crime|Drama|Thriller,2007,4.02631578947368,19,7,9,10,,,,,,,
55156,"Unreasonable Man, An",Documentary,2006,4,1,16,,,,,,,,,
55167,"Tekkonkinkreet",Action|Adventure|Animation|Crime|Fantasy,2006,4.625,4,1,2,5,8,9,,,,,
55190,"Love and Other Disasters",Comedy|Romance,2006,3,1,4,6,,,,,,,,
55205,"Interview",Drama,2007,2.5,1,7,,,,,,,,,
55207,"Cashback",Comedy|Drama,2004,3,1,4,7,,,,,,,,
55232,"Resident Evil: Extinction",Action|Horror|Sci-Fi|Thriller,2007,2.95,10,8,10,11,13,,,,,,
55241,"Mr. Woodcock",Comedy,2007,2.66666666666667,3,4,,,,,,,,,
55245,"Good Luck Chuck",Comedy|Romance,2007,3.25,4,4,6,,,,,,,,
55247,"Into the Wild",Action|Adventure|Drama,2007,3.90243902439024,41,1,7,8,,,,,,,
55250,"Game Plan, The",Comedy,2007,2.66666666666667,3,4,,,,,,,,,
55253,"Lust, Caution",Drama|Romance|Thriller|War,2007,3.75,4,6,7,10,14,,,,,,
55259,"Seeker: The Dark Is Rising, The",Action|Adventure|Drama|Fantasy,2007,1,1,1,5,7,8,,,,,,
55261,"Heartbreak Kid, The",Comedy|Drama|Romance,2007,2.5,8,4,6,7,,,,,,,
55267,"Dan in Real Life",Comedy|Drama|Romance,2007,3.38888888888889,9,4,6,7,,,,,,,
55269,"Darjeeling Limited, The",Adventure|Comedy|Drama,2007,3.42857142857143,21,1,4,7,,,,,,,
55272,"We Own the Night",Crime|Drama,2007,3.75,2,7,9,,,,,,,,
55274,"Elizabeth: The Golden Age",Drama,2007,2.75,2,7,,,,,,,,,
55276,"Michael Clayton",Drama|Thriller,2007,3.91176470588235,17,7,10,,,,,,,,
55278,"Sleuth",Drama|Mystery|Thriller,2007,4.25,2,7,10,12,,,,,,,
55280,"Lars and the Real Girl",Comedy|Drama,2007,3.5625,8,4,7,,,,,,,,
55282,"30 Days of Night",Horror|Thriller,2007,3.18181818181818,11,10,11,,,,,,,,
55290,"Gone Baby Gone",Crime|Drama|Mystery,2007,3.45,20,7,9,12,,,,,,,
55292,"Comebacks, The",Comedy,2007,0.75,2,4,,,,,,,,,
55294,"Weirdsville",Comedy|Crime|Drama,2007,2.5,1,4,7,9,,,,,,,
55363,"Assassination of Jesse James by the Coward Robert Ford, The",Crime|Drama|Western,2007,4.1,10,7,9,18,,,,,,,
55391,"10th & Wolf",Crime|Drama|Thriller,2006,4.5,1,7,9,10,,,,,,,
55442,"Persepolis",Animation|Drama,2007,4.18181818181818,11,2,7,,,,,,,,
55444,"Control",Drama,2007,4.16666666666667,3,7,,,,,,,,,
55451,"The Jane Austen Book Club",Comedy|Drama|Romance,2007,3.5,2,4,6,7,,,,,,,
55492,"Last Winter, The",Horror,2006,4,1,11,,,,,,,,,
55553,"Black Sheep",Comedy|Horror,2006,2.33333333333333,3,4,11,,,,,,,,
55555,"Edge of Heaven, The",Drama,2007,3.5,1,7,,,,,,,,,
55577,"Saw IV",Crime|Horror|Thriller,2007,3.2,5,9,10,11,,,,,,,
55620,"For the Bible Tells Me So",Documentary,2007,3.25,2,16,,,,,,,,,
55687,"My Kid Could Paint That",Documentary,2007,4.5,1,16,,,,,,,,,
55721,"Elite Squad",Action|Crime|Drama|Thriller,2007,4.3,10,7,8,9,10,,,,,,
55729,"King of California",Comedy,2007,3,1,4,,,,,,,,,
55765,"American Gangster",Crime|Drama|Thriller,2007,3.90540540540541,37,7,9,10,,,,,,,
55768,"Bee Movie",Animation|Comedy,2007,3.15,10,2,4,,,,,,,,
55805,"Before the Devil Knows You're Dead",Crime|Drama|Thriller,2007,3,1,7,9,10,,,,,,,
55814,"Diving Bell and the Butterfly, The",Drama,2007,4.1,5,7,,,,,,,,,
55820,"No Country for Old Men",Crime|Drama,2007,3.8984375,64,7,9,,,,,,,,
55830,"Be Kind Rewind",Comedy,2008,3.4,10,4,,,,,,,,,
55844,"Itty Bitty Titty Committee",Comedy|Drama|Romance,2007,3.5,1,4,6,7,,,,,,,
55854,"Fugitive, The",Drama,1947,3,1,7,,,,,,,,,
55872,"August Rush",Drama|Musical,2007,3.5,6,7,15,,,,,,,,
55908,"Man from Earth, The",Drama|Sci-Fi,2007,4.1875,8,7,13,,,,,,,,
55946,"Lions For Lambs",Drama|Thriller|War,2007,4,2,7,10,14,,,,,,,
55995,"Beowulf",Action|Adventure|Animation|Fantasy|IMAX,2007,2.5625,8,1,2,5,8,17,,,,,
56003,"Southland Tales",Comedy|Drama|Sci-Fi|Thriller,2006,3,2,4,7,10,13,,,,,,
56012,"Evening with Kevin Smith 2: Evening Harder, An",Comedy|Documentary,2006,2.75,2,4,16,,,,,,,,
56022,"Harrison Bergeron",Drama|Sci-Fi,1995,2,1,7,13,,,,,,,,
56060,"I Served the King of England",Comedy|Drama|Romance|War,2006,4.5,1,4,6,7,14,,,,,,
56145,"Mist, The",Horror|Sci-Fi,2007,3.42857142857143,14,11,13,,,,,,,,
56152,"Enchanted",Adventure|Animation|Children|Comedy|Fantasy|Musical|Romance,2007,3.67647058823529,17,1,2,3,4,5,6,15,,,
56156,"Hitman",Action|Crime|Thriller,2007,3.28571428571429,7,8,9,10,,,,,,,
56169,"Awake",Drama|Thriller,2007,4,1,7,10,,,,,,,,
56171,"Golden Compass, The",Adventure|Children|Fantasy,2007,3.11111111111111,18,1,3,5,,,,,,,
56174,"I Am Legend",Action|Horror|Sci-Fi|Thriller|IMAX,2007,3.48387096774194,62,8,10,11,13,17,,,,,
56176,"Alvin and the Chipmunks",Children|Comedy,2007,1.5,3,3,4,,,,,,,,
56251,"Futurama: Bender's Big Score",Animation|Comedy|Sci-Fi,2007,3.9,10,2,4,13,,,,,,,
56274,"Margot at the Wedding",Drama,2007,3,1,7,,,,,,,,,
56286,"I'm Not There",Drama,2007,3.5,2,7,,,,,,,,,
56333,"Savages, The",Comedy|Drama,2007,3.5,1,4,7,,,,,,,,
56336,"Wrong Turn 2: Dead End",Action|Horror|Thriller,2007,3,2,8,10,11,,,,,,,
56339,"Orphanage, The",Drama|Horror|Mystery|Thriller,2007,3.875,8,7,10,11,12,,,,,,
56367,"Juno",Comedy|Drama|Romance,2007,3.76923076923077,65,4,6,7,,,,,,,
56379,"Maxed Out: Hard Times, Easy Credit and the Era of Predatory Lenders",Documentary,2006,3,2,16,,,,,,,,,
56389,"My Blueberry Nights",Drama|Romance,2007,4,1,6,7,,,,,,,,
56563,"Helvetica",Documentary,2007,3.25,4,16,,,,,,,,,
56587,"Bucket List, The",Comedy|Drama,2007,3.23076923076923,13,4,7,,,,,,,,
56607,"Kite Runner, The",Drama,2007,3.33333333333333,3,7,,,,,,,,,
56620,"Deaths of Ian Stone, The",Horror|Thriller,2007,3,1,10,11,,,,,,,,
56715,"Wristcutters: A Love Story",Drama|Fantasy|Romance,2006,4,6,5,6,7,,,,,,,
56757,"Sweeney Todd: The Demon Barber of Fleet Street",Drama|Horror|Musical|Thriller,2007,3.71666666666667,30,7,10,11,15,,,,,,
56775,"National Treasure: Book of Secrets",Action|Adventure,2007,3.04166666666667,24,1,8,,,,,,,,
56782,"There Will Be Blood",Drama|Western,2007,4.14285714285714,28,7,18,,,,,,,,
56788,"Charlie Wilson's War",Comedy|Drama|War,2007,3.375,8,4,7,14,,,,,,,
56801,"AVPR: Aliens vs. Predator - Requiem",Action|Horror|Sci-Fi,2007,2.58333333333333,6,8,11,13,,,,,,,
56805,"Walk Hard: The Dewey Cox Story",Comedy|Musical,2007,3.3,5,4,15,,,,,,,,
56837,"As You Like It",Comedy|Drama|Romance,2006,3,1,4,6,7,,,,,,,
56869,"Drained",Comedy,2006,4,1,4,,,,,,,,,
56908,"Dedication",Comedy|Drama|Romance,2007,4,1,4,6,7,,,,,,,
56915,"Water Horse: Legend of the Deep, The",Adventure|Children|Fantasy,2007,4,1,1,3,5,,,,,,,
56921,"Battlestar Galactica: Razor",Action|Drama|Sci-Fi|Thriller,2007,3.8,5,7,8,10,13,,,,,,
56941,"P.S. I Love You",Comedy|Drama|Romance,2007,3.09090909090909,11,4,6,7,,,,,,,
56949,"27 Dresses",Comedy|Romance,2008,3.3,20,4,6,,,,,,,,
57147,"Cassandra's Dream",Crime|Drama|Thriller,2007,4,1,7,9,10,,,,,,,
57183,"Like Stars on Earth",Drama,2007,4.5,2,7,,,,,,,,,
57243,"Band's Visit, The",Comedy|Drama,2007,3.5,3,4,7,,,,,,,,
57274,"[REC]",Drama|Horror|Thriller,2007,4.0625,8,7,10,11,,,,,,,
57326,"In the Name of the King: A Dungeon Siege Tale",Action|Adventure|Fantasy,2008,0.5,1,1,5,8,,,,,,,
57368,"Cloverfield",Action|Mystery|Sci-Fi|Thriller,2008,3.35185185185185,27,8,10,12,13,,,,,,
57421,"Hatchet",Comedy|Horror,2006,4,1,4,11,,,,,,,,
57499,"Heaven and Earth",Action|Adventure|Drama|War,1990,3,1,1,7,8,14,,,,,,
57502,"Cat Soup",Adventure|Animation|Drama|Horror,2001,4,1,1,2,7,11,,,,,,
57504,"Girl Who Leapt Through Time, The",Animation|Comedy|Drama|Romance|Sci-Fi,2006,4.1,10,2,4,6,7,13,,,,,
57522,"First Sunday",Comedy|Crime,2008,3.5,1,4,9,,,,,,,,
57526,"Untraceable",Crime|Thriller,2008,3,1,9,10,,,,,,,,
57528,"Rambo",Action|Drama|Thriller|War,2008,3.27777777777778,9,7,8,10,14,,,,,,
57532,"Meet the Spartans",Comedy,2008,2.5,3,4,,,,,,,,,
57536,"Strange Wilderness",Comedy,2008,3.25,2,4,,,,,,,,,
57637,"Signal, The",Horror|Sci-Fi|Thriller,2007,3.5,1,10,11,13,,,,,,,
57640,"Hellboy II: The Golden Army",Action|Adventure|Fantasy|Sci-Fi,2008,3.80555555555556,18,1,5,8,13,,,,,,
57669,"In Bruges",Comedy|Crime|Drama|Thriller,2008,4.15853658536585,41,4,7,9,10,,,,,,
57772,"World on a Wire",Crime|Sci-Fi,1973,3.75,2,9,13,,,,,,,,
57843,"Rise of the Footsoldier",Action|Crime|Drama,2007,4.5,1,7,8,9,,,,,,,
57910,"Teeth",Comedy|Horror,2007,2,1,4,11,,,,,,,,
57951,"Fool's Gold",Action|Adventure|Comedy|Romance,2008,2.33333333333333,3,1,4,6,8,,,,,,
58025,"Jumper",Action|Adventure|Drama|Sci-Fi|Thriller,2008,3,18,1,7,8,10,13,,,,,
58047,"Definitely, Maybe",Comedy|Drama|Romance,2008,3.42857142857143,14,4,6,7,,,,,,,
58078,"Air I Breathe, The",Crime|Drama|Romance|Thriller,2007,3,1,6,7,9,10,,,,,,
58103,"Vantage Point",Action|Drama|Thriller,2008,3.41666666666667,6,7,8,10,,,,,,,
58105,"Spiderwick Chronicles, The",Adventure|Children|Drama|Fantasy|IMAX,2008,3.4,5,1,3,5,7,17,,,,,
58107,"Step Up 2 the Streets",Drama|Musical|Romance,2008,3.25,2,6,7,15,,,,,,,
58154,"Other Boleyn Girl, The",Drama|Romance,2008,3.78571428571429,7,6,7,,,,,,,,
58156,"Semi-Pro",Comedy,2008,2.9,10,4,,,,,,,,,
58162,"Run Fatboy Run",Comedy|Romance,2007,3,7,4,6,,,,,,,,
58191,"Taxi to the Dark Side",Documentary,2007,4,1,16,,,,,,,,,
58287,"Descent",Drama|Thriller,2007,1,1,7,10,,,,,,,,
58291,"College Road Trip",Comedy,2008,4.5,1,4,,,,,,,,,
58293,"10,000 BC",Adventure|Romance|Thriller,2008,2.70588235294118,17,1,6,10,,,,,,,
58295,"Bank Job, The",Action|Crime|Thriller,2008,3.61538461538462,13,8,9,10,,,,,,,
58297,"Doomsday",Action|Drama|Sci-Fi|Thriller,2008,4,1,7,8,10,13,,,,,,
58299,"Horton Hears a Who!",Adventure|Animation|Children|Comedy,2008,3.4375,8,1,2,3,4,,,,,,
58301,"Funny Games U.S.",Drama|Thriller,2007,4.375,4,7,10,,,,,,,,
58303,"Counterfeiters, The",Crime|Drama|War,2007,3.33333333333333,3,7,9,14,,,,,,,
58306,"Mongol",Drama|War,2007,2.5,1,7,14,,,,,,,,
58309,"War Dance",Documentary,2007,4.5,1,16,,,,,,,,,
58315,"Love Guru, The",Comedy,2008,2.125,4,4,,,,,,,,,
58332,"Diary of the Dead",Horror|Sci-Fi,2007,2.83333333333333,3,11,13,,,,,,,,
58347,"Penelope",Comedy|Fantasy|Romance,2006,3.5,4,4,5,6,,,,,,,
58351,"City of Men",Drama,2007,4,1,7,,,,,,,,,
58376,"Zeitgeist: The Movie",Documentary|War,2007,3.75,2,14,16,,,,,,,,
58404,"Justice League: The New Frontier",Action|Adventure|Animation|Fantasy|Sci-Fi,2008,2.75,2,1,2,5,8,13,,,,,
58425,"Heima",Documentary,2007,4.16666666666667,3,16,,,,,,,,,
58492,"Snow Angels",Drama,2007,3,1,7,,,,,,,,,
58554,"Class, The",Drama,2007,3.5,2,7,,,,,,,,,
58559,"Dark Knight, The",Action|Crime|Drama|IMAX,2008,4.23825503355705,149,7,8,9,17,,,,,,
58627,"Never Back Down",Action,2008,3.5,1,8,,,,,,,,,
58655,"Drillbit Taylor",Comedy,2008,3.5,2,4,,,,,,,,,
58783,"Youth Without Youth",Drama|Romance|Sci-Fi,2007,2.5,1,6,7,13,,,,,,,
58803,"21",Crime|Drama|Romance|Thriller,2008,3.75,18,6,7,9,10,,,,,,
58806,"Smart People",Comedy|Drama|Romance,2008,2.75,2,4,6,7,,,,,,,
58826,"Shepherd: Border Patrol, The",Action|Crime|Thriller,2008,2.5,1,8,9,10,,,,,,,
58839,"Leatherheads",Comedy|Drama|Romance,2008,2.375,4,4,6,7,,,,,,,
58842,"Assembly",Action|Drama|War,2007,4.5,1,7,8,14,,,,,,,
58870,"Zebraman",Comedy,2004,3.5,2,4,,,,,,,,,
58876,"Stop-Loss",Drama|War,2008,3.25,2,7,14,,,,,,,,
58879,"Shine a Light",Documentary|Musical|IMAX,2008,3.5,1,15,16,17,,,,,,,
58964,"Inside",Horror|Thriller,2007,4,1,10,11,,,,,,,,
58972,"Nim's Island",Adventure|Comedy|Fantasy,2008,3,2,1,4,5,,,,,,,
58975,"Ruins, The",Horror|Thriller,2008,3.5,1,10,11,,,,,,,,
58998,"Forgetting Sarah Marshall",Comedy|Romance,2008,3.76923076923077,39,4,6,,,,,,,,
59014,"Superhero Movie",Action|Comedy|Sci-Fi,2008,2,3,4,8,13,,,,,,,
59016,"Street Kings",Crime|Drama|Thriller,2008,2.5,1,7,9,10,,,,,,,
59018,"Visitor, The",Drama|Romance,2007,4.5,1,6,7,,,,,,,,
59022,"Harold & Kumar Escape from Guantanamo Bay",Adventure|Comedy,2008,3.30769230769231,13,1,4,,,,,,,,
59026,"99 francs",Comedy,2007,4,1,4,,,,,,,,,
59037,"Speed Racer",Action|Children|Sci-Fi|IMAX,2008,3.16666666666667,3,3,8,13,17,,,,,,
59103,"Forbidden Kingdom, The",Action|Adventure|Comedy|Fantasy,2008,3.83333333333333,3,1,4,5,8,,,,,,
59118,"Happy-Go-Lucky",Comedy|Drama,2008,3.5,1,4,7,,,,,,,,
59126,"Religulous",Comedy|Documentary,2008,3.8,5,4,16,,,,,,,,
59129,"Outpost",Action|Horror,2008,2,2,8,11,,,,,,,,
59131,"Are You Scared?",Horror,2006,3.5,1,11,,,,,,,,,
59141,"Son of Rambow",Children|Comedy|Drama,2007,4.66666666666667,3,3,4,7,,,,,,,
59143,"Super High Me",Comedy|Documentary,2007,4.25,2,4,16,,,,,,,,
59220,"Outsourced",Comedy|Romance,2006,3.5,1,4,6,,,,,,,,
59258,"Baby Mama",Comedy,2008,3.13636363636364,11,4,,,,,,,,,
59295,"Expelled: No Intelligence Allowed",Documentary,2008,1,1,16,,,,,,,,,
59306,"Prom Night",Horror|Mystery|Thriller,2008,0.75,2,10,11,12,,,,,,,
59315,"Iron Man",Action|Adventure|Sci-Fi,2008,3.82446808510638,94,1,8,13,,,,,,,
59333,"Made of Honor",Comedy|Romance,2008,2.875,4,4,6,,,,,,,,
59336,"Redbelt",Action|Drama,2008,3,1,7,8,,,,,,,,
59369,"Taken",Action|Crime|Drama|Thriller,2008,3.61904761904762,42,7,8,9,10,,,,,,
59387,"Fall, The",Adventure|Drama|Fantasy,2006,3.95454545454545,11,1,5,7,,,,,,,
59421,"What Happens in Vegas...",Comedy|Romance,2008,2.75,8,4,6,,,,,,,,
59429,"American Pie Presents Beta House",Comedy,2007,2.75,2,4,,,,,,,,,
59440,"Bella",Drama|Romance,2006,3.5,1,6,7,,,,,,,,
59501,"Chronicles of Narnia: Prince Caspian, The",Adventure|Children|Fantasy,2008,3.54166666666667,12,1,3,5,,,,,,,
59549,"Shelter",Drama|Romance,2007,4,1,6,7,,,,,,,,
59604,"Girl Next Door, The",Crime|Drama|Horror|Thriller,2007,3.75,2,7,9,10,11,,,,,,
59615,"Indiana Jones and the Kingdom of the Crystal Skull",Action|Adventure|Comedy|Sci-Fi,2008,2.83333333333333,39,1,4,8,13,,,,,,
59667,"Nina's Heavenly Delights",Comedy,2006,4,1,4,,,,,,,,,
59725,"Sex and the City",Comedy|Romance,2008,2.40909090909091,11,4,6,,,,,,,,
59727,"Strangers, The",Horror|Thriller,2008,3.16666666666667,3,10,11,,,,,,,,
59731,"Bigger, Stronger, Faster*",Documentary,2008,3.5,1,16,,,,,,,,,
59738,"All the Boys Love Mandy Lane",Horror|Mystery|Thriller,2006,3,1,10,11,12,,,,,,,
59784,"Kung Fu Panda",Action|Animation|Children|Comedy|IMAX,2008,3.44444444444444,54,2,3,4,8,17,,,,,
59810,"Recount",Drama,2008,3.5,1,7,,,,,,,,,
59814,"Ex Drummer",Comedy|Crime|Drama|Horror,2007,5,1,4,7,9,11,,,,,,
59900,"You Don't Mess with the Zohan",Comedy,2008,2.86666666666667,15,4,,,,,,,,,
59915,"Stuck",Horror|Thriller,2007,3.5,1,10,11,,,,,,,,
59947,"Protector, The",Action|Comedy|Drama|Thriller,1985,2,1,4,7,8,10,,,,,,
59985,"Chaos Theory",Comedy|Drama|Romance,2007,4,1,4,6,7,,,,,,,
59995,"Boy A",Crime|Drama,2007,4,1,7,9,,,,,,,,
60030,"Spiral",Drama|Horror|Thriller,2007,4.5,1,7,10,11,,,,,,,
60037,"Happening, The",Drama|Sci-Fi|Thriller,2008,3,5,7,10,13,,,,,,,
60040,"Incredible Hulk, The",Action|Sci-Fi,2008,3.17142857142857,35,8,13,,,,,,,,
60046,"Children of Huang Shi, The",Drama|War,2008,3.5,1,7,14,,,,,,,,
60069,"WALL·E",Adventure|Animation|Children|Romance|Sci-Fi,2008,4.05769230769231,104,1,2,3,6,13,,,,,
60072,"Wanted",Action|Thriller,2008,3.15909090909091,22,8,10,,,,,,,,
60074,"Hancock",Action|Adventure|Comedy|Crime|Fantasy,2008,3.03448275862069,29,1,4,5,8,9,,,,,
60126,"Get Smart",Action|Comedy,2008,3.46875,16,4,8,,,,,,,,
60128,"Young People Fucking",Comedy,2007,2.25,2,4,,,,,,,,,
60141,"St. Trinian's",Children|Comedy,2007,2.5,1,3,4,,,,,,,,
60161,"Futurama: The Beast with a Billion Backs",Action|Animation|Comedy|Romance|Sci-Fi,2008,3.5,6,2,4,6,8,13,,,,,
60289,"Kit Kittredge: An American Girl",Children|Comedy|Drama|Mystery,2008,3,2,3,4,7,12,,,,,,
60291,"Gonzo: The Life and Work of Dr. Hunter S. Thompson",Documentary,2008,3.75,2,16,,,,,,,,,
60293,"Wackness, The",Comedy|Drama|Romance,2008,4,3,4,6,7,,,,,,,
60303,"Strange Circus",Horror|Mystery|Thriller,2005,4,1,10,11,12,,,,,,,
60333,"Encounters at the End of the World",Documentary,2008,4.5,3,16,,,,,,,,,
60363,"Zombie Strippers!",Comedy|Horror,2008,0.5,1,4,11,,,,,,,,
60365,"Frosty the Snowman",Animation|Children|Comedy|Fantasy|Musical,1969,1.5,1,2,3,4,5,15,,,,,
60389,"Battle for Haditha",War,2007,4,1,14,,,,,,,,,
60397,"Mamma Mia!",Comedy|Musical|Romance,2008,2.96428571428571,14,4,6,15,,,,,,,
60408,"Welcome to the Sticks",Comedy,2008,4.5,2,4,,,,,,,,,
60471,"Rogue",Action|Adventure|Horror|Sci-Fi|Thriller,2007,3.5,1,1,8,10,11,13,,,,,
60487,"It's the Great Pumpkin, Charlie Brown",Animation|Children|Comedy,1966,3.8,5,2,3,4,,,,,,,
60514,"Journey to the Center of the Earth",Action|Adventure|Sci-Fi,2008,2.5,5,1,8,13,,,,,,,
60516,"Meet Dave",Adventure|Children|Comedy|Romance|Sci-Fi,2008,3.5,2,1,3,4,6,13,,,,,
60522,"Machine Girl, The",Action|Comedy|Fantasy|Horror|Thriller,2008,2.25,2,4,5,8,10,11,,,,,
60538,"Shrooms",Horror|Thriller,2007,3.5,1,10,11,,,,,,,,
60647,"Transsiberian",Crime|Drama|Thriller,2008,2.5,1,7,9,10,,,,,,,
60674,"Stargate: Continuum",Sci-Fi,2008,2.5,1,13,,,,,,,,,
60684,"Watchmen",Action|Drama|Mystery|Sci-Fi|Thriller|IMAX,2009,3.98837209302326,43,7,8,10,12,13,17,,,,
60735,"Shotgun Stories",Drama|Thriller,2007,2.5,1,7,10,,,,,,,,
60737,"Watching the Detectives",Comedy|Romance,2007,5,1,4,6,,,,,,,,
60753,"Felon",Crime|Drama,2008,3.5,2,7,9,,,,,,,,
60756,"Step Brothers",Comedy,2008,3.55357142857143,28,4,,,,,,,,,
60760,"X-Files: I Want to Believe, The",Drama|Mystery|Sci-Fi|Thriller,2008,2.875,4,7,10,12,13,,,,,,
60766,"Man on Wire",Documentary,2008,3.6875,8,16,,,,,,,,,
60803,"Little Drummer Boy, The",Animation|Children|Musical,1968,2.5,1,2,3,15,,,,,,,
60818,"Hogfather",Adventure|Fantasy|Thriller,2006,4,1,1,5,10,,,,,,,
60832,"Pathology",Crime|Horror|Thriller,2008,4,1,9,10,11,,,,,,,
60857,"Tracey Fragments, The",Drama,2007,3,1,7,,,,,,,,,
60885,"Zone, The",Drama|Thriller,2007,3.5,2,7,10,,,,,,,,
60894,"Edge of Love, The",Drama|Romance|War,2008,3,1,6,7,14,,,,,,,
60904,"Heart of a Dog",Comedy|Drama|Sci-Fi,1988,4,1,4,7,13,,,,,,,
60937,"Mummy: Tomb of the Dragon Emperor, The",Action|Adventure|Fantasy|Thriller,2008,2.64285714285714,7,1,5,8,10,,,,,,
60941,"Midnight Meat Train, The",Horror|Mystery|Thriller,2008,2.875,4,10,11,12,,,,,,,
60943,"Frozen River",Drama,2008,4.5,1,7,,,,,,,,,
60950,"Vicky Cristina Barcelona",Comedy|Drama|Romance,2008,3.09375,16,4,6,7,,,,,,,
60979,"Batman: Gotham Knight",Action|Animation|Crime,2008,3.5,3,2,8,9,,,,,,,
61011,"Walker, The",Drama|Mystery,2007,2,1,7,12,,,,,,,,
61024,"Pineapple Express",Action|Comedy|Crime,2008,3.67741935483871,31,4,8,9,,,,,,,
61026,"Red Cliff",Action|Adventure|Drama|War,2008,4,3,1,7,8,14,,,,,,
61071,"Sisterhood of the Traveling Pants 2, The",Adventure|Comedy|Drama|Romance,2008,2.5,1,1,4,6,7,,,,,,
61073,"Hell Ride",Action|Drama|Thriller,2008,2,1,7,8,10,,,,,,,
61123,"High School Musical 2",Comedy|Drama|Musical|Romance,2007,2,1,4,6,7,15,,,,,,
61132,"Tropic Thunder",Action|Adventure|Comedy|War,2008,3.5,33,1,4,8,14,,,,,,
61160,"Star Wars: The Clone Wars",Action|Adventure|Animation|Sci-Fi,2008,2.35714285714286,7,1,2,8,13,,,,,,
61167,"Henry Poole is Here",Drama|Mystery,2008,4,1,7,12,,,,,,,,
61210,"Mutant Chronicles",Action|Adventure|Sci-Fi,2008,3.5,1,1,8,13,,,,,,,
61236,"Waltz with Bashir",Animation|Documentary|Drama|War,2008,3,5,2,7,14,16,,,,,,
61240,"Let the Right One In",Drama|Fantasy|Horror|Romance,2008,3.91176470588235,17,5,6,7,11,,,,,,
61246,"Hamlet 2",Comedy,2008,2,1,4,,,,,,,,,
61248,"Death Race",Action|Adventure|Sci-Fi|Thriller,2008,3.22222222222222,9,1,8,10,13,,,,,,
61250,"House Bunny, The",Comedy,2008,2.5,10,4,,,,,,,,,
61255,"Rocker, The",Comedy,2008,2.75,2,4,,,,,,,,,
61257,"I.O.U.S.A.",Documentary,2008,4,1,16,,,,,,,,,
61262,"Mirrors",Horror|Mystery|Thriller,2008,1.5,1,10,11,12,,,,,,,
61289,"Sukiyaki Western Django",Action|Western,2008,3.33333333333333,3,8,18,,,,,,,,
61319,"Somers Town",Drama,2008,3.5,1,7,,,,,,,,,
61323,"Burn After Reading",Comedy|Crime|Drama,2008,3.48717948717949,39,4,7,9,,,,,,,
61348,"Disaster Movie",Comedy,2008,0.833333333333333,3,4,,,,,,,,,
61350,"Babylon A.D.",Action|Adventure|Sci-Fi|Thriller,2008,2.33333333333333,3,1,8,10,13,,,,,,
61352,"Traitor",Crime|Drama|Thriller,2008,3.375,4,7,9,10,,,,,,,
61394,"Onion Movie, The",Comedy,2008,4,1,4,,,,,,,,,
61401,"Spirit, The",Action|Comedy|Fantasy|Thriller,2008,2.5,2,4,5,8,10,,,,,,
61406,"John Adams",Drama,2008,4,2,7,,,,,,,,,
61465,"Bangkok Dangerous",Action|Crime|Thriller,2008,3.25,2,8,9,10,,,,,,,
61628,"Sunflower",Drama,2005,2,1,7,,,,,,,,,
61692,"Altered",Horror|Sci-Fi|Thriller,2006,3,1,10,11,13,,,,,,,
61697,"Righteous Kill",Crime|Mystery|Thriller,2008,3,1,9,10,12,,,,,,,
61705,"Lakeview Terrace",Drama|Thriller,2008,3,2,7,10,,,,,,,,
61729,"Ghost Town",Comedy|Fantasy|Romance,2008,2,2,4,5,6,,,,,,,
61818,"Crow, The: Wicked Prayer",Action|Adventure|Fantasy|Thriller,2005,0.5,1,1,5,8,10,,,,,,
61986,"Appaloosa",Western,2008,3,1,18,,,,,,,,,
62008,"Dead Fury",Action|Animation|Comedy|Horror,2008,3,1,2,4,8,11,,,,,,
62081,"Eagle Eye",Action|Crime|Thriller|IMAX,2008,3.0625,8,8,9,10,17,,,,,,
62113,"How to Lose Friends & Alienate People",Comedy,2008,2.83333333333333,6,4,,,,,,,,,
62155,"Nick and Norah's Infinite Playlist",Comedy|Drama|Romance,2008,3.35,10,4,6,7,,,,,,,
62208,"Sound of the Mountain",Drama,1954,4.5,1,7,,,,,,,,,
62250,"Gomorrah",Crime|Drama,2008,3.7,5,7,9,,,,,,,,
62293,"Duchess, The",Drama|Romance,2008,3.5,4,6,7,,,,,,,,
62299,"Alone in the Dark II",Action|Horror,2008,3.5,1,8,11,,,,,,,,
62336,"FLCL",Animation|Comedy|Fantasy|Sci-Fi,2000,4.27777777777778,9,2,4,5,13,,,,,,
62344,"Rachel Getting Married",Drama|Romance,2008,2.75,2,6,7,,,,,,,,
62374,"Body of Lies",Action|Drama|Thriller,2008,3.77272727272727,11,7,8,10,,,,,,,
62376,"City of Ember",Adventure|Children|Sci-Fi,2008,2.83333333333333,3,1,3,13,,,,,,,
62383,"20,000 Leagues Under the Sea",Action|Adventure|Sci-Fi,1916,3.75,2,1,8,13,,,,,,,
62394,"Max Payne",Action|Crime|Drama|Thriller,2008,2.16666666666667,3,7,8,9,10,,,,,,
62434,"Zack and Miri Make a Porno",Comedy|Drama|Romance,2008,3.52380952380952,21,4,6,7,,,,,,,
62437,"W.",Drama,2008,2.5,1,7,,,,,,,,,
62439,"My Best Friend's Girl",Comedy|Romance,2008,4,3,4,6,,,,,,,,
62511,"Synecdoche, New York",Comedy|Drama,2008,3.125,4,4,7,,,,,,,,
62553,"Secret Life of Bees, The",Drama,2008,4,1,7,,,,,,,,,
62586,"American Carol, An",Comedy|Fantasy,2008,2,1,4,5,,,,,,,,
62644,"Wave, The",Drama,2008,3.57142857142857,7,7,,,,,,,,,
62662,"Tokyo-Ga",Documentary,1985,3,1,16,,,,,,,,,
62718,"Angus, Thongs and Perfect Snogging",Comedy|Romance,2008,2.5,1,4,6,,,,,,,,
62792,"Pride and Glory",Crime|Drama,2008,3,2,7,9,,,,,,,,
62799,"Express, The",Drama,2008,3,1,7,,,,,,,,,
62834,"Babylon 5: The Legend of the Rangers: To Live and Die in Starlight",Sci-Fi,2002,4,1,13,,,,,,,,,
62836,"Babylon 5: The Lost Tales - Voices in the Dark",Sci-Fi,2007,4,1,13,,,,,,,,,
62849,"RocknRolla",Action|Crime,2008,3.76923076923077,13,8,9,,,,,,,,
62956,"Futurama: Bender's Game",Action|Adventure|Animation|Comedy|Fantasy|Sci-Fi,2008,3.44444444444444,9,1,2,4,5,8,13,,,,
62970,"Tin Man",Adventure|Fantasy|Sci-Fi,2007,2.25,2,1,5,13,,,,,,,
62999,"Madagascar: Escape 2 Africa",Action|Adventure|Animation|Children|Comedy|IMAX,2008,3.69230769230769,13,1,2,3,4,8,17,,,,
63033,"Blindness",Drama|Mystery|Romance|Thriller,2008,3.5,1,6,7,10,12,,,,,,
63062,"Changeling",Crime|Drama|Mystery,2008,3.4375,8,7,9,12,,,,,,,
63072,"Road, The",Adventure|Drama|Thriller,2009,3.88888888888889,9,1,7,10,,,,,,,
63082,"Slumdog Millionaire",Crime|Drama|Romance,2008,3.80985915492958,71,6,7,9,,,,,,,
63113,"Quantum of Solace",Action|Adventure|Thriller,2008,3.45714285714286,35,1,8,10,,,,,,,
63131,"Role Models",Comedy,2008,3.625,20,4,,,,,,,,,
63179,"Tokyo!",Drama,2008,3.5,1,7,,,,,,,,,
63222,"JCVD",Action|Drama|Thriller,2008,3.25,2,7,8,10,,,,,,,
63239,"Cinderella",Children|Fantasy|Musical|Romance,1997,3,1,3,5,6,15,,,,,,
63276,"Crows Zero",Action,2007,4,2,8,,,,,,,,,
63312,"Krabat",Drama|Fantasy,2008,2,1,5,7,,,,,,,,
63393,"Camp Rock",Comedy|Musical|Romance,2008,1,1,4,6,15,,,,,,,
63433,"Farscape: The Peacekeeper Wars",Action|Adventure|Sci-Fi,2004,3.5,4,1,8,13,,,,,,,
63436,"Saw V",Crime|Horror|Thriller,2008,3.16666666666667,3,9,10,11,,,,,,,
63479,"Sex Drive",Comedy,2008,3.625,4,4,,,,,,,,,
63515,"The Island",Drama|Mystery,2006,4,1,7,12,,,,,,,,
63540,"Beverly Hills Chihuahua",Adventure|Children|Comedy,2008,2.125,4,1,3,4,,,,,,,
63768,"Tattooed Life",Crime|Drama,1965,3,1,7,9,,,,,,,,
63808,"Class, The",Drama,2008,2.75,2,7,,,,,,,,,
63826,"Splinter",Action|Horror|Thriller,2008,4,1,8,10,11,,,,,,,
63853,"Australia",Adventure|Drama|War|Western,2008,3.2,5,1,7,14,18,,,,,,
63859,"Bolt",Action|Adventure|Animation|Children|Comedy,2008,3.38888888888889,18,1,2,3,4,8,,,,,
63876,"Milk",Drama,2008,3.54545454545455,11,7,,,,,,,,,
63992,"Twilight",Drama|Fantasy|Romance|Thriller,2008,2.40909090909091,22,5,6,7,10,,,,,,
64010,"Children, The",Horror,2008,3.5,1,11,,,,,,,,,
64030,"Transporter 3",Action|Adventure|Crime|Thriller,2008,2.66666666666667,6,1,8,9,10,,,,,,
64032,"Four Christmases",Comedy,2008,2.83333333333333,3,4,,,,,,,,,
64034,"Boy in the Striped Pajamas, The",Drama|War,2008,3.41666666666667,6,7,14,,,,,,,,
64114,"Fireproof",Drama|Romance,2008,1,1,6,7,,,,,,,,
64116,"Igor",Animation|Comedy,2008,3.5,2,2,4,,,,,,,,
64167,"Dinotopia",Adventure|Fantasy,2002,3.33333333333333,3,1,5,,,,,,,,
64197,"Hunger",Drama,2008,4.75,2,7,,,,,,,,,
64231,"Punisher: War Zone",Action|Crime|Drama|Thriller,2008,3,6,7,8,9,10,,,,,,
64249,"Shrek the Halls",Adventure|Animation|Comedy|Fantasy,2007,2.5,2,1,2,4,5,,,,,,
64278,"Pervert's Guide to Cinema, The",Documentary,2006,3.5,1,16,,,,,,,,,
64285,"Wallace and Gromit in 'A Matter of Loaf and Death'",Animation|Comedy,2008,3.7,5,2,4,,,,,,,,
64497,"Day the Earth Stood Still, The",Drama|Sci-Fi|Thriller|IMAX,2008,2.78571428571429,7,7,10,13,17,,,,,,
64499,"Che: Part One",Drama|War,2008,5,1,7,14,,,,,,,,
64501,"Che: Part Two",Drama|War,2008,5,1,7,14,,,,,,,,
64575,"Doubt",Drama|Mystery,2008,3.35714285714286,7,7,12,,,,,,,,
64614,"Gran Torino",Crime|Drama,2008,3.94565217391304,46,7,9,,,,,,,,
64620,"Frost/Nixon",Drama,2008,3.94444444444444,9,7,,,,,,,,,
64622,"Reader, The",Drama|Romance,2008,3.21428571428571,7,6,7,,,,,,,,
64695,"Sword of the Stranger",Action|Adventure|Animation,2007,4,1,1,2,8,,,,,,,
64716,"Seven Pounds",Drama,2008,4.13636363636364,11,7,,,,,,,,,
64839,"Wrestler, The",Drama,2008,3.73529411764706,34,7,,,,,,,,,
64957,"Curious Case of Benjamin Button, The",Drama|Fantasy|Mystery|Romance,2008,3.59459459459459,37,5,6,7,12,,,,,,
64969,"Yes Man",Comedy,2008,3.61764705882353,34,4,,,,,,,,,
64983,"Valkyrie",Drama|Thriller|War,2008,3.40909090909091,11,7,10,14,,,,,,,
64993,"5 Centimeters per Second",Animation|Drama|Romance,2007,3.5,3,2,6,7,,,,,,,
64997,"War of the Worlds",Action|Sci-Fi,2005,3,2,8,13,,,,,,,,
65037,"Ben X",Drama,2007,3.5,1,7,,,,,,,,,
65088,"Bedtime Stories",Adventure|Children|Comedy,2008,3.36363636363636,11,1,3,4,,,,,,,
65126,"Choke",Comedy|Drama,2008,3.5,3,4,7,,,,,,,,
65130,"Revolutionary Road",Drama|Romance,2008,3.7,5,6,7,,,,,,,,
65133,"Blackadder Back & Forth",Comedy,1999,3.5,2,4,,,,,,,,,
65135,"Blackadder's Christmas Carol",Comedy,1988,3,1,4,,,,,,,,,
65188,"Dear Zachary: A Letter to a Son About His Father",Documentary,2008,3.875,4,16,,,,,,,,,
65193,"Wild Child",Drama|Romance,2008,3,1,6,7,,,,,,,,
65216,"Defiance",Drama|Thriller|War,2008,3.92857142857143,7,7,10,14,,,,,,,
65225,"Zeitgeist: Addendum",Documentary,2008,4.5,1,16,,,,,,,,,
65230,"Marley & Me",Comedy|Drama,2008,3.14285714285714,14,4,7,,,,,,,,
65261,"Ponyo",Adventure|Animation|Children|Fantasy,2008,4,11,1,2,3,5,,,,,,
65350,"General Died at Dawn, The",Adventure|Crime|Thriller,1936,0.5,1,1,9,10,,,,,,,
65359,"Earthsea",Adventure|Drama|Fantasy,2004,3,1,1,5,7,,,,,,,
65514,"Ip Man",Action|Drama|War,2008,3.95,10,7,8,14,,,,,,,
65577,"Tale of Despereaux, The",Adventure|Animation|Children|Comedy|Fantasy,2008,3,1,1,2,3,4,5,,,,,
65585,"Bride Wars",Comedy|Romance,2009,3.5,4,4,6,,,,,,,,
65588,"Gamers, The: Dorkness Rising",Action|Adventure|Comedy|Fantasy,2008,2.5,1,1,4,5,8,,,,,,
65596,"Mesrine: Killer Instinct",Action|Crime|Drama|Thriller,2008,4,1,7,8,9,10,,,,,,
65601,"My Bloody Valentine 3-D",Horror|Thriller,2009,2,1,10,11,,,,,,,,
65631,"Battle in Seattle",Action|Drama,2007,4,1,7,8,,,,,,,,
65642,"Timecrimes",Sci-Fi|Thriller,2007,4.25,4,10,13,,,,,,,,
65651,"Fire and Ice",Adventure|Fantasy,2008,2,1,1,5,,,,,,,,
65682,"Underworld: Rise of the Lycans",Action|Fantasy|Horror|Thriller,2009,3.64285714285714,7,5,8,10,11,,,,,,
65685,"Inkheart",Adventure|Fantasy,2008,3.5,5,1,5,,,,,,,,
65738,"Revenge of the Nerds III: The Next Generation",Comedy,1992,4,1,4,,,,,,,,,
65740,"Revenge of the Nerds IV: Nerds in Love",Comedy|Romance,1994,4,1,4,6,,,,,,,,
65802,"Paul Blart: Mall Cop",Action|Comedy|Crime,2009,2.71428571428571,7,4,8,9,,,,,,,
65810,"Notorious",Drama|Musical,2009,3,1,7,15,,,,,,,,
65882,"Uninvited, The",Drama|Horror|Mystery|Thriller,2009,3.5,1,7,10,11,12,,,,,,
65982,"Outlander",Action|Adventure|Sci-Fi,2008,3.33333333333333,3,1,8,13,,,,,,,
66090,"Eden Lake",Horror|Thriller,2008,4,1,10,11,,,,,,,,
66097,"Coraline",Animation|Fantasy|Thriller,2009,3.7,35,2,5,10,,,,,,,
66171,"Push",Sci-Fi|Thriller,2009,3,2,10,13,,,,,,,,
66198,"International, The",Drama|Thriller,2009,3,2,7,10,,,,,,,,
66203,"He's Just Not That Into You",Comedy|Drama|Romance,2009,2.81818181818182,11,4,6,7,,,,,,,
66240,"Dead Like Me: Life After Death",Comedy|Fantasy,2009,3.5,1,4,5,,,,,,,,
66297,"Futurama: Into the Wild Green Yonder",Action|Animation|Comedy|Sci-Fi,2009,3.5,6,2,4,8,13,,,,,,
66310,"Frontière",Drama|Horror|Thriller,2007,3.5,1,7,10,11,,,,,,,
66320,"11th Hour, The",Documentary,2007,4,1,16,,,,,,,,,
66335,"Afro Samurai: Resurrection",Animation,2009,2.5,1,2,,,,,,,,,
66371,"Departures",Drama,2008,4.1,5,7,,,,,,,,,
66427,"My Name Is Bruce",Comedy|Horror,2007,3,1,4,11,,,,,,,,
66509,"Funny People",Comedy|Drama,2009,3.5,5,4,7,,,,,,,,
66511,"Berlin Calling",Comedy|Drama,2008,4.25,2,4,7,,,,,,,,
66544,"Nuremberg",Drama|War,2000,4,1,7,14,,,,,,,,
66665,"Away We Go",Comedy|Drama|Romance,2009,3.5,4,4,6,7,,,,,,,
66744,"Divo, Il",Drama,2008,4,2,7,,,,,,,,,
66783,"Friday the 13th",Horror,2009,3,2,11,,,,,,,,,
66785,"Good, the Bad, the Weird, The",Action|Adventure|Comedy|Western,2008,3.8,5,1,4,8,18,,,,,,
66798,"Pink Panther 2, The",Adventure|Comedy|Mystery,2009,2.75,2,1,4,12,,,,,,,
66915,"Rock-A-Doodle",Adventure|Animation|Children|Musical,1991,2,1,1,2,3,15,,,,,,
66934,"Dr. Horrible's Sing-Along Blog",Comedy|Drama|Musical|Sci-Fi,2008,3.91666666666667,24,4,7,13,15,,,,,,
66943,"Cottage, The",Comedy|Crime|Horror|Thriller,2008,4.25,2,4,9,10,11,,,,,,
67087,"I Love You, Man",Comedy,2009,3.52941176470588,17,4,,,,,,,,,
67168,"Dance of the Dead",Adventure|Comedy|Horror,2008,3.5,1,1,4,11,,,,,,,
67186,"Haunting in Connecticut, The",Horror|Thriller,2009,2.5,2,10,11,,,,,,,,
67193,"Duplicity",Crime|Romance|Thriller,2009,2.5,1,6,9,10,,,,,,,
67197,"Knowing",Action|Drama|Mystery|Sci-Fi|Thriller,2009,2.83333333333333,9,7,8,10,12,13,,,,,
67255,"Girl with the Dragon Tattoo, The",Crime|Drama|Mystery|Thriller,2009,3.94,25,7,9,10,12,,,,,,
67267,"Sunshine Cleaning",Comedy|Drama,2008,3.375,4,4,7,,,,,,,,
67295,"Kung Fu Panda: Secrets of the Furious Five",Action|Animation|Children|Comedy,2008,2.875,4,2,3,4,8,,,,,,
67361,"Echelon Conspiracy",Action|Mystery|Thriller,2009,2,1,8,10,12,,,,,,,
67408,"Monsters vs. Aliens",Animation|Sci-Fi|IMAX,2009,3.25,8,2,13,17,,,,,,,
67508,"Baader Meinhof Komplex, Der",Action|Crime|Drama|Thriller,2008,4,1,7,8,9,10,,,,,,
67534,"Big Stan",Comedy,2007,2.75,2,4,,,,,,,,,
67618,"Strictly Sexual",Comedy|Drama|Romance,2008,5,1,4,6,7,,,,,,,
67665,"Anvil! The Story of Anvil",Documentary|Musical,2008,3.75,2,15,16,,,,,,,,
67695,"Observe and Report",Action|Comedy,2009,2.625,4,4,8,,,,,,,,
67734,"Adventureland",Comedy|Drama,2009,3.33333333333333,15,4,7,,,,,,,,
67788,"Confessions of a Shopaholic",Comedy|Romance,2009,3.5,4,4,6,,,,,,,,
67799,"The Butterfly Effect 3: Revelations",Drama|Fantasy|Sci-Fi|Thriller,2009,0.5,1,5,7,10,13,,,,,,
67888,"Man on the Flying Trapeze",Comedy,1935,4.5,1,4,,,,,,,,,
67923,"Fast & Furious",Action|Crime|Drama|Thriller,2009,3.25,10,7,8,9,10,,,,,,
67997,"In the Loop",Comedy,2009,4.3,5,4,,,,,,,,,
68073,"Pirate Radio",Comedy|Drama,2009,3.4,5,4,7,,,,,,,,
68135,"17 Again",Comedy|Drama,2009,3.55,10,4,7,,,,,,,,
68157,"Inglourious Basterds",Action|Drama|War,2009,4.13636363636364,88,7,8,14,,,,,,,
68159,"State of Play",Crime|Drama|Thriller,2009,4,3,7,9,10,,,,,,,
68194,"Damned United, The",Drama,2009,4.25,2,7,,,,,,,,,
68205,"Crank: High Voltage",Action|Comedy|Crime,2009,2.9375,8,4,8,9,,,,,,,
68237,"Moon",Drama|Mystery|Sci-Fi|Thriller,2009,3.96875,32,7,10,12,13,,,,,,
68269,"Young Victoria, The",Drama|Romance,2009,4.25,2,6,7,,,,,,,,
68319,"X-Men Origins: Wolverine",Action|Sci-Fi|Thriller,2009,2.86538461538462,26,8,10,13,,,,,,,
68347,"Sin Nombre",Crime|Drama|Thriller,2009,4,1,7,9,10,,,,,,,
68358,"Star Trek",Action|Adventure|Sci-Fi|IMAX,2009,3.86440677966102,59,1,8,13,17,,,,,,
68444,"Great Buck Howard, The",Comedy,2008,3.5,1,4,,,,,,,,,
68480,"Flatfoot on the Nile",Action|Comedy|Crime,1980,1.5,1,4,8,9,,,,,,,
68486,"Red Cliff Part II",Action|Drama|War,2009,4,3,7,8,14,,,,,,,
68522,"Earth",Documentary,2007,3.5,1,16,,,,,,,,,
68536,"Stanley Kubrick: A Life in Pictures",Documentary,2001,4,1,16,,,,,,,,,
68552,"Crossing Over",Drama,2009,2,1,7,,,,,,,,,
68554,"Angels & Demons",Crime|Drama|Mystery|Thriller,2009,3.26470588235294,17,7,9,10,12,,,,,,
68597,"Scorpio",Action|Drama|Thriller,1973,4,1,7,8,10,,,,,,,
68600,"Balls Out: Gary the Tennis Coach",Comedy,2009,2,1,4,,,,,,,,,
68650,"Powder Blue",Drama,2009,2,1,7,,,,,,,,,
68659,"Fanboys",Adventure|Comedy|Drama,2009,2.875,8,1,4,7,,,,,,,
68791,"Terminator Salvation",Action|Adventure|Sci-Fi|Thriller,2009,3.25,18,1,8,10,13,,,,,,
68793,"Night at the Museum: Battle of the Smithsonian",Action|Comedy|IMAX,2009,3.1,10,4,8,17,,,,,,,
68835,"Were the World Mine",Adventure|Fantasy|Musical|Romance,2008,3.5,1,1,5,6,15,,,,,,
68848,"Brothers Bloom, The",Adventure|Comedy|Crime|Romance,2008,4.33333333333333,3,1,4,6,9,,,,,,
68872,"Paisan",Drama|War,1946,4,1,7,14,,,,,,,,
68886,"I Do: How to Get Married and Stay Single",Comedy|Romance,2006,4,1,4,6,,,,,,,,
68932,"Soloist, The",Drama|Musical,2009,3.5,2,7,15,,,,,,,,
68945,"Neon Genesis Evangelion: Death & Rebirth",Action|Animation|Mystery|Sci-Fi,1997,4,2,2,8,12,13,,,,,,
68952,"Drag Me to Hell",Comedy|Horror,2009,3.75,6,4,11,,,,,,,,
68954,"Up",Adventure|Animation|Children|Drama,2009,4.0047619047619,105,1,2,3,7,,,,,,
68959,"Fullmetal Alchemist the Movie: Conqueror of Shamballa",Action|Adventure|Animation|Drama,2005,2.75,2,1,2,7,8,,,,,,
69069,"Fired Up",Comedy,2009,3.58333333333333,6,4,,,,,,,,,
69118,"In the Electric Mist",Drama|Mystery,2009,1.5,1,7,12,,,,,,,,
69122,"Hangover, The",Comedy|Crime,2009,3.63157894736842,76,4,9,,,,,,,,
69131,"Killshot",Action|Crime|Drama|Thriller,2008,2.5,1,7,8,9,10,,,,,,
69134,"Antichrist",Drama|Fantasy,2009,3.8,5,5,7,,,,,,,,
69140,"Sweeney Todd",Crime|Drama|Horror|Thriller,2006,4,1,7,9,10,11,,,,,,
69211,"Boy Eats Girl",Comedy|Horror,2005,5,1,4,11,,,,,,,,
69224,"Marius and Jeanette",Comedy|Drama|Romance,1997,4,1,4,6,7,,,,,,,
69227,"Ernest Rides Again",Children|Comedy,1993,1,1,3,4,,,,,,,,
69251,"Special",Drama|Fantasy,2006,3.5,1,5,7,,,,,,,,
69275,"Dead Snow",Action|Adventure|Comedy|Horror,2009,4.25,4,1,4,8,11,,,,,,
69278,"Land of the Lost",Action|Adventure|Comedy|Sci-Fi,2009,3.21428571428571,7,1,4,8,13,,,,,,
69304,"Imagine That",Comedy|Drama|Fantasy,2009,4,1,4,5,7,,,,,,,
69306,"Taking of Pelham 1 2 3, The",Crime|Drama|Thriller,2009,3.16666666666667,6,7,9,10,,,,,,,
69394,"Stoning of Soraya M., The",Crime|Drama,2008,4.5,1,7,9,,,,,,,,
69406,"Proposal, The",Comedy|Romance,2009,3.5,16,4,6,,,,,,,,
69436,"Year One",Adventure|Comedy,2009,2.78571428571429,7,1,4,,,,,,,,
69453,"Land That Time Forgot, The",Adventure|Sci-Fi,1975,1.5,2,1,13,,,,,,,,
69469,"Garfield's Pet Force",Animation,2009,5,1,2,,,,,,,,,
69481,"Hurt Locker, The",Action|Drama|Thriller|War,2008,4.05882352941176,34,7,8,10,14,,,,,,
69495,"Breakfast with Scot",Drama|Romance,2007,3.5,1,6,7,,,,,,,,
69516,"Limits of Control, The",Crime|Drama|Film-Noir,2009,2.75,2,7,9,19,,,,,,,
69524,"Raiders of the Lost Ark: The Adaptation",Action|Adventure|Thriller,1989,4.33333333333333,3,1,8,10,,,,,,,
69526,"Transformers: Revenge of the Fallen",Action|Adventure|Sci-Fi|IMAX,2009,2.425,20,1,8,13,17,,,,,,
69529,"Home",Documentary,2009,4.5,2,16,,,,,,,,,
69604,"Whatever Works",Comedy|Romance,2009,3,2,4,6,,,,,,,,
69606,"Ghosts of Girlfriends Past",Comedy|Fantasy|Romance,2009,2.5,3,4,5,6,,,,,,,
69640,"Public Enemies",Crime|Drama|Thriller,2009,3.05555555555556,9,7,9,10,,,,,,,
69644,"Ice Age: Dawn of the Dinosaurs",Action|Adventure|Animation|Children|Comedy|Romance,2009,2.60714285714286,14,1,2,3,4,6,8,,,,
69654,"Prison Break: The Final Break",Action|Drama|Thriller,2009,3.5,1,7,8,10,,,,,,,
69685,"Daria: Is It College Yet?",Animation|Comedy,2002,1,1,2,4,,,,,,,,
69712,"My Sister's Keeper",Drama,2009,4,1,7,,,,,,,,,
69720,"Hood of Horror",Comedy|Drama|Horror,2006,4.5,1,4,7,11,,,,,,,
69746,"Watchmen: Tales of the Black Freighter",Action|Adventure|Animation|Horror,2009,3.5,1,1,2,8,11,,,,,,
69757,"Days of Summer",Comedy|Drama|Romance,2009,3.66666666666667,42,4,6,7,,,,,,,
69784,"Brüno",Comedy,2009,3.65,10,4,,,,,,,,,
69805,"Librarian, The: The Curse of the Judas Chalice",Action|Adventure|Fantasy,2008,3.75,2,1,5,8,,,,,,,
69844,"Harry Potter and the Half-Blood Prince",Adventure|Fantasy|Mystery|Romance|IMAX,2009,3.88793103448276,58,1,5,6,12,17,,,,,
69849,"Roots",Drama|War,1977,3.16666666666667,3,7,14,,,,,,,,
69860,"Eichmann",Drama|War,2007,5,1,7,14,,,,,,,,
69904,"Open Water 2: Adrift",Drama|Thriller,2006,2.5,1,7,10,,,,,,,,
69951,"Imaginarium of Doctor Parnassus, The",Drama|Fantasy,2009,3.8125,16,5,7,,,,,,,,
69953,"9to5: Days in Porn",Documentary,2008,3.5,1,16,,,,,,,,,
69988,"Humpday",Comedy,2009,2.5,1,4,,,,,,,,,
70015,"Polytechnique",Crime|Drama,2009,1.5,1,7,9,,,,,,,,
70159,"Orphan",Drama|Horror|Mystery|Thriller,2009,3,4,7,10,11,12,,,,,,
70183,"Ugly Truth, The",Comedy|Drama|Romance,2009,3.66666666666667,12,4,6,7,,,,,,,
70206,"Collector, The",Crime|Horror|Thriller,2009,3.5,1,9,10,11,,,,,,,
70208,"Perfect Getaway, A",Horror|Thriller,2009,4,1,10,11,,,,,,,,
70286,"District 9",Mystery|Sci-Fi|Thriller,2009,3.77692307692308,65,10,12,13,,,,,,,
70293,"Julie & Julia",Comedy|Drama|Romance,2009,2.95833333333333,12,4,6,7,,,,,,,
70301,"Obsessed",Crime|Drama|Thriller,2009,3.5,1,7,9,10,,,,,,,
70305,"Race to Witch Mountain",Adventure|Children|Fantasy|Sci-Fi|Thriller,2009,3.5,2,1,3,5,10,13,,,,,
70334,"Hannah Montana: The Movie",Comedy|Drama|Musical|Romance,2009,3.5,1,4,6,7,15,,,,,,
70336,"G.I. Joe: The Rise of Cobra",Action|Adventure|Sci-Fi|Thriller,2009,2.625,8,1,8,10,13,,,,,,
70361,"12 Rounds",Action|Thriller,2009,3,3,8,10,,,,,,,,
70451,"Max Manus",Action|Drama|War,2008,5,1,7,8,14,,,,,,,
70492,"Winds of the Wasteland",Western,1936,3.5,1,18,,,,,,,,,
70521,"Lost in Austen",Drama|Fantasy|Romance|Sci-Fi,2008,3.66666666666667,3,5,6,7,13,,,,,,
70533,"Evangelion: 1.0 You Are  Alone",Action|Animation|Sci-Fi,2007,3.83333333333333,3,2,8,13,,,,,,,
70545,"Deal, The",Comedy,2008,2,1,4,,,,,,,,,
70565,"Goods: Live Hard, Sell Hard, The",Comedy,2009,3.625,4,4,,,,,,,,,
70599,"Time Traveler's Wife, The",Drama|Romance|Sci-Fi,2009,3.9,5,6,7,13,,,,,,,
70637,"I Can't Think Straight",Drama|Romance,2007,4,1,6,7,,,,,,,,
70641,"Miss March",Comedy,2009,2.83333333333333,3,4,,,,,,,,,
70663,"I Love You, Beth Cooper",Comedy|Romance,2009,2.5,1,4,6,,,,,,,,
70687,"Paper Heart",Comedy|Documentary|Drama|Romance,2009,2.75,2,4,6,7,16,,,,,,
70697,"G-Force",Action|Adventure|Children|Fantasy,2009,3.5,1,1,3,5,8,,,,,,
70703,"Christopher Columbus: The Discovery",Adventure,1992,2,1,1,,,,,,,,,
70708,"Tetro",Drama|Mystery,2009,4.5,1,7,12,,,,,,,,
70728,"Bronson",Action|Comedy|Drama|Thriller,2009,3.83333333333333,3,4,7,8,10,,,,,,
70862,"It Might Get Loud",Documentary,2008,3.75,2,16,,,,,,,,,
70932,"My Life in Ruins",Comedy,2009,2,1,4,,,,,,,,,
70946,"Troll 2",Fantasy|Horror,1990,3.5,3,5,11,,,,,,,,
70984,"Taking Woodstock",Comedy,2009,3,3,4,,,,,,,,,
70990,"If These Walls Could Talk",Drama,1996,2.5,1,7,,,,,,,,,
70994,"Halloween II",Horror|Thriller,2009,3,3,10,11,,,,,,,,
71033,"Secret in Their Eyes, The",Crime|Drama|Mystery|Romance|Thriller,2009,3.85714285714286,7,6,7,9,10,12,,,,,
71057,"9",Adventure|Animation|Sci-Fi,2009,3.64285714285714,14,1,2,13,,,,,,,
71106,"Frequently Asked Questions About Time Travel",Comedy|Sci-Fi,2009,3.6,5,4,13,,,,,,,,
71108,"White Ribbon, The",Drama|Mystery,2009,4.5,1,7,12,,,,,,,,
71129,"Green Lantern: First Flight",Action|Adventure|Animation|Fantasy|Sci-Fi,2009,3.5,1,1,2,5,8,13,,,,,
71131,"Most Hated Family in America, The",Documentary,2007,4.5,2,16,,,,,,,,,
71135,"Pandorum",Horror|Sci-Fi|Thriller,2009,3.4,5,10,11,13,,,,,,,
71147,"Death of a Cyclist",Drama,1955,3,1,7,,,,,,,,,
71156,"Men Who Stare at Goats, The",Action|Comedy|Drama,2009,3.38888888888889,9,4,7,8,,,,,,,
71160,"Hunt For Gollum, The",Action|Adventure|Fantasy,2009,3,1,1,5,8,,,,,,,
71205,"Jennifer's Body",Comedy|Horror|Sci-Fi|Thriller,2009,1,2,4,10,11,13,,,,,,
71211,"Informant!, The",Comedy|Crime|Drama|Thriller,2009,3.66666666666667,3,4,7,9,10,,,,,,
71248,"Extract",Comedy,2009,2,2,4,,,,,,,,,
71252,"Final Destination, The",Horror|Thriller,2009,2.66666666666667,3,10,11,,,,,,,,
71254,"Gamer",Action|Sci-Fi|Thriller,2009,3.42857142857143,7,8,10,13,,,,,,,
71264,"Cloudy with a Chance of Meatballs",Animation|Children|Fantasy|IMAX,2009,3.52941176470588,17,2,3,5,17,,,,,,
71268,"Tyler Perry's I Can Do Bad All by Myself",Comedy|Drama,2009,5,1,4,7,,,,,,,,
71282,"Food, Inc.",Documentary,2008,3.6875,8,16,,,,,,,,,
71302,"Attack of the 50 Foot Woman",Comedy|Sci-Fi,1958,4.5,1,4,13,,,,,,,,
71304,"Thirst",Drama|Horror,2009,4,3,7,11,,,,,,,,
71327,"Bright Star",Drama|Romance,2009,3.5,1,6,7,,,,,,,,
71341,"Blood Creek",Horror,2009,3,1,11,,,,,,,,,
71379,"Paranormal Activity",Horror|Thriller,2009,3.4,5,10,11,,,,,,,,
71429,"World's Greatest Dad",Comedy|Drama,2009,3,2,4,7,,,,,,,,
71438,"Still Walking",Drama,2008,1,1,7,,,,,,,,,
71453,"Blood of the Beasts",Documentary|Drama,1949,4,1,7,16,,,,,,,,
71462,"Cove, The",Documentary,2009,4.25,4,16,,,,,,,,,
71464,"Serious Man, A",Comedy|Drama,2009,3.22727272727273,11,4,7,,,,,,,,
71466,"City Island",Comedy|Drama,2009,4,1,4,7,,,,,,,,
71468,"Ink",Action|Fantasy|Sci-Fi,2009,3.5,1,5,8,13,,,,,,,
71484,"Metropia",Animation|Sci-Fi,2009,2.5,1,2,13,,,,,,,,
71494,"Haunted World of El Superbeasto, The",Action|Animation|Comedy|Horror|Thriller,2009,3.5,1,2,4,8,10,11,,,,,
71500,"Trick 'r Treat",Comedy|Horror|Thriller,2007,2.5,1,4,10,11,,,,,,,
71518,"Whip It",Comedy|Drama,2009,3.1,5,4,7,,,,,,,,
71520,"Invention of Lying, The",Comedy,2009,2.33333333333333,6,4,,,,,,,,,
71530,"Surrogates",Action|Sci-Fi|Thriller,2009,3.03571428571429,14,8,10,13,,,,,,,
71535,"Zombieland",Action|Comedy|Horror,2009,3.87735849056604,53,4,8,11,,,,,,,
71550,"Assassination of a High School President",Comedy|Drama|Mystery,2008,1,1,4,7,12,,,,,,,
71579,"Education, An",Drama|Romance,2009,3.83333333333333,6,6,7,,,,,,,,
71619,"Coco Before Chanel",Drama,2009,4,1,7,,,,,,,,,
71640,"Burma VJ: Reporting from a Closed Country",Documentary,2008,3.5,1,16,,,,,,,,,
71668,"Couples Retreat",Comedy|Romance,2009,3.33333333333333,3,4,6,,,,,,,,
71732,"I Sell the Dead",Comedy|Horror,2008,2.5,2,4,11,,,,,,,,
71745,"Where the Wild Things Are",Adventure|Children|Drama|Fantasy|IMAX,2009,2.66666666666667,12,1,3,5,7,17,,,,,
71810,"Legionnaire",Action|Adventure|Drama|War,1998,0.5,1,1,7,8,14,,,,,,
71823,"New York, I Love You",Drama|Romance,2009,3.5,4,6,7,,,,,,,,
71838,"Law Abiding Citizen",Drama|Thriller,2009,3.0625,8,7,10,,,,,,,,
71867,"Misfortunates, The",Drama,2009,3,1,7,,,,,,,,,
71899,"Mary and Max",Animation|Comedy|Drama,2009,4.2,10,2,4,7,,,,,,,
71902,"Spread",Drama|Romance,2009,3.5,1,6,7,,,,,,,,
71910,"Tournament, The",Action,2009,2.5,1,8,,,,,,,,,
71970,"Princess and the Pirate, The",Adventure|Comedy|Romance,1944,4,1,1,4,6,,,,,,,
71999,"Aelita: The Queen of Mars",Action|Adventure|Drama|Fantasy|Romance|Sci-Fi|Thriller,1924,4.5,1,1,5,6,7,8,10,13,,,
72011,"Up in the Air",Drama|Romance,2009,3.71875,32,6,7,,,,,,,,
72104,"Balance",Animation|Drama|Mystery|Sci-Fi|Thriller,1989,4.5,1,2,7,10,12,13,,,,,
72129,"Saw VI",Crime|Horror|Mystery|Thriller,2009,3.5,3,9,10,11,12,,,,,,
72142,"Love Exposure",Action|Comedy|Drama|Romance,2008,5,1,4,6,7,8,,,,,,
72165,"Cirque du Freak: The Vampire's Assistant",Action|Adventure|Comedy|Fantasy|Horror|Thriller,2009,2,1,1,4,5,8,10,11,,,,
72167,"Boondock Saints II: All Saints Day, The",Action|Crime|Drama|Thriller,2009,3.375,4,7,8,9,10,,,,,,
72171,"Black Dynamite",Action|Comedy,2009,3.5,2,4,8,,,,,,,,
72178,"Welcome to Dongmakgol",Comedy|Drama|War,2005,4.5,1,4,7,14,,,,,,,
72224,"Gentlemen Broncos",Comedy,2009,2.25,2,4,,,,,,,,,
72226,"Fantastic Mr. Fox",Adventure|Animation|Children|Comedy|Crime,2009,4.08333333333333,18,1,2,3,4,9,,,,,
72294,"Christmas Carol, A",Animation|Children|Drama|Fantasy|IMAX,2009,3,2,2,3,5,7,17,,,,,
72308,"Battlestar Galactica: The Plan",Action|Adventure|Drama|Sci-Fi,2009,4.25,2,1,7,8,13,,,,,,
72330,"Private Lives of Pippa Lee, The",Drama,2009,3.5,1,7,,,,,,,,,
72356,"Partly Cloudy",Animation|Children|Comedy|Fantasy,2009,4.375,4,2,3,4,5,,,,,,
72378,"2012",Action|Drama|Sci-Fi|Thriller,2009,2.61904761904762,21,7,8,10,13,,,,,,
72395,"Precious",Drama,2009,3.5,3,7,,,,,,,,,
72405,"Bad Lieutenant: Port of Call New Orleans",Crime|Drama,2009,2.25,2,7,9,,,,,,,,
72407,"Twilight Saga: New Moon, The",Drama|Fantasy|Horror|Romance|Thriller,2009,2.66666666666667,9,5,6,7,10,11,,,,,
72424,"Derailed",Action|Thriller,2002,0.5,1,8,10,,,,,,,,
72479,"Messenger, The",Drama|Romance|War,2009,3.5,1,6,7,14,,,,,,,
72489,"Ninja Assassin",Action|Crime|Drama|Thriller,2009,4.16666666666667,3,7,8,9,10,,,,,,
72554,"Cell 211",Action|Drama,2009,4.5,1,7,8,,,,,,,,
72591,"Patriot, The",Action|Thriller,1998,3.5,1,8,10,,,,,,,,
72601,"Teenage Mutant Ninja Turtles: Turtles Forever",Action|Adventure|Animation|Comedy|Thriller,2009,3,1,1,2,4,8,10,,,,,
72603,"Merry Madagascar",Animation,2009,3,1,2,,,,,,,,,
72605,"Brothers",Drama|Thriller|War,2009,3.5,5,7,10,14,,,,,,,
72624,"Garage",Drama,2007,3.5,1,7,,,,,,,,,
72641,"Blind Side, The",Drama,2009,3.67741935483871,31,7,,,,,,,,,
72692,"Mickey's Once Upon a Christmas",Animation|Comedy|Fantasy,1999,5,1,2,4,5,,,,,,,
72694,"Shrink",Drama,2009,2,1,7,,,,,,,,,
72696,"Old Dogs",Comedy,2009,0.5,1,4,,,,,,,,,
72701,"Planet 51",Adventure|Animation|Children|Comedy|Sci-Fi,2009,3,3,1,2,3,4,13,,,,,
72714,"Earthlings",Documentary,2006,4,1,16,,,,,,,,,
72720,"Single Man, A",Drama,2009,3.83333333333333,3,7,,,,,,,,,
72731,"Lovely Bones, The",Crime|Drama|Fantasy|Horror|Thriller,2009,3.16666666666667,3,5,7,9,10,11,,,,,
72733,"Invictus",Drama,2009,3.85714285714286,7,7,,,,,,,,,
72737,"Princess and the Frog, The",Animation|Children|Fantasy|Musical|Romance,2009,3.75,12,2,3,5,6,15,,,,,
72874,"Peacekeeper, The",Action,1997,1,1,8,,,,,,,,,
72919,"Did You Hear About the Morgans?",Comedy|Crime|Drama|Romance,2009,3,1,4,6,7,9,,,,,,
72921,"Snow White",Fantasy|Romance,1916,3.5,1,5,6,,,,,,,,
72982,"Alice",Action|Adventure|Fantasy,2009,4,1,1,5,8,,,,,,,
72998,"Avatar",Action|Adventure|Sci-Fi|IMAX,2009,3.60309278350515,97,1,8,13,17,,,,,,
73015,"It's Complicated",Comedy|Romance,2009,2.75,4,4,6,,,,,,,,
73017,"Sherlock Holmes",Action|Crime|Mystery|Thriller,2009,3.85344827586207,58,8,9,10,12,,,,,,
73023,"Crazy Heart",Drama|Romance,2009,4.1,5,6,7,,,,,,,,
73042,"Alvin and the Chipmunks: The Squeakquel",Animation|Children|Comedy|Musical,2009,2.66666666666667,3,2,3,4,15,,,,,,
73106,"American Pie Presents: The Book of Love",Comedy,2009,2.16666666666667,3,4,,,,,,,,,
73160,"Sorority Babes in the Slimeball Bowl-O-Rama",Comedy|Horror,1988,2.5,1,4,11,,,,,,,,
73211,"Pontypool",Horror|Thriller,2008,3.75,2,10,11,,,,,,,,
73266,"Youth in Revolt",Comedy|Drama|Romance,2009,3,5,4,6,7,,,,,,,
73268,"Daybreakers",Action|Drama|Horror|Thriller,2010,3.41666666666667,6,7,8,10,11,,,,,,
73290,"Hachiko: A Dog's Story",Drama,2009,3.5,2,7,,,,,,,,,
73319,"Leap Year",Comedy|Romance,2010,2.4,5,4,6,,,,,,,,
73321,"Book of Eli, The",Action|Adventure|Drama,2010,3.28125,16,1,7,8,,,,,,,
73323,"Girl Who Kicked the Hornet's Nest, The",Action|Crime|Mystery,2009,4.2,5,8,9,12,,,,,,,
73344,"Prophet, A",Crime|Drama,2009,4.25,4,7,9,,,,,,,,
73386,"Staten Island",Crime|Drama,2009,1.5,1,7,9,,,,,,,,
73431,"Maiden Heist, The",Comedy|Crime,2009,2.5,1,4,9,,,,,,,,
73488,"Blood: The Last Vampire",Action|Horror|Thriller,2009,2,1,8,10,11,,,,,,,
73499,"MacGyver: Lost Treasure of Atlantis",Action|Adventure,1994,3.5,1,1,8,,,,,,,,
73501,"Pekka ja Pätkä Suezilla",Comedy,1958,3.5,1,4,,,,,,,,,
73515,"Bart Got a Room",Comedy|Romance,2008,3.5,1,4,6,,,,,,,,
73569,"Project A 2",Action|Comedy|Crime,1987,3.75,2,4,8,9,,,,,,,
73676,"Robin-B-Hood",Action|Comedy|Drama,2006,3,1,4,7,8,,,,,,,
73681,"Concert, Le",Comedy|Drama,2009,3,1,4,7,,,,,,,,
73741,"Ninja",Action|Crime|Drama|Thriller,2009,3,1,7,8,9,10,,,,,,
73804,"Asterix at the Olympic Games",Adventure|Children|Comedy|Fantasy,2008,4,1,1,3,4,5,,,,,,
73808,"Chaser, The",Crime|Drama|Thriller,2008,3,1,7,9,10,,,,,,,
73822,"Meantime",Comedy|Drama,1984,5,1,4,7,,,,,,,,
73854,"Rudolph, the Red-Nosed Reindeer",Adventure|Animation|Children|Fantasy|Musical,1964,3.83333333333333,3,1,2,3,5,15,,,,,
73858,"Dennis the Menace Christmas, A",Comedy,2007,1.5,1,4,,,,,,,,,
73876,"Undisputed II: Last Man Standing",Action|Crime|Drama,2006,4,1,7,8,9,,,,,,,
73881,"3 Idiots",Comedy|Drama|Romance,2009,4.75,2,4,6,7,,,,,,,
73929,"Legion",Action|Fantasy|Horror|Thriller,2010,2.83333333333333,3,5,8,10,11,,,,,,
74075,"Stan Helsing",Comedy|Horror,2009,1,2,4,11,,,,,,,,
74089,"Peter Pan",Children|Fantasy|Musical,1960,3.5,1,3,5,15,,,,,,,
74095,"Wicked City",Animation|Fantasy|Horror|Sci-Fi,1987,2.5,1,2,5,11,13,,,,,,
74154,"When in Rome",Comedy|Romance,2010,2.5,4,4,6,,,,,,,,
74226,"Dream of Light",Documentary|Drama,1992,5,1,7,16,,,,,,,,
74228,"Triangle",Drama|Horror|Mystery|Thriller,2009,4,2,7,10,11,12,,,,,,
74275,"I Love You Phillip Morris",Comedy|Drama|Romance,2009,1.5,2,4,6,7,,,,,,,
74282,"Anne of Green Gables: The Sequel",Children|Drama|Romance,1987,4.75,2,3,6,7,,,,,,,
74324,"Temple Grandin",Drama,2010,4.375,4,7,,,,,,,,,
74342,"Captain Newman, M.D.",Comedy|Drama|War,1963,4.5,1,4,7,14,,,,,,,
74370,"House of the Devil, The",Horror|Thriller,2009,4,1,10,11,,,,,,,,
74450,"Valentine's Day",Comedy|Romance,2010,2.66666666666667,3,4,6,,,,,,,,
74452,"Wolfman, The",Horror|Thriller,2010,2.25,2,10,11,,,,,,,,
74458,"Shutter Island",Drama|Mystery|Thriller,2010,4.02238805970149,67,7,10,12,,,,,,,
74508,"Persuasion",Drama|Romance,2007,3.33333333333333,3,6,7,,,,,,,,
74510,"Girl Who Played with Fire, The",Action|Crime|Drama|Mystery|Thriller,2009,4.25,4,7,8,9,10,12,,,,,
74530,"Percy Jackson & the Olympians: The Lightning Thief",Adventure|Fantasy,2010,2.35714285714286,7,1,5,,,,,,,,
74532,"Cop Out",Action|Comedy|Crime,2010,2.5,5,4,8,9,,,,,,,
74545,"Ghost Writer, The",Drama|Mystery|Thriller,2010,3.78571428571429,7,7,10,12,,,,,,,
74553,"Secret of Kells, The",Animation|Fantasy,2009,4,2,2,5,,,,,,,,
74580,"Spy Next Door, The",Action|Children|Comedy,2010,2,1,3,4,8,,,,,,,
74624,"Agora",Adventure|Drama|Romance,2009,4,1,1,6,7,,,,,,,
74647,"Motherhood",Comedy,2009,1,1,4,,,,,,,,,
74668,"District 13: Ultimatum",Action|Sci-Fi,2009,3.75,2,8,13,,,,,,,,
74677,"Yes Men Fix the World, The",Documentary,2009,4,1,16,,,,,,,,,
74683,"Mike Bassett: England Manager",Comedy,2001,4,1,4,,,,,,,,,
74685,"Crazies, The",Action|Drama|Horror|Sci-Fi|Thriller,2010,3.375,4,7,8,10,11,13,,,,,
74688,"Dear John",Drama|Romance|War,2010,3.5,1,6,7,14,,,,,,,
74696,"Last Train Home",Documentary|Drama,2009,3,1,7,16,,,,,,,,
74698,"Tooth Fairy",Comedy|Fantasy,2010,2.16666666666667,3,4,5,,,,,,,,
74727,"Gentlemen of Fortune",Comedy|Crime|Drama|Mystery,1972,4.75,2,4,7,9,12,,,,,,
74750,"[REC]²",Horror|Thriller,2009,3.66666666666667,3,10,11,,,,,,,,
74754,"Room, The",Comedy|Drama|Romance,2003,3.66666666666667,3,4,6,7,,,,,,,
74789,"Alice in Wonderland",Adventure|Fantasy|IMAX,2010,2.875,28,1,5,17,,,,,,,
74791,"Town Called Panic, A",Animation,2009,3.75,2,2,,,,,,,,,
74795,"Green Zone",Action|Drama|Thriller|War,2010,3.5,9,7,8,10,14,,,,,,
74851,"From Paris with Love",Action|Crime,2010,2.5,2,8,9,,,,,,,,
74868,"Dorian Gray",Drama|Horror|Sci-Fi,2009,3,5,7,11,13,,,,,,,
74916,"Greenberg",Comedy|Drama,2010,2.33333333333333,3,4,7,,,,,,,,
74946,"She's Out of My League",Comedy,2010,3.22222222222222,9,4,,,,,,,,,
74948,"Harry Brown",Crime|Drama|Thriller,2009,4,2,7,9,10,,,,,,,
75341,"Remember Me",Drama|Romance,2010,4,1,6,7,,,,,,,,
75389,"Burrowers, The",Horror|Thriller|Western,2008,3,1,10,11,18,,,,,,,
75395,"Frozen",Drama|Horror|Thriller,2010,3.25,2,7,10,11,,,,,,,
75416,"Generation X",Action|Adventure|Sci-Fi,1996,1.5,1,1,8,13,,,,,,,
75446,"Little Ashes",Drama,2008,2.5,1,7,,,,,,,,,
75803,"Our Family Wedding",Comedy,2010,1.5,1,4,,,,,,,,,
75805,"Bounty Hunter, The",Action|Comedy|Romance,2010,2.75,6,4,6,8,,,,,,,
75813,"Leaves of Grass",Comedy|Crime|Drama|Thriller,2009,3.16666666666667,3,4,7,9,10,,,,,,
75816,"Women in Trouble",Comedy,2009,2,1,4,,,,,,,,,
75947,"Mondo Cane",Documentary,1962,2,1,16,,,,,,,,,
75985,"Repo Men",Action|Sci-Fi|Thriller,2010,3.5,6,8,10,13,,,,,,,
76030,"Case 39",Horror|Thriller,2009,0.5,1,10,11,,,,,,,,
76054,"Oceans",Documentary|Drama,2009,4,1,7,16,,,,,,,,
76060,"Slammin' Salmon, The",Comedy,2009,3.5,2,4,,,,,,,,,
76077,"Hot Tub Time Machine",Comedy|Sci-Fi,2010,3.3,15,4,13,,,,,,,,
76091,"Mother",Crime|Drama|Mystery|Thriller,2009,5,1,7,9,10,12,,,,,,
76093,"How to Train Your Dragon",Adventure|Animation|Children|Fantasy|IMAX,2010,3.94339622641509,53,1,2,3,5,17,,,,,
76143,"Bone Man, The",Crime|Thriller,2009,4.5,1,9,10,,,,,,,,
76173,"Micmacs",Comedy|Crime,2009,3.75,2,4,9,,,,,,,,
76175,"Clash of the Titans",Action|Adventure|Drama|Fantasy,2010,2.30769230769231,13,1,5,7,8,,,,,,
76251,"Kick-Ass",Action|Comedy,2010,3.65116279069767,43,4,8,,,,,,,,
76293,"Date Night",Action|Comedy|Romance,2010,3.31818181818182,11,4,6,8,,,,,,,
76301,"Emperor's New Groove 2: Kronk's New Groove, The",Animation|Children|Comedy|Romance,2005,4.5,1,2,3,4,6,,,,,,
76738,"Steam of Life",Documentary,2010,3.5,1,16,,,,,,,,,
76743,"Mortadelo & Filemon: The Big Adventure",Action|Adventure|Comedy,2003,3.5,1,1,4,8,,,,,,,
76751,"American Drug War: The Last White Hope",Crime|Documentary,2007,3,1,9,16,,,,,,,,
76763,"Runaways, The",Drama|Musical,2010,3.5,1,7,15,,,,,,,,
77177,"Wild China",Documentary,2008,4,1,16,,,,,,,,,
77191,"Death at a Funeral",Comedy,2010,3.25,2,4,,,,,,,,,
77201,"Valhalla Rising",Action|Drama|War,2009,2.5,1,7,8,14,,,,,,,
77206,"Diary of a Wimpy Kid",Children|Comedy,2010,3.5,1,3,4,,,,,,,,
77233,"Union: The Business Behind Getting High, The",Comedy|Documentary,2007,3.5,1,4,16,,,,,,,,
77266,"Disgrace",Drama,2008,3.5,1,7,,,,,,,,,
77364,"Losers, The",Action|Adventure|Drama|Mystery|Thriller,2010,3,3,1,7,8,10,12,,,,,
77414,"Last Song, The",Drama|Romance,2010,3.5,1,6,7,,,,,,,,
77421,"Cyrus",Comedy|Drama|Romance,2010,2.5,1,4,6,7,,,,,,,
77427,"Human Centipede, The",Horror,2009,0.5,1,11,,,,,,,,,
77455,"Exit Through the Gift Shop",Comedy|Documentary,2010,4.03846153846154,13,4,16,,,,,,,,
77561,"Iron Man 2",Action|Adventure|Sci-Fi|Thriller|IMAX,2010,3.51063829787234,47,1,8,10,13,17,,,,,
77667,"MacGruber",Action|Comedy,2010,3,1,4,8,,,,,,,,
77688,"Three Men and a Cradle",Comedy,1985,4.5,1,4,,,,,,,,,
77709,"Sky Crawlers, The",Adventure|Animation|Drama,2008,2.5,1,1,2,7,,,,,,,
77795,"Cargo",Sci-Fi,2009,3.5,1,13,,,,,,,,,
77798,"Nightmare on Elm Street, A",Fantasy|Horror|Thriller,2010,1.25,2,5,10,11,,,,,,,
77800,"Four Lions",Comedy|Drama,2010,4,5,4,7,,,,,,,,
77841,"St Trinian's 2: The Legend of Fritton's Gold",Adventure|Comedy,2009,2,1,1,4,,,,,,,,
77846,"12 Angry Men",Crime|Drama,1997,5,1,7,9,,,,,,,,
77866,"Robin Hood",Action|Adventure|Drama|Romance|War,2010,3.16666666666667,6,1,6,7,8,14,,,,,
77881,"Lovers & Leavers",Drama|Romance,2002,3.5,1,6,7,,,,,,,,
77893,"Merantau",Action|Drama,2009,4,1,7,8,,,,,,,,
77931,"Stingray Sam",Comedy|Musical|Sci-Fi|Western,2009,4,1,4,13,15,18,,,,,,
78034,"Cemetery Junction",Comedy|Drama|Romance,2010,3.5,1,4,6,7,,,,,,,
78039,"Blue Valentine",Drama|Romance,2010,2.8,5,6,7,,,,,,,,
78041,"Killers",Action|Comedy,2010,2.25,2,4,8,,,,,,,,
78088,"Buried",Mystery|Thriller,2010,3.5,4,10,12,,,,,,,,
78103,"Shake Hands with the Devil",Drama|War,2007,2.5,1,7,14,,,,,,,,
78105,"Prince of Persia: The Sands of Time",Action|Adventure|Fantasy|Romance|IMAX,2010,2.88461538461538,13,1,5,6,8,17,,,,,
78116,"Please Give",Comedy|Drama,2010,3.5,1,4,7,,,,,,,,
78142,"Baarìa",Comedy|Drama|War,2009,4.5,1,4,7,14,,,,,,,
78160,"Ricky Gervais Live: Animals",Comedy,2003,3.5,1,4,,,,,,,,,
78174,"Sex and the City 2",Comedy|Drama|Romance,2010,1,2,4,6,7,,,,,,,
78209,"Get Him to the Greek",Comedy,2010,3.55,10,4,,,,,,,,,
78218,"Unthinkable",Drama|Thriller,2010,3,1,7,10,,,,,,,,
78264,"Back-up Plan, The",Comedy|Romance,2010,3,1,4,6,,,,,,,,
78266,"Splice",Horror|Sci-Fi|Thriller,2009,3.5,3,10,11,13,,,,,,,
78316,"Letters to Juliet",Drama|Romance,2010,2.83333333333333,3,6,7,,,,,,,,
78349,"Exam",Mystery|Thriller,2009,3.8,5,10,12,,,,,,,,
78467,"Jonah Hex",Action|Drama|Thriller|Western,2010,1.875,4,7,8,10,18,,,,,,
78469,"A-Team, The",Action|Comedy|Thriller,2010,3.14705882352941,17,4,8,10,,,,,,,
78499,"Toy Story 3",Adventure|Animation|Children|Comedy|Fantasy|IMAX,2010,4.10909090909091,55,1,2,3,4,5,17,,,,
78544,"Ricky Gervais Live 3: Fame",Comedy,2007,3,1,4,,,,,,,,,
78574,"Winter's Bone",Drama|Thriller,2010,3.4375,8,7,10,,,,,,,,
78620,"Scalphunters, The",Comedy|Western,1968,4.5,1,4,18,,,,,,,,
78626,"Barking Dogs Never Bite",Comedy|Horror,2000,3.5,1,4,11,,,,,,,,
78637,"Shrek Forever After",Adventure|Animation|Children|Comedy|Fantasy|IMAX,2010,3.57142857142857,7,1,2,3,4,5,17,,,,
78703,"TiMER",Comedy|Drama|Fantasy|Romance,2009,3.75,2,4,5,6,7,,,,,,
78746,"Best Worst Movie",Documentary,2009,4,1,16,,,,,,,,,
78772,"Twilight Saga: Eclipse, The",Fantasy|Romance|Thriller|IMAX,2010,2.45,10,5,6,10,17,,,,,,
78836,"Enter the Void",Drama,2009,5,2,7,,,,,,,,,
78893,"Last Airbender, The",Action|Adventure|Fantasy,2010,1.91666666666667,6,1,5,8,,,,,,,
78959,"Endgame",Drama,2009,3,1,7,,,,,,,,,
79006,"Empire of Dreams: The Story of the 'Star Wars' Trilogy",Documentary,2004,4.5,1,16,,,,,,,,,
79008,"South Park: Imaginationland",Animation|Comedy|Fantasy,2008,4,8,2,4,5,,,,,,,
79057,"Predators",Action|Sci-Fi|Thriller,2010,3.3,10,8,10,13,,,,,,,
79073,"When You're Strange",Documentary,2009,4,1,16,,,,,,,,,
79091,"Despicable Me",Animation|Children|Comedy|Crime,2010,3.68421052631579,38,2,3,4,9,,,,,,
79132,"Inception",Action|Crime|Drama|Mystery|Sci-Fi|Thriller|IMAX,2010,4.06643356643357,143,7,8,9,10,12,13,17,,,
79134,"Grown Ups",Comedy,2010,3.45,10,4,,,,,,,,,
79139,"Sorcerer's Apprentice, The",Action|Adventure|Children|Comedy|Fantasy,2010,3.45,10,1,3,4,5,8,,,,,
79185,"Knight and Day",Action|Comedy|Romance,2010,3.41666666666667,6,4,6,8,,,,,,,
79224,"Karate Kid, The",Action|Children|Drama,2010,2.5,8,3,7,8,,,,,,,
79242,"Kids Are All Right, The",Comedy|Drama,2010,2.91666666666667,6,4,7,,,,,,,,
79251,"Serbian Film, A",Horror|Thriller,2010,2.25,2,10,11,,,,,,,,
79259,"Cherrybomb",Drama|Thriller,2009,2.5,1,7,10,,,,,,,,
79274,"Batman: Under the Red Hood",Action|Animation,2010,3.66666666666667,3,2,8,,,,,,,,
79293,"Salt",Action|Thriller,2010,2.96666666666667,15,8,10,,,,,,,,
79299,"No. 1 Ladies' Detective Agency, The",Comedy|Crime|Mystery,2008,3,1,4,9,12,,,,,,,
79333,"Watch Out for the Automobile",Comedy|Crime|Romance,1966,4,1,4,6,9,,,,,,,
79357,"Mr. Nobody",Drama|Fantasy|Romance|Sci-Fi,2009,4.14285714285714,7,5,6,7,13,,,,,,
79428,"Dinner for Schmucks",Comedy,2010,3.28571428571429,7,4,,,,,,,,,
79501,"Deadly Outlaw: Rekka",Crime|Drama|Thriller,2002,4,1,7,9,10,,,,,,,
79536,"Hellsinki",Crime,2009,3,1,9,,,,,,,,,
79553,"Ip Man 2",Action,2010,3,5,8,,,,,,,,,
79572,"Ramona and Beezus",Children|Comedy,2010,2.5,1,3,4,,,,,,,,
79590,"Rebound, The",Comedy|Romance,2009,2.5,1,4,6,,,,,,,,
79592,"Other Guys, The",Action|Comedy,2010,3.26190476190476,21,4,8,,,,,,,,
79677,"Two Escobars, The",Crime|Documentary,2010,3.5,1,9,16,,,,,,,,
79684,"Paper Man",Comedy|Drama,2009,4,1,4,7,,,,,,,,
79695,"Expendables, The",Action|Adventure|Thriller,2010,3.05882352941176,17,1,8,10,,,,,,,
79702,"Scott Pilgrim vs. the World",Action|Comedy|Fantasy|Musical|Romance,2010,3.70454545454545,44,4,5,6,8,15,,,,,
79798,"I Killed My Mother",Drama,2009,3.5,2,7,,,,,,,,,
79868,"Heartless",Fantasy|Horror|Mystery|Thriller,2009,2.5,1,5,10,11,12,,,,,,
79879,"Piranha",Action|Horror|Thriller,2010,2.16666666666667,3,8,10,11,,,,,,,
79895,"Extraordinary Adventures of Adèle Blanc-Sec, The",Action|Adventure|Fantasy|Mystery,2010,2.5,1,1,5,8,12,,,,,,
79897,"Get Low",Comedy|Drama|Mystery,2009,5,1,4,7,12,,,,,,,
79946,"Joneses, The",Comedy|Drama,2009,3.5,1,4,7,,,,,,,,
80083,"Dragon Ball Z: Dead Zone",Action|Adventure|Animation|Fantasy|Sci-Fi,1989,4,1,1,2,5,8,13,,,,,
80094,"Last Exorcism, The",Horror|Thriller,2010,4,1,10,11,,,,,,,,
80124,"Sisters",Action|Crime|Drama,2001,5,1,7,8,9,,,,,,,
80126,"American, The",Drama|Thriller,2010,2.625,4,7,10,,,,,,,,
80139,"Jackass 2.5",Comedy|Documentary,2007,4.16666666666667,3,4,16,,,,,,,,
80162,"Horde, The",Action|Horror|Thriller,2009,2.5,1,8,10,11,,,,,,,
80166,"Switch, The",Comedy|Romance,2010,2.66666666666667,6,4,6,,,,,,,,
80219,"Machete",Action|Adventure|Comedy|Crime|Thriller,2010,3.25,12,1,4,8,9,10,,,,,
80241,"Going the Distance",Comedy|Romance,2010,3.16666666666667,3,4,6,,,,,,,,
80363,"Resident Evil: Afterlife",Action|Horror|Sci-Fi|Thriller|IMAX,2010,3.14285714285714,7,8,10,11,13,17,,,,,
80454,"Princess",Drama,2010,2.5,1,7,,,,,,,,,
80463,"Social Network, The",Drama,2010,3.8859649122807,57,7,,,,,,,,,
80478,"Man Vanishes, A",Documentary|Drama|Mystery,1967,4,1,7,12,16,,,,,,,
80489,"Town, The",Crime|Drama|Thriller,2010,3.95454545454545,22,7,9,10,,,,,,,
80549,"Easy A",Comedy|Romance,2010,3.7962962962963,27,4,6,,,,,,,,
80551,"Eat Pray Love",Drama|Romance,2010,3.5,2,6,7,,,,,,,,
80553,"Howl",Drama,2010,3.5,1,7,,,,,,,,,
80572,"I'm Still Here",Comedy|Drama,2010,4,1,4,7,,,,,,,,
80584,"Patrik Age 1.5",Comedy|Drama|Romance,2008,4,1,4,6,7,,,,,,,
80586,"Flipped",Comedy|Drama|Romance,2010,3.83333333333333,3,4,6,7,,,,,,,
80590,"Wall Street: Money Never Sleeps",Drama,2010,3.16666666666667,3,7,,,,,,,,,
80615,"Legend of the Guardians: The Owls of Ga'Hoole",Adventure|Animation|Fantasy|IMAX,2010,4,2,1,2,5,17,,,,,,
80693,"It's Kind of a Funny Story",Comedy|Drama,2010,3.1875,8,4,7,,,,,,,,
80727,"Middle Men",Comedy|Crime|Drama,2009,3.25,2,4,7,9,,,,,,,
80748,"Alice in Wonderland",Adventure|Children|Fantasy,1933,4,1,1,3,5,,,,,,,
80831,"Let Me In",Drama|Horror|Mystery,2010,3.85714285714286,7,7,11,12,,,,,,,
80834,"Sintel",Animation|Fantasy,2010,3.5,1,2,5,,,,,,,,
80839,"Secretariat",Adventure|Drama,2010,2.5,1,1,7,,,,,,,,
80846,"Devil",Horror|Mystery|Thriller,2010,3.25,2,10,11,12,,,,,,,
80858,"You Again",Comedy,2010,3.5,1,4,,,,,,,,,
80860,"Life as We Know It",Comedy|Romance,2010,3,6,4,6,,,,,,,,
80862,"Catfish",Documentary|Mystery,2010,3.66666666666667,3,12,16,,,,,,,,
80864,"You Will Meet a Tall Dark Stranger",Comedy|Romance,2010,3.5,1,4,6,,,,,,,,
80880,"Stone",Drama|Thriller,2010,3.25,2,7,10,,,,,,,,
80906,"Inside Job",Documentary,2010,4.29166666666667,12,16,,,,,,,,,
80917,"Monsters",Drama|Sci-Fi,2010,3.5,1,7,13,,,,,,,,
80969,"Never Let Me Go",Drama|Romance|Sci-Fi,2010,4,3,6,7,13,,,,,,,
81018,"Illusionist, The",Animation,2010,3,3,2,,,,,,,,,
81087,"Luck by Chance",Drama,2009,4.5,1,7,,,,,,,,,
81132,"Rubber",Action|Adventure|Comedy|Crime|Drama|Film-Noir|Horror|Mystery|Thriller|Western,2010,3.75,2,1,4,7,8,9,10,11,12,18,19
81156,"Jackass 3D",Action|Comedy|Documentary,2010,3.91666666666667,6,4,8,16,,,,,,,
81158,"Restrepo",Documentary|War,2010,3.16666666666667,3,14,16,,,,,,,,
81191,"Waiting for 'Superman'",Documentary,2010,4,1,16,,,,,,,,,
81229,"Red",Action|Comedy,2010,3.5,20,4,8,,,,,,,,
81257,"In a Better World",Drama,2010,3.5,1,7,,,,,,,,,
81383,"Heartbreaker",Comedy|Romance,2010,2.5,1,4,6,,,,,,,,
81417,"Paranormal Activity 2",Horror|IMAX,2010,3.7,5,11,17,,,,,,,,
81456,"Heartbeats",Drama|Romance,2010,3,2,6,7,,,,,,,,
81512,"Hereafter",Drama|Fantasy,2010,4,1,5,7,,,,,,,,
81520,"Undisputed III: Redemption",Action|Crime|Drama,2010,4,1,7,8,9,,,,,,,
81535,"Saw VII 3D - The Final Chapter",Horror|Mystery|Thriller,2010,4.5,1,10,11,12,,,,,,,
81537,"Due Date",Comedy,2010,3.1,10,4,,,,,,,,,
81562,"127 Hours",Adventure|Drama|Thriller,2010,3.83333333333333,18,1,7,10,,,,,,,
81564,"Megamind",Action|Animation|Children|Comedy|Sci-Fi|IMAX,2010,3.6,20,2,3,4,8,13,17,,,,
81591,"Black Swan",Drama|Thriller,2010,3.63095238095238,42,7,10,,,,,,,,
81681,"I Shot Jesse James",Drama|Romance|Western,1949,2,1,6,7,18,,,,,,,
81782,"Unstoppable",Action|Drama|Thriller,2010,3.35714285714286,7,7,8,10,,,,,,,
81784,"Morning Glory",Comedy|Drama|Romance,2010,2.66666666666667,6,4,6,7,,,,,,,
81786,"Certified Copy",Drama,2010,4,1,7,,,,,,,,,
81788,"Next Three Days, The",Crime|Drama|Romance|Thriller,2010,3.85714285714286,7,6,7,9,10,,,,,,
81791,"Somewhere",Drama,2010,3,1,7,,,,,,,,,
81819,"Biutiful",Drama,2010,4.25,2,7,,,,,,,,,
81831,"First Beautiful Thing, The",Comedy|Drama,2010,4,1,4,7,,,,,,,,
81834,"Harry Potter and the Deathly Hallows: Part 1",Action|Adventure|Fantasy|IMAX,2010,3.98936170212766,47,1,5,8,17,,,,,,
81845,"King's Speech, The",Drama,2010,4.04310344827586,58,7,,,,,,,,,
81847,"Tangled",Animation|Children|Comedy|Fantasy|Musical|Romance|IMAX,2010,3.91666666666667,24,2,3,4,5,6,15,17,,,
81910,"Art of the Steal, The",Documentary,2009,4,2,16,,,,,,,,,
81932,"Fighter, The",Drama,2010,3.76086956521739,23,7,,,,,,,,,
81949,"Romantics, The",Comedy|Drama|Romance,2010,3,1,4,6,7,,,,,,,
82041,"Loved Ones, The",Horror,2009,4.25,2,11,,,,,,,,,
82053,"Casino Jack",Comedy|Crime,2010,4,2,4,9,,,,,,,,
82088,"Vincent Wants to Sea",Drama,2010,3,1,7,,,,,,,,,
82093,"London Boulevard",Crime|Romance,2010,1.5,1,6,9,,,,,,,,
82095,"Skyline",Sci-Fi|Thriller,2010,0.5,1,10,13,,,,,,,,
82152,"Beastly",Drama|Fantasy|Romance,2011,3.5,1,5,6,7,,,,,,,
82167,"Love and Other Drugs",Comedy|Drama|Romance,2010,2.78571428571429,7,4,6,7,,,,,,,
82169,"Chronicles of Narnia: The Voyage of the Dawn Treader, The",Adventure|Children|Fantasy,2010,3.85714285714286,7,1,3,5,,,,,,,
82202,"Tourist, The",Drama|Thriller,2010,2.71428571428571,7,7,10,,,,,,,,
82242,"Rare Exports: A Christmas Tale",Action|Comedy,2010,4.25,2,4,8,,,,,,,,
82366,"Hatchet II",Comedy|Horror|Thriller,2010,4.5,1,4,10,11,,,,,,,
82378,"All Good Things",Drama|Mystery|Thriller,2010,3.75,2,7,10,12,,,,,,,
82459,"True Grit",Western,2010,3.75,28,18,,,,,,,,,
82461,"Tron: Legacy",Action|Adventure|Sci-Fi|IMAX,2010,3.23684210526316,19,1,8,13,17,,,,,,
82499,"How Do You Know",Comedy|Drama|Romance,2010,2.66666666666667,3,4,6,7,,,,,,,
82527,"Barney's Version",Drama,2010,4,1,7,,,,,,,,,
82534,"Company Men, The",Drama,2010,2.5,1,7,,,,,,,,,
82641,"One-Armed Swordsman, The",Action|Drama,1967,3,1,7,8,,,,,,,,
82667,"I Saw the Devil",Crime|Thriller,2010,3.875,4,9,10,,,,,,,,
82684,"Trash Humpers",Drama,2009,0.5,1,7,,,,,,,,,
82744,"Faster",Action|Crime|Drama,2010,5,1,7,8,9,,,,,,,
82765,"Little Big Soldier",Action|Adventure|Comedy|Drama|War,2010,3.5,1,1,4,7,8,14,,,,,
82767,"Rabbit Hole",Drama,2010,3.5,1,7,,,,,,,,,
82848,"One Week",Comedy,1920,3.5,1,4,,,,,,,,,
82852,"Little Fockers",Comedy,2010,1.83333333333333,6,4,,,,,,,,,
82854,"Gulliver's Travels",Adventure|Comedy|Fantasy,2010,1.83333333333333,6,1,4,5,,,,,,,
82857,"Sweetgrass",Adventure|Documentary|Western,2009,4.5,1,1,16,18,,,,,,,
83086,"Burlesque",Drama|Musical|Romance,2010,2.5,1,6,7,15,,,,,,,
83132,"Secret World of Arrietty, The",Animation|Children|Fantasy,2010,3.5,4,2,3,5,,,,,,,
83134,"Tucker & Dale vs Evil",Comedy|Horror,2010,3.91666666666667,18,4,11,,,,,,,,
83177,"Yogi Bear",Children|Comedy,2010,1.16666666666667,3,3,4,,,,,,,,
83270,"Made in Dagenham",Comedy|Drama,2010,2,1,4,7,,,,,,,,
83349,"Green Hornet, The",Action|Comedy|Crime|Fantasy|Thriller|IMAX,2011,3,11,4,5,8,9,10,17,,,,
83369,"Way Back, The",Drama,2010,4,1,7,,,,,,,,,
83374,"Warrior's Way, The",Action|Fantasy|Western,2010,3.5,1,5,8,18,,,,,,,
83480,"Season of the Witch",Adventure|Drama|Fantasy,2011,3.5,1,1,5,7,,,,,,,
83601,"Amer",Drama|Horror,2009,0.5,1,7,11,,,,,,,,
83613,"Cowboys & Aliens",Action|Sci-Fi|Thriller|Western|IMAX,2011,3,9,8,10,13,17,18,,,,,
83796,"Anything for Her",Crime|Drama|Thriller,2008,2.5,1,7,9,10,,,,,,,
83803,"Day & Night",Animation|Children,2010,4.1,5,2,3,,,,,,,,
83827,"Marwencol",Documentary,2010,4.25,2,16,,,,,,,,,
83910,"Dilemma, The",Comedy|Drama,2011,2.5,2,4,7,,,,,,,,
83969,"Down Argentine Way",Comedy|Drama|Romance,1940,5,1,4,6,7,,,,,,,
83976,"Trip, The",Comedy|Drama,2010,4,1,4,7,,,,,,,,
84152,"Limitless",Sci-Fi|Thriller,2011,3.95,30,10,13,,,,,,,,
84156,"Happy People: A Year in the Taiga",Documentary,2010,4.5,1,16,,,,,,,,,
84187,"Evangelion: 2.0 You Can  Advance",Action|Animation|Drama|Sci-Fi,2009,3.5,3,2,7,8,13,,,,,,
84189,"I Spit on Your Grave",Crime|Horror|Thriller,2010,3.75,2,9,10,11,,,,,,,
84240,"Even the Rain",Drama,2010,4,1,7,,,,,,,,,
84246,"It Happened on Fifth Avenue",Comedy|Romance,1947,4.5,1,4,6,,,,,,,,
84273,"Zeitgeist: Moving Forward",Documentary,2011,5,1,16,,,,,,,,,
84374,"No Strings Attached",Comedy|Romance,2011,2.92857142857143,14,4,6,,,,,,,,
84392,"Lincoln Lawyer, The",Crime|Drama|Thriller,2011,3.6,10,7,9,10,,,,,,,
84414,"All-Star Superman",Action|Adventure|Animation|Sci-Fi,2011,4.25,2,1,2,8,13,,,,,,
84512,"Girls About Town",Comedy,1931,5,1,4,,,,,,,,,
84523,"Kill!",Action|Comedy|Drama,1968,3,1,4,7,8,,,,,,,
84553,"Pekka ja Pätkä salapoliiseina",Comedy,1957,4,1,4,,,,,,,,,
84601,"Unknown",Drama|Mystery|Thriller,2011,3.33333333333333,6,7,10,12,,,,,,,
84615,"Cedar Rapids",Comedy,2011,2.25,2,4,,,,,,,,,
84637,"Gnomeo & Juliet",Adventure|Animation|Children|Comedy|Fantasy|Romance,2011,3,1,1,2,3,4,5,6,,,,
84696,"Burke and Hare",Comedy|Thriller,2010,4,1,4,10,,,,,,,,
84716,"Castaway on the Moon",Comedy|Drama|Romance,2009,4,1,4,6,7,,,,,,,
84772,"Paul",Adventure|Comedy|Sci-Fi,2011,3.2,15,1,4,13,,,,,,,
84799,"Asphyx, The",Horror|Sci-Fi,1973,4.5,1,11,13,,,,,,,,
84844,"Brother 2",Crime|Drama,2000,4.5,1,7,9,,,,,,,,
84847,"Emma",Comedy|Drama|Romance,2009,2.5,2,4,6,7,,,,,,,
84942,"Drive Angry",Action|Fantasy|Thriller,2011,3.75,2,5,8,10,,,,,,,
84944,"Rango",Action|Adventure|Animation|Children|Comedy|Western,2011,3.61764705882353,17,1,2,3,4,8,18,,,,
84950,"Take Me Home Tonight",Comedy|Drama,2011,2.5,1,4,7,,,,,,,,
84952,"Confessions",Drama|Horror,2010,4,1,7,11,,,,,,,,
84954,"Adjustment Bureau, The",Romance|Sci-Fi|Thriller,2011,3.16666666666667,21,6,10,13,,,,,,,
85020,"Mechanic, The",Action|Drama|Thriller,2011,3.375,4,7,8,10,,,,,,,
85022,"Hall Pass",Comedy,2011,3.125,4,4,,,,,,,,,
85025,"Eagle, The",Adventure|Drama,2011,2,1,1,7,,,,,,,,
85056,"I Am Number Four",Action|Sci-Fi|Thriller|IMAX,2011,3.1,5,8,10,13,17,,,,,,
85131,"Battle: Los Angeles",Action|Sci-Fi|War,2011,2.375,4,8,13,14,,,,,,,
85179,"Summer Wars",Adventure|Animation|Comedy|Sci-Fi,2009,3.83333333333333,3,1,2,4,13,,,,,,
85213,"Sunset Limited, The",Drama,2011,4,1,7,,,,,,,,,
85259,"Winnie the Pooh and the Honey Tree",Animation|Children,1966,4,1,2,3,,,,,,,,
85261,"Mars Needs Moms",Action|Adventure|Animation|Children|Comedy|Sci-Fi|IMAX,2011,3.5,1,1,2,3,4,8,13,17,,,
85295,"Scooby-Doo! Curse of the Lake Monster",Adventure|Children|Comedy|Mystery,2010,5,1,1,3,4,12,,,,,,
85316,"Winnie the Pooh and Tigger Too",Animation|Children,1974,3.5,1,2,3,,,,,,,,
85334,"Hard Ticket to Hawaii",Action|Comedy,1987,0.5,1,4,8,,,,,,,,
85342,"Elite Squad: The Enemy Within",Action|Crime|Drama,2010,4.35714285714286,7,7,8,9,,,,,,,
85354,"Mesrine: Public Enemy #1",Action|Crime,2008,3.5,3,8,9,,,,,,,,
85367,"Just Go with It",Comedy|Romance,2011,3.21428571428571,7,4,6,,,,,,,,
85394,"Cave of Forgotten Dreams",Documentary,2010,3,1,16,,,,,,,,,
85397,"Red Riding Hood",Fantasy|Horror|Mystery|Thriller,2011,3.5,2,5,10,11,12,,,,,,
85399,"Big Mommas: Like Father, Like Son",Comedy,2011,1,1,4,,,,,,,,,
85401,"Super",Action|Comedy|Drama,2010,2.9,5,4,7,8,,,,,,,
85412,"Troll Hunter, The",Fantasy|Horror,2010,3.75,2,5,11,,,,,,,,
85414,"Source Code",Action|Drama|Mystery|Sci-Fi|Thriller,2011,3.60294117647059,34,7,8,10,12,13,,,,,
85438,"Jane Eyre",Drama|Romance,2011,3,1,6,7,,,,,,,,
85510,"Sucker Punch",Action|Fantasy|Thriller|IMAX,2011,3.125,12,5,8,10,17,,,,,,
85565,"Chalet Girl",Comedy|Romance,2011,NaN,NaN,4,6,,,,,,,,
85736,"BURN-E",Adventure|Animation|Children|Sci-Fi,2008,4.5,3,1,2,3,13,,,,,,
85774,"Senna",Documentary,2010,3.75,6,16,,,,,,,,,
85780,"Family Guy Presents: It's a Trap",Animation|Comedy|Sci-Fi,2010,3.58333333333333,6,2,4,13,,,,,,,
85788,"Insidious",Fantasy|Horror|Thriller,2010,2.66666666666667,3,5,10,11,,,,,,,
85796,"Hobo with a Shotgun",Action|Adventure|Crime|Thriller,2011,2.375,4,1,8,9,10,,,,,,
85881,"Win Win",Comedy|Drama,2011,3.75,6,4,7,,,,,,,,
85885,"Room in Rome",Drama|Romance,2010,2.75,2,6,7,,,,,,,,
86000,"Boy",Comedy|Drama,2010,4,1,4,7,,,,,,,,
86014,"Diary of a Wimpy Kid: Rodrick Rules",Comedy,2011,3.5,1,4,,,,,,,,,
86028,"Henry's Crime",Comedy|Crime,2010,2,1,4,9,,,,,,,,
86059,"Hop",Animation|Children|Comedy,2011,2.75,2,2,3,4,,,,,,,
86066,"Playing the Victim",Comedy,2006,4,1,4,,,,,,,,,
86068,"Films to Keep You Awake: The Christmas Tale",Horror|Thriller,2005,0.5,1,10,11,,,,,,,,
86142,"13 Assassins",Action,2010,4,4,8,,,,,,,,,
86190,"Hanna",Action|Adventure|Mystery|Thriller,2011,3.31818181818182,11,1,8,10,12,,,,,,
86237,"Connections",Documentary,1978,5,1,16,,,,,,,,,
86279,"Into Eternity",Documentary,2010,3.5,1,16,,,,,,,,,
86286,"Daffy Duck's Quackbusters",Animation|Children|Comedy|Horror,1988,2,1,2,3,4,11,,,,,,
86290,"American: The Bill Hicks Story",Comedy|Documentary,2009,4,3,4,16,,,,,,,,
86293,"Arthur",Comedy,2011,3,6,4,,,,,,,,,
86295,"Scream 4",Comedy|Horror|Mystery|Thriller,2011,2.66666666666667,3,4,10,11,12,,,,,,
86298,"Rio",Adventure|Animation|Children|Comedy,2011,3.125,8,1,2,3,4,,,,,,
86320,"Melancholia",Drama|Sci-Fi,2011,3.07142857142857,7,7,13,,,,,,,,
86332,"Thor",Action|Adventure|Drama|Fantasy|IMAX,2011,3.51470588235294,34,1,5,7,8,17,,,,,
86345,"Louis C.K.: Hilarious",Comedy,2010,4.05555555555556,9,4,,,,,,,,,
86347,"Louis C.K.: Chewed Up",Comedy,2008,3.28571428571429,7,4,,,,,,,,,
86355,"Atlas Shrugged: Part 1",Drama|Mystery|Sci-Fi,2011,2,1,7,12,13,,,,,,,
86377,"Louis C.K.: Shameless",Comedy,2007,4,7,4,,,,,,,,,
86487,"Mildred Pierce",Drama,2011,4.5,1,7,,,,,,,,,
86504,"Voices from the List",Documentary,2004,4.3,5,16,,,,,,,,,
86548,"Water for Elephants",Drama|Romance,2011,3.375,4,6,7,,,,,,,,
86593,"African Cats",Adventure|Documentary,2011,2.5,1,1,16,,,,,,,,
86628,"Kill the Irishman",Action|Crime,2011,4,2,8,9,,,,,,,,
86644,"Fast Five",Action|Crime|Drama|Thriller|IMAX,2011,3.05,10,7,8,9,10,17,,,,,
86668,"Louis Theroux: Law & Disorder",Documentary,2008,5,1,16,,,,,,,,,
86721,"Idiots and Angels",Animation|Drama|Fantasy,2008,5,1,2,5,7,,,,,,,
86781,"Incendies",Drama|Mystery|War,2010,4.4,5,7,12,14,,,,,,,
86815,"Soul Surfer",Action|Drama,2011,3.5,1,7,8,,,,,,,,
86817,"Something Borrowed",Comedy|Drama|Romance,2011,3.25,2,4,6,7,,,,,,,
86833,"Bridesmaids",Comedy,2011,3.76190476190476,21,4,,,,,,,,,
86835,"Priest",Action|Horror|Sci-Fi|Thriller,2011,3,3,8,10,11,13,,,,,,
86864,"Mothra",Adventure|Fantasy|Sci-Fi,1961,3,1,1,5,13,,,,,,,
86880,"Pirates of the Caribbean: On Stranger Tides",Action|Adventure|Fantasy|IMAX,2011,3.22916666666667,24,1,5,8,17,,,,,,
86882,"Midnight in Paris",Comedy|Fantasy|Romance,2011,3.56,25,4,5,6,,,,,,,
86892,"The Man from Nowhere",Action|Crime|Thriller,2010,4.5,3,8,9,10,,,,,,,
86898,"Tree of Life, The",Drama,2011,4,2,7,,,,,,,,,
86911,"Hangover Part II, The",Comedy,2011,3.26666666666667,15,4,,,,,,,,,
86922,"Nothing to Declare",Comedy,2010,4,1,4,,,,,,,,,
86960,"Across the Hall",Thriller,2009,2,1,10,,,,,,,,,
87028,"Roommate, The",Drama|Thriller,2011,2,1,7,10,,,,,,,,
87192,"Attack the Block",Action|Comedy|Sci-Fi,2011,3.5,6,4,8,13,,,,,,,
87194,"The Way",Adventure|Comedy|Drama,2010,3.5,2,1,4,7,,,,,,,
87197,"Let the Bullets Fly",Action|Comedy,2010,3,1,4,8,,,,,,,,
87222,"Kung Fu Panda 2",Action|Adventure|Animation|Children|Comedy|IMAX,2011,3.32352941176471,17,1,2,3,4,8,17,,,,
87232,"X-Men: First Class",Action|Adventure|Sci-Fi|Thriller|War,2011,3.7906976744186,43,1,8,10,13,14,,,,,
87234,"Submarine",Comedy|Drama|Romance,2010,4.16666666666667,3,4,6,7,,,,,,,
87287,"American Grindhouse",Documentary,2010,4,1,16,,,,,,,,,
87298,"Everything Must Go",Comedy|Drama,2010,2.66666666666667,3,4,7,,,,,,,,
87304,"Beginners",Drama,2010,3.625,4,7,,,,,,,,,
87306,"Super 8",Mystery|Sci-Fi|Thriller|IMAX,2011,3.5952380952381,21,10,12,13,17,,,,,,
87413,"Bernie",Comedy|Drama,1996,1.75,2,4,7,,,,,,,,
87430,"Green Lantern",Action|Adventure|Sci-Fi,2011,2.35,10,1,8,13,,,,,,,
87444,"Elektra Luxx",Comedy,2010,2.5,2,4,,,,,,,,,
87483,"Mr. Popper's Penguins",Comedy,2011,2.7,5,4,,,,,,,,,
87485,"Bad Teacher",Comedy,2011,2.88888888888889,9,4,,,,,,,,,
87520,"Transformers: Dark of the Moon",Action|Adventure|Sci-Fi|War|IMAX,2011,2.36363636363636,11,1,8,13,14,17,,,,,
87522,"Larry Crowne",Comedy|Drama|Romance,2011,2.75,2,4,6,7,,,,,,,
87529,"Your Highness",Action|Adventure|Comedy|Fantasy,2011,3.11111111111111,9,1,4,5,8,,,,,,
87660,"Too Big to Fail",Drama,2011,4.5,1,7,,,,,,,,,
87785,"Takers",Action|Crime|Thriller,2010,2.75,2,8,9,10,,,,,,,
87834,"My Life as McDull",Animation|Comedy|Drama,2001,5,1,2,4,7,,,,,,,
87867,"Zookeeper",Comedy,2011,2.75,4,4,,,,,,,,,
87869,"Horrible Bosses",Comedy|Crime,2011,3.4375,24,4,9,,,,,,,,
87876,"Cars 2",Adventure|Animation|Children|Comedy|IMAX,2011,3.16666666666667,3,1,2,3,4,17,,,,,
87960,"Between the Folds",Documentary,2008,3,1,16,,,,,,,,,
88069,"Delhi Belly",Comedy|Crime,2011,4,1,4,9,,,,,,,,
88094,"Upside Down: The Creation Records Story",Documentary,2010,3,1,16,,,,,,,,,
88108,"Monte Carlo",Adventure|Comedy|Romance,2011,3,1,1,4,6,,,,,,,
88125,"Harry Potter and the Deathly Hallows: Part 2",Action|Adventure|Drama|Fantasy|Mystery|IMAX,2011,3.91,50,1,5,7,8,12,17,,,,
88129,"Drive",Crime|Drama|Film-Noir|Thriller,2011,3.765625,32,7,9,10,19,,,,,,
88140,"Captain America: The First Avenger",Action|Adventure|Sci-Fi|Thriller|War,2011,3.546875,32,1,8,10,13,14,,,,,
88163,"Crazy, Stupid, Love.",Comedy|Drama|Romance,2011,3.98387096774194,31,4,6,7,,,,,,,
88179,"One Day",Drama|Romance,2011,3.5,1,6,7,,,,,,,,
88235,"Guard, The",Comedy|Crime,2011,3.625,4,4,9,,,,,,,,
88267,"Winnie the Pooh",Animation|Children|Comedy,2011,3,1,2,3,4,,,,,,,
88272,"Woman, The",Horror,2011,3.5,2,11,,,,,,,,,
88327,"New One-Armed Swordsman, The",Action|Drama|War,1971,3,1,7,8,14,,,,,,,
88345,"Mike's New Car",Animation|Comedy,2002,4,1,2,4,,,,,,,,
88356,"Smurfs, The",Animation|Children|Comedy,2011,1.875,4,2,3,4,,,,,,,
88405,"Friends with Benefits",Comedy|Romance,2011,3.05,20,4,6,,,,,,,,
88448,"Paper Birds",Comedy|Drama,2010,5,1,4,7,,,,,,,,
88515,"Blitz",Action|Crime|Thriller,2011,3,1,8,9,10,,,,,,,
88593,"Yellow Sea, The",Crime|Drama|Thriller,2010,2.5,1,7,9,10,,,,,,,
88672,"Our Idiot Brother",Comedy,2011,3.25,2,4,,,,,,,,,
88697,"SUBWAYStories: Tales from the Underground",Drama,1997,2.5,1,7,,,,,,,,,
88699,"Death Race 2",Action|Sci-Fi|Thriller,2010,3.5,2,8,10,13,,,,,,,
88744,"Rise of the Planet of the Apes",Action|Drama|Sci-Fi|Thriller,2011,3.46296296296296,27,7,8,10,13,,,,,,
88746,"Terri",Comedy,2011,3.5,2,4,,,,,,,,,
88785,"Change-Up, The",Comedy,2011,2.85,10,4,,,,,,,,,
88810,"Help, The",Drama,2011,3.83333333333333,21,7,,,,,,,,,
88812,"30 Minutes or Less",Action|Comedy|Crime,2011,2.66666666666667,6,4,8,9,,,,,,,
88911,"My Afternoons with Margueritte",Comedy,2010,3,1,4,,,,,,,,,
88932,"Final Destination 5",Horror|Thriller|IMAX,2011,4.5,1,10,11,17,,,,,,,
88954,"Very Harold & Kumar 3D Christmas, A",Comedy,2011,3.25,2,4,,,,,,,,,
89028,"Don't Be Afraid of the Dark",Horror|Thriller,2010,3,2,10,11,,,,,,,,
89030,"Fright Night",Comedy|Horror,2011,3.25,2,4,11,,,,,,,,
89039,"Another Earth",Drama|Romance|Sci-Fi,2011,4.5,1,6,7,13,,,,,,,
89047,"Hesher",Drama,2010,4,1,7,,,,,,,,,
89072,"Stake Land",Horror,2010,4,1,11,,,,,,,,,
89085,"Debt, The",Drama|Thriller,2011,2.5,1,7,10,,,,,,,,
89087,"Colombiana",Action|Adventure|Drama|Thriller,2011,2.5,6,1,7,8,10,,,,,,
89090,"Bill Cunningham New York",Documentary,2011,4.5,1,16,,,,,,,,,
89118,"Skin I Live In, The",Drama,2011,3,4,7,,,,,,,,,
89190,"Conan the Barbarian",Action|Adventure|Fantasy,2011,1.75,2,1,5,8,,,,,,,
89208,"Walled In",Horror|Thriller,2009,3.5,1,10,11,,,,,,,,
89281,"Birdemic: Shock and Terror",Romance|Thriller,2010,3.5,1,6,10,,,,,,,,
89305,"Inbetweeners Movie, The",Adventure|Comedy,2011,3.66666666666667,3,1,4,,,,,,,,
89343,"Red State",Action|Crime|Horror|Thriller,2011,3,1,8,9,10,11,,,,,,
89386,"Pearl Jam Twenty",Documentary|Musical,2011,0.5,1,15,16,,,,,,,,
89388,"I Don't Know How She Does It",Comedy,2011,1.5,1,4,,,,,,,,,
89427,"Shark Night 3D",Horror|Thriller,2011,1.5,1,10,11,,,,,,,,
89470,"Contagion",Sci-Fi|Thriller|IMAX,2011,3.70833333333333,12,10,13,17,,,,,,,
89492,"Moneyball",Drama,2011,3.88461538461538,26,7,,,,,,,,,
89580,"Neds",Drama,2010,4,1,7,,,,,,,,,
89582,"Cold Fish",Drama|Thriller,2010,4.5,2,7,10,,,,,,,,
89586,"Phineas and Ferb the Movie: Across the 2nd Dimension",Adventure|Animation|Children,2011,3.5,1,1,2,3,,,,,,,
89678,"Northanger Abbey",Drama|Romance,2007,4,1,6,7,,,,,,,,
89745,"Avengers, The",Action|Adventure|Sci-Fi|IMAX,2012,3.8695652173913,69,1,8,13,17,,,,,,
89753,"Tinker Tailor Soldier Spy",Drama|Film-Noir|Thriller,2011,3.8125,8,7,10,19,,,,,,,
89759,"Separation, A",Drama,2011,4.33333333333333,3,7,,,,,,,,,
89761,"Dangerous Method, A",Drama|Thriller,2011,3,2,7,10,,,,,,,,
89774,"Warrior",Drama,2011,3.72727272727273,11,7,,,,,,,,,
89804,"Ides of March, The",Drama,2011,3.22222222222222,9,7,,,,,,,,,
89837,"Kill List",Horror|Mystery|Thriller,2011,4.5,1,10,11,12,,,,,,,
89840,"Killer Elite",Action|Thriller,2011,2.83333333333333,3,8,10,,,,,,,,
89862,"Bellflower",Action|Drama|Romance,2011,3.5,1,6,7,8,,,,,,,
89864,"50/50",Comedy|Drama,2011,3.63157894736842,19,4,7,,,,,,,,
89898,"Generation P",Comedy|Drama|Sci-Fi,2011,3.5,1,4,7,13,,,,,,,
89904,"The Artist",Comedy|Drama|Romance,2011,4.04545454545455,11,4,6,7,,,,,,,
89939,"Gigi",Comedy,1949,3.75,2,4,,,,,,,,,
89945,"BlinkyTM",Horror|Sci-Fi,2011,3,1,11,13,,,,,,,,
90057,"Take Shelter",Drama,2011,3.75,2,7,,,,,,,,,
90243,"Three Outlaw Samurai",Action|Drama,1964,3.5,1,7,8,,,,,,,,
90245,"Antonio Gaudí",Documentary,1985,4,1,16,,,,,,,,,
90249,"Real Steel",Action|Drama|Sci-Fi|IMAX,2011,3,6,7,8,13,17,,,,,,
90343,"Footloose",Comedy|Drama|Musical,2011,2.75,2,4,7,15,,,,,,,
90345,"Thing, The",Horror|Mystery|Sci-Fi|Thriller,2011,3.5,4,10,11,12,13,,,,,,
90353,"Beautiful Boy",Drama,2010,4,1,7,,,,,,,,,
90357,"Tyrannosaur",Drama,2011,3.5,1,7,,,,,,,,,
90374,"Martha Marcy May Marlene",Drama|Thriller,2011,3.75,2,7,10,,,,,,,,
90376,"We Need to Talk About Kevin",Drama|Thriller,2011,3.5,4,7,10,,,,,,,,
90384,"Behind Enemy Lines II: Axis of Evil",Action|Thriller|War,2006,2,1,8,10,14,,,,,,,
90403,"Three Musketeers, The",Action|Adventure,2011,3.16666666666667,3,1,8,,,,,,,,
90405,"In Time",Crime|Sci-Fi|Thriller,2011,3.39285714285714,14,9,10,13,,,,,,,
90428,"Margaret",Drama,2011,3,1,7,,,,,,,,,
90430,"Carnage",Comedy|Drama,2011,4,4,4,7,,,,,,,,
90439,"Margin Call",Drama|Thriller,2011,3.78571428571429,7,7,10,,,,,,,,
90469,"Paranormal Activity 3",Horror,2011,3.5,2,11,,,,,,,,,
90471,"Puncture",Drama,2011,3,2,7,,,,,,,,,
90522,"Johnny English Reborn",Adventure|Comedy|Thriller,2011,3,6,1,4,10,,,,,,,
90524,"Abduction",Action|Drama|Mystery|Thriller,2011,3.5,1,7,8,10,12,,,,,,
90528,"This Must Be the Place",Crime|Drama|Thriller,2011,3.5,1,7,9,10,,,,,,,
90531,"Shame",Drama,2011,3.75,4,7,,,,,,,,,
90576,"What's Your Number?",Comedy|Romance,2011,4.5,1,4,6,,,,,,,,
90600,"Headhunters",Action|Crime|Thriller,2011,3.6,5,8,9,10,,,,,,,
90603,"Batman: Year One",Action|Animation|Crime,2011,3.66666666666667,3,2,8,9,,,,,,,
90630,"Miss Representation",Documentary,2011,3.5,1,16,,,,,,,,,
90647,"Puss in Boots",Adventure|Animation|Comedy|Fantasy|IMAX,2011,3.5625,8,1,2,4,5,17,,,,,
90717,"Tower Heist",Action|Comedy|Crime,2011,3.5,4,4,8,9,,,,,,,
90719,"J. Edgar",Drama,2011,2.5,1,7,,,,,,,,,
90738,"Double, The",Action|Crime|Drama|Mystery|Thriller,2011,1.5,1,7,8,9,10,12,,,,,
90746,"Adventures of Tintin, The",Action|Animation|Mystery|IMAX,2011,3.5,12,2,8,12,17,,,,,,
90769,"Starsuckers",Documentary,2009,4,1,16,,,,,,,,,
90809,"Tomboy",Drama,2011,3,1,7,,,,,,,,,
90863,"George Harrison: Living in the Material World",Documentary,2011,4,1,16,,,,,,,,,
90866,"Hugo",Children|Drama|Mystery,2011,3.75,18,3,7,12,,,,,,,
90888,"Immortals",Action|Drama|Fantasy,2011,2.66666666666667,3,5,7,8,,,,,,,
90890,"Jack and Jill",Comedy,2011,2.3,5,4,,,,,,,,,
90943,"Into the Abyss",Documentary,2011,5,1,16,,,,,,,,,
90945,"Sign of Four, The",Adventure|Crime|Drama,1987,3,1,1,7,9,,,,,,,
91077,"Descendants, The",Comedy|Drama,2011,4,11,4,7,,,,,,,,
91079,"Like Crazy",Drama|Romance,2011,2.5,2,6,7,,,,,,,,
91094,"Muppets, The",Children|Comedy|Musical,2011,2.6,10,3,4,15,,,,,,,
91104,"Twilight Saga: Breaking Dawn - Part 1, The",Adventure|Drama|Fantasy|Romance,2011,2.21428571428571,7,1,5,6,7,,,,,,
91126,"War Horse",Drama|War,2011,3,3,7,14,,,,,,,,
91128,"Rum Diary, The",Comedy|Drama|Thriller,2011,3.58333333333333,6,4,7,10,,,,,,,
91233,"Lifted",Animation|Comedy|Sci-Fi,2006,4,1,2,4,13,,,,,,,
91261,"Hipsters",Drama|Musical|Romance,2008,3.5,1,6,7,15,,,,,,,
91266,"Another Cinderella Story",Children|Comedy|Musical|Romance,2008,2.5,1,3,4,6,15,,,,,,
91273,"Bunraku",Action|Drama|Fantasy,2010,1.5,1,5,7,8,,,,,,,
91323,"Sitter, The",Comedy,2011,2.9,5,4,,,,,,,,,
91325,"Extremely Loud and Incredibly Close",Drama,2011,2.75,2,7,,,,,,,,,
91337,"Play the Game",Comedy|Romance,2009,4,1,4,6,,,,,,,,
91353,"Asterix in America",Adventure|Animation|Children|Comedy,1994,3.75,2,1,2,3,4,,,,,,
91355,"Asterix and the Vikings",Adventure|Animation|Children|Comedy|Fantasy,2006,5,1,1,2,3,4,5,,,,,
91386,"Happy Feet Two",Animation|Children|Comedy|IMAX,2011,5,1,2,3,4,17,,,,,,
91414,"Arthur Christmas",Animation|Children|Comedy|Drama,2011,0.5,1,2,3,4,7,,,,,,
91470,"Violet & Daisy",Action|Drama,2011,3,2,7,8,,,,,,,,
91483,"Bullet to the Head",Action|Crime|Film-Noir,2012,1.5,1,8,9,19,,,,,,,
91485,"Expendables 2, The",Action|Adventure,2012,3.5,10,1,8,,,,,,,,
91488,"Snowman, The",Animation|Children|Musical,1982,3.75,2,2,3,15,,,,,,,
91500,"The Hunger Games",Action|Adventure|Drama|Sci-Fi|Thriller,2012,3.43518518518519,54,1,7,8,10,13,,,,,
91529,"Dark Knight Rises, The",Action|Adventure|Crime|IMAX,2012,3.99342105263158,76,1,8,9,17,,,,,,
91535,"Bourne Legacy, The",Action|Adventure|Drama|Thriller|IMAX,2012,3.13888888888889,18,1,7,8,10,17,,,,,
91542,"Sherlock Holmes: A Game of Shadows",Action|Adventure|Comedy|Crime|Mystery|Thriller,2011,3.76315789473684,38,1,4,8,9,10,12,,,,
91571,"Coriolanus",Drama|Thriller,2011,2.5,1,7,10,,,,,,,,
91622,"Young Adult",Comedy|Drama,2011,2.25,2,4,7,,,,,,,,
91628,"New Year's Eve",Comedy|Romance,2011,2,3,4,6,,,,,,,,
91630,"Mission: Impossible - Ghost Protocol",Action|Adventure|Thriller|IMAX,2011,3.65909090909091,22,1,8,10,17,,,,,,
91653,"We Bought a Zoo",Comedy|Drama,2011,3.3,5,4,7,,,,,,,,
91658,"Girl with the Dragon Tattoo, The",Drama|Thriller,2011,3.48809523809524,42,7,10,,,,,,,,
91660,"Darkest Hour, The",Action|Horror|Sci-Fi|Thriller,2011,2.5,2,8,10,11,13,,,,,,
91666,"Last Holiday",Comedy|Drama|Romance,1950,4,1,4,6,7,,,,,,,
91671,"Alvin and the Chipmunks: Chipwrecked",Animation|Comedy,2011,1,2,2,4,,,,,,,,
91688,"Salvation Boulevard",Comedy|Thriller,2011,1.5,1,4,10,,,,,,,,
91690,"Friends with Kids",Comedy,2011,3.66666666666667,3,4,,,,,,,,,
91784,"Girl Walks Into a Bar",Comedy|Drama|Fantasy,2011,4.5,1,4,5,7,,,,,,,
91842,"Contraband",Action|Crime|Drama|Thriller,2012,3,2,7,8,9,10,,,,,,
91860,"Way South, The",Documentary,1981,4,1,16,,,,,,,,,
91869,"Being Elmo: A Puppeteer's Journey",Documentary,2011,3.5,1,16,,,,,,,,,
91873,"Joyful Noise",Comedy|Musical,2012,1.5,1,4,15,,,,,,,,
91890,"Iron Lady, The",Drama,2011,3,1,7,,,,,,,,,
91935,"Albatross",Drama,2011,2.5,1,7,,,,,,,,,
91947,"Revenant, The",Comedy|Horror,2009,4.5,1,4,11,,,,,,,,
91974,"Underworld: Awakening",Action|Fantasy|Horror|IMAX,2012,3.8,5,5,8,11,17,,,,,,
91976,"Grey, The",Action|Drama,2012,2.91666666666667,6,7,8,,,,,,,,
91978,"Man on a Ledge",Crime|Thriller,2012,3.16666666666667,3,9,10,,,,,,,,
91981,"Sacrifice",Drama,2010,2.5,1,7,,,,,,,,,
92008,"Haywire",Action|Thriller,2011,2.83333333333333,3,8,10,,,,,,,,
92046,"Contact High",Comedy,2009,3,1,4,,,,,,,,,
92048,"Whistleblower, The",Drama|Thriller,2010,3.25,2,7,10,,,,,,,,
92094,"Einstein and Eddington",Drama,2008,3.5,1,7,,,,,,,,,
92192,"Apollo 18",Horror|Sci-Fi|Thriller,2011,2,1,10,11,13,,,,,,,
92198,"Seeking Justice",Action|Drama|Thriller,2011,2,1,7,8,10,,,,,,,
92234,"Red Tails",Action|Adventure|Drama|War,2012,1.5,1,1,7,8,14,,,,,,
92243,"Flowers of War, The",Drama|War,2011,4.5,1,7,14,,,,,,,,
92259,"Intouchables",Comedy|Drama,2011,4.10810810810811,37,4,7,,,,,,,,
92264,"One for the Money",Action|Comedy|Crime,2012,2,2,4,8,9,,,,,,,
92309,"Innkeepers, The",Horror|Thriller,2011,2.75,2,10,11,,,,,,,,
92348,"Puss in Boots",Adventure|Animation|Children|Comedy|Fantasy|Romance,1969,4,1,1,2,3,4,5,6,,,,
92391,"Grave Encounters",Horror,2011,3.16666666666667,3,11,,,,,,,,,
92420,"Chronicle",Action|Sci-Fi|Thriller,2012,3.375,8,8,10,13,,,,,,,
92422,"Woman in Black, The",Drama|Horror|Thriller,2012,3.75,2,7,10,11,,,,,,,
92427,"Woman in Love",Comedy,2011,1,1,4,,,,,,,,,
92439,"Art of Getting By, The",Drama|Romance,2011,3,2,6,7,,,,,,,,
92475,"All Watched Over by Machines of Loving Grace",Documentary,2011,4.25,2,16,,,,,,,,,
92494,"Dylan Moran: Monster",Comedy|Documentary,2004,5,1,4,16,,,,,,,,
92507,"Safe House",Action|Crime|Mystery|Thriller,2012,3.375,4,8,9,10,12,,,,,,
92509,"Vow, The",Drama|Romance,2012,2.66666666666667,3,6,7,,,,,,,,
92535,"Louis C.K.: Live at the Beacon Theater",Comedy,2011,4.3,10,4,,,,,,,,,
92637,"Pitfall",Crime|Drama|Fantasy,1962,3.5,1,5,7,9,,,,,,,
92643,"Monsieur Lazhar",Children|Comedy|Drama,2011,4.5,2,3,4,7,,,,,,,
92665,"For a Good Time, Call...",Comedy|Drama|Romance,2012,2.5,1,4,6,7,,,,,,,
92674,"Janie Jones",Drama|Musical,2010,2.5,1,7,15,,,,,,,,
92681,"Journey 2: The Mysterious Island",Action|Adventure|Comedy|Sci-Fi|IMAX,2012,0.5,1,1,4,8,13,17,,,,,
92694,"Perfect Sense",Drama|Romance|Sci-Fi,2011,4.25,2,6,7,13,,,,,,,
92730,"Rollo and the Woods Sprite",Children|Fantasy,2001,2,1,3,5,,,,,,,,
92760,"Atomic Brain, The",Horror|Sci-Fi,1963,3.5,1,11,13,,,,,,,,
92938,"Ghost Rider: Spirit of Vengeance",Action|Fantasy|Thriller,2012,1.6,5,5,8,10,,,,,,,
92954,"Prayers for Bobby",Drama,2009,3.5,1,7,,,,,,,,,
93006,"Very Potter Musical, A",Comedy|Musical,2009,4.25,2,4,15,,,,,,,,
93008,"Very Potter Sequel, A",Comedy|Musical,2010,5,1,4,15,,,,,,,,
93022,"Miss Nobody",Comedy|Crime,2010,5,1,4,9,,,,,,,,
93040,"Civil War, The",Documentary|War,1990,4,1,14,16,,,,,,,,
93114,"Ro.Go.Pa.G.",Comedy|Drama,1963,3,1,4,7,,,,,,,,
93134,"Women on the 6th Floor, The",Comedy,2010,3.5,1,4,,,,,,,,,
93139,"Mega Shark vs. Crocosaurus",Action|Adventure|Horror,2010,1.5,1,1,8,11,,,,,,,
93193,"Red Hill",Crime|Thriller|Western,2010,3,1,9,10,18,,,,,,,
93208,"Mickey's The Prince and the Pauper",Animation|Children,1990,2,1,2,3,,,,,,,,
93242,"Gone",Drama|Thriller,2012,1.5,1,7,10,,,,,,,,
93270,"Project X",Comedy,2012,2.0625,8,4,,,,,,,,,
93272,"Dr. Seuss' The Lorax",Animation|Fantasy|Musical|IMAX,2012,3.1,5,2,5,15,17,,,,,,
93287,"Big Year, The",Comedy,2011,3.75,4,4,,,,,,,,,
93297,"Act of Valor",Action|Thriller|War,2012,3.75,2,8,10,14,,,,,,,
93320,"Trailer Park Boys",Comedy|Crime,1999,5,1,4,9,,,,,,,,
93326,"This Means War",Action|Comedy|Romance,2012,2.63636363636364,11,4,6,8,,,,,,,
93363,"John Carter",Action|Adventure|Sci-Fi|IMAX,2012,3.09090909090909,11,1,8,13,17,,,,,,
93443,"Goon",Comedy|Drama,2011,3.25,4,4,7,,,,,,,,
93502,"Ledge, The",Drama|Thriller,2011,2.5,1,7,10,,,,,,,,
93510,"21 Jump Street",Action|Comedy|Crime,2012,3.86538461538462,26,4,8,9,,,,,,,
93512,"Jeff, Who Lives at Home",Comedy|Drama,2012,4,1,4,7,,,,,,,,
93563,"Lockout",Action|Sci-Fi|Thriller,2012,3.16666666666667,3,8,10,13,,,,,,,
93598,"Snowtown",Crime|Drama|Thriller,2011,2.5,1,7,9,10,,,,,,,
93610,"Space Battleship Yamato",Action|Adventure|Drama,2010,3,1,1,7,8,,,,,,,
93721,"Jiro Dreams of Sushi",Documentary,2011,4.1,5,16,,,,,,,,,
93723,"Damsels in Distress",Comedy|Romance,2011,2.25,2,4,6,,,,,,,,
93740,"Salmon Fishing in the Yemen",Comedy|Drama|Romance,2011,1.5,1,4,6,7,,,,,,,
93766,"Wrath of the Titans",Action|Adventure|Fantasy|IMAX,2012,2.625,4,1,5,8,17,,,,,,
93790,"Detachment",Drama,2011,4,1,7,,,,,,,,,
93805,"Iron Sky",Action|Comedy|Sci-Fi,2012,3.75,2,4,8,13,,,,,,,
93819,"Absentia",Horror,2011,3.5,1,11,,,,,,,,,
93831,"American Reunion",Comedy,2012,2.625,4,4,,,,,,,,,
93838,"The Raid: Redemption",Action|Crime,2011,4.33333333333333,9,8,9,,,,,,,,
93840,"Cabin in the Woods, The",Comedy|Horror|Sci-Fi|Thriller,2012,4.02272727272727,22,4,10,11,13,,,,,,
93855,"God Bless America",Comedy|Drama,2011,4.5,1,4,7,,,,,,,,
93980,"Three Stooges, The",Comedy,2012,1.25,2,4,,,,,,,,,
93982,"Raven, The",Mystery|Thriller,2012,2,1,10,12,,,,,,,,
93988,"North & South",Drama|Romance,2004,4.5,1,6,7,,,,,,,,
94011,"Big Bang, The",Action|Thriller,2011,1.5,1,8,10,,,,,,,,
94015,"Mirror Mirror",Adventure|Comedy|Fantasy,2012,3,4,1,4,5,,,,,,,
94018,"Battleship",Action|Sci-Fi|Thriller|IMAX,2012,2.33333333333333,3,8,10,13,17,,,,,,
94070,"Best Exotic Marigold Hotel, The",Comedy|Drama,2011,3.875,4,4,7,,,,,,,,
94122,"Comic-Con Episode IV: A Fan's Hope",Documentary,2011,2,1,16,,,,,,,,,
94130,"Bully",Documentary,2011,3.5,2,16,,,,,,,,,
94150,"Hysteria",Comedy|Romance,2011,4,2,4,6,,,,,,,,
94160,"Dante's Inferno: An Animated Epic",Action|Animation|Fantasy,2010,3,1,2,5,8,,,,,,,
94262,"Atomic Submarine, The",Sci-Fi|Thriller,1959,3,1,10,13,,,,,,,,
94266,"Five-Year Engagement, The",Comedy|Romance,2012,2.5,4,4,6,,,,,,,,
94323,"Think Like a Man",Comedy,2012,2.5,2,4,,,,,,,,,
94325,"Lucky One, The",Drama,2012,4,1,7,,,,,,,,,
94405,"Safe",Action|Crime|Thriller,2012,3.5,2,8,9,10,,,,,,,
94478,"Dark Shadows",Comedy|Horror|IMAX,2012,2.5,6,4,11,17,,,,,,,
94494,"96 Minutes",Drama|Thriller,2011,2.5,1,7,10,,,,,,,,
94503,"Decoy Bride, The",Comedy|Romance,2011,3.66666666666667,3,4,6,,,,,,,,
94661,"Rocket Singh: Salesman of the Year",Comedy|Drama,2009,4,1,4,7,,,,,,,,
94677,"Dictator, The",Comedy,2012,3.55882352941176,17,4,,,,,,,,,
94735,"Walking with Monsters",Documentary,2005,4,1,16,,,,,,,,,
94777,"Men in Black III",Action|Comedy|Sci-Fi|IMAX,2012,3.27777777777778,18,4,8,13,17,,,,,,
94780,"Snow White and the Huntsman",Action|Adventure|Drama,2012,2.83333333333333,6,1,7,8,,,,,,,
94799,"Sound of My Voice",Drama|Mystery|Sci-Fi,2011,3.5,1,7,12,13,,,,,,,
94810,"Eva",Drama|Fantasy|Sci-Fi,2011,5,1,5,7,13,,,,,,,
94833,"Pirates! Band of Misfits, The",Adventure|Animation|Children|Comedy,2012,3.33333333333333,3,1,2,3,4,,,,,,
94864,"Prometheus",Action|Horror|Sci-Fi|IMAX,2012,3.2962962962963,27,8,11,13,17,,,,,,
94867,"Pact, The",Horror|Mystery|Thriller,2012,3.5,1,10,11,12,,,,,,,
94896,"Bernie",Comedy|Crime|Drama,2011,3.5,2,4,7,9,,,,,,,
94919,"Inhale",Drama|Thriller,2010,2.5,1,7,10,,,,,,,,
94931,"Take This Waltz",Drama|Romance,2011,3.5,1,6,7,,,,,,,,
94953,"Wanderlust",Comedy,2012,3,5,4,,,,,,,,,
94959,"Moonrise Kingdom",Comedy|Drama|Romance,2012,3.77586206896552,29,4,6,7,,,,,,,
94985,"Get the Gringo",Action|Crime|Drama|Thriller,2012,3.83333333333333,3,7,8,9,10,,,,,,
95004,"Superman/Doomsday",Action|Animation,2007,4,1,2,8,,,,,,,,
95067,"Thousand Words, A",Comedy|Drama,2012,2.83333333333333,3,4,7,,,,,,,,
95088,"Safety Not Guaranteed",Comedy|Drama,2012,3.75,6,4,7,,,,,,,,
95105,"Madagascar 3: Europe's Most Wanted",Adventure|Animation|Children|Comedy|IMAX,2012,3.38888888888889,9,1,2,3,4,17,,,,,
95135,"Your Sister's Sister",Comedy|Drama,2011,4,1,4,7,,,,,,,,
95145,"Dragon Ball: The Curse Of The Blood Rubies",Action|Adventure|Animation|Children,1986,3.5,1,1,2,3,8,,,,,,
95147,"Dragon Ball: Sleeping Princess in Devil's Castle",Action|Adventure|Animation|Children,1987,3.25,2,1,2,3,8,,,,,,
95149,"Superman/Batman: Public Enemies",Action|Animation|Fantasy,2009,5,1,2,5,8,,,,,,,
95163,"Dragon Ball: Mystical Adventure",Action|Adventure|Animation|Children,1988,3.5,1,1,2,3,8,,,,,,
95165,"Dragon Ball Z the Movie: The World's Strongest",Action|Adventure|Animation|Sci-Fi|Thriller,1990,4,1,1,2,8,10,13,,,,,
95167,"Brave",Action|Adventure|Animation|Children,2012,3.46666666666667,30,1,2,3,8,,,,,,
95170,"Beauty and the Beast: The Enchanted Christmas",Animation|Children|Fantasy|Musical,1997,4,1,2,3,5,15,,,,,,
95175,"Front of the Class",Drama,2008,5,1,7,,,,,,,,,
95182,"Dragon Ball Z the Movie: The Tree of Might",Action|Adventure|Animation|Sci-Fi,1990,3,2,1,2,8,13,,,,,,
95193,"Pocahontas II: Journey to a New World",Adventure|Animation|Children,1998,2,1,1,2,3,,,,,,,
95199,"What to Expect When You're Expecting",Comedy|Drama|Romance,2012,3,1,4,6,7,,,,,,,
95201,"To Rome with Love",Comedy,2012,3,1,4,,,,,,,,,
95207,"Abraham Lincoln: Vampire Hunter",Action|Fantasy|Horror|Thriller,2012,2.75,6,5,8,10,11,,,,,,
95218,"First Position",Documentary,2011,3.5,1,16,,,,,,,,,
95307,"Rock of Ages",Comedy|Drama|Musical|IMAX,2012,2.75,4,4,7,15,17,,,,,,
95309,"Seeking a Friend for the End of the World",Comedy|Drama|Romance,2012,4.16666666666667,3,4,6,7,,,,,,,
95311,"Presto",Animation|Children|Comedy|Fantasy,2008,5,1,2,3,4,5,,,,,,
95313,"Jack-Jack Attack",Adventure|Animation|Children|Comedy,2005,4.5,1,1,2,3,4,,,,,,
95377,"One Man Band",Animation|Comedy|Musical,2005,3.83333333333333,3,2,4,15,,,,,,,
95441,"Ted",Comedy|Fantasy,2012,3.28571428571429,21,4,5,,,,,,,,
95449,"Magic Mike",Drama|Romance,2012,2.7,5,6,7,,,,,,,,
95473,"Dragon Ball Z: The Return of Cooler",Action|Adventure|Animation,1992,4,1,1,2,8,,,,,,,
95475,"Dragon Ball Z: Cooler's Revenge",Action|Adventure|Animation,1991,4,2,1,2,8,,,,,,,
95497,"Dragon Ball Z: Super Android 13!",Action|Adventure|Animation,1992,3.75,2,1,2,8,,,,,,,
95499,"Dragon Ball Z: Broly - The Legendary Super Saiyan",Action|Adventure|Animation,1993,4,1,1,2,8,,,,,,,
95508,"Cleanskin",Crime|Drama|Thriller,2012,3.5,1,7,9,10,,,,,,,
95510,"Amazing Spider-Man, The",Action|Adventure|Sci-Fi|IMAX,2012,3.25,30,1,8,13,17,,,,,,
95519,"Dragon Ball Z: Bojack Unbound",Action|Adventure|Animation|Fantasy,1993,4,1,1,2,5,8,,,,,,
95543,"Ice Age 4: Continental Drift",Adventure|Animation|Comedy,2012,2.91666666666667,6,1,2,4,,,,,,,
95558,"Beasts of the Southern Wild",Drama|Fantasy,2012,3.35714285714286,7,5,7,,,,,,,,
95583,"Savages",Crime|Drama|Thriller,2012,2.75,2,7,9,10,,,,,,,
95624,"Firm, The",Drama,2009,3,1,7,,,,,,,,,
95633,"Spirit Camp",Horror,2009,4.5,1,11,,,,,,,,,
95654,"Geri's Game",Animation|Children,1997,4.16666666666667,3,2,3,,,,,,,,
95690,"Some Guy Who Kills People",Comedy|Thriller,2011,4.5,1,4,10,,,,,,,,
95717,"Treasure Island",Adventure,2012,2,1,1,,,,,,,,,
95720,"Watch, The",Comedy|Sci-Fi,2012,3,9,4,13,,,,,,,,
95738,"Adventures of Mary-Kate and Ashley, The: The Case of the Christmas Caper",Children|Musical|Mystery,1995,3,1,3,12,15,,,,,,,
95744,"2 Days in New York",Comedy,2012,2.5,1,4,,,,,,,,,
95761,"Killer Joe",Crime|Thriller,2011,4.5,1,9,10,,,,,,,,
95771,"Dragon Ball Z: Broly Second Coming",Action|Adventure|Animation,1994,4,1,1,2,8,,,,,,,
95780,"Dragon Ball Z: Bio-Broly",Action|Adventure|Animation,1994,4,1,1,2,8,,,,,,,
95796,"Anaconda: The Offspring",Action|Horror|Sci-Fi|Thriller,2008,0.5,1,8,10,11,13,,,,,,
95839,"Christmas Carol, A",Drama|Fantasy,1999,3,1,5,7,,,,,,,,
95843,"Goodbye Charlie",Comedy|Fantasy|Romance,1964,5,1,4,5,6,,,,,,,
95858,"For the Birds",Animation|Children|Comedy,2000,3.9,5,2,3,4,,,,,,,
95873,"Ruby Sparks",Comedy|Fantasy|Romance,2012,3.5,4,4,5,6,,,,,,,
95875,"Total Recall",Action|Sci-Fi|Thriller,2012,3.1875,8,8,10,13,,,,,,,
95939,"Angels' Share, The",Comedy|Drama,2012,4,1,4,7,,,,,,,,
95949,"Immature, The",Comedy,2011,3.5,1,4,,,,,,,,,
95965,"Dragon Ball Z: Bardock - The Father of Goku",Action|Adventure|Animation,1990,4,1,1,2,8,,,,,,,
96004,"Dragon Ball Z: The History of Trunks",Action|Adventure|Animation,1993,3.25,2,1,2,8,,,,,,,
96007,"Dragon Ball GT: A Hero's Legacy",Action|Adventure|Animation,1997,2,1,1,2,8,,,,,,,
96020,"Sidewalls",Drama,2011,3.66666666666667,3,7,,,,,,,,,
96079,"Skyfall",Action|Adventure|Thriller|IMAX,2012,3.81,50,1,8,10,17,,,,,,
96084,"Hands Over the City",Drama,1963,4.5,1,7,,,,,,,,,
96110,"Campaign, The",Comedy,2012,3.44444444444444,9,4,,,,,,,,,
96114,"Brake",Crime|Thriller,2012,2,1,9,10,,,,,,,,
96121,"Hope Springs",Comedy|Drama,2012,1,1,4,7,,,,,,,,
96150,"Queen of Versailles, The",Documentary,2012,2,1,16,,,,,,,,,
96281,"ParaNorman",Adventure|Animation|Comedy,2012,3.5,2,1,2,4,,,,,,,
96283,"Diary of a Wimpy Kid: Dog Days",Children|Comedy,2012,3,1,3,4,,,,,,,,
96373,"Broken",Drama,2012,4.5,1,7,,,,,,,,,
96411,"6 Days to Air: The Making of South Park",Documentary,2011,4,1,16,,,,,,,,,
96417,"Premium Rush",Action|Thriller,2012,3.2,5,8,10,,,,,,,,
96430,"Odd Life of Timothy Green, The",Comedy|Drama|Fantasy,2012,5,1,4,5,7,,,,,,,
96432,"Lawless",Crime|Drama,2012,3.625,4,7,9,,,,,,,,
96448,"Piranha 3DD",Comedy|Horror,2012,2.16666666666667,3,4,11,,,,,,,,
96471,"Prime Suspect 3",Crime|Drama|Mystery,1993,3,1,7,9,12,,,,,,,
96488,"Searching for Sugar Man",Documentary,2012,4.25,4,16,,,,,,,,,
96518,"Prime Suspect 6: The Last Witness",Drama|Thriller,2003,3,1,7,10,,,,,,,,
96520,"Prime Suspect: The Lost Child",Drama|Mystery,1995,2,1,7,12,,,,,,,,
96530,"Conception",Comedy|Romance,2011,2.5,1,4,6,,,,,,,,
96563,"Paradise Lost 3: Purgatory",Documentary,2011,4,1,16,,,,,,,,,
96567,"Words, The",Drama|Romance,2012,4,1,6,7,,,,,,,,
96588,"Pitch Perfect",Comedy|Musical,2012,3.625,20,4,15,,,,,,,,
96606,"Samsara",Documentary,2011,3.83333333333333,3,16,,,,,,,,,
96608,"Runaway Brain",Animation|Comedy|Sci-Fi,1995,5,1,2,4,13,,,,,,,
96610,"Looper",Action|Crime|Sci-Fi,2012,3.640625,32,8,9,13,,,,,,,
96616,"That's My Boy",Comedy,2012,2.5,3,4,,,,,,,,,
96655,"Robot & Frank",Comedy|Drama|Sci-Fi,2012,3,3,4,7,13,,,,,,,
96691,"Resident Evil: Retribution",Action|Horror|Sci-Fi|IMAX,2012,3.75,2,8,11,13,17,,,,,,
96726,"Lola Versus",Comedy|Romance,2012,1.5,1,4,6,,,,,,,,
96728,"Master, The",Drama,2012,3.91666666666667,6,7,,,,,,,,,
96737,"Dredd",Action|Sci-Fi,2012,3.71428571428571,14,8,13,,,,,,,,
96811,"End of Watch",Crime|Drama|Thriller,2012,3.91666666666667,6,7,9,10,,,,,,,
96815,"V/H/S",Horror|Thriller,2012,2.75,2,10,11,,,,,,,,
96821,"Perks of Being a Wallflower, The",Drama|Romance,2012,3.825,20,6,7,,,,,,,,
96829,"Hunt, The",Drama,2012,4.3,10,7,,,,,,,,,
96832,"Holy Motors",Drama|Fantasy|Musical|Mystery|Sci-Fi,2012,5,1,5,7,12,13,15,,,,,
96861,"Taken 2",Action|Crime|Drama|Thriller,2012,3.28571428571429,7,7,8,9,10,,,,,,
96917,"House at the End of the Street",Horror|Thriller,2012,4,1,10,11,,,,,,,,
96935,"My Left Eye Sees Ghosts",Comedy|Fantasy|Romance,2002,5,1,4,5,6,,,,,,,
96945,"Love Lasts Three Years",Comedy|Drama|Romance,2011,3.5,1,4,6,7,,,,,,,
96964,"Tall Man, The",Crime|Drama|Mystery,2012,1.5,1,7,9,12,,,,,,,
96975,"LOL",Comedy|Drama|Romance,2012,3.5,1,4,6,7,,,,,,,
97024,"Rust and Bone",Drama|Romance,2012,0.5,1,6,7,,,,,,,,
97168,"Marley",Documentary,2012,3.5,2,16,,,,,,,,,
97172,"Frankenweenie",Animation|Comedy|Horror|IMAX,2012,2.5,2,2,4,11,17,,,,,,
97188,"Sinister",Horror|Thriller,2012,4,1,10,11,,,,,,,,
97194,"Thing: Terror Takes Shape, The",Documentary,1998,1,1,16,,,,,,,,,
97225,"Hotel Transylvania",Animation|Children|Comedy,2012,3.40909090909091,11,2,3,4,,,,,,,
97230,"Side by Side",Documentary,2012,3,1,16,,,,,,,,,
97285,"Take Aim at the Police Van",Action|Crime|Mystery,1960,3.5,1,8,9,12,,,,,,,
97304,"Argo",Drama|Thriller,2012,3.98214285714286,28,7,10,,,,,,,,
97306,"Seven Psychopaths",Comedy|Crime,2012,3.46666666666667,15,4,9,,,,,,,,
97328,"Liberal Arts",Comedy|Drama,2012,3,1,4,7,,,,,,,,
97470,"Catch .44",Action|Drama|Thriller,2011,1.25,2,7,8,10,,,,,,,
97643,"[REC]³ 3 Génesis",Horror|Thriller,2012,3,2,10,11,,,,,,,,
97665,"Asterix & Obelix: God Save Britannia",Adventure|Comedy,2012,2.5,1,1,4,,,,,,,,
97701,"Paranormal Activity 4",Horror|IMAX,2012,3,1,11,17,,,,,,,,
97742,"Alex Cross",Action|Crime|Mystery|Thriller,2012,1.5,1,8,9,10,12,,,,,,
97752,"Cloud Atlas",Drama|Sci-Fi|IMAX,2012,3.73684210526316,19,7,13,17,,,,,,,
97757,"'Hellboy': The Seeds of Creation",Action|Adventure|Comedy|Documentary|Fantasy,2004,4,1,1,4,5,8,16,,,,,
97785,"Silent Hill: Revelation 3D",Horror|Mystery|Thriller,2012,3,1,10,11,12,,,,,,,
97836,"Here Comes the Boom",Action|Comedy,2012,2.57142857142857,7,4,8,,,,,,,,
97858,"Mental",Comedy|Drama,2012,2,1,4,7,,,,,,,,
97860,"Killing Them Softly",Crime|Drama|Thriller,2012,3.125,4,7,9,10,,,,,,,
97866,"Imposter, The",Documentary,2012,4.75,2,16,,,,,,,,,
97870,"Sessions, The",Drama,2012,4,1,7,,,,,,,,,
97904,"Smashed",Comedy|Drama,2012,4,1,4,7,,,,,,,,
97913,"Wreck-It Ralph",Animation|Comedy,2012,3.75,22,2,4,,,,,,,,
97921,"Silver Linings Playbook",Comedy|Drama,2012,3.71666666666667,30,4,7,,,,,,,,
97923,"Flight",Drama,2012,3.5,9,7,,,,,,,,,
97936,"Anna Karenina",Drama,2012,3,1,7,,,,,,,,,
97938,"Life of Pi",Adventure|Drama|IMAX,2012,3.62903225806452,31,1,7,17,,,,,,,
97950,"Man with the Iron Fists, The",Action|Adventure|Crime,2012,2.5,1,1,8,9,,,,,,,
97988,"Bay, The",Horror|Sci-Fi|Thriller,2012,2.5,1,10,11,13,,,,,,,
98061,"Himizu",Children|Crime|Drama,2011,3.5,1,3,7,9,,,,,,,
98083,"Jackass 3.5",Comedy|Documentary,2011,4,2,4,16,,,,,,,,
98122,"Indie Game: The Movie",Documentary,2012,3,2,16,,,,,,,,,
98124,"Batman: The Dark Knight Returns, Part 1",Action|Animation|Sci-Fi,2012,3.92857142857143,7,2,8,13,,,,,,,
98154,"Lincoln",Drama|War,2012,4.5,4,7,14,,,,,,,,
98160,"Nature Calls",Comedy,2012,1.5,1,4,,,,,,,,,
98175,"Vamps",Comedy|Horror|Romance,2012,1.5,1,4,6,11,,,,,,,
98203,"Twilight Saga: Breaking Dawn - Part 2, The",Adventure|Drama|Fantasy|Romance|IMAX,2012,1.875,4,1,5,6,7,17,,,,,
98230,"10 Years",Comedy|Drama|Romance,2011,3.5,1,4,6,7,,,,,,,
98239,"Red Dawn",Action|War,2012,2.25,2,8,14,,,,,,,,
98243,"Rise of the Guardians",Adventure|Animation|Children|Fantasy|IMAX,2012,3.79166666666667,12,1,2,3,5,17,,,,,
98279,"Fantastic Fear of Everything, A",Comedy,2012,4,2,4,,,,,,,,,
98296,"Deadfall",Crime|Drama|Thriller,2012,1.5,1,7,9,10,,,,,,,
98361,"Byzantium",Drama|Fantasy|Thriller,2012,4,1,5,7,10,,,,,,,
98491,"Paperman",Animation|Comedy|Romance,2012,4.375,8,2,4,6,,,,,,,
98499,"Fearless Hyena, The",Action|Comedy,1979,3,2,4,8,,,,,,,,
98503,"Half a Loaf of Kung Fu",Action|Comedy,1980,3,1,4,8,,,,,,,,
98585,"Hitchcock",Drama,2012,3.5,5,7,,,,,,,,,
98604,"From Up on Poppy Hill",Animation|Drama|Romance,2011,4.5,1,2,6,7,,,,,,,
98607,"Redline",Action|Animation|Sci-Fi,2009,4.5,1,2,8,13,,,,,,,
98623,"Winners and Sinners",Action|Comedy|Crime,1983,3,2,4,8,9,,,,,,,
98633,"My Lucky Stars",Action|Comedy,1985,3.5,1,4,8,,,,,,,,
98697,"Money Money Money",Adventure|Comedy,1972,2.5,1,1,4,,,,,,,,
98799,"Liar's Autobiography: The Untrue Story of Monty Python's Graham Chapman, A",Animation|Comedy,2012,2.5,1,2,4,,,,,,,,
98809,"Hobbit: An Unexpected Journey, The",Adventure|Fantasy|IMAX,2012,3.8125,40,1,5,17,,,,,,,
98836,"Hyde Park on Hudson",Comedy|Drama,2012,2,1,4,7,,,,,,,,
98908,"How to Make Love to a Woman",Comedy|Romance,2010,1.5,1,4,6,,,,,,,,
98961,"Zero Dark Thirty",Action|Drama|Thriller,2012,4.10714285714286,14,7,8,10,,,,,,,
99005,"Fire with Fire",Action|Crime|Drama,2012,1.5,1,7,8,9,,,,,,,
99007,"Warm Bodies",Comedy|Horror|Romance,2013,3.5,14,4,6,11,,,,,,,
99030,"Wrong",Comedy|Drama,2012,4,1,4,7,,,,,,,,
99087,"Playing for Keeps",Comedy|Romance,2012,3,1,4,6,,,,,,,,
99106,"Guilt Trip, The",Comedy,2012,2.5,3,4,,,,,,,,,
99112,"Jack Reacher",Action|Crime|Thriller,2012,3.41666666666667,12,8,9,10,,,,,,,
99114,"Django Unchained",Action|Drama|Western,2012,3.94366197183099,71,7,8,18,,,,,,,
99117,"This Is 40",Drama,2012,3.125,8,7,,,,,,,,,
99122,"I Bought a Vampire Motorcycle",Comedy|Horror,1990,3.5,1,4,11,,,,,,,,
99130,"Ice Cream Man",Comedy|Horror,1995,3.5,1,4,11,,,,,,,,
99145,"Impossible, The",Drama|Thriller,2012,3.66666666666667,3,7,10,,,,,,,,
99149,"Misérables, Les",Drama|Musical|Romance|IMAX,2012,3.5,7,6,7,15,17,,,,,,
99191,"Campfire Tales",Horror,1997,4,1,11,,,,,,,,,
99415,"Parental Guidance",Comedy,2012,2,1,4,,,,,,,,,
99437,"John Dies at the End",Comedy|Fantasy|Horror,2012,4,2,4,5,11,,,,,,,
99532,"Misérables, Les",Drama|Romance,2000,2.25,2,6,7,,,,,,,,
99574,"Promised Land",Drama,2012,3,1,7,,,,,,,,,
99636,"English Vinglish",Comedy|Drama,2012,5,1,4,7,,,,,,,,
99638,"Fish Story",Comedy,2009,3,1,4,,,,,,,,,
99721,"Texas Chainsaw 3D",Horror|Mystery|Thriller,2013,1.5,1,10,11,12,,,,,,,
99728,"Gangster Squad",Action|Crime|Drama,2013,3.33333333333333,3,7,8,9,,,,,,,
99750,"Iceman, The",Crime|Drama|Thriller,2012,3.5,1,7,9,10,,,,,,,
99764,"It's Such a Beautiful Day",Animation|Comedy|Drama|Fantasy|Sci-Fi,2012,4.25,2,2,4,5,7,13,,,,,
99813,"Batman: The Dark Knight Returns, Part 2",Action|Animation,2013,3.875,8,2,8,,,,,,,,
99846,"Everything or Nothing: The Untold Story of 007",Documentary,2012,3,1,16,,,,,,,,,
99853,"Codependent Lesbian Space Alien Seeks Same",Comedy|Romance|Sci-Fi,2011,4,1,4,6,13,,,,,,,
99910,"Last Stand, The",Action|Crime|Thriller,2013,3.25,2,8,9,10,,,,,,,
99917,"Upstream Color",Romance|Sci-Fi|Thriller,2013,3.16666666666667,3,6,10,13,,,,,,,
99992,"Shadow Dancer",Crime|Drama|Thriller,2012,3,1,7,9,10,,,,,,,
100044,"Human Planet",Documentary,2011,4,1,16,,,,,,,,,
100068,"Comme un chef",Comedy,2012,3.5,1,4,,,,,,,,,
100083,"Movie 43",Comedy,2013,3.5,3,4,,,,,,,,,
100106,"Pervert's Guide to Ideology, The",Documentary,2012,3.5,1,16,,,,,,,,,
100159,"Sightseers",Comedy,2012,4.5,1,4,,,,,,,,,
100163,"Hansel & Gretel: Witch Hunters",Action|Fantasy|Horror|IMAX,2013,2.9,5,5,8,11,17,,,,,,
100194,"Jim Jefferies: Fully Functional",Comedy,2012,4.5,1,4,,,,,,,,,
100226,"Why Stop Now",Comedy|Drama,2012,1.5,1,4,7,,,,,,,,
100277,"Tabu",Drama|Romance,2012,4,1,6,7,,,,,,,,
100302,"Upside Down",Drama|Romance|Sci-Fi,2012,3,1,6,7,13,,,,,,,
100304,"Liability, The",Action|Thriller,2012,3,1,8,10,,,,,,,,
100306,"Angst",Drama|Horror,1983,3.5,1,7,11,,,,,,,,
100326,"Stand Up Guys",Comedy|Crime,2012,2.5,1,4,9,,,,,,,,
100383,"Side Effects",Crime|Drama|Mystery|Thriller,2013,3.91666666666667,6,7,9,10,12,,,,,,
100390,"Identity Thief",Comedy|Crime,2013,2.875,4,4,9,,,,,,,,
100397,"ABCs of Death, The",Horror,2012,3.5,1,11,,,,,,,,,
100487,"Beautiful Creatures",Drama|Fantasy|Romance,2013,2,1,5,6,7,,,,,,,
100498,"Good Day to Die Hard, A",Action|Crime|Thriller|IMAX,2013,2.08333333333333,6,8,9,10,17,,,,,,
100507,"21 and Over",Comedy,2013,3.625,4,4,,,,,,,,,
100527,"Safe Haven",Drama|Mystery|Romance,2013,4,1,6,7,12,,,,,,,
100553,"Frozen Planet",Documentary,2011,4.5,2,16,,,,,,,,,
100556,"Act of Killing, The",Documentary,2012,5,1,16,,,,,,,,,
100579,"Universal Soldier: Day of Reckoning",Action|Sci-Fi|Thriller,2012,4,1,8,10,13,,,,,,,
100611,"Escape from Planet Earth",Adventure|Animation|Comedy|Sci-Fi,2013,4,2,1,2,4,13,,,,,,
100714,"Before Midnight",Drama|Romance,2013,3.5,3,6,7,,,,,,,,
100737,"Snitch",Action|Drama|Thriller,2013,3.5,1,7,8,10,,,,,,,
100810,"Dark Skies",Horror|Sci-Fi|Thriller,2013,3,2,10,11,13,,,,,,,
100843,"Oh Boy",Comedy|Drama,2012,3.5,1,4,7,,,,,,,,
100882,"Journey to the West: Conquering the Demons",Adventure|Comedy|Fantasy|Romance|IMAX,2013,4.75,2,1,4,5,6,17,,,,,
100906,"Maniac Cop 2",Action|Horror|Thriller,1990,5,1,8,10,11,,,,,,,
101025,"Jack the Giant Slayer",Adventure|Fantasy|IMAX,2013,2.2,5,1,5,17,,,,,,,
101070,"Wadjda",Drama,2012,2.5,1,7,,,,,,,,,
101072,"Unintentional Kidnapping of Mrs. Elfriede Ott, The",Comedy,2010,2.5,1,4,,,,,,,,,
101074,"Legend of Sleepy Hollow, The",Animation|Comedy|Horror|Musical,1949,2,1,2,4,11,15,,,,,,
101076,"G.I. Joe: Retaliation",Action|Adventure|Sci-Fi|Thriller|IMAX,2013,3,3,1,8,10,13,17,,,,,
101088,"Stoker",Drama|Mystery|Thriller,2013,3.75,2,7,10,12,,,,,,,
101112,"Oz the Great and Powerful",Action|Adventure|Fantasy|IMAX,2013,3.08333333333333,6,1,5,8,17,,,,,,
101142,"Croods, The",Adventure|Animation|Comedy,2013,3.77777777777778,9,1,2,4,,,,,,,
101283,"Incredible Burt Wonderstone, The",Comedy,2013,2.83333333333333,3,4,,,,,,,,,
101360,"Call, The",Drama|Thriller,2013,1.5,1,7,10,,,,,,,,
101362,"Olympus Has Fallen",Action|Thriller,2013,2.875,8,8,10,,,,,,,,
101415,"First Time, The",Comedy|Drama|Romance,2012,1.5,2,4,6,7,,,,,,,
101423,"Mezzo Forte",Action|Animation|Comedy,1998,3,1,2,4,8,,,,,,,
101525,"Place Beyond the Pines, The",Crime|Drama,2012,3.5,5,7,9,,,,,,,,
101529,"Brass Teapot, The",Comedy|Fantasy|Thriller,2012,2,1,4,5,10,,,,,,,
101531,"Phil Spector",Drama,2013,2,1,7,,,,,,,,,
101577,"Host, The",Action|Adventure|Romance,2013,2.5,4,1,6,8,,,,,,,
101612,"Admission",Comedy|Romance,2013,3,4,4,6,,,,,,,,
101739,"Evil Dead",Horror,2013,3.25,2,11,,,,,,,,,
101741,"Trance",Crime|Thriller,2013,3.75,2,9,10,,,,,,,,
101765,"Perfect Plan, A",Adventure|Comedy|Romance,2012,4.25,2,1,4,6,,,,,,,
101864,"Oblivion",Action|Adventure|Sci-Fi|IMAX,2013,3.3,20,1,8,13,17,,,,,,
101884,"Dark Tide",Adventure|Drama|Thriller,2012,1.5,1,1,7,10,,,,,,,
101895,"42",Drama,2013,4,1,7,,,,,,,,,
101962,"Wolf Children",Animation|Fantasy,2012,4,4,2,5,,,,,,,,
101973,"Disconnect",Drama|Thriller,2012,1.5,1,7,10,,,,,,,,
102007,"Invincible Iron Man, The",Animation,2007,3,1,2,,,,,,,,,
102025,"Yongary: Monster from the Deep",Children|Horror|Sci-Fi,1967,0.5,1,3,11,13,,,,,,,
102033,"Pain & Gain",Action|Comedy|Crime,2013,3.2,5,4,8,9,,,,,,,
102058,"Hulk Vs.",Animation,2009,3,1,2,,,,,,,,,
102066,"Resolution",Horror|Thriller,2012,4,1,10,11,,,,,,,,
102070,"Grabbers",Comedy|Horror|Sci-Fi,2012,3,1,4,11,13,,,,,,,
102084,"Justice League: Doom",Action|Animation|Fantasy,2012,5,1,2,5,8,,,,,,,
102088,"Grandmaster, The",Action|Drama|IMAX,2013,2,1,7,8,17,,,,,,,
102123,"This Is the End",Action|Comedy,2013,3.21428571428571,14,4,8,,,,,,,,
102125,"Iron Man 3",Action|Sci-Fi|Thriller|IMAX,2013,3.5625,32,8,10,13,17,,,,,,
102165,"English Teacher, The",Comedy|Drama,2013,2,1,4,7,,,,,,,,
102194,"Mud",Adventure|Crime|Drama,2012,4.33333333333333,3,1,7,9,,,,,,,
102217,"Bill Hicks: Revelations",Comedy,1993,5,1,4,,,,,,,,,
102278,"Pawn",Crime|Thriller,2013,2,1,9,10,,,,,,,,
102338,"Shaolin Temple",Action|Adventure|Drama,1976,4.5,1,1,7,8,,,,,,,
102378,"Syrup",Comedy|Drama,2013,2.75,2,4,7,,,,,,,,
102407,"Great Gatsby, The",Drama,2013,3.375,20,7,,,,,,,,,
102445,"Star Trek Into Darkness",Action|Adventure|Sci-Fi|IMAX,2013,3.68518518518519,27,1,8,13,17,,,,,,
102481,"Internship, The",Comedy,2013,3.55,10,4,,,,,,,,,
102590,"Darkon",Documentary|Fantasy,2006,3,1,5,16,,,,,,,,
102602,"Mimino",Comedy,1977,4,1,4,,,,,,,,,
102666,"Ivan Vasilievich: Back to the Future",Adventure|Comedy,1973,4.5,1,1,4,,,,,,,,
102684,"Only God Forgives",Drama|Thriller,2013,3.75,2,7,10,,,,,,,,
102686,"Hangover Part III, The",Comedy,2013,3.375,8,4,,,,,,,,,
102716,"Fast & Furious 6",Action|Crime|Thriller|IMAX,2013,3.35714285714286,7,8,9,10,17,,,,,,
102720,"Epic",Adventure|Animation|Fantasy,2013,3,2,1,2,5,,,,,,,
102735,"Captain America",Action|Drama,1979,0.5,1,7,8,,,,,,,,
102742,"Tie Xi Qu: West of the Tracks",Documentary,2003,4,1,16,,,,,,,,,
102747,"Rink, The",Comedy,1916,3.5,1,4,,,,,,,,,
102749,"Captain America II: Death Too Soon",Action|Crime,1979,0.5,1,8,9,,,,,,,,
102760,"Down Terrace",Comedy|Crime|Drama,2009,4,1,4,7,9,,,,,,,
102800,"Frances Ha",Comedy|Drama,2012,2.5,1,4,7,,,,,,,,
102802,"Lords of Salem, The",Horror|Thriller,2012,2.5,1,10,11,,,,,,,,
102819,"Behind the Candelabra",Drama,2013,3,1,7,,,,,,,,,
102823,"As I Was Moving Ahead Occasionally I Saw Brief Glimpses of Beauty",Documentary,2000,3.5,1,16,,,,,,,,,
102852,"With Great Power: The Stan Lee Story",Documentary,2012,3,1,16,,,,,,,,,
102880,"After Earth",Action|Adventure|Sci-Fi|IMAX,2013,1,2,1,8,13,17,,,,,,
102903,"Now You See Me",Crime|Mystery|Thriller,2013,3.40909090909091,22,9,10,12,,,,,,,
102984,"Inhuman Resources",Horror|Thriller,2012,4.5,1,10,11,,,,,,,,
102993,"Way, Way Back, The",Comedy|Drama,2013,3.125,4,4,7,,,,,,,,
103027,"Much Ado About Nothing",Comedy|Drama|Romance,2012,3,1,4,6,7,,,,,,,
103042,"Man of Steel",Action|Adventure|Fantasy|Sci-Fi|IMAX,2013,3.29545454545455,22,1,5,8,13,17,,,,,
103048,"Kings of Summer, The",Comedy,2013,3.5,2,4,,,,,,,,,
103075,"Purge, The",Crime|Horror|Thriller,2013,3.25,4,9,10,11,,,,,,,
103085,"Rapture-Palooza",Comedy|Fantasy,2013,3,1,4,5,,,,,,,,
103107,"20 Feet from Stardom",Documentary,2013,4.25,2,16,,,,,,,,,
103137,"Bling Ring, The",Crime|Drama,2013,2,2,7,9,,,,,,,,
103141,"Monsters University",Adventure|Animation|Comedy,2013,3.875,16,1,2,4,,,,,,,
103171,"Schlussmacher",Comedy,2013,1,1,4,,,,,,,,,
103210,"Fullmetal Alchemist: The Sacred Star of Milos",Action|Adventure|Animation,2011,2,1,1,2,8,,,,,,,
103219,"Maniac",Horror|Thriller,2012,3.5,1,10,11,,,,,,,,
103221,"Not Suitable for Children",Comedy|Romance,2012,2.5,1,4,6,,,,,,,,
103228,"Pacific Rim",Action|Adventure|Sci-Fi|IMAX,2013,3.60714285714286,14,1,8,13,17,,,,,,
103233,"LEGO Batman: The Movie - DC Heroes Unite",Action|Adventure|Animation,2013,3,1,1,2,8,,,,,,,
103235,"Best Offer, The",Thriller,2013,4,5,10,,,,,,,,,
103245,"Adam and Eve",Comedy|Drama|Romance,2005,2.5,1,4,6,7,,,,,,,
103249,"World War Z",Action|Drama|Horror|IMAX,2013,3.02631578947368,19,7,8,11,17,,,,,,
103253,"Elysium",Action|Drama|Sci-Fi|IMAX,2013,3.3125,16,7,8,13,17,,,,,,
103335,"Despicable Me 2",Animation|Children|Comedy|IMAX,2013,3.57894736842105,19,2,3,4,17,,,,,,
103339,"White House Down",Action|Drama|Thriller|IMAX,2013,2.91666666666667,6,7,8,10,17,,,,,,
103341,"World's End, The",Action|Comedy|Sci-Fi,2013,3.41666666666667,18,4,8,13,,,,,,,
103366,"Redemption",Action|Crime|Thriller,2013,2,1,8,9,10,,,,,,,
103372,"Heat, The",Action|Comedy|Crime,2013,3.41666666666667,6,4,8,9,,,,,,,
103384,"Lone Ranger, The",Action|Adventure|Western|IMAX,2013,2.78571428571429,7,1,8,17,18,,,,,,
103449,"Passion",Crime|Drama|Mystery|Thriller,2012,1,1,7,9,10,12,,,,,,
103483,"V/H/S/2",Horror|Thriller,2013,4.5,1,10,11,,,,,,,,
103502,"Knot, The",Comedy|Romance,2012,1.5,1,4,6,,,,,,,,
103539,"The Spectacular Now",Comedy|Drama|Romance,2013,3.25,2,4,6,7,,,,,,,
103543,"Lifeguard, The",Comedy|Drama,2013,3.5,2,4,7,,,,,,,,
103596,"Sharknado",Sci-Fi,2013,1.875,4,13,,,,,,,,,
103602,"Craig Ferguson: I'm Here To Help",Comedy|Documentary,2013,5,1,4,16,,,,,,,,
103606,"Stuck in Love",Comedy|Drama|Romance,2012,4,1,4,6,7,,,,,,,
103609,"Class Act",Comedy,1992,1.5,1,4,,,,,,,,,
103624,"Fruitvale Station",Drama,2013,4,2,7,,,,,,,,,
103655,"R.I.P.D.",Action|Comedy|Fantasy,2013,1.83333333333333,3,4,5,8,,,,,,,
103685,"Field in England, A",Drama|Fantasy|Thriller|War,2013,4.5,1,5,7,10,14,,,,,,
103688,"Conjuring, The",Horror|Thriller,2013,4.21428571428571,7,10,11,,,,,,,,
103755,"Turbo",Adventure|Animation|Children|Comedy|Fantasy,2013,2.5,1,1,2,3,4,5,,,,,
103772,"Wolverine, The",Action|Adventure|Fantasy|Sci-Fi,2013,3.375,16,1,5,8,13,,,,,,
103801,"Drinking Buddies",Comedy|Drama|Romance,2013,2.33333333333333,3,4,6,7,,,,,,,
103810,"Red 2",Action|Comedy|Crime|Thriller,2013,3.2,5,4,8,9,10,,,,,,
103819,"Coffee Town",Comedy,2013,2.25,2,4,,,,,,,,,
103865,"Revenge for Jolly!",Comedy|Drama,2012,2,1,4,7,,,,,,,,
103883,"2 Guns",Action|Comedy|Crime,2013,4,3,4,8,9,,,,,,,
103980,"Blue Jasmine",Drama,2013,3.375,4,7,,,,,,,,,
103984,"Great Beauty, The",Comedy|Drama,2013,3.5,3,4,7,,,,,,,,
104017,"3 dev adam",Action|Adventure|Sci-Fi,1973,0.5,1,1,8,13,,,,,,,
104069,"Louis C.K.: Oh My God",Comedy,2013,4.125,4,4,,,,,,,,,
104074,"Percy Jackson: Sea of Monsters",Adventure|Children|Fantasy,2013,1.75,2,1,3,5,,,,,,,
104076,"Smurfs 2, The",Animation|Children|Comedy,2013,1.875,4,2,3,4,,,,,,,
104078,"Alan Partridge: Alpha Papa",Comedy,2013,4,1,4,,,,,,,,,
104129,"Man of Tai Chi",Action|IMAX,2013,3.25,2,8,17,,,,,,,,
104141,"Batman: Mystery of the Batwoman",Action|Animation|Children|Crime,2003,3,1,2,3,8,9,,,,,,
104211,"We're the Millers",Comedy|Crime,2013,3.73809523809524,21,4,9,,,,,,,,
104218,"Grown Ups 2",Comedy,2013,3.4,5,4,,,,,,,,,
104241,"Kick-Ass 2",Action|Comedy|Crime,2013,3.45454545454545,11,4,8,9,,,,,,,
104243,"Riddick",Action|Sci-Fi|Thriller|IMAX,2013,3.3,5,8,10,13,17,,,,,,
104245,"Planes",Adventure|Animation|Comedy,2013,3,2,1,2,4,,,,,,,
104272,"Blackfish",Documentary,2013,3,2,16,,,,,,,,,
104283,"Wind Rises, The",Animation|Drama|Romance,2013,4,3,2,6,7,,,,,,,
104303,"Jobs",Drama,2013,2.5,3,7,,,,,,,,,
104337,"Lee Daniels' The Butler",Drama,2013,1.5,1,7,,,,,,,,,
104339,"In a World...",Comedy,2013,4,2,4,,,,,,,,,
104374,"About Time",Drama|Fantasy|Romance,2013,3.93333333333333,15,5,6,7,,,,,,,
104419,"Justice League: Crisis on Two Earths",Action|Animation|Sci-Fi,2010,3.25,2,2,8,13,,,,,,,
104457,"You're Next",Horror|Thriller,2011,3.75,2,10,11,,,,,,,,
104644,"Maria Bamford: The Special Special Special!",Comedy,2012,0.5,1,4,,,,,,,,,
104760,"Getaway",Action|Crime,2013,1,1,8,9,,,,,,,,
104780,"Mystery of the Third Planet, The",Adventure|Animation|Sci-Fi,1981,5,1,1,2,13,,,,,,,
104837,"Rage of Honor",Action|Crime,1987,2,1,8,9,,,,,,,,
104841,"Gravity",Action|Sci-Fi|IMAX,2013,3.578125,32,8,13,17,,,,,,,
104863,"What If",Comedy|Drama|Romance,2013,2.66666666666667,3,4,6,7,,,,,,,
104875,"History of Future Folk, The",Adventure|Comedy|Musical|Sci-Fi,2012,4,2,1,4,13,15,,,,,,
104879,"Prisoners",Drama|Mystery|Thriller,2013,4.15625,16,7,10,12,,,,,,,
104906,"Austenland",Comedy|Romance,2013,3.16666666666667,3,4,6,,,,,,,,
104908,"Insidious: Chapter 2",Horror|Thriller,2013,3,2,10,11,,,,,,,,
104913,"Rush",Action|Drama,2013,3.81818181818182,11,7,8,,,,,,,,
104925,"Family, The",Action|Comedy|Crime,2013,3.5,3,4,8,9,,,,,,,
104944,"Short Term 12",Drama,2013,3.75,2,7,,,,,,,,,
105020,"Collision Course",Action|Comedy|Thriller,1989,1.5,1,4,8,10,,,,,,,
105037,"To Do List, The",Comedy,2013,2.5,4,4,,,,,,,,,
105121,"Inescapable",Action|Drama|War,2012,1,1,7,8,14,,,,,,,
105197,"Nebraska",Adventure|Drama,2013,4.125,4,1,7,,,,,,,,
105211,"Enough Said",Comedy|Drama|Romance,2013,3,2,4,6,7,,,,,,,
105213,"Don Jon",Comedy|Drama|Romance,2013,3.125,8,4,6,7,,,,,,,
105246,"Mood Indigo",Drama|Fantasy,2013,3.5,1,5,7,,,,,,,,
105250,"Century of the Self, The",Documentary,2002,3.75,2,16,,,,,,,,,
105254,"Crystal Fairy & the Magical Cactus and 2012",Adventure|Comedy,2013,3.5,2,1,4,,,,,,,,
105325,"Bad Milo",Comedy|Horror,2013,1,1,4,11,,,,,,,,
105351,"Runner Runner",Crime|Drama|Thriller,2013,2.25,2,7,9,10,,,,,,,
105355,"Blue Is the Warmest Color",Drama|Romance,2013,3.25,2,6,7,,,,,,,,
105468,"Cloudy with a Chance of Meatballs 2",Animation|Children|Comedy|Fantasy,2013,2.25,2,2,3,4,5,,,,,,
105504,"Captain Phillips",Adventure|Drama|Thriller|IMAX,2013,4.04761904761905,21,1,7,10,17,,,,,,
105540,"All Dogs Christmas Carol, An",Animation|Children|Comedy|Musical,1998,4.5,1,2,3,4,15,,,,,,
105585,"Machete Kills",Action|Crime|Thriller,2013,4,2,8,9,10,,,,,,,
105593,"Filth",Comedy|Crime|Drama,2013,4.5,2,4,7,9,,,,,,,
105653,"Escape Plan",Action|Mystery|Thriller,2013,4,4,8,10,12,,,,,,,
105720,"Thief of Paris, The",Comedy|Crime|Drama,1967,3,1,4,7,9,,,,,,,
105731,"Carrie",Drama|Horror,2013,2.5,2,7,11,,,,,,,,
105746,"UnHung Hero",Documentary,2013,4.5,1,16,,,,,,,,,
105755,"Counselor, The",Crime|Drama|Thriller,2013,1.5,1,7,9,10,,,,,,,
105801,"Escape From Tomorrow",Drama|Fantasy|Horror,2013,3,1,5,7,11,,,,,,,
105835,"Double, The",Comedy|Drama|Thriller,2013,4,1,4,7,10,,,,,,,
105844,"12 Years a Slave",Drama,2013,3.625,16,7,,,,,,,,,
105954,"All Is Lost",Action|Adventure|Drama,2013,3.625,4,1,7,8,,,,,,,
106002,"Ender's Game",Action|Adventure|Sci-Fi|IMAX,2013,3.4375,16,1,8,13,17,,,,,,
106062,"Jackass Presents: Bad Grandpa",Comedy,2013,3.25,2,4,,,,,,,,,
106072,"Thor: The Dark World",Action|Adventure|Fantasy|IMAX,2013,3.30952380952381,21,1,5,8,17,,,,,,
106100,"Dallas Buyers Club",Drama,2013,3.97058823529412,17,7,,,,,,,,,
106144,"Selfish Giant, The",Drama,2013,3.5,1,7,,,,,,,,,
106330,"Last Vegas",Comedy|Drama|Romance,2013,2,2,4,6,7,,,,,,,
106438,"Philomena",Comedy|Drama,2013,3.25,2,4,7,,,,,,,,
106441,"Book Thief, The",Children|Drama|War,2013,3,1,3,7,14,,,,,,,
106487,"The Hunger Games: Catching Fire",Action|Adventure|Sci-Fi|IMAX,2013,3.63461538461538,26,1,8,13,17,,,,,,
106489,"Hobbit: The Desolation of Smaug, The",Adventure|Fantasy|IMAX,2013,3.58,25,1,5,17,,,,,,,
106491,"47 Ronin",Action|Adventure|Fantasy,2013,2.64285714285714,7,1,5,8,,,,,,,
106540,"Delivery Man",Comedy,2013,2.875,4,4,,,,,,,,,
106542,"Charlie Countryman",Action|Comedy|Romance,2013,1.5,1,4,6,8,,,,,,,
106594,"Red Flag",Comedy|Drama|Romance,2012,4.5,1,4,6,7,,,,,,,
106642,"Day of the Doctor, The",Adventure|Drama|Sci-Fi,2013,4.57142857142857,7,1,7,13,,,,,,,
106648,"Guilty of Romance",Crime|Drama|Horror,2011,3,1,7,9,11,,,,,,,
106696,"Frozen",Adventure|Animation|Comedy|Fantasy|Musical|Romance,2013,3.62068965517241,29,1,2,4,5,6,15,,,,
106766,"Inside Llewyn Davis",Drama,2013,3.64285714285714,7,7,,,,,,,,,
106782,"Wolf of Wall Street, The",Comedy|Crime|Drama,2013,3.91666666666667,54,4,7,9,,,,,,,
106785,"Homefront",Action|Crime|Thriller,2013,3,1,8,9,10,,,,,,,
106839,"Mandela: Long Walk to Freedom",Drama,2013,3.75,2,7,,,,,,,,,
106873,"Evangelion: 3.0 You Can  Redo",Action|Animation|Drama,2012,2.5,3,2,7,8,,,,,,,
106883,"All is Bright",Comedy|Drama,2013,1.5,1,4,7,,,,,,,,
106889,"Tim's Vermeer",Documentary,2013,4,1,16,,,,,,,,,
106916,"American Hustle",Crime|Drama,2013,3.25,16,7,9,,,,,,,,
106918,"Secret Life of Walter Mitty, The",Adventure|Comedy|Drama,2013,4,20,1,4,7,,,,,,,
106920,"Her",Drama|Romance|Sci-Fi,2013,3.92,25,6,7,13,,,,,,,
106927,"RoboGeisha",Action|Comedy|Sci-Fi,2009,3,1,4,8,13,,,,,,,
107013,"Christmas Carol, A",Drama|Fantasy,1977,0.5,1,5,7,,,,,,,,
107069,"Lone Survivor",Action|Drama|Thriller|War,2013,3,2,7,8,10,14,,,,,,
107141,"Saving Mr. Banks",Comedy|Drama,2013,3.6875,8,4,7,,,,,,,,
107159,"Zatoichi and the Chest of Gold",Action|Drama,1964,4,1,7,8,,,,,,,,
107314,"Oldboy",Action|Drama|Mystery,2013,3,2,7,8,12,,,,,,,
107338,"Dampfnudelblues",Comedy|Crime,2013,2.5,1,4,9,,,,,,,,
107348,"Anchorman 2: The Legend Continues",Comedy,2013,3.36363636363636,11,4,,,,,,,,,
107406,"Snowpiercer",Action|Drama|Sci-Fi,2013,3.42857142857143,21,7,8,13,,,,,,,
107408,"Only Old Men Are Going to Battle",Comedy|Drama|War,1973,4.5,1,4,7,14,,,,,,,
107410,"Guest from the Future",Adventure|Drama|Sci-Fi,1985,4,1,1,7,13,,,,,,,
107412,"Kidnapping, Caucasian Style",Comedy|Romance,1967,4.5,1,4,6,,,,,,,,
107436,"Haunter",Horror|Mystery|Thriller,2013,3,1,10,11,12,,,,,,,
107447,"Wrong Cops",Comedy|Crime,2013,4,1,4,9,,,,,,,,
107449,"Muppet Christmas: Letters to Santa, A",Children|Comedy,2008,1.5,1,3,4,,,,,,,,
107462,"Ninja: Shadow of a Tear",Action|Crime|Thriller,2013,4.5,1,8,9,10,,,,,,,
107565,"Fuck You, Goethe",Comedy,2013,2.75,2,4,,,,,,,,,
107630,"High School",Comedy,2010,4.5,1,4,,,,,,,,,
107702,"Grudge Match",Comedy,2013,2.5,2,4,,,,,,,,,
107723,"Highlander: The Search for Vengeance",Action|Adventure|Fantasy,2007,3,1,1,5,8,,,,,,,
107771,"Only Lovers Left Alive",Drama|Horror|Romance,2013,5,1,6,7,11,,,,,,,
107780,"Cats",Musical,1998,4,1,15,,,,,,,,,
107846,"MacGyver: Trail to Doomsday",Action|Adventure,1994,3.5,1,1,8,,,,,,,,
107945,"Bad Karma",Thriller,2012,2,1,10,,,,,,,,,
107951,"Hunting Elephants",Comedy|Crime,2013,5,1,4,9,,,,,,,,
107953,"Dragon Ball Z: Battle of Gods",Action|Animation|Fantasy|IMAX,2013,4,2,2,5,8,17,,,,,,
107962,"Freezer",Action|Thriller,2014,2,1,8,10,,,,,,,,
107997,"We Are What We Are",Drama|Horror|Mystery|Thriller,2013,2.25,2,7,10,11,12,,,,,,
107999,"Dragon ball Z 04: Lord Slug",Animation|Children,1991,4,1,2,3,,,,,,,,
108078,"Chinese Puzzle",Comedy|Romance,2013,5,1,4,6,,,,,,,,
108090,"Dragon Ball: The Path to Power",Action|Adventure|Animation|Children,1996,3.5,1,1,2,3,8,,,,,,
108156,"Ride Along",Action|Comedy,2014,3.16666666666667,6,4,8,,,,,,,,
108188,"Jack Ryan: Shadow Recruit",Action|Drama|Thriller|IMAX,2014,2,2,7,8,10,17,,,,,,
108190,"Divergent",Adventure|Romance|Sci-Fi|IMAX,2014,3,18,1,6,13,17,,,,,,
108192,"Hotel Chevalier",Drama,2007,3.5,1,7,,,,,,,,,
108540,"Ernest & Célestine",Adventure|Animation|Children|Comedy|Drama|Romance,2012,4.5,1,1,2,3,4,6,7,,,,
108601,"Drift",Drama,2013,2,1,7,,,,,,,,,
108689,"I, Frankenstein",Action|Fantasy|Sci-Fi|IMAX,2014,2.25,2,5,8,13,17,,,,,,
108715,"Better Living Through Chemistry",Comedy|Drama,2014,1.5,1,4,7,,,,,,,,
108727,"Nymphomaniac: Volume I",Drama,2013,4.25,2,7,,,,,,,,,
108729,"Enemy",Mystery|Thriller,2013,3.5,7,10,12,,,,,,,,
108795,"Wonder Woman",Action|Adventure|Animation|Fantasy,2009,5,1,1,2,5,8,,,,,,
108928,"Monuments Men, The",Action|Drama|War,2014,2.66666666666667,6,7,8,14,,,,,,,
108932,"The Lego Movie",Action|Adventure|Animation|Children|Comedy|Fantasy,2014,3.87096774193548,31,1,2,3,4,5,8,,,,
108945,"RoboCop",Action|Crime|Sci-Fi|IMAX,2014,2.33333333333333,6,8,9,13,17,,,,,,
108949,"Art of the Steal, The",Crime,2013,3.33333333333333,3,9,,,,,,,,,
108981,"Nymphomaniac: Volume II",Drama|Mystery,2013,4.5,1,7,12,,,,,,,,
109042,"Knights of Badassdom",Adventure|Comedy|Fantasy,2013,2.25,2,1,4,5,,,,,,,
109161,"Venus in Fur",Drama,2013,4.5,1,7,,,,,,,,,
109183,"Date and Switch",Comedy,2014,2,1,4,,,,,,,,,
109187,"Zero Theorem, The",Drama|Fantasy|Sci-Fi,2013,3,3,5,7,13,,,,,,,
109191,"Winter's Tale",Drama|Fantasy|Mystery,2014,1.5,1,5,7,12,,,,,,,
109241,"On the Other Side of the Tracks",Action|Comedy|Crime,2012,5,1,4,8,9,,,,,,,
109282,"GLOW: The Story of the Gorgeous Ladies of Wrestling",Documentary,2012,3,1,16,,,,,,,,,
109295,"Cold Comes the Night",Crime|Drama|Thriller,2013,2,1,7,9,10,,,,,,,
109313,"Chouchou",Comedy,2003,4,1,4,,,,,,,,,
109317,"Someone Marry Barry",Comedy,2014,2.5,1,4,,,,,,,,,
109372,"About Last Night",Comedy|Romance,2014,2.25,2,4,6,,,,,,,,
109374,"Grand Budapest Hotel, The",Comedy|Drama,2014,3.77884615384615,52,4,7,,,,,,,,
109383,"Oversimplification of Her Beauty, An",Animation|Comedy|Drama|Romance,2012,3.5,1,2,4,6,7,,,,,,
109416,"Bring It On: Fight to the Finish",Comedy,2009,2,1,4,,,,,,,,,
109483,"That Awkward Moment",Comedy|Romance,2014,2.625,4,4,6,,,,,,,,
109487,"Interstellar",Sci-Fi|IMAX,2014,3.99315068493151,73,13,17,,,,,,,,
109569,"3 Days to Kill",Action|Crime|Drama,2014,1,2,7,8,9,,,,,,,
109576,"Welcome to the Jungle",Comedy,2013,2,2,4,,,,,,,,,
109578,"Non-Stop",Action|Mystery|Thriller,2014,3.25,4,8,10,12,,,,,,,
109596,"Wrinkles",Animation|Drama,2011,4,1,2,7,,,,,,,,
109633,"Garden of Words, The",Animation|Romance,2013,5,1,2,6,,,,,,,,
109673,"300: Rise of an Empire",Action|Drama|War|IMAX,2014,2.125,4,7,8,14,17,,,,,,
109687,"Particle Fever",Documentary,2013,5,1,16,,,,,,,,,
109723,"Bag Man, The",Crime|Drama|Thriller,2014,3.5,1,7,9,10,,,,,,,
109846,"Mr. Peabody & Sherman",Adventure|Animation|Comedy,2014,3.25,4,1,2,4,,,,,,,
109848,"Under the Skin",Horror|Sci-Fi|Thriller,2013,2.75,2,10,11,13,,,,,,,
109850,"Need for Speed",Action|Crime|Drama|IMAX,2014,3.75,2,7,8,9,17,,,,,,
109853,"Barefoot",Comedy|Drama|Romance,2014,3,2,4,6,7,,,,,,,
109864,"Veronica Mars",Comedy|Crime|Drama,2014,1.75,2,4,7,9,,,,,,,
109895,"Bad Words",Comedy,2013,2,3,4,,,,,,,,,
109897,"Son of God",Drama,2014,0.5,1,7,,,,,,,,,
109941,"Puss in Boots: The Three Diablos",Animation|Comedy,2012,3,1,2,4,,,,,,,,
109968,"Why Don't You Play In Hell?",Action|Drama,2013,4.25,2,7,8,,,,,,,,
109971,"Ocho apellidos vascos",Comedy,2014,4.5,1,4,,,,,,,,,
110102,"Captain America: The Winter Soldier",Action|Adventure|Sci-Fi|IMAX,2014,3.74193548387097,31,1,8,13,17,,,,,,
110127,"Noah",Adventure|Drama|IMAX,2014,2.8,5,1,7,17,,,,,,,
110130,"Nut Job, The",Adventure|Animation|Children|Comedy,2014,4.33333333333333,3,1,2,3,4,,,,,,
110281,"King of Comedy",Comedy|Drama|Romance,1999,4,1,4,6,7,,,,,,,
110286,"13 Sins",Horror|Thriller,2014,3.5,1,10,11,,,,,,,,
110297,"Muppets Most Wanted",Adventure|Comedy|Crime,2014,3.33333333333333,3,1,4,9,,,,,,,
110330,"Me and you",Drama,2012,4.5,1,7,,,,,,,,,
110350,"Free to Play",Documentary,2014,4.5,1,16,,,,,,,,,
110387,"Unknown Known, The",Documentary,2013,4,1,16,,,,,,,,,
110501,"The Raid 2: Berandal",Action|Crime|Thriller,2014,3.92857142857143,7,8,9,10,,,,,,,
110541,"Brain Smasher... A Love Story",Action|Comedy,1993,2.5,1,4,8,,,,,,,,
110553,"The Amazing Spider-Man 2",Action|Sci-Fi|IMAX,2014,2.63636363636364,11,8,13,17,,,,,,,
110586,"Calvary",Comedy|Drama,2014,4,1,4,7,,,,,,,,
110591,"Oculus",Horror,2013,4.5,1,11,,,,,,,,,
110603,"God's Not Dead",Drama,2014,0.5,1,7,,,,,,,,,
110611,"Cold in July",Drama|Thriller,2014,2.5,1,7,10,,,,,,,,
110655,"Rio 2",Adventure|Animation|Children|Comedy,2014,2,2,1,2,3,4,,,,,,
110669,"Honest Liar, An",Comedy|Documentary,2014,3.75,2,4,16,,,,,,,,
110718,"Fading Gigolo",Comedy,2013,4,1,4,,,,,,,,,
110730,"Transcendence",Drama|Sci-Fi|IMAX,2014,2.28571428571429,7,7,13,17,,,,,,,
110746,"Hatchet III",Comedy|Horror,2013,4,1,4,11,,,,,,,,
110771,"Other Woman, The",Comedy|Romance,2014,2.91666666666667,6,4,6,,,,,,,,
110773,"Haunted House 2, A",Comedy|Horror,2014,0.5,1,4,11,,,,,,,,
110781,"Mulan II",Action|Animation|Children|Comedy|Musical,2004,2.5,1,2,3,4,8,15,,,,,
110826,"Brick Mansions",Action|Crime|Drama,2014,1.5,1,7,8,9,,,,,,,
110882,"Locke",Drama,2013,3.83333333333333,3,7,,,,,,,,,
111113,"Neighbors",Comedy,2014,3.29166666666667,12,4,,,,,,,,,
111146,"Alpha and Omega 3: The Great Wolf Games",Action|Adventure|Animation|Children|Comedy,2014,4.5,1,1,2,3,4,8,,,,,
111320,"Mom's Night Out",Comedy,2014,1.5,1,4,,,,,,,,,
111360,"Lucy",Action|Sci-Fi,2014,2.82142857142857,14,8,13,,,,,,,,
111362,"X-Men: Days of Future Past",Action|Adventure|Sci-Fi,2014,3.83333333333333,30,1,8,13,,,,,,,
111364,"Godzilla",Action|Adventure|Sci-Fi|IMAX,2014,2.61538461538462,13,1,8,13,17,,,,,,
111375,"Walk of Shame",Comedy,2014,2.5,1,4,,,,,,,,,
111384,"Blue Ruin",Thriller,2013,4,1,10,,,,,,,,,
111443,"Chef",Comedy,2014,2.75,2,4,,,,,,,,,
111551,"Afflicted",Horror|Sci-Fi|Thriller,2013,3.5,1,10,11,13,,,,,,,
111617,"Blended",Comedy,2014,3.8125,8,4,,,,,,,,,
111622,"Begin Again",Comedy|Romance,2013,4,3,4,6,,,,,,,,
111659,"Maleficent",Action|Adventure|Children|IMAX,2014,2.75,16,1,3,8,17,,,,,,
111663,"Zombeavers",Action|Comedy|Horror,2014,2.5,2,4,8,11,,,,,,,
111680,"At Middleton",Comedy|Romance,2013,1.5,1,4,6,,,,,,,,
111732,"Dance of Reality, The",Drama|Fantasy,2013,3.5,1,5,7,,,,,,,,
111743,"A Million Ways to Die in the West",Comedy|Western,2014,2.95833333333333,12,4,18,,,,,,,,
111759,"Edge of Tomorrow",Action|Sci-Fi|IMAX,2014,3.97727272727273,44,8,13,17,,,,,,,
111781,"Mission: Impossible - Rogue Nation",Action|Adventure|Thriller,2015,3.64705882352941,17,1,8,10,,,,,,,
111785,"Midnight Chronicles",Action|Adventure|Fantasy,2009,0.5,1,1,5,8,,,,,,,
111795,"Million Dollar Arm",Comedy|Drama,2014,3,1,4,7,,,,,,,,
111800,"G.B.F.",Comedy,2013,3,1,4,,,,,,,,,
111817,"Jimi: All Is by My Side",Drama,2013,3.5,1,7,,,,,,,,,
111844,"Bad Asses",Action|Drama,2014,3.5,1,7,8,,,,,,,,
111913,"Lilting",Drama,2014,4.5,1,7,,,,,,,,,
111921,"The Fault in Our Stars",Drama|Romance,2014,3.38888888888889,9,6,7,,,,,,,,
112006,"Tangled Ever After",Action|Animation|Children,2012,3.83333333333333,3,2,3,8,,,,,,,
112070,"Maps to the Stars",Drama,2014,3.5,1,7,,,,,,,,,
112138,"22 Jump Street",Action|Comedy|Crime,2014,3.68421052631579,19,4,8,9,,,,,,,
112171,"Equalizer, The",Action|Crime|Thriller,2014,3.27777777777778,9,8,9,10,,,,,,,
112175,"How to Train Your Dragon 2",Action|Adventure|Animation,2014,3.76666666666667,15,1,2,8,,,,,,,
112183,"Birdman: Or",Comedy|Drama,2014,3.34615384615385,26,4,7,,,,,,,,
112290,"Boyhood",Drama,2014,3.82352941176471,17,7,,,,,,,,,
112303,"Think Like a Man Too",Comedy|Romance,2014,1.5,1,4,6,,,,,,,,
112316,"Jersey Boys",Drama|Musical,2014,2.5,1,7,15,,,,,,,,
112326,"Nick Fury: Agent of S.H.I.E.L.D.",Action|Sci-Fi,1998,1,1,8,13,,,,,,,,
112334,"Internet's Own Boy: The Story of Aaron Swartz, The",Documentary,2014,4.5,1,16,,,,,,,,,
112370,"Transformers: Age of Extinction",Action|Adventure|Sci-Fi,2014,1.875,4,1,8,13,,,,,,,
112421,"Frank",Comedy|Drama|Mystery,2014,4.33333333333333,3,4,7,12,,,,,,,
112450,"They Came Together",Comedy|Romance,2014,2,1,4,6,,,,,,,,
112454,"Honey",Drama,2013,3.5,1,7,,,,,,,,,
112460,"Planes: Fire & Rescue",Adventure|Animation|Comedy,2014,2.25,2,1,2,4,,,,,,,
112497,"Tammy",Comedy,2014,2,2,4,,,,,,,,,
112512,"Colourful",Animation|Drama|Fantasy|Mystery,2010,5,1,2,5,7,12,,,,,,
112515,"Babadook, The",Drama|Horror|Thriller,2014,4.5,3,7,10,11,,,,,,,
112552,"Whiplash",Drama,2014,4.03947368421053,38,7,,,,,,,,,
112556,"Gone Girl",Drama|Thriller,2014,3.71621621621622,37,7,10,,,,,,,,
112580,"Angriest Man in Brooklyn, The",Comedy|Drama,2014,4,1,4,7,,,,,,,,
112623,"Dawn of the Planet of the Apes",Sci-Fi,2014,3.43333333333333,15,13,,,,,,,,,
112727,"Deliver Us from Evil",Crime|Horror|Thriller,2014,3,1,9,10,11,,,,,,,
112749,"And So It Goes",Comedy|Drama|Romance,2014,2,1,4,6,7,,,,,,,
112788,"Sex Tape",Comedy,2014,2.6,5,4,,,,,,,,,
112804,"I Origins",Drama|Sci-Fi,2014,3.83333333333333,3,7,13,,,,,,,,
112818,"Purge: Anarchy, The",Action|Horror|Thriller,2014,3.3,5,8,10,11,,,,,,,
112852,"Guardians of the Galaxy",Action|Adventure|Sci-Fi,2014,4.05084745762712,59,1,8,13,,,,,,,
112868,"Signal, The",Sci-Fi|Thriller,2014,4.5,1,10,13,,,,,,,,
112897,"The Expendables 3",Action|Adventure,2014,3.5,3,1,8,,,,,,,,
112911,"Hercules",Action|Adventure,2014,2,4,1,8,,,,,,,,
112940,"A Most Wanted Man",Thriller,2014,4.5,1,10,,,,,,,,,
113159,"Life After Beth",Comedy|Horror|Romance,2014,3.5,1,4,6,11,,,,,,,
113186,"Felony",Thriller,2013,3,1,10,,,,,,,,,
113207,"Get on Up",Drama|Musical,2014,3.5,1,7,15,,,,,,,,
113225,"Magic in the Moonlight",Comedy|Drama|Romance,2014,3,1,4,6,7,,,,,,,
113252,"Housebound",Comedy|Horror|Thriller,2014,4.25,2,4,10,11,,,,,,,
113275,"The Hundred-Foot Journey",Comedy|Drama,2014,4.5,1,4,7,,,,,,,,
113278,"Batman: Assault on Arkham",Action|Animation|Crime|Thriller,2014,3,1,2,8,9,10,,,,,,
113280,"White Frog",Drama,2012,4,1,7,,,,,,,,,
113313,"Den, The",Horror|Thriller,2013,3.5,1,10,11,,,,,,,,
113345,"Jupiter Ascending",Action|Adventure|Sci-Fi,2015,2,2,1,8,13,,,,,,,
113348,"Teenage Mutant Ninja Turtles",Action|Adventure|Comedy,2014,2.75,4,1,4,8,,,,,,,
113350,"I'll Follow You Down",Drama|Mystery|Sci-Fi,2013,1.5,1,7,12,13,,,,,,,
113374,"Old Lady and the Pigeons, The",Animation|Comedy,1997,3,1,2,4,,,,,,,,
113378,"Giver, The",Drama|Sci-Fi,2014,2.3,5,7,13,,,,,,,,
113394,"Pretty One, The",Comedy|Drama,2013,4,1,4,7,,,,,,,,
113416,"Revenge of the Green Dragons",Action|Crime|Drama,2014,1.5,1,7,8,9,,,,,,,
113453,"Let's Be Cops",Comedy|Crime,2014,3.1,5,4,9,,,,,,,,
113532,"Inbetweeners 2, The",Comedy,2014,3.5,2,4,,,,,,,,,
113565,"Sacrament, The",Horror|Thriller,2013,4,1,10,11,,,,,,,,
113573,"Sin City: A Dame to Kill For",Action|Crime|Thriller,2014,3.25,4,8,9,10,,,,,,,
113604,"If I Stay",Drama,2014,2,1,7,,,,,,,,,
113705,"Two Days, One Night",Drama,2014,3.5,1,7,,,,,,,,,
113741,"Coherence",Drama|Mystery|Sci-Fi|Thriller,2013,4,2,7,10,12,13,,,,,,
113780,"As Above, So Below",Horror|Thriller,2014,3,1,10,11,,,,,,,,
113829,"One I Love, The",Comedy|Drama|Romance,2014,5,1,4,6,7,,,,,,,
113849,"Headshot",Crime|Drama|Thriller,2011,2.5,1,7,9,10,,,,,,,
113862,"Guest, The",Thriller,2014,4,1,10,,,,,,,,,
114028,"Pride",Comedy|Drama,2014,4,2,4,7,,,,,,,,
114044,"Honeymoon",Horror,2014,3.5,1,11,,,,,,,,,
114060,"The Drop",Crime|Drama|Thriller,2014,2.83333333333333,3,7,9,10,,,,,,,
114066,"20,000 Days on Earth",Documentary|Drama|Musical,2014,4,1,7,15,16,,,,,,,
114074,"The Skeleton Twins",Drama,2014,3.33333333333333,3,7,,,,,,,,,
114126,"Beautiful Losers",Documentary,2008,2.5,1,16,,,,,,,,,
114180,"Maze Runner, The",Action|Mystery|Sci-Fi,2014,2.9375,16,8,12,13,,,,,,,
114184,"Camp X-Ray",Drama,2014,3.5,1,7,,,,,,,,,
114246,"Walk Among the Tombstones, A",Action|Crime|Mystery|Thriller,2014,3,1,8,9,10,12,,,,,,
114265,"Laggies",Comedy|Romance,2014,5,1,4,6,,,,,,,,
114335,"La cravate",(no genres listed),1957,3,1,20,,,,,,,,,
114396,"Cesar Chavez",Drama,2014,1.5,1,7,,,,,,,,,
114494,"Who Am I",Thriller,2014,1.5,1,10,,,,,,,,,
114554,"Tale of Princess Kaguya, The",Animation|Drama|Fantasy,2013,1,1,2,5,7,,,,,,,
114601,"This Is Where I Leave You",Comedy|Drama,2014,2.75,2,4,7,,,,,,,,
114627,"Angel's Egg",Animation|Drama|Fantasy,1985,3.25,2,2,5,7,,,,,,,
114662,"American Sniper",Action|War,2014,3.8,15,8,14,,,,,,,,
114670,"Tusk",Comedy|Drama|Horror,2014,3.5,1,4,7,11,,,,,,,
114678,"Hector and the Search for Happiness",Adventure|Comedy|Drama,2014,4.25,2,1,4,7,,,,,,,
114707,"Horns",Horror|Mystery,2014,3,1,11,12,,,,,,,,
114713,"Annabelle",Horror,2014,3,2,11,,,,,,,,,
114762,"Two Night Stand",Comedy|Romance,2014,2.83333333333333,3,4,6,,,,,,,,
114795,"Dracula Untold",Action|Drama|Fantasy,2014,3.5,4,5,7,8,,,,,,,
114818,"Stretch",Action|Comedy|Crime,2014,2.16666666666667,3,4,8,9,,,,,,,
114847,"Autómata",Sci-Fi|Thriller,2014,3,1,10,13,,,,,,,,
114925,"Captive, The",Crime|Drama|Thriller,2014,2,1,7,9,10,,,,,,,
114935,"Predestination",Action|Mystery|Sci-Fi|Thriller,2014,3.9,10,8,10,12,13,,,,,,
115065,"Justin and the Knights of Valour",Adventure|Animation,2013,2,1,1,2,,,,,,,,
115111,"Ward 13",Action|Animation|Comedy|Horror,2003,3.5,1,2,4,8,11,,,,,,
115122,"What We Do in the Shadows",Comedy|Horror,2014,4.83333333333333,3,4,11,,,,,,,,
115149,"John Wick",Action|Thriller,2014,3.8448275862069,29,8,10,,,,,,,,
115151,"Plastic",Action|Crime,2014,2,1,8,9,,,,,,,,
115170,"Judge, The",Drama,2014,2.5,1,7,,,,,,,,,
115203,"Culture High, The",Documentary,2014,3,1,16,,,,,,,,,
115210,"Fury",Action|Drama|War,2014,3.76923076923077,13,7,8,14,,,,,,,
115216,"Salvation, The",Drama|Western,2014,3,1,7,18,,,,,,,,
115231,"St. Vincent",Comedy,2014,3.25,2,4,,,,,,,,,
115502,"Rewrite, The",Comedy|Romance,2014,3.5,1,4,6,,,,,,,,
115569,"Nightcrawler",Crime|Drama|Thriller,2014,4.16666666666667,18,7,9,10,,,,,,,
115617,"Big Hero 6",Action|Animation|Comedy,2014,3.85365853658537,41,2,4,8,,,,,,,
115664,"The Book of Life",Adventure|Animation|Romance,2014,4,2,1,2,6,,,,,,,
115667,"Love, Rosie",Comedy|Romance,2014,3.5,1,4,6,,,,,,,,
115680,"Time Lapse",Crime|Drama|Sci-Fi|Thriller,2014,3.83333333333333,3,7,9,10,13,,,,,,
115713,"Ex Machina",Drama|Sci-Fi|Thriller,2015,3.91071428571429,28,7,10,13,,,,,,,
115727,"Crippled Avengers",Action|Adventure,1981,5,1,1,8,,,,,,,,
115819,"Mr Hublot",Animation|Comedy,2013,3,1,2,4,,,,,,,,
115828,"Copenhagen",Adventure|Drama|Romance,2014,4.5,1,1,6,7,,,,,,,
115877,"Simpsons: The Longest Daycare, The",Animation|Comedy,2012,3.66666666666667,3,2,4,,,,,,,,
115969,"Generation War",Drama|War,2013,4,1,7,14,,,,,,,,
116044,"Christmas in Connecticut",Comedy|Romance,1992,1.5,1,4,6,,,,,,,,
116138,"Leviathan",Drama,2014,2,1,7,,,,,,,,,
116169,"Reign of Assassins",Action,2010,2.5,1,8,,,,,,,,,
116207,"Zulu",Crime|Drama|Thriller,2013,1.5,1,7,9,10,,,,,,,
116411,"Tangerines",Drama,2013,4.5,1,7,,,,,,,,,
116413,"Life Partners",Comedy|Romance,2014,3,1,4,6,,,,,,,,
116419,"Drive Hard",Action|Comedy|Crime,2014,1.5,1,4,8,9,,,,,,,
116505,"New Kids Nitro",Action|Comedy,2011,3,1,4,8,,,,,,,,
116529,"Stalingrad",Action|Drama|War|IMAX,2013,3,1,7,8,14,17,,,,,,
116668,"Dead Snow 2: Red vs. Dead",Action|Comedy|Horror,2014,4,2,4,8,11,,,,,,,
116718,"Volga - Volga",Comedy|Musical,1938,3.5,1,4,15,,,,,,,,
116724,"You Are the Apple of My Eye",Comedy|Drama|Romance,2011,4,1,4,6,7,,,,,,,
116738,"DeadHeads",Adventure|Comedy|Horror,2011,3.5,1,1,4,11,,,,,,,
116797,"The Imitation Game",Drama|Thriller|War,2014,4.02,50,7,10,14,,,,,,,
116799,"Inherent Vice",Comedy|Crime|Drama|Mystery|Romance,2014,3.66666666666667,6,4,6,7,9,12,,,,,
116817,"Rudderless",Comedy|Drama,2014,4.5,1,4,7,,,,,,,,
116823,"The Hunger Games: Mockingjay - Part 1",Adventure|Sci-Fi|Thriller,2014,3.8695652173913,23,1,10,13,,,,,,,
116849,"Sex Ed",Comedy|Romance,2014,2.5,1,4,6,,,,,,,,
116887,"Exodus: Gods and Kings",Action|Adventure|Drama,2014,2.75,2,1,7,8,,,,,,,
116897,"Wild Tales",Comedy|Drama|Thriller,2014,4.25,10,4,7,10,,,,,,,
116941,"Jetsons: The Movie",Animation|Children|Comedy|Musical|Sci-Fi,1990,2,1,2,3,4,13,15,,,,,
116963,"Ski School",Comedy,1991,1.5,1,4,,,,,,,,,
116977,"Dumb and Dumber To",Comedy,2014,2.33333333333333,3,4,,,,,,,,,
116985,"The Longest Week",Comedy|Drama,2014,1.5,1,4,7,,,,,,,,
117107,"Miss Meadows",Drama,2014,2.5,1,7,,,,,,,,,
117109,"Too Many Cooks",Comedy,2014,3,2,4,,,,,,,,,
117133,"Painted Skin",Action|Drama|Thriller,2008,3.5,1,7,8,10,,,,,,,
117176,"The Theory of Everything",Drama|Romance,2014,3.70588235294118,17,6,7,,,,,,,,
117192,"Doctor Who: The Time of the Doctor",Adventure|Drama,2013,4.5,3,1,7,,,,,,,,
117364,"Virunga",Documentary|War,2014,4,1,14,16,,,,,,,,
117368,"The Madagascar Penguins in a Christmas Caper",Animation|Comedy,2005,3.5,1,2,4,,,,,,,,
117444,"Song of the Sea",Animation|Children|Fantasy,2014,3,1,2,3,5,,,,,,,
117466,"In the Heart of the Sea",Action|Adventure|Drama,2015,3.5,3,1,7,8,,,,,,,
117511,"Hello Ladies: The Movie",Comedy,2014,3,1,4,,,,,,,,,
117529,"Jurassic World",Action|Adventure|Drama|Sci-Fi|Thriller,2015,3.26086956521739,23,1,7,8,10,13,,,,,
117531,"Watermark",Documentary,2014,5,1,16,,,,,,,,,
117533,"Citizenfour",Documentary,2014,3.875,4,16,,,,,,,,,
117545,"Asterix: The Land of the Gods",Animation,2014,3.75,2,2,,,,,,,,,
117572,"Hit by Lightning",Comedy|Crime|Romance,2014,2.5,1,4,6,9,,,,,,,
117590,"Horrible Bosses 2",Comedy|Crime,2014,3.63636363636364,11,4,9,,,,,,,,
117630,"Double Trouble",Action|Comedy|Crime|Romance,1992,1,1,4,6,8,9,,,,,,
117646,"Dragonheart 2: A New Beginning",Action|Adventure|Comedy|Drama|Fantasy|Thriller,2000,4.5,1,1,4,5,7,8,10,,,,
117849,"La Belle Verte",Comedy,1996,4.5,1,4,,,,,,,,,
117851,"Penguins of Madagascar",Adventure|Animation|Children|Comedy,2014,3.7,5,1,2,3,4,,,,,,
117867,"'71",Action|Drama|Thriller|War,2014,4,1,7,8,10,14,,,,,,
117877,"The Rabbi's Cat",Adventure|Animation,2011,3,1,1,2,,,,,,,,
117881,"Still Alice",Drama,2014,3.8,5,7,,,,,,,,,
117887,"Paddington",Children|Comedy,2014,4,4,3,4,,,,,,,,
117895,"Maze Runner: Scorch Trials",Action|Thriller,2015,1.83333333333333,6,8,10,,,,,,,,
117922,"Ice Age: A Mammoth Christmas",Adventure|Animation|Children,2011,3.5,1,1,2,3,,,,,,,
118082,"The Voices",Comedy|Crime|Thriller,2014,3.5,1,4,9,10,,,,,,,
118166,"Courier",Comedy|Drama|Romance,1987,3.5,1,4,6,7,,,,,,,
118198,"The Green Prince",Documentary|Drama|Thriller,2014,2.5,1,7,10,16,,,,,,,
118248,"Dying of the Light",Drama|Thriller,2014,1.5,1,7,10,,,,,,,,
118270,"Hellbenders",Comedy|Horror|Thriller,2012,5,1,4,10,11,,,,,,,
118290,"Omega Doom",Sci-Fi,1996,2,1,13,,,,,,,,,
118326,"By the Gun",Crime|Drama|Thriller,2014,2,1,7,9,10,,,,,,,
118354,"Kill the Messenger",Crime|Drama|Mystery|Thriller,2014,3,1,7,9,10,12,,,,,,
118512,"Bring It On: In It To Win It",Comedy,2007,1.5,1,4,,,,,,,,,
118530,"Fans",Comedy,1999,4.5,1,4,,,,,,,,,
118572,"The Mule",Comedy|Crime|Drama,2014,3.5,2,4,7,9,,,,,,,
118696,"The Hobbit: The Battle of the Five Armies",Adventure|Fantasy,2014,3.41666666666667,18,1,5,,,,,,,,
118700,"Selma",Drama,2014,2.5,2,7,,,,,,,,,
118702,"Unbroken",Drama|War,2014,2.5,3,7,14,,,,,,,,
118706,"Black Sea",Adventure|Mystery|Thriller,2015,4,1,1,10,12,,,,,,,
118784,"Good Copy Bad Copy",Documentary,2007,3.5,1,16,,,,,,,,,
118814,"Playing It Cool",Comedy|Romance,2014,2,1,4,6,,,,,,,,
118834,"National Lampoon's Bag Boy",Comedy,2007,5,1,4,,,,,,,,,
118862,"Closer to the Moon",Comedy|Drama,2013,4,1,4,7,,,,,,,,
118880,"Girl Walks Home Alone at Night, A",Horror|Romance|Thriller,2014,3.5,2,6,10,11,,,,,,,
118888,"Dave Chappelle: For What it's Worth",Comedy,2004,4.25,2,4,,,,,,,,,
118894,"Scooby-Doo! Abracadabra-Doo",Animation|Children|Mystery,2010,5,1,2,3,12,,,,,,,
118896,"Mommy",Drama,2014,4,1,7,,,,,,,,,
118900,"Wild",Drama,2014,2.9,5,7,,,,,,,,,
118924,"Top Five",Comedy,2014,3,2,4,,,,,,,,,
118930,"Bill Burr: I'm Sorry You Feel That Way",Comedy,2014,4.5,1,4,,,,,,,,,
118985,"Big Eyes",Drama,2014,3.75,2,7,,,,,,,,,
118997,"Into the Woods",Children|Comedy|Fantasy|Musical,2014,2.8,5,3,4,5,15,,,,,,
119068,"Men, Women & Children",Comedy|Drama,2014,2,1,4,7,,,,,,,,
119141,"The Interview",Action|Comedy,2014,3.45833333333333,12,4,8,,,,,,,,
119145,"Kingsman: The Secret Service",Action|Adventure|Comedy|Crime,2015,3.98611111111111,36,1,4,8,9,,,,,,
119153,"Bill Burr: You People Are All the Same",Comedy,2012,4.5,1,4,,,,,,,,,
119155,"Night at the Museum: Secret of the Tomb",Adventure|Children|Comedy|Fantasy,2014,3.5,6,1,3,4,5,,,,,,
119167,"Paradox",Sci-Fi|Thriller,2010,3.5,1,10,13,,,,,,,,
119218,"The Punisher: Dirty Laundry",Action|Crime|Drama,2012,2.5,1,7,8,9,,,,,,,
119655,"Seventh Son",Adventure|Children|Fantasy,2014,2.25,2,1,3,5,,,,,,,
119714,"Corner Gas: The Movie",Comedy,2014,3.5,1,4,,,,,,,,,
119828,"A Man Called Blade",Action|Drama|Thriller|Western,1977,3,1,7,8,10,18,,,,,,
119964,"A Merry Friggin' Christmas",Comedy,2014,2,1,4,,,,,,,,,
120130,"Into the Forest of Fireflies' Light",Animation|Drama|Fantasy,2011,5,1,2,5,7,,,,,,,
120138,"PK",Comedy|Drama|Fantasy|Mystery|Romance,2014,5,1,4,5,6,7,12,,,,,
120466,"Chappie",Action|Thriller,2015,3.25,10,8,10,,,,,,,,
120478,"The Salt of the Earth",Documentary,2014,4.33333333333333,3,16,,,,,,,,,
120625,"The Fool",Drama,2014,4.5,1,7,,,,,,,,,
120635,"Taken 3",Action|Crime|Thriller,2015,2.7,5,8,9,10,,,,,,,
120637,"Blackhat",Action|Crime|Drama|Mystery|Thriller,2015,2.5,2,7,8,9,10,12,,,,,
120761,"By the Law",Drama,1926,3.5,1,7,,,,,,,,,
120783,"Son of a Gun",Action|Crime|Drama,2014,2.5,1,7,8,9,,,,,,,
120799,"Terminator Genisys",Action|Adventure|Sci-Fi|Thriller,2015,2.5,9,1,8,10,13,,,,,,
120807,"John Mulaney: New In Town",Comedy,2012,4,1,4,,,,,,,,,
120813,"Patton Oswalt: My Weakness Is Strong",Comedy,2009,4.5,1,4,,,,,,,,,
120827,"The Hound of the Baskervilles",Crime|Drama|Horror|Mystery,1988,3,1,7,9,11,12,,,,,,
120919,"Man on High Heels",Action|Comedy,2014,3,1,4,8,,,,,,,,
121007,"Space Buddies",Adventure|Children|Fantasy|Sci-Fi,2009,4,1,1,3,5,13,,,,,,
121035,"Houdini",Drama,2014,2,1,7,,,,,,,,,
121097,"To Grandmother's House We Go",Adventure|Children|Comedy,1992,2.75,2,1,3,4,,,,,,,
121099,"101 Dalmatians II: Patch's London Adventure",Animation|Children,2003,2.5,1,2,3,,,,,,,,
121129,"The Hungover Games",Comedy,2014,2.5,1,4,,,,,,,,,
121169,"The Duke of Burgundy",Drama,2014,3.5,1,7,,,,,,,,,
121171,"Red Army",Documentary,2014,4,1,16,,,,,,,,,
121231,"It Follows",Horror,2014,4.125,4,11,,,,,,,,,
121253,"The Town that Dreaded Sundown",Horror|Thriller,2014,3,1,10,11,,,,,,,,
121338,"Carry on Cabby",Adventure|Comedy|Romance,1963,4.5,1,1,4,6,,,,,,,
121342,"Carry on Cruising",Comedy|Romance,1962,3.5,1,4,6,,,,,,,,
121372,"Bill Burr: Let It Go",Comedy,2010,4.5,1,4,,,,,,,,,
121374,"Bill Burr: Why Do I Do This?",Comedy,2008,4.5,1,4,,,,,,,,,
121469,"Killer Movie",Comedy|Horror|Mystery|Thriller,2008,4.5,1,4,10,11,12,,,,,,
121715,"Sebastian Maniscalco: What's Wrong with People?",Comedy,2012,3.5,1,4,,,,,,,,,
121781,"Stuart Little 3: Call of the Wild",Animation|Children|Comedy|Fantasy,2005,5,1,2,3,4,5,,,,,,
122092,"Guy X",Comedy|War,2005,5,1,4,14,,,,,,,,
122246,"Tooth Fairy 2",Children|Comedy,2012,0.5,1,3,4,,,,,,,,
122260,"The Diary of Anne Frank",Drama|War,2009,2.5,1,7,14,,,,,,,,
122433,"The Deadly Bees",Horror|Mystery|Thriller,1967,1,1,10,11,12,,,,,,,
122490,"Wicked Blood",Action|Drama|Thriller,2014,1.5,1,7,8,10,,,,,,,
122627,"Oblivion 2: Backlash",Sci-Fi,1996,0.5,1,13,,,,,,,,,
122882,"Mad Max: Fury Road",Action|Adventure|Sci-Fi|Thriller,2015,3.81914893617021,47,1,8,10,13,,,,,,
122884,"Insidious: Chapter 3",Fantasy|Horror|Thriller,2015,2.5,2,5,10,11,,,,,,,
122886,"Star Wars: Episode VII - The Force Awakens",Action|Adventure|Fantasy|Sci-Fi|IMAX,2015,3.85365853658537,41,1,5,8,13,17,,,,,
122888,"Ben-hur",(no genres listed),2016,0.5,1,20,,,,,,,,,
122890,"Warcraft",Action|Adventure|Fantasy,2016,3.41666666666667,6,1,5,8,,,,,,,
122892,"Avengers: Age of Ultron",Action|Adventure|Sci-Fi,2015,3.51851851851852,27,1,8,13,,,,,,,
122896,"Pirates of the Caribbean: Dead Men Tell No Tales",(no genres listed),2017,3.78571428571429,7,20,,,,,,,,,
122898,"Justice League",Action|Adventure|Sci-Fi,2017,2.5,6,1,8,13,,,,,,,
122900,"Ant-Man",Action|Adventure|Sci-Fi,2015,3.72222222222222,27,1,8,13,,,,,,,
122902,"Fantastic Four",Action|Adventure|Fantasy|Sci-Fi,2015,2.1,5,1,5,8,13,,,,,,
122904,"Deadpool",Action|Adventure|Comedy|Sci-Fi,2016,3.83333333333333,54,1,4,8,13,,,,,,
122906,"Black Panther",Action|Adventure|Sci-Fi,2017,3.72727272727273,11,1,8,13,,,,,,,
122912,"Avengers: Infinity War - Part I",Action|Adventure|Sci-Fi,2018,4,13,1,8,13,,,,,,,
122916,"Thor: Ragnarok",Action|Adventure|Sci-Fi,2017,4.025,20,1,8,13,,,,,,,
122918,"Guardians of the Galaxy 2",Action|Adventure|Sci-Fi,2017,3.92592592592593,27,1,8,13,,,,,,,
122920,"Captain America: Civil War",Action|Sci-Fi|Thriller,2016,3.61363636363636,22,8,10,13,,,,,,,
122922,"Doctor Strange",Action|Adventure|Sci-Fi,2016,3.70454545454545,22,1,8,13,,,,,,,
122924,"X-Men: Apocalypse",Action|Adventure|Fantasy|Sci-Fi,2016,3.07142857142857,14,1,5,8,13,,,,,,
122926,"Untitled Spider-Man Reboot",Action|Adventure|Fantasy,2017,4.15625,16,1,5,8,,,,,,,
122932,"Elsa & Fred",Children|Comedy|Romance,2014,2,1,3,4,6,,,,,,,
123200,"Jim Jefferies: I Swear to God",Comedy,2009,4.5,1,4,,,,,,,,,
123310,"Tornado!",Action,1996,2,1,8,,,,,,,,,
123545,"The Blue Lagoon",Drama|Romance,1949,3,1,6,7,,,,,,,,
123553,"In the Name of the King III",Action|Adventure|Drama|Fantasy,2014,1,1,1,5,7,8,,,,,,
123947,"Cake",Drama,2014,2.75,2,7,,,,,,,,,
124273,"Kevin Smith: Too Fat For 40",Comedy,2010,4.5,1,4,,,,,,,,,
124404,"Snowflake, the White Gorilla",Adventure|Animation|Children|Comedy,2011,5,1,1,2,3,4,,,,,,
124484,"Kenny & Company",Comedy|Drama,1976,3,1,4,7,,,,,,,,
124851,"Delirium",Adventure|Romance|Sci-Fi,2014,5,1,1,6,13,,,,,,,
124853,"Why Man Creates",Animation|Documentary,1968,4,1,2,16,,,,,,,,
124859,"The Gambler",Crime|Drama|Thriller,2014,2,1,7,9,10,,,,,,,
125221,"The Beast of Hollow Mountain",Horror|Sci-Fi|Western,1956,0.5,1,11,13,18,,,,,,,
125914,"Mortdecai",Adventure|Comedy|Mystery|Romance,2015,3,1,1,4,6,12,,,,,,
125916,"Fifty Shades of Grey",Drama|Romance,2015,1,3,6,7,,,,,,,,
125970,"Halloweentown",Adventure|Children|Comedy|Fantasy,1998,3.5,1,1,3,4,5,,,,,,
125974,"Halloweentown High",Adventure|Children|Comedy|Fantasy,2004,3.75,2,1,3,4,5,,,,,,
126088,"A Flintstones Christmas Carol",Animation|Children|Comedy,1994,5,1,2,3,4,,,,,,,
126090,"Hedgehog in the Fog",Animation,1975,4.5,1,2,,,,,,,,,
126142,"The Cave of the Golden Rose",Adventure|Children|Fantasy,1991,4,1,1,3,5,,,,,,,
126420,"American Heist",Action,2015,1.5,1,8,,,,,,,,,
126426,"Solyaris",Drama|Sci-Fi,1968,4,1,7,13,,,,,,,,
126430,"The Pacific",Action|Adventure|Drama|War,2010,4.75,2,1,7,8,14,,,,,,
126482,"Strange Magic",Animation|Children|Fantasy|Musical,2015,3,1,2,3,5,15,,,,,,
126548,"The DUFF",Comedy,2015,3.25,6,4,,,,,,,,,
126577,"Daddy, I'm A Zombie",Animation|Comedy|Fantasy,2012,4,1,2,4,5,,,,,,,
126921,"The Fox and the Hound 2",Adventure|Animation|Children|Comedy,2006,5,1,1,2,3,4,,,,,,
127052,"Operation 'Y' & Other Shurik's Adventures",Comedy|Crime|Romance,1965,3.83333333333333,3,4,6,9,,,,,,,
127096,"Project Almanac",Sci-Fi|Thriller,2015,3.75,4,10,13,,,,,,,,
127098,"Louis C.K.: Live at The Comedy Store",Comedy,2015,4.375,4,4,,,,,,,,,
127108,"Brooklyn",Drama|Romance,2015,3.875,4,6,7,,,,,,,,
127114,"The End of the Tour",Drama,2015,4,1,7,,,,,,,,,
127116,"Experimenter",Drama,2015,4.5,1,7,,,,,,,,,
127130,"Mistress America",Comedy,2015,4,1,4,,,,,,,,,
127132,"Zipper",Drama|Thriller,2015,2,1,7,10,,,,,,,,
127134,"A Walk in the Woods",Adventure|Comedy|Drama,2015,3.5,1,1,4,7,,,,,,,
127136,"True Story",Drama|Mystery|Thriller,2015,3.25,2,7,10,12,,,,,,,
127146,"Kurt Cobain: Montage of Heck",Documentary,2015,3,1,16,,,,,,,,,
127152,"Going Clear: Scientology and the Prison of Belief",Documentary,2015,4.25,2,16,,,,,,,,,
127164,"What Happened, Miss Simone?",Documentary,2015,3.5,1,16,,,,,,,,,
127172,"A Story of Children and Film",Documentary,2013,3.5,1,16,,,,,,,,,
127180,"Story of Film: An Odyssey, The",Documentary,2011,4,1,16,,,,,,,,,
127184,"Eden",Drama,2014,4,1,7,,,,,,,,,
127194,"The D Train",Comedy,2015,2,1,4,,,,,,,,,
127198,"Dope",Comedy|Drama,2015,3.58333333333333,6,4,7,,,,,,,,
127202,"Me and Earl and the Dying Girl",Drama,2015,3.75,6,7,,,,,,,,,
127204,"The Overnight",Comedy,2015,3.75,2,4,,,,,,,,,
127212,"The Stanford Prison Experiment",Drama|Thriller,2015,4.5,1,7,10,,,,,,,,
127298,"A Pigeon Sat on a Branch Reflecting on Existence",Comedy|Drama,2014,4,2,4,7,,,,,,,,
127319,"The Loft",Thriller,2014,1.5,1,10,,,,,,,,,
127323,"Vice",Action|Adventure|Sci-Fi|Thriller,2015,1,1,1,8,10,13,,,,,,
127390,"Family Guy Presents: Blue Harvest",Animation|Comedy,2007,4,1,2,4,,,,,,,,
128087,"Trinity and Sartana Are Coming",Comedy|Western,1972,5,1,4,18,,,,,,,,
128089,"Kevin Hart: I'm a Grown Little Man",Comedy,2009,4.5,1,4,,,,,,,,,
128097,"Jim Norton: American Degenerate",Comedy,2013,4,1,4,,,,,,,,,
128099,"Jim Jefferies: BARE",Comedy,2014,4.5,1,4,,,,,,,,,
128197,"Hard Promises",Comedy|Romance,1991,2,1,4,6,,,,,,,,
128360,"The Hateful Eight",Western,2015,3.75,18,18,,,,,,,,,
128366,"Patton Oswalt: Tragedy Plus Comedy Equals Time",Comedy,2014,4,1,4,,,,,,,,,
128488,"Wild Card",Action|Crime|Drama|Thriller,2015,3,1,7,8,9,10,,,,,,
128512,"Paper Towns",Drama|Mystery|Romance,2015,2,2,6,7,12,,,,,,,
128520,"The Wedding Ringer",Comedy,2015,3.8,5,4,,,,,,,,,
128542,"Wyrmwood",Action|Horror|Sci-Fi,2015,3.5,1,8,11,13,,,,,,,
128592,"The Boy Next Door",Mystery|Thriller,2015,1,1,10,12,,,,,,,,
128594,"Boy Meets Girl",Comedy|Drama|Romance,2015,4,1,4,6,7,,,,,,,
128620,"Victoria",Crime|Drama|Romance,2015,3.9,5,6,7,9,,,,,,,
128695,"The Dark Valley",Western,2014,2.5,1,18,,,,,,,,,
128736,"I'm Here",Drama,2010,3.5,1,7,,,,,,,,,
128832,"The Last Five Years",Comedy|Drama|Musical|Romance,2014,3.5,1,4,6,7,15,,,,,,
128838,"Crimson Peak",Horror,2015,3.5,1,11,,,,,,,,,
128842,"Dragonheart 3: The Sorcerer's Curse",Action|Adventure|Fantasy,2015,4,1,1,5,8,,,,,,,
128852,"Chris Rock: Bigger & Blacker",Comedy,1999,3.75,2,4,,,,,,,,,
128900,"The Natural Love",Documentary,1996,4.5,1,16,,,,,,,,,
128902,"The Forgotten Space",Documentary,2010,4,1,16,,,,,,,,,
128908,"Cloudburst",Adventure|Comedy|Drama,2011,4,1,1,4,7,,,,,,,
128914,"Tom Segura: Completely Normal",Comedy,2014,5,1,4,,,,,,,,,
128944,"Honey, We Shrunk Ourselves",Action|Adventure|Children|Comedy|Sci-Fi,1997,3.5,1,1,3,4,8,13,,,,,
128968,"Stitch! The Movie",Animation|Children|Comedy,2003,4,2,2,3,4,,,,,,,
128975,"Hot Tub Time Machine 2",Comedy|Sci-Fi,2015,2.875,4,4,13,,,,,,,,
128991,"Johnny Express",Animation|Comedy|Sci-Fi,2014,4.5,1,2,4,13,,,,,,,
129011,"Eddie Izzard: Glorious",Comedy,1997,3.5,1,4,,,,,,,,,
129229,"Northmen - A Viking Saga",Action|Adventure,2014,2,1,1,8,,,,,,,,
129250,"Superfast!",(no genres listed),2015,0.5,1,20,,,,,,,,,
129313,"Reality",Comedy,2014,4,1,4,,,,,,,,,
129333,"Julia",Horror|Thriller,2014,1.5,1,10,11,,,,,,,,
129354,"Focus",Comedy|Crime|Drama|Romance,2015,3.25,10,4,6,7,9,,,,,,
129397,"Marvel One-Shot: Item 47",Action|Fantasy|Sci-Fi,2012,2.75,2,5,8,13,,,,,,,
129428,"The Second Best Exotic Marigold Hotel",Comedy|Drama,2015,3,2,4,7,,,,,,,,
129514,"George Carlin: It's Bad for Ya!",Comedy,2008,5,1,4,,,,,,,,,
129657,"Tracers",Action,2015,1,1,8,,,,,,,,,
129659,"McFarland, USA",Drama,2015,3.5,1,7,,,,,,,,,
129737,"Unfinished Business",Comedy,2015,2.25,2,4,,,,,,,,,
129779,"Ghost in the Shell Arise - Border 1: Ghost Pain",Action|Animation|Sci-Fi,2013,2.5,1,2,8,13,,,,,,,
129937,"Run All Night",Action|Crime|Drama|Thriller,2015,2.16666666666667,3,7,8,9,10,,,,,,
130050,"Digging Up the Marrow",Drama|Fantasy|Horror|Mystery|Thriller,2014,3,1,5,7,10,11,12,,,,,
130052,"Clown",Drama|Horror,2014,3.5,1,7,11,,,,,,,,
130073,"Cinderella",Children|Drama|Fantasy|Romance,2015,4,1,3,5,6,7,,,,,,
130083,"Kidnapping Mr. Heineken",Action|Crime|Drama|Thriller,2015,2,1,7,8,9,10,,,,,,
130087,"The Cobbler",Comedy|Drama|Fantasy,2015,3.75,2,4,5,7,,,,,,,
130444,"Ruby Red",Adventure|Children|Fantasy|Sci-Fi,2013,4,1,1,3,5,13,,,,,,
130450,"Pan",Adventure|Children|Fantasy,2015,2.5,3,1,3,5,,,,,,,
130452,"While We're Young",Comedy|Drama,2014,4,1,4,7,,,,,,,,
130482,"Too Late for Tears",Crime|Drama|Film-Noir|Mystery|Thriller,1949,4,1,7,9,10,12,19,,,,,
130490,"Insurgent",Action|Sci-Fi|Thriller,2015,2.83333333333333,6,8,10,13,,,,,,,
130498,"La vérité si je mens !",Comedy,1997,3.5,1,4,,,,,,,,,
130518,"The Amazing Screw-On Head",Action|Adventure|Animation|Comedy|Sci-Fi,2006,4,3,1,2,4,8,13,,,,,
130520,"Home",Adventure|Animation|Children|Comedy|Fantasy|Sci-Fi,2015,3.25,8,1,2,3,4,5,13,,,,
130576,"Midnight Special",Drama|Sci-Fi,2015,2.375,4,7,13,,,,,,,,
130578,"Gunman, The",Action|Thriller,2015,4,1,8,10,,,,,,,,
130634,"Furious 7",Action|Crime|Thriller,2015,2.75,6,8,9,10,,,,,,,
130686,"The Final Girls",Comedy|Horror,2015,3,1,4,11,,,,,,,,
130840,"Spring",Horror|Romance|Sci-Fi,2015,4.5,1,6,11,13,,,,,,,
130842,"Power/Rangers",Action|Adventure|Sci-Fi,2015,4,1,1,8,13,,,,,,,
130970,"George Carlin: Life Is Worth Losing",Comedy,2005,5,1,4,,,,,,,,,
130976,"Legend No. 17",Drama,2013,4.5,1,7,,,,,,,,,
130978,"Love and Pigeons",Comedy|Romance,1985,5,1,4,6,,,,,,,,
131013,"Get Hard",Comedy|Crime,2015,3.125,8,4,9,,,,,,,,
131023,"That Sugar Film",Documentary,2014,4.5,1,16,,,,,,,,,
131098,"Saving Santa",Animation|Children|Comedy,2013,5,1,2,3,4,,,,,,,
131104,"The Brain",Comedy|Crime,1969,4.5,1,4,9,,,,,,,,
131130,"Tom and Jerry: A Nutcracker Tale",Animation|Comedy,2007,5,1,2,4,,,,,,,,
131237,"What Men Talk About",Comedy,2010,5,1,4,,,,,,,,,
131439,"Kill Me Three Times",Thriller,2014,3,1,10,,,,,,,,,
131480,"Poker Night",Action|Crime|Thriller,2014,2,1,8,9,10,,,,,,,
131578,"Reckless Kelly",Comedy,1994,2.5,1,4,,,,,,,,,
131610,"Willy/Milly",Comedy|Fantasy,1986,5,1,4,5,,,,,,,,
131656,"Shaun the Sheep Movie",Adventure|Animation|Children|Comedy,2015,3,2,1,2,3,4,,,,,,
131714,"Last Knights",Action|Adventure,2015,3,3,1,8,,,,,,,,
131724,"The Jinx: The Life and Deaths of Robert Durst",Documentary,2015,5,1,16,,,,,,,,,
131739,"Batman vs. Robin",Action|Adventure|Animation,2015,3,1,1,2,8,,,,,,,
131749,"Libre et assoupi",Comedy,2014,3,1,4,,,,,,,,,
131796,"Woman in Gold",Drama,2015,4,1,7,,,,,,,,,
131826,"Iliza Shlesinger: Freezing Hot",Comedy,2015,3.75,2,4,,,,,,,,,
131920,"The Road Within",Comedy|Drama,2014,4.5,1,4,7,,,,,,,,
131934,"The Malibu Bikini Shop",Comedy,1986,1,1,4,,,,,,,,,
132046,"Tomorrowland",Action|Adventure|Children|Mystery|Sci-Fi,2015,2.5,7,1,3,8,12,13,,,,,
132084,"Let It Be Me",(no genres listed),1995,2.5,1,20,,,,,,,,,
132153,"Buzzard",Comedy|Drama|Horror,2015,5,1,4,7,11,,,,,,,
132157,"Paul Blart: Mall Cop 2",Action|Comedy|Crime,2015,2.75,4,4,8,9,,,,,,,
132333,"Seve",Documentary|Drama,2014,5,1,7,16,,,,,,,,
132335,"Breathe",Drama,2014,1,1,7,,,,,,,,,
132362,"Patlabor 2: The Movie",Action|Animation|Sci-Fi,1993,3.5,1,2,8,13,,,,,,,
132422,"Da Sweet Blood of Jesus",Comedy|Romance|Thriller,2014,3.25,2,4,6,10,,,,,,,
132424,"The Longest Ride",Drama|Romance,2015,1.75,2,6,7,,,,,,,,
132454,"Girltrash: All Night Long",Comedy|Crime|Drama,2014,3.5,1,4,7,9,,,,,,,
132462,"Sword of Vengeance",Action|Adventure|Drama,2014,1,1,1,7,8,,,,,,,
132488,"Lovesick",Comedy|Romance,2014,2,1,4,6,,,,,,,,
132496,"Danny Collins",Comedy|Drama,2015,4.5,1,4,7,,,,,,,,
132584,"The Even Stevens Movie",Children|Comedy,2003,3.5,1,3,4,,,,,,,,
132618,"Kite",Action|Crime|Drama|Mystery|Thriller,2014,1.5,1,7,8,9,10,12,,,,,
132660,"Man Up",Comedy|Romance,2015,3.75,2,4,6,,,,,,,,
132796,"San Andreas",Action|Drama|Thriller,2015,1.875,4,7,8,10,,,,,,,
132800,"Welcome to Me",Comedy|Drama,2014,3,2,4,7,,,,,,,,
132888,"Comedy Central Roast of James Franco",Comedy,2013,3,1,4,,,,,,,,,
133115,"We Could Be King",Documentary,2014,4,1,16,,,,,,,,,
133195,"Hitman: Agent 47",Action|Crime|Thriller,2015,1.5,1,8,9,10,,,,,,,
133217,"B/W",Comedy|Crime|Sci-Fi,2015,3.5,1,4,9,13,,,,,,,
133281,"Ricki and the Flash",Comedy|Drama,2015,2,1,4,7,,,,,,,,
133365,"Partisan",Drama|Thriller,2015,2,1,7,10,,,,,,,,
133377,"Infini",Horror|Sci-Fi|Thriller,2015,1.5,1,10,11,13,,,,,,,
133419,"Pitch Perfect 2",Comedy,2015,3.44444444444444,9,4,,,,,,,,,
133545,"Just Before I Go",Comedy|Drama,2014,1,1,4,7,,,,,,,,
133645,"Carol",Drama|Romance,2015,4,1,6,7,,,,,,,,
133712,"Office Romance",Comedy|Romance,1977,3.75,2,4,6,,,,,,,,
133716,"Bootleggers",Comedy|Crime,1961,4.5,1,4,9,,,,,,,,
133771,"The Lobster",Comedy|Romance|Sci-Fi,2015,4,7,4,6,13,,,,,,,
133780,"Güeros",Comedy|Drama,2014,3,1,4,7,,,,,,,,
133782,"Maggie",Drama|Horror|Thriller,2015,2,1,7,10,11,,,,,,,
133798,"Hot Pursuit",Action|Comedy,2015,1.5,1,4,8,,,,,,,,
133802,"Slow West",Action|Thriller|Western,2015,4.25,2,8,10,18,,,,,,,
133832,"The Green Inferno",Horror|Thriller,2014,3.5,1,10,11,,,,,,,,
133867,"Barely Lethal",Action|Adventure|Comedy,2015,4.5,1,1,4,8,,,,,,,
133879,"Carry On Don't Lose Your Head",Comedy,1966,4,1,4,,,,,,,,,
134004,"What Love Is",Comedy|Romance,2007,5,1,4,6,,,,,,,,
134019,"The Monkey King",Animation,1964,3.5,1,2,,,,,,,,,
134021,"5 to 7",Comedy|Drama|Romance,2014,2.5,1,4,6,7,,,,,,,
134041,"Afonya",Comedy|Drama|Romance,1975,4,1,4,6,7,,,,,,,
134095,"My Love",Animation|Drama,2006,5,1,2,7,,,,,,,,
134109,"Radio Day",Comedy,2008,5,1,4,,,,,,,,,
134130,"The Martian",Adventure|Drama|Sci-Fi,2015,4,48,1,7,13,,,,,,,
134158,"Return to Sender",Thriller,2015,1.5,1,10,,,,,,,,,
134170,"Kung Fury",Action|Comedy|Fantasy|Sci-Fi,2015,3.71428571428571,7,4,5,8,13,,,,,,
134184,"Elections Day",Comedy,2007,4.5,1,4,,,,,,,,,
134214,"Youth",Drama,2015,3.5,4,7,,,,,,,,,
134246,"Survivor",Action|Thriller,2015,0.5,1,8,10,,,,,,,,
134248,"Hot Girls Wanted",Documentary,2015,3,1,16,,,,,,,,,
134252,"That Munchhausen",Comedy|Drama|Fantasy,1979,4.5,1,4,5,7,,,,,,,
134326,"The Taming of the Scoundrel",Comedy,1980,4.5,1,4,,,,,,,,,
134334,"Phir Hera Pheri",Comedy,2006,4.5,1,4,,,,,,,,,
134368,"Spy",Action|Comedy|Crime,2015,3.6875,16,4,8,9,,,,,,,
134393,"Trainwreck",Comedy|Romance,2015,3.2,10,4,6,,,,,,,,
134515,"BMX Bandits",Adventure|Crime|Drama,1983,3,1,1,7,9,,,,,,,
134524,"Turtle Power: The Definitive History of the Teenage Mutant Ninja Turtles",Documentary,2014,3,1,16,,,,,,,,,
134528,"Aloha",Comedy|Drama|Romance,2015,0.5,1,4,6,7,,,,,,,
134775,"Dragon Blade",Action|Adventure|Drama,2015,2,1,1,7,8,,,,,,,
134783,"Entourage",Comedy,2015,2,1,4,,,,,,,,,
134796,"Bitter Lake",Documentary,2015,5,1,16,,,,,,,,,
134808,"No Way Jose",Comedy,2015,2,1,4,,,,,,,,,
134847,"Ghost Graduation",Comedy,2012,5,1,4,,,,,,,,,
134849,"Duck Amuck",Animation|Children|Comedy,1953,4,1,2,3,4,,,,,,,
134853,"Inside Out",Adventure|Animation|Children|Comedy|Drama|Fantasy,2015,3.81395348837209,43,1,2,3,4,5,7,,,,
134859,"The Wolfpack",Documentary,2015,3.5,1,16,,,,,,,,,
134861,"Trevor Noah: African American",(no genres listed),2013,2.5,1,20,,,,,,,,,
134881,"Love & Mercy",Drama,2014,4.33333333333333,3,7,,,,,,,,,
135133,"The Hunger Games: Mockingjay - Part 2",Adventure|Sci-Fi,2015,3.7,10,1,13,,,,,,,,
135137,"Pixels",Action|Comedy|Sci-Fi,2015,2.58333333333333,6,4,8,13,,,,,,,
135143,"Fantastic Beasts and Where to Find Them",Fantasy,2016,3.67857142857143,14,5,,,,,,,,,
135198,"The Hairdresser",Comedy|Drama,2010,4,1,4,7,,,,,,,,
135216,"The Star Wars Holiday Special",Adventure|Children|Comedy|Sci-Fi,1978,0.5,1,1,3,4,13,,,,,,
135288,"Mr. Holmes",Drama|Mystery,2015,3,1,7,12,,,,,,,,
135436,"The Secret Life of Pets",Animation|Comedy,2016,3.07142857142857,7,2,4,,,,,,,,
135456,"Ghost in the Shell: Stand Alone Complex - The Laughing Man",Action|Animation|Crime|Sci-Fi,2005,3.25,2,2,8,9,13,,,,,,
135518,"Self/less",Action|Mystery|Sci-Fi|Thriller,2015,2.75,2,8,10,12,13,,,,,,
135532,"The Last Witch Hunter",Action|Adventure|Fantasy,2015,3.33333333333333,3,1,5,8,,,,,,,
135534,"Krampus",Comedy|Fantasy|Horror,2015,3.5,1,4,5,11,,,,,,,
135536,"Suicide Squad",Action|Crime|Sci-Fi,2016,2.91666666666667,12,8,9,13,,,,,,,
135567,"Independence Day: Resurgence",Action|Adventure|Sci-Fi,2016,2.375,4,1,8,13,,,,,,,
135569,"Star Trek Beyond",Action|Adventure|Sci-Fi,2016,3.46666666666667,15,1,8,13,,,,,,,
135777,"Golmaal",Children|Comedy,2006,4.5,1,3,4,,,,,,,,
135787,"Bruce Lee: A Warrior's Journey",Documentary,2000,3.5,1,16,,,,,,,,,
135803,"Five Element Ninjas",Action,1982,3.5,1,8,,,,,,,,,
135815,"The Magnificent Ruffians",Action|Drama,1979,4,1,7,8,,,,,,,,
135861,"Ted 2",Comedy,2015,2.77777777777778,9,4,,,,,,,,,
135885,"Absolutely Anything",Comedy|Sci-Fi,2015,3,1,4,13,,,,,,,,
135887,"Minions",Adventure|Animation|Children|Comedy,2015,3.16666666666667,15,1,2,3,4,,,,,,
135937,"The Silence of the Hams",Comedy|Thriller,1994,3,1,4,10,,,,,,,,
136012,"Bloodsport III",Action|Thriller,1996,1.5,1,8,10,,,,,,,,
136016,"The Good Dinosaur",Adventure|Animation|Children|Comedy|Fantasy,2015,3,4,1,2,3,4,5,,,,,
136018,"Black Mass",Crime|Drama,2015,2.5,3,7,9,,,,,,,,
136020,"Spectre",Action|Adventure|Crime,2015,3.05882352941176,17,1,8,9,,,,,,,
136024,"The Professional: Golgo 13",Action|Animation|Crime,1983,3,1,2,8,9,,,,,,,
136297,"Mortal Kombat: The Journey Begins",Action|Animation,1995,0.5,1,2,8,,,,,,,,
136305,"Sharknado 3: Oh Hell No!",Horror|Sci-Fi,2015,1,2,11,13,,,,,,,,
136341,"Scooby-Doo! and the Samurai Sword",Animation|Children|Comedy,2009,5,1,2,3,4,,,,,,,
136353,"Scooby-Doo! and the Loch Ness Monster",Animation|Children|Comedy,2004,5,1,2,3,4,,,,,,,
136355,"Big Top Scooby-Doo!",Animation|Children|Comedy,2012,5,1,2,3,4,,,,,,,
136359,"Scooby-Doo Goes Hollywood",Animation|Children|Comedy,1979,5,1,2,3,4,,,,,,,
136443,"Gabriel Iglesias: Hot and Fluffy",Comedy,2007,1.5,1,4,,,,,,,,,
136445,"George Carlin: Back in Town",Comedy,1996,5,1,4,,,,,,,,,
136447,"George Carlin: You Are All Diseased",Comedy,1999,5,1,4,,,,,,,,,
136449,"Ghost in the Shell 2.0",Action|Animation|Sci-Fi,2008,3.75,2,2,8,13,,,,,,,
136469,"Larry David: Curb Your Enthusiasm",Comedy,1999,5,1,4,,,,,,,,,
136471,"Kevin Hart: Laugh at My Pain",Comedy|Documentary,2011,3.5,1,4,16,,,,,,,,
136503,"Tom and Jerry: Shiver Me Whiskers",Animation|Children|Comedy,2006,5,1,2,3,4,,,,,,,
136511,"Jeff Dunham: All Over the Map",Comedy,2014,2,1,4,,,,,,,,,
136540,"The FP",Comedy,2012,4.5,1,4,,,,,,,,,
136556,"Kung Fu Panda: Secrets of the Masters",Animation|Children,2011,5,1,2,3,,,,,,,,
136562,"Steve Jobs",Drama,2015,3.75,6,7,,,,,,,,,
136564,"Macbeth",Drama,2015,2.5,1,7,,,,,,,,,
136598,"Vacation",Adventure|Comedy,2015,3.41666666666667,6,1,4,,,,,,,,
136602,"Creep",Horror|Thriller,2014,3,2,10,11,,,,,,,,
136654,"The Face of an Angel",Drama,2015,1.5,1,7,,,,,,,,,
136664,"Wild Horses",Crime|Drama,2015,1,1,7,9,,,,,,,,
136666,"Search Party",Comedy,2014,2.25,2,4,,,,,,,,,
136778,"The Squeeze",Comedy|Drama,2015,2,1,4,7,,,,,,,,
136786,"Careful What You Wish For",Thriller,2015,1.5,1,10,,,,,,,,,
136800,"Robot Overlords",Action|Adventure|Sci-Fi,2014,1.5,1,1,8,13,,,,,,,
136816,"Bad Asses on the Bayou",Action|Comedy,2015,2.5,1,4,8,,,,,,,,
136834,"The Eye: Infinity",Horror,2005,5,1,11,,,,,,,,,
136838,"Kiss me Kismet",Comedy|Romance,2006,2.5,1,4,6,,,,,,,,
136840,"Da geht noch was!",Comedy|Drama|Romance,2013,3.5,1,4,6,7,,,,,,,
136850,"Villain",Crime|Drama|Thriller,1971,5,1,7,9,10,,,,,,,
136859,"The Lovers",Action|Adventure|Romance|Sci-Fi,2015,1.5,1,1,6,8,13,,,,,,
136864,"Batman v Superman: Dawn of Justice",Action|Adventure|Fantasy|Sci-Fi,2016,2.34375,16,1,5,8,13,,,,,,
136912,"God Loves Caviar",Adventure,2012,2,1,1,,,,,,,,,
136958,"Mortuary",Horror,1983,2,1,11,,,,,,,,,
137218,"April Morning",Drama,1988,2.5,1,7,,,,,,,,,
137337,"Amy",Documentary,2015,3.5,4,16,,,,,,,,,
137345,"That Demon Within",Crime|Thriller,2014,2,1,9,10,,,,,,,,
137517,"Carnival Magic",Drama|Fantasy,1981,0.5,1,5,7,,,,,,,,
137595,"Magic Mike XXL",Comedy|Drama,2015,4,1,4,7,,,,,,,,
137857,"The Jungle Book",Adventure|Drama|Fantasy,2016,3.63636363636364,11,1,5,7,,,,,,,
137859,"Dragon Ball Z Gaiden: The Plot to Destroy the Saiyans",Action|Adventure|Animation,1993,4,1,1,2,8,,,,,,,
137863,"Dragon Ball Z: Resurrection of F",Action|Adventure|Animation|Fantasy,2015,4,1,1,2,5,8,,,,,,
138036,"The Man from U.N.C.L.E.",Action|Adventure|Comedy,2015,3.47222222222222,18,1,4,8,,,,,,,
138186,"Sorrow",Crime|Drama|Horror,2015,0.5,1,7,9,11,,,,,,,
138204,"7 Days in Hell",Comedy,2015,4,2,4,,,,,,,,,
138208,"The Walk",Adventure|Drama|Thriller,2015,3,2,1,7,10,,,,,,,
138210,"13 Hours",Drama,2016,3.3,5,7,,,,,,,,,
138396,"There Will Come a Day",Comedy|Drama,2013,3.5,1,4,7,,,,,,,,
138546,"The Opposite Sex",Comedy,2014,1.5,1,4,,,,,,,,,
138610,"The Gallows",Horror|Thriller,2015,1.5,1,10,11,,,,,,,,
138632,"Tokyo Tribe",Action|Crime|Drama|Sci-Fi,2014,5,1,7,8,9,13,,,,,,
138702,"Feast",Animation|Children|Comedy|Drama|Romance,2014,3,1,2,3,4,6,7,,,,,
138798,"Joe Dirt 2: Beautiful Loser",Comedy,2015,0.5,1,4,,,,,,,,,
138835,"Return to Treasure Island",Adventure|Animation|Comedy,1988,5,1,1,2,4,,,,,,,
138966,"Nasu: Summer in Andalusia",Animation,2003,5,1,2,,,,,,,,,
139052,"Dark Places",Drama|Mystery|Thriller,2015,2,1,7,10,12,,,,,,,
139130,"Afro Samurai",Action|Adventure|Animation|Drama|Fantasy,2007,2.5,1,1,2,5,7,8,,,,,
139157,"Massu Engira Maasilamani",Comedy|Horror|Thriller,2015,4.5,1,4,10,11,,,,,,,
139385,"The Revenant",Adventure|Drama,2015,3.90322580645161,31,1,7,,,,,,,,
139415,"Irrational Man",Crime|Drama,2015,3,1,7,9,,,,,,,,
139511,"Exte: Hair Extensions",Horror,2007,3,1,11,,,,,,,,,
139640,"Ooops! Noah is Gone...",Animation,2015,5,1,2,,,,,,,,,
139642,"Southpaw",Action|Drama,2015,2.83333333333333,6,7,8,,,,,,,,
139644,"Sicario",Crime|Drama|Mystery,2015,3.54545454545455,11,7,9,12,,,,,,,
139655,"Goodnight Mommy",Drama|Fantasy|Horror|Thriller,2014,3,1,5,7,10,11,,,,,,
139717,"10 Cent Pistol",Crime|Thriller,2015,1.25,2,9,10,,,,,,,,
139747,"Before We Go",Romance,2014,3.5,1,6,,,,,,,,,
139855,"Anomalisa",Animation|Comedy|Fantasy,2015,3.25,2,2,4,5,,,,,,,
139857,"Colonia",Thriller,2016,1.5,1,10,,,,,,,,,
139859,"Ghost in the Shell Arise - Border 2: Ghost Whispers",Action|Animation|Sci-Fi|Thriller,2013,2.5,1,2,8,10,13,,,,,,
139915,"How to Make Love Like an Englishman",Comedy|Romance,2014,2.25,2,4,6,,,,,,,,
139994,"Fracchia contro Dracula",Comedy|Horror,1985,4,1,4,11,,,,,,,,
140016,"Always Watching: A Marble Hornets Story",Horror,2015,2,1,11,,,,,,,,,
140038,"Madly in Love",Comedy,1981,4.5,1,4,,,,,,,,,
140110,"The Intern",Comedy,2015,3.65384615384615,13,4,,,,,,,,,
140133,"Hollywood Chainsaw Hookers",Comedy|Horror,1988,5,1,4,11,,,,,,,,
140162,"Love",Drama|Romance,2015,4.5,1,6,7,,,,,,,,
140174,"Room",Drama,2015,3.5625,8,7,,,,,,,,,
140237,"The Runner",Drama,2015,2,1,7,,,,,,,,,
140247,"The Gift",Drama|Horror,2015,3.25,4,7,11,,,,,,,,
140265,"George Carlin: Jammin' in New York",Comedy,1992,5,1,4,,,,,,,,,
140267,"The Witch",Horror,2015,4,1,11,,,,,,,,,
140289,"Men & Chicken",Comedy|Drama,2015,4,1,4,7,,,,,,,,
140301,"The Escort",Comedy|Romance,2015,3,1,4,6,,,,,,,,
140359,"Doctor Who: The Waters of Mars",Adventure|Children|Sci-Fi,2009,4,4,1,3,13,,,,,,,
140481,"Family Guy Presents: Something, Something, Something, Dark Side",Animation|Comedy|Sci-Fi,2009,4.5,1,2,4,13,,,,,,,
140523,"Visit, The",Comedy|Horror,2015,3.5,1,4,11,,,,,,,,
140525,"Secret in Their Eyes",Crime|Drama|Mystery,2015,1.5,1,7,9,12,,,,,,,
140541,"The Electric Hotel",Animation|Comedy|Sci-Fi,1908,4,1,2,4,13,,,,,,,
140561,"Jeff Ross Roasts Criminals: Live at Brazos County Jail",Comedy|Documentary,2015,4,1,4,16,,,,,,,,
140627,"Battle For Sevastopol",Drama|Romance|War,2015,5,1,6,7,14,,,,,,,
140711,"American Ultra",Action|Comedy|Sci-Fi|Thriller,2015,2.66666666666667,6,4,8,10,13,,,,,,
140715,"Straight Outta Compton",Drama,2015,4.21428571428571,7,7,,,,,,,,,
140725,"Cop Car",Crime|Thriller,2015,3.5,2,9,10,,,,,,,,
140737,"The Lost Room",Action|Fantasy|Mystery,2006,3.5,1,5,8,12,,,,,,,
140816,"Tangerine",Comedy|Drama,2015,4.5,1,4,7,,,,,,,,
140850,"Every Secret Thing",Crime|Drama|Mystery|Thriller,2014,2,1,7,9,10,12,,,,,,
140852,"964 Pinocchio",Horror|Sci-Fi,1991,1,1,11,13,,,,,,,,
140928,"Joy",Comedy|Drama,2015,3.2,5,4,7,,,,,,,,
140956,"Ready Player One",Action|Sci-Fi|Thriller,NaN,3.5,4,8,10,13,,,,,,,
141004,"Victor Frankenstein",Drama|Horror|Sci-Fi,2015,3.25,2,7,11,13,,,,,,,
141131,"Guardians",(no genres listed),2016,2.5,1,20,,,,,,,,,
141400,"Invincible Shaolin",Action,1978,4,1,8,,,,,,,,,
141408,"Scouts Guide to the Zombie Apocalypse",Action|Comedy|Horror,2015,3.75,2,4,8,11,,,,,,,
141422,"Suffragette",Drama,2015,2.5,1,7,,,,,,,,,
141513,"Fort Tilden",Comedy,2014,4,1,4,,,,,,,,,
141544,"Turbo Kid",Action|Adventure|Sci-Fi,2015,3.5,3,1,8,13,,,,,,,
141646,"The Unauthorized Saved by the Bell Story",Comedy|Drama,2014,3.5,1,4,7,,,,,,,,
141668,"War Room",Drama,2015,0.5,1,7,,,,,,,,,
141688,"Legend",Crime|Thriller,2015,3.5,2,9,10,,,,,,,,
141718,"Deathgasm",Comedy|Horror,2015,5,1,4,11,,,,,,,,
141749,"The Danish Girl",Drama,2015,3.75,2,7,,,,,,,,,
141799,"Cooties",Comedy|Horror,2015,3.5,1,4,11,,,,,,,,
141810,"Autumn Marathon",Comedy|Drama,1979,4,1,4,7,,,,,,,,
141816,"12 Chairs",Adventure|Comedy,1976,5,1,1,4,,,,,,,,
141818,"Ordinary Miracle",Comedy|Drama|Fantasy|Romance,1978,4.5,1,4,5,6,7,,,,,,
141820,"Old Men: Robbers",Comedy,1971,4,1,4,,,,,,,,,
141830,"Unbelievable Adventures of Italians in Russia",Adventure|Comedy,1974,3.25,2,1,4,,,,,,,,
141836,"It Can't Be!",Comedy,1975,4.5,1,4,,,,,,,,,
141844,"12 Chairs",Adventure|Comedy,1971,4.5,1,1,4,,,,,,,,
141846,"Steve Jobs: The Man in the Machine",Documentary,2015,4,1,16,,,,,,,,,
141866,"Green Room",(no genres listed),2015,3.33333333333333,3,20,,,,,,,,,
141890,"Beasts of No Nation",Drama|War,2015,3,2,7,14,,,,,,,,
141928,"Bloodsucking Bastards",Comedy|Horror,2015,5,1,4,11,,,,,,,,
141994,"Saving Christmas",Children|Comedy,2014,0.5,1,3,4,,,,,,,,
142020,"Oscar",Comedy,1967,5,1,4,,,,,,,,,
142056,"Iron Man & Hulk: Heroes United",Action|Adventure|Animation,2013,3,1,1,2,8,,,,,,,
142074,"Knock Knock",Crime|Horror|Thriller,2015,1.5,1,9,10,11,,,,,,,
142115,"The Blue Planet",Documentary,2001,4.75,2,16,,,,,,,,,
142196,"Cornered!",Comedy|Horror,2009,4.5,1,4,11,,,,,,,,
142222,"Demolition",Drama,2016,3.125,4,7,,,,,,,,,
142366,"Cigarette Burns",Horror|Thriller,2005,3,1,10,11,,,,,,,,
142372,"Our Brand Is Crisis",Comedy|Drama,2015,2.75,2,4,7,,,,,,,,
142420,"High Rise",Action|Drama|Sci-Fi,2015,3,2,7,8,13,,,,,,,
142422,"The Night Before",Comedy,2015,4.25,4,4,,,,,,,,,
142424,"Into the Forest",Drama|Sci-Fi,2015,2,1,7,13,,,,,,,,
142444,"The Editor",Comedy|Horror|Mystery,2015,5,1,4,11,12,,,,,,,
142448,"Everest",Adventure|Drama|Thriller,2015,3.08333333333333,6,1,7,10,,,,,,,
142456,"The Brand New Testament",(no genres listed),2015,4,2,20,,,,,,,,,
142488,"Spotlight",Thriller,2015,4.15789473684211,19,10,,,,,,,,,
142507,"Pawn Sacrifice",Drama,2015,2.5,1,7,,,,,,,,,
142509,"Hardcore Henry",Action|Adventure|Sci-Fi,2015,3.75,2,1,8,13,,,,,,,
142536,"Burnt",Drama,2015,2,3,7,,,,,,,,,
142550,"Ryuzo and the Seven Henchmen",Action|Comedy,2015,4.5,1,4,8,,,,,,,,
142558,"If I Were a Rich Man",Comedy,2002,3,1,4,,,,,,,,,
142598,"Last Shift",Horror,2014,4,1,11,,,,,,,,,
142602,"F*ck You, Goethe 2",Comedy,2015,1,1,4,,,,,,,,,
142831,"Garam Masala",Comedy,2005,4.5,1,4,,,,,,,,,
142961,"Life Eternal",Comedy|Crime|Thriller,2015,2.5,1,4,9,10,,,,,,,
142997,"Hotel Transylvania 2",Animation|Comedy,2015,2.875,4,2,4,,,,,,,,
143001,"Anti-Social",Crime,2015,1.5,1,9,,,,,,,,,
143031,"Jump In!",Comedy|Drama|Romance,2007,5,1,4,6,7,,,,,,,
143245,"The Little Prince",Animation|Fantasy,2015,2.25,2,2,5,,,,,,,,
143255,"Narcopolis",Mystery|Sci-Fi|Thriller,2014,1.5,1,10,12,13,,,,,,,
143257,"Ashby",Comedy|Drama,2015,3,2,4,7,,,,,,,,
143355,"Wonder Woman",Action|Adventure|Fantasy,2017,3.30769230769231,13,1,5,8,,,,,,,
143365,"The Circle",Drama|Sci-Fi|Thriller,2016,2.5,1,7,10,13,,,,,,,
143367,"Silence",Drama|Thriller,2016,3.75,2,7,10,,,,,,,,
143385,"Bridge of Spies",Drama|Thriller,2015,3.4375,8,7,10,,,,,,,,
143410,"Hyena Road",(no genres listed),NaN,2,1,20,,,,,,,,,
143458,"The Great Hypnotist",Drama|Mystery|Thriller,2014,4,1,7,10,12,,,,,,,
143472,"Into the Grizzly Maze",Action|Horror|Thriller,2015,1.5,1,8,10,11,,,,,,,
143511,"Human",Documentary,2015,5,1,16,,,,,,,,,
143525,"Chasuke's Journey",Comedy|Drama,2015,4,1,4,7,,,,,,,,
143559,"L.A. Slasher",Comedy|Crime|Fantasy,2015,5,1,4,5,9,,,,,,,
143859,"Hail, Caesar!",Comedy,2016,2.8125,8,4,,,,,,,,,
143896,"How To Change The World",Documentary,2015,4.5,1,16,,,,,,,,,
143969,"Er ist wieder da",Comedy,2015,2.83333333333333,3,4,,,,,,,,,
144210,"Just Eat It: A Food Waste Story",Documentary,2014,4,1,16,,,,,,,,,
144222,"Bros Before Hos",Comedy,2013,3,1,4,,,,,,,,,
144262,"Slow Learners",Comedy|Romance,2015,2,1,4,6,,,,,,,,
144352,"Unforgiven",Action|Crime|Drama,2013,0.5,1,7,8,9,,,,,,,
144478,"Sex, Drugs & Taxation",Comedy|Drama,2013,4.5,1,4,7,,,,,,,,
144522,"Sky High",Action|Horror|Thriller,2003,2,1,8,10,11,,,,,,,
144606,"Confessions of a Dangerous Mind",Comedy|Crime|Drama|Romance|Thriller,2002,4,1,4,6,7,9,10,,,,,
144620,"Goosebumps",Adventure|Comedy|Horror,2015,2,2,1,4,11,,,,,,,
144714,"The Perfect Guy",Drama|Thriller,2015,1.5,1,7,10,,,,,,,,
144716,"Rock the Kasbah",Comedy,2015,2,1,4,,,,,,,,,
144734,"Freaks of Nature",Comedy|Horror|Sci-Fi,2015,4.5,1,4,11,13,,,,,,,
144976,"Bone Tomahawk",Horror|Western,2015,4.5,2,11,18,,,,,,,,
145080,"Extraordinary Tales",Animation|Horror|Mystery,2015,2.5,1,2,11,12,,,,,,,
145150,"The Dressmaker",Comedy|Drama|Thriller,2015,3,1,4,7,10,,,,,,,
145283,"Nowitzki: The Perfect Shot",Documentary,2014,3.5,1,16,,,,,,,,,
145418,"Trumbo",Drama,2015,4,1,7,,,,,,,,,
145491,"Our Lips Are Sealed",Children|Comedy|Drama,2000,3.5,1,3,4,7,,,,,,,
145724,"Idaho Transfer",Sci-Fi,1973,0.5,1,13,,,,,,,,,
145745,"Witch Hunt",Crime|Drama,1999,2.5,1,7,9,,,,,,,,
145839,"Concussion",Drama,2015,2.5,3,7,,,,,,,,,
145935,"Peanuts Movie, The",Adventure|Animation|Children|Comedy,2015,1.5,1,1,2,3,4,,,,,,
145951,"Bloodsport: The Dark Kumite",Action|Thriller,1999,0.5,1,8,10,,,,,,,,
145994,"Formula of Love",Comedy,1984,5,1,4,,,,,,,,,
146024,"A Man from Boulevard des Capucines",Comedy|Romance|Western,1987,4,1,4,6,18,,,,,,,
146028,"The Adventures of Sherlock Holmes and Dr. Watson: The Hound of the Baskervilles",Crime|Mystery,1981,4,1,9,12,,,,,,,,
146210,"Blue Mountain State: The Rise of Thadland",Comedy,2015,3,1,4,,,,,,,,,
146244,"Dil To Pagal Hai",Comedy|Drama|Romance,1997,4,1,4,6,7,,,,,,,
146309,"The Boy and the Beast",Action|Adventure|Animation,2015,4,1,1,2,8,,,,,,,
146656,"Creed",Drama,2015,3.75,8,7,,,,,,,,,
146662,"Dragons: Gift of the Night Fury",Adventure|Animation|Comedy,2011,5,1,1,2,4,,,,,,,
146682,"Twinsters",Documentary,2015,4,1,16,,,,,,,,,
146684,"Cosmic Scrat-tastrophe",Animation|Children|Comedy,2015,5,1,2,3,4,,,,,,,
146688,"Solace",Fantasy|Mystery|Thriller,2015,2,1,5,10,12,,,,,,,
146730,"Lost in the Sun",Action|Drama|Thriller,2015,2,1,7,8,10,,,,,,,
146986,"Le Maître d'école",Comedy,1981,4,1,4,,,,,,,,,
147002,"Eros",Drama|Romance,2004,4,1,6,7,,,,,,,,
147142,"Those Happy Days",Children|Comedy,2006,3,1,3,4,,,,,,,,
147196,"The Girls",Comedy|Romance,1961,5,1,4,6,,,,,,,,
147250,"The Adventures of Sherlock Holmes and Doctor Watson",(no genres listed),NaN,5,1,20,,,,,,,,,
147282,"What Men Still Talk About",Comedy,2011,4,1,4,,,,,,,,,
147286,"The Adventures of Sherlock Holmes and Doctor Watson: The Treasures of Agra",Crime|Mystery,1983,5,1,9,12,,,,,,,,
147300,"Adventures Of Sherlock Holmes And Dr. Watson: The Twentieth Century Approaches",Crime|Mystery,1986,5,1,9,12,,,,,,,,
147326,"The Adventures of Sherlock Holmes and Doctor Watson: King of Blackmailers",Crime|Mystery,1980,5,1,9,12,,,,,,,,
147328,"The Adventures of Sherlock Holmes and Dr. Watson: Bloody Signature",Crime,1979,5,1,9,,,,,,,,,
147330,"Sherlock Holmes and Dr. Watson: Acquaintance",Crime,1979,5,1,9,,,,,,,,,
147372,"Doctor Who: Last Christmas",Adventure|Drama|Fantasy|Sci-Fi,2014,3.75,2,1,5,7,13,,,,,,
147374,"Doctor Who: The Doctor, the Widow and the Wardrobe",Adventure|Drama,2011,4.16666666666667,3,1,7,,,,,,,,
147376,"Doctor Who: A Christmas Carol",Sci-Fi,2010,4.75,2,13,,,,,,,,,
147378,"Doctor Who: Planet of the Dead",Adventure|Children|Drama|Sci-Fi,2009,3,4,1,3,7,13,,,,,,
147380,"Doctor Who: The Next Doctor",Adventure|Children|Drama|Sci-Fi,2008,2.875,4,1,3,7,13,,,,,,
147382,"Doctor Who: Voyage Of The Damned",Action|Sci-Fi,2007,4.5,3,8,13,,,,,,,,
147384,"Doctor Who: The Runaway Bride",Sci-Fi,2007,4,4,13,,,,,,,,,
147410,"A Perfect Day",Comedy|Drama,2015,5,1,4,7,,,,,,,,
147657,"Masked Avengers",Action,1981,4,1,8,,,,,,,,,
147662,"Return of the One-Armed Swordsman",Action|Adventure,1969,3,1,1,8,,,,,,,,
147936,"The Lord's Lantern in Budapest",Comedy|Drama,1999,4.5,1,4,7,,,,,,,,
148166,"Hitchcock/Truffaut",Documentary,2015,3.5,1,16,,,,,,,,,
148172,"The 5th Wave",Adventure|Sci-Fi|Thriller,2016,2.5,2,1,10,13,,,,,,,
148238,"A Very Murray Christmas",Comedy,2015,2.5,1,4,,,,,,,,,
148424,"Chi-Raq",Comedy|Drama,2015,3.75,2,4,7,,,,,,,,
148482,"Truth",Drama,2015,3,1,7,,,,,,,,,
148592,"Just Jim",Comedy,2015,3,1,4,,,,,,,,,
148626,"Big Short, The",Drama,2015,3.96153846153846,26,7,,,,,,,,,
148632,"Applesauce",Comedy,2015,4.5,1,4,,,,,,,,,
148652,"The Ridiculous 6",Comedy|Western,2015,3.25,2,4,18,,,,,,,,
148667,"John Mulaney: The Comeback Kid",Comedy,2015,3.5,1,4,,,,,,,,,
148671,"Saw",Crime|Horror,2003,4.5,2,9,11,,,,,,,,
148675,"North Pole: Open For Christmas",Children|Fantasy,2015,2,1,3,5,,,,,,,,
148709,"Mojave",Thriller,2015,2,1,10,,,,,,,,,
148775,"Wizards of Waverly Place: The Movie",Adventure|Children|Comedy|Drama|Fantasy|Sci-Fi,2009,4,1,1,3,4,5,7,13,,,,
148881,"World of Tomorrow",Animation|Comedy,2015,4.5,2,2,4,,,,,,,,
148888,"Zoolander 2",Comedy,2016,2.5,3,4,,,,,,,,,
148956,"How to Be Single",Comedy|Romance,2016,3.125,4,4,6,,,,,,,,
148978,"Blue Exorcist: The Movie",Animation|Fantasy|Horror|Mystery,2012,4,1,2,5,11,12,,,,,,
148982,"Devil Dog: The Hound of Hell",Horror,1978,4,1,11,,,,,,,,,
149011,"He Never Died",Comedy|Drama|Horror,2015,3.5,1,4,7,11,,,,,,,
149144,"Parasyte: Part 1",Horror|Sci-Fi,2014,4,1,11,13,,,,,,,,
149146,"Parasyte: Part 2",Horror|Sci-Fi,2015,4,1,11,13,,,,,,,,
149330,"A Cosmic Christmas",(no genres listed),1977,4,1,20,,,,,,,,,
149334,"Nocturnal Animals",Drama|Thriller,NaN,3,1,7,10,,,,,,,,
149350,"Lumberjack Man",Comedy|Horror,2015,5,1,4,11,,,,,,,,
149352,"Daddy's Home",Comedy,2015,2.66666666666667,6,4,,,,,,,,,
149354,"Sisters",Children|Comedy,2015,2.5,7,3,4,,,,,,,,
149380,"'Tis the Season for Love",Romance,2015,1.5,1,6,,,,,,,,,
149406,"Kung Fu Panda 3",Action|Adventure|Animation,2016,3.375,8,1,2,8,,,,,,,
149508,"Spellbound",Comedy|Romance,2011,5,1,4,6,,,,,,,,
149566,"Unicorn City",Comedy|Romance,2012,5,1,4,6,,,,,,,,
149590,"Standoff",Thriller,2016,2.5,1,10,,,,,,,,,
149612,"Swelter",Action|Drama|Thriller,2014,2,1,7,8,10,,,,,,,
149830,"Pride and Prejudice and Zombies",Comedy|Horror|Romance|Thriller,2016,4.5,1,4,6,10,11,,,,,,
149902,"Garm Wars: The Last Druid",Action|Sci-Fi|Thriller,2014,2,1,8,10,13,,,,,,,
150254,"The Devil's Candy",Horror,2015,2,1,11,,,,,,,,,
150401,"Close Range",Action|Crime,2015,3,2,8,9,,,,,,,,
150548,"Sherlock: The Abominable Bride",Action|Crime|Drama|Mystery|Thriller,2016,3.85,10,7,8,9,10,12,,,,,
150554,"The Love Bug",Adventure|Children|Comedy|Fantasy,1997,5,1,1,3,4,5,,,,,,
150596,"Doctor Who: The Husbands of River Song",Comedy|Drama|Sci-Fi,2015,4.25,2,4,7,13,,,,,,,
150604,"Moonwalkers",Comedy,2015,2.5,1,4,,,,,,,,,
150696,"Tomorrow",Documentary,2015,4.5,1,16,,,,,,,,,
150993,"Anacleto: Agente secreto",Action|Comedy,2015,4,1,4,8,,,,,,,,
151311,"Wiener-Dog",Comedy,2016,3,1,4,,,,,,,,,
151315,"Ride Along 2",Action|Comedy,2016,2,3,4,8,,,,,,,,
151317,"Maggie's Plan",Comedy,2015,2,1,4,,,,,,,,,
151455,"Eddie the Eagle",Comedy,2016,2.83333333333333,3,4,,,,,,,,,
151479,"The Flash 2 - Revenge of the Trickster",Action|Fantasy|Sci-Fi,1991,1.5,1,5,8,13,,,,,,,
151501,"Exposed",Drama,2016,1.5,1,7,,,,,,,,,
151557,"Stonewall",Drama,2015,2.5,1,7,,,,,,,,,
151559,"Frankenstein",Horror|Thriller,2015,2,1,10,11,,,,,,,,
151653,"Welcome to Happiness",Comedy|Drama|Fantasy,2015,1.5,1,4,5,7,,,,,,,
151687,"Risen",Children|Drama,2016,0.5,1,3,7,,,,,,,,
151695,"The Survivalist",Drama|Sci-Fi|Thriller,2015,4,1,7,10,13,,,,,,,
151739,"Dirty Grandpa",Comedy,2016,2.875,4,4,,,,,,,,,
151745,"Reptilicus",Horror|Sci-Fi,1961,0.5,1,11,13,,,,,,,,
151759,"Requiem for the American Dream",Documentary,2015,2.5,1,16,,,,,,,,,
151763,"Death Note Rewrite: Genshisuru Kami",Mystery,2007,4,2,12,,,,,,,,,
151769,"Three from Prostokvashino",Animation,1978,5,1,2,,,,,,,,,
151777,"The Finest Hours",Drama|Thriller,2016,3,1,7,10,,,,,,,,
151781,"Ghost in the Shell: Solid State Society",Action|Animation|Crime|Sci-Fi|Thriller,2006,3.5,1,2,8,9,10,13,,,,,
152037,"Grease Live",(no genres listed),2016,2,2,20,,,,,,,,,
152063,"Gods of Egypt",Adventure|Fantasy,2016,0.5,1,1,5,,,,,,,,
152065,"Embrace of the Serpent",Adventure|Drama,2016,3.5,1,1,7,,,,,,,,
152071,"Race",Drama,2016,1.5,1,7,,,,,,,,,
152077,"10 Cloverfield Lane",Thriller,2016,3.67857142857143,14,10,,,,,,,,,
152079,"London Has Fallen",Action|Crime|Thriller,2016,2,2,8,9,10,,,,,,,
152081,"Zootopia",Action|Adventure|Animation|Children|Comedy,2016,3.890625,32,1,2,3,4,8,,,,,
152083,"Whiskey Tango Foxtrot",Comedy|War,2016,3.33333333333333,3,4,14,,,,,,,,
152085,"Desierto",Drama,2016,2.5,1,7,,,,,,,,,
152091,"The Brothers Grimsby",Comedy,2016,3.125,4,4,,,,,,,,,
152105,"Dad's Army",Comedy,1971,4.5,1,4,,,,,,,,,
152173,"Michael Jackson's Thriller",Horror,1983,4,1,11,,,,,,,,,
152270,"The Wait",Drama,2015,3.5,1,7,,,,,,,,,
152284,"War and Peace",Drama|Romance,2016,3.5,1,6,7,,,,,,,,
152372,"Southbound",Horror,2016,3.5,1,11,,,,,,,,,
152591,"Ip Man 3",Action,2015,4,1,8,,,,,,,,,
152658,"Santa's Little Helper",Children,2015,1.5,1,3,,,,,,,,,
152711,"Who Killed Chea Vichea?",Documentary,2010,5,1,16,,,,,,,,,
152970,"Hunt for the Wilderpeople",Adventure|Comedy,2016,4.375,4,1,4,,,,,,,,
153070,"Rabbits",Comedy|Drama|Fantasy,2002,3.5,1,4,5,7,,,,,,,
153236,"Genius Party",Animation,2007,3,1,2,,,,,,,,,
153386,"Long Live Ghosts!",Children|Comedy|Fantasy,1977,3,1,3,4,5,,,,,,,
153408,"Tears for Sale",Comedy|Drama|Fantasy,2008,4,1,4,5,7,,,,,,,
154065,"Dad's Army",Comedy,2016,2,1,4,,,,,,,,,
154358,"The Barkley Marathons: The Race That Eats Its Young",Documentary,2015,4,1,16,,,,,,,,,
154975,"Merci Patron !",Comedy|Documentary,2016,4,1,4,16,,,,,,,,
155064,"The Neon Demon",Drama|Horror|Mystery,2016,3,2,7,11,12,,,,,,,
155168,"Fraktus",Comedy,2012,4,1,4,,,,,,,,,
155288,"Eye in the Sky",Drama|Thriller|War,2016,2.83333333333333,3,7,10,14,,,,,,,
155358,"Camino",Action|Adventure|Thriller,2016,2,1,1,8,10,,,,,,,
155509,"Mr. Right",Action|Comedy|Romance,2016,3.5,3,4,6,8,,,,,,,
155589,"Noin 7 veljestä",(no genres listed),1968,3,1,20,,,,,,,,,
155659,"Florence Foster Jenkins",Comedy|Drama,2016,4,1,4,7,,,,,,,,
155743,"My Big Fat Greek Wedding 2",Comedy,2016,2,1,4,,,,,,,,,
155774,"Neon Bull",Adventure,2015,3.5,1,1,,,,,,,,,
155812,"Get a Job",Comedy,2016,3.25,2,4,,,,,,,,,
155820,"Keanu",Comedy,2016,2.5,2,4,,,,,,,,,
155892,"Me Him Her",Comedy,2015,2,1,4,,,,,,,,,
156025,"Ice Age: The Great Egg-Scapade",Adventure|Animation|Children|Comedy,2016,5,1,1,2,3,4,,,,,,
156371,"Everybody Wants Some",Comedy,2016,4.16666666666667,3,4,,,,,,,,,
156387,"Sing Street",Drama,2016,3.83333333333333,3,7,,,,,,,,,
156553,"Zoom",Animation|Comedy|Drama,2015,2.5,1,2,4,7,,,,,,,
156605,"Paterson",(no genres listed),NaN,4.5,1,20,,,,,,,,,
156607,"The Huntsman Winter's War",Action|Adventure|Drama|Fantasy,2016,1,3,1,5,7,8,,,,,,
156609,"Neighbors 2: Sorority Rising",Comedy,2016,2.6,5,4,,,,,,,,,
156675,"Project X",Mystery|Sci-Fi,1968,2,1,12,13,,,,,,,,
156706,"The Trust",Crime|Thriller,2016,2.5,1,9,10,,,,,,,,
156726,"Hush",Thriller,2016,2.66666666666667,3,10,,,,,,,,,
156781,"Jimmy Carr: Telling Jokes",Comedy,2009,4,1,4,,,,,,,,,
156783,"Jimmy Carr: Making People Laugh",Comedy,2010,2.5,1,4,,,,,,,,,
157108,"Texas - Doc Snyder hält die Welt in Atem",Comedy|Western,1993,4.5,1,4,18,,,,,,,,
157110,"00 Schneider - Jagd auf Nihil Baxter",Comedy|Crime,1994,4.5,1,4,9,,,,,,,,
157122,"The Man Who Knew Infinity",Drama,2016,3,1,7,,,,,,,,,
157130,"Despite the Falling Snow",Drama|Romance|Thriller,2016,2,1,6,7,10,,,,,,,
157172,"Wizards of the Lost Kingdom II",Action|Fantasy,1989,0.5,1,5,8,,,,,,,,
157200,"Money Monster",Drama|Thriller,2016,2.25,2,7,10,,,,,,,,
157270,"Barbershop: The Next Cut",Comedy,2016,2.5,1,4,,,,,,,,,
157296,"Finding Dory",Adventure|Animation|Comedy,2016,3.57692307692308,13,1,2,4,,,,,,,
157312,"The Boss",Comedy,2016,2.66666666666667,3,4,,,,,,,,,
157340,"The Angry Birds Movie",Animation|Comedy,2016,2.5,1,2,4,,,,,,,,
157369,"Bakuman",Comedy|Drama,2015,4,1,4,7,,,,,,,,
157407,"I Am Wrath",Action|Crime|Drama|Thriller,2016,1.5,1,7,8,9,10,,,,,,
157432,"Precious Cargo",Action|Crime,2016,1,1,8,9,,,,,,,,
157699,"Snowden",Drama|Thriller,2016,3.83333333333333,6,7,10,,,,,,,,
157775,"Tenchi Muyô! In Love",Animation|Comedy,1996,5,1,2,4,,,,,,,,
157865,"Ratchet & Clank",Action|Adventure|Animation|Children|Comedy|Sci-Fi,2016,1.5,1,1,2,3,4,8,13,,,,
158022,"Kicking Off",Comedy,2016,1.5,1,4,,,,,,,,,
158027,"SORI: Voice from the Heart",Drama|Sci-Fi,2016,5,1,7,13,,,,,,,,
158035,"Gintama: The Final Chapter - Be Forever Yorozuya",Action|Animation|Comedy,2013,3.5,1,2,4,8,,,,,,,
158238,"The Nice Guys",Crime|Mystery|Thriller,2016,3.83333333333333,15,9,10,12,,,,,,,
158254,"Kindergarten Cop 2",Action|Comedy,2016,1.5,1,4,8,,,,,,,,
158388,"Buck Rogers in the 25th Century",Sci-Fi,1979,2.5,1,13,,,,,,,,,
158398,"World of Glory",Comedy,1991,5,1,4,,,,,,,,,
158402,"The Crew",Action,2016,2.5,1,8,,,,,,,,,
158528,"The Shallows",Drama|Thriller,2016,2.5,1,7,10,,,,,,,,
158721,"Gen-X Cops",Action|Comedy|Thriller,1999,3.5,1,4,8,10,,,,,,,
158783,"The Handmaiden",Drama|Romance|Thriller,2016,2.66666666666667,3,6,7,10,,,,,,,
158813,"Alice Through the Looking Glass",Adventure|Children|Fantasy,2016,2,4,1,3,5,,,,,,,
158830,"The BFG",Children|Fantasy,2016,2.5,1,3,5,,,,,,,,
158842,"My Scientology Movie",Documentary,2016,3.5,1,16,,,,,,,,,
158872,"Sausage Party",Animation|Comedy,2016,3.64285714285714,7,2,4,,,,,,,,
158874,"Karate Bullfighter",Action|Drama,1975,3,1,7,8,,,,,,,,
158882,"All Yours",Comedy|Drama|Romance,2016,5,1,4,6,7,,,,,,,
158956,"Kill Command",Action|Horror|Sci-Fi,2016,2.5,2,8,11,13,,,,,,,
158966,"Captain Fantastic",Drama,2016,4.5,5,7,,,,,,,,,
158972,"Toni Erdmann",Drama,2016,3.66666666666667,3,7,,,,,,,,,
159061,"The Wailing",Mystery|Thriller,2016,3,1,10,12,,,,,,,,
159069,"Comedy of the Strict Regime",Comedy,1993,4.5,1,4,,,,,,,,,
159077,"The Meddler",Comedy|Drama,2016,2.5,1,4,7,,,,,,,,
159093,"Now You See Me 2",Action|Comedy|Thriller,2016,3.63636363636364,11,4,8,10,,,,,,,
159161,"Ali Wong: Baby Cobra",(no genres listed),2016,4.5,1,20,,,,,,,,,
159193,"Café Society",Comedy|Drama|Romance,2016,3,1,4,6,7,,,,,,,
159403,"Neo Tokyo",Adventure|Animation|Fantasy|Horror|Sci-Fi,1987,3,1,1,2,5,11,13,,,,,
159415,"Swiss Army Man",Comedy|Drama|Romance,2016,3.25,2,4,6,7,,,,,,,
159441,"The Do-Over",Comedy,2016,3.5,2,4,,,,,,,,,
159510,"Death Smiles on a Murderer",Horror,1973,2,1,11,,,,,,,,,
159690,"Teenage Mutant Ninja Turtles: Out of the Shadows",Action|Adventure|Comedy,2016,2,1,1,4,8,,,,,,,
159717,"The Fundamentals of Caring",Drama,2016,3.75,2,7,,,,,,,,,
159755,"Popstar: Never Stop Never Stopping",Comedy,2016,2.75,2,4,,,,,,,,,
159779,"A Midsummer Night's Dream",(no genres listed),2016,4,1,20,,,,,,,,,
159811,"The Bremen Town Musicians",Animation|Drama|Fantasy,1969,5,1,2,5,7,,,,,,,
159817,"Planet Earth",Documentary,2006,4.21428571428571,7,16,,,,,,,,,
159849,"Bo Burnham: Make Happy",Comedy,2016,2.5,1,4,,,,,,,,,
159858,"The Conjuring 2",Horror,2016,2.25,2,11,,,,,,,,,
159976,"Pelé: Birth of a Legend",Drama,2016,4.5,1,7,,,,,,,,,
160080,"Ghostbusters",Action|Comedy|Horror|Sci-Fi,2016,3.125,8,4,8,11,13,,,,,,
160271,"Central Intelligence",Action|Comedy,2016,3.625,4,4,8,,,,,,,,
160289,"O.J.: Made in America",Documentary,2016,4.5,1,16,,,,,,,,,
160341,"Bloodmoon",Action|Thriller,1997,2.5,1,8,10,,,,,,,,
160400,"Genius",Drama,2016,3,1,7,,,,,,,,,
160422,"The Wooden Horse",Drama|War,1950,3,1,7,14,,,,,,,,
160438,"Jason Bourne",Action,2016,2.72222222222222,9,8,,,,,,,,,
160440,"The Maid's Room",Thriller,2014,1.5,1,10,,,,,,,,,
160527,"Sympathy for the Underdog",Action|Crime|Drama,1971,4.5,1,7,8,9,,,,,,,
160563,"The Legend of Tarzan",Action|Adventure,2016,3.08333333333333,6,1,8,,,,,,,,
160565,"The Purge: Election Year",Action|Horror|Sci-Fi,2016,2.75,2,8,11,13,,,,,,,
160567,"Mike & Dave Need Wedding Dates",Comedy,2016,3.33333333333333,3,4,,,,,,,,,
160569,"Ice Age: Collision Course",Adventure|Animation|Children|Comedy,2016,1,1,1,2,3,4,,,,,,
160571,"Lights Out",Horror,2016,3,2,11,,,,,,,,,
160573,"Pete's Dragon",Adventure|Children|Fantasy,2016,3,1,1,3,5,,,,,,,
160644,"Indignation",Drama,2016,5,1,7,,,,,,,,,
160646,"Goat",Drama,2016,2.5,1,7,,,,,,,,,
160684,"Marauders",Action,2016,3.5,1,8,,,,,,,,,
160718,"Piper",Animation,2016,4.5,2,2,,,,,,,,,
160730,"The Adderall Diaries",Action|Drama|Thriller,2015,2,1,7,8,10,,,,,,,
160836,"Hazard",Action|Drama|Thriller,2005,3,1,7,8,10,,,,,,,
160848,"The Red Turtle",Animation,2016,4.5,1,2,,,,,,,,,
160872,"Satanic",Horror,2016,0.5,1,11,,,,,,,,,
160954,"Nerve",Drama|Thriller,2016,2.625,4,7,10,,,,,,,,
160978,"Hellevator",Horror|Sci-Fi,2004,1,1,11,13,,,,,,,,
160980,"Sully",Drama,2016,3.16666666666667,6,7,,,,,,,,,
161008,"The Forbidden Dance",(no genres listed),1990,2.5,1,20,,,,,,,,,
161024,"Jim Jefferies: Freedumb",Comedy,2016,4.5,1,4,,,,,,,,,
161032,"The Grandmother",Action|Drama,1970,2.5,1,7,8,,,,,,,,
161044,"Webmaster",Sci-Fi,1998,3,1,13,,,,,,,,,
161127,"The Infiltrator",Crime|Drama,2016,3.75,2,7,9,,,,,,,,
161131,"War Dogs",Comedy,2016,3.625,8,4,,,,,,,,,
161290,"Vigilante Diaries",Action,2016,1,1,8,,,,,,,,,
161354,"Batman: The Killing Joke",Action|Animation|Crime|Drama,2016,3,1,2,7,8,9,,,,,,
161580,"Bad Moms",Comedy,2016,3.83333333333333,3,4,,,,,,,,,
161582,"Hell or High Water",Crime|Drama,2016,3.5625,8,7,9,,,,,,,,
161594,"Kingsglaive: Final Fantasy XV",Action|Adventure|Animation|Drama|Fantasy|Sci-Fi,2016,3.5,1,1,2,5,7,8,13,,,,
161634,"Don't Breathe",Thriller,2016,3.3,5,10,,,,,,,,,
161830,"Body",Drama|Horror|Thriller,2015,1,1,7,10,11,,,,,,,
161918,"Sharknado 4: The 4th Awakens",Action|Adventure|Horror|Sci-Fi,2016,1.5,1,1,8,11,13,,,,,,
161922,"The Edge of Seventeen",Comedy,2016,3.25,2,4,,,,,,,,,
161966,"Elle",Thriller,2016,4,1,10,,,,,,,,,
162082,"Train to Busan",Action|Thriller,2016,3.5,1,8,10,,,,,,,,
162344,"Tom Segura: Mostly Stories",Comedy,2016,5,1,4,,,,,,,,,
162350,"The Magnificent Seven",Action|Western,2016,3.58333333333333,6,8,18,,,,,,,,
162414,"Moonlight",Drama,NaN,5,1,7,,,,,,,,,
162478,"Masterminds",Action|Comedy|Crime,2016,4,3,4,8,9,,,,,,,
162578,"Kubo and the Two Strings",Adventure|Animation|Children|Fantasy,2016,4,6,1,2,3,5,,,,,,
162590,"Bridget Jones's Baby",Comedy|Romance,2016,1,1,4,6,,,,,,,,
162598,"Deepwater Horizon",Drama,2016,3.5,1,7,,,,,,,,,
162600,"Miss Peregrine's Home for Peculiar Children",Fantasy,2016,3,3,5,,,,,,,,,
162602,"The Girl on the Train",Thriller,2016,4.5,1,10,,,,,,,,,
162606,"The Accountant",Crime|Drama|Thriller,2016,3,6,7,9,10,,,,,,,
162828,"Imperium",Crime|Drama|Thriller,2016,2.5,1,7,9,10,,,,,,,
162968,"Kizumonogatari Part 1: Tekketsu",Action|Animation|Mystery,2016,4,1,2,8,12,,,,,,,
162982,"Steins;Gate the Movie: The Burden of Déjà vu",Animation|Drama|Sci-Fi,2013,3,1,2,7,13,,,,,,,
163056,"Shin Godzilla",Action|Adventure|Fantasy|Sci-Fi,2016,4,1,1,5,8,13,,,,,,
163072,"Winnie Pooh",Animation|Children,1969,5,1,2,3,,,,,,,,
163112,"Winnie the Pooh Goes Visiting",Animation,1971,5,1,2,,,,,,,,,
163134,"Your Name.",Animation|Drama|Fantasy|Romance,2016,4,3,2,5,6,7,,,,,,
163386,"Winnie the Pooh and the Day of Concern",Animation,1972,5,1,2,,,,,,,,,
163527,"Comedy Central Roast of David Hasselhoff",Comedy,2010,4,1,4,,,,,,,,,
163639,"DC Super Hero Girls: Hero of the Year",Animation,2016,4,1,2,,,,,,,,,
163645,"Hacksaw Ridge",Drama|War,2016,3.9375,8,7,14,,,,,,,,
163653,"David Cross: Making America Great Again",Comedy,2016,3,1,4,,,,,,,,,
163809,"Over the Garden Wall",Adventure|Animation|Drama,2013,2.5,1,1,2,7,,,,,,,
163925,"Wings, Legs and Tails",Animation|Comedy,1986,5,1,2,4,,,,,,,,
163937,"Blair Witch",Horror|Thriller,2016,3.5,1,10,11,,,,,,,,
163981,"31",Horror,2016,3.5,1,11,,,,,,,,,
163985,"ARQ",Sci-Fi|Thriller,2016,4.5,1,10,13,,,,,,,,
164179,"Arrival",Sci-Fi,2016,3.98076923076923,26,13,,,,,,,,,
164200,"Storks",Animation|Children|Comedy,2016,4,2,2,3,4,,,,,,,
164226,"Maximum Ride",Action|Adventure|Comedy|Fantasy|Sci-Fi|Thriller,2016,4.5,1,1,4,5,8,10,13,,,,
164280,"Endless Poetry",Drama|Fantasy,2016,3.5,1,5,7,,,,,,,,
164367,"The Girl with All the Gifts",Drama|Horror|Sci-Fi|Thriller,2016,5,1,7,10,11,13,,,,,,
164375,"All Roads Lead to Rome",Comedy,2016,1.5,1,4,,,,,,,,,
164540,"Amanda Knox",Documentary,2016,3.5,1,16,,,,,,,,,
164647,"Dirty 30",Comedy|Romance,2016,2.5,1,4,6,,,,,,,,
164655,"Gimme Danger",Documentary,2016,2,1,16,,,,,,,,,
164707,"Go Figure",Children|Comedy|Drama,2005,4,1,3,4,7,,,,,,,
164753,"Anything for Love",Romance,2016,2,1,6,,,,,,,,,
164881,"Night Guards",Action|Sci-Fi,2016,1.5,1,8,13,,,,,,,,
164909,"La La Land",Comedy|Drama|Romance,2016,3.38888888888889,9,4,6,7,,,,,,,
164917,"13th",Documentary,2016,4.5,2,16,,,,,,,,,
165075,"London Town",Drama,2016,2.5,1,7,,,,,,,,,
165101,"Inferno",Mystery|Thriller,2016,2.875,4,10,12,,,,,,,,
165103,"Keeping Up with the Joneses",Comedy,2016,3.75,2,4,,,,,,,,,
165139,"Wild Oats",Comedy,2016,2,1,4,,,,,,,,,
165343,"The Rocky Horror Picture Show: Let's Do the Time Warp Again",Comedy|Horror|Sci-Fi|Thriller,2016,1.5,1,4,10,11,13,,,,,,
165347,"Jack Reacher: Never Go Back",Action|Crime|Drama|Mystery|Thriller,2016,2,1,7,8,9,10,12,,,,,
165483,"Joe Rogan: Triggered",Comedy,2016,4,1,4,,,,,,,,,
165489,"Ethel & Ernest",(no genres listed),2016,2.5,1,20,,,,,,,,,
165529,"Flowers for Algernon",Drama,2000,2,1,7,,,,,,,,,
165549,"Manchester by the Sea",Drama,2016,2.9,5,7,,,,,,,,,
165551,"Lion",Drama,2016,4.5,1,7,,,,,,,,,
165635,"The Thinning",Thriller,2016,1,1,10,,,,,,,,,
165639,"While You Were Fighting: A Thor Mockumentary",Comedy|Fantasy|Sci-Fi,2016,3.83333333333333,3,4,5,13,,,,,,,
165645,"Bad Santa 2",Comedy,2016,0.5,1,4,,,,,,,,,
165671,"Ice Guardians",Documentary,2016,4.5,1,16,,,,,,,,,
165843,"Risk",Documentary,2016,4,1,16,,,,,,,,,
165947,"The True Memoirs of an International Assassin",Action|Comedy,2016,3.25,2,4,8,,,,,,,,
165959,"Alesha Popovich and Tugarin the Dragon",Animation|Comedy|Drama,2004,5,1,2,4,7,,,,,,,
165969,"HyperNormalisation",Documentary,2016,4,2,16,,,,,,,,,
166015,"The African Doctor",Comedy|Drama,2016,3.5,1,4,7,,,,,,,,
166024,"Whiplash",(no genres listed),2013,4.75,2,20,,,,,,,,,
166183,"Junior and Karlson",Adventure|Animation|Children,1968,5,1,1,2,3,,,,,,,
166203,"Sapphire Blue",Adventure|Children|Fantasy|Sci-Fi,2014,4,1,1,3,5,13,,,,,,
166291,"A Silent Voice",Animation|Drama|Romance,2016,4,2,2,6,7,,,,,,,
166461,"Moana",Adventure|Animation|Children|Comedy|Fantasy,2016,3.45,10,1,2,3,4,5,,,,,
166492,"Office Christmas Party",Comedy,2016,3.5,3,4,,,,,,,,,
166526,"The Space Between Us",Adventure|Sci-Fi,2016,1,1,1,13,,,,,,,,
166528,"Rogue One: A Star Wars Story",Action|Adventure|Fantasy|Sci-Fi,2016,3.92592592592593,27,1,5,8,13,,,,,,
166534,"Split",Drama|Horror|Thriller,2017,3.33333333333333,6,7,10,11,,,,,,,
166558,"Underworld: Blood Wars",Action|Horror,2016,3,1,8,11,,,,,,,,
166568,"Miss Sloane",Thriller,2016,4.5,2,10,,,,,,,,,
166635,"Passengers",Adventure|Drama|Romance|Sci-Fi,2016,3.66666666666667,6,1,6,7,13,,,,,,
166643,"Hidden Figures",Drama,2016,3.8,10,7,,,,,,,,,
166705,"Fences",Drama,2016,3,1,7,,,,,,,,,
166946,"The Founder",Drama,2016,4.25,2,7,,,,,,,,,
167018,"Why Him?",Comedy,2016,3.125,4,4,,,,,,,,,
167036,"Sing",Animation|Children|Comedy,2016,3.75,4,2,3,4,,,,,,,
167064,"I Am Not Your Negro",Documentary,2017,5,1,16,,,,,,,,,
167296,"Iron Man",Drama,1931,0.5,1,7,,,,,,,,,
167370,"Assassin's Creed",Action|Adventure|Sci-Fi,2016,2.5,2,1,8,13,,,,,,,
167380,"A Dog's Purpose",Comedy|Drama,2017,4.5,1,4,7,,,,,,,,
167538,"Microwave Massacre",Horror,1983,1,1,11,,,,,,,,,
167570,"The OA",(no genres listed),NaN,4,1,20,,,,,,,,,
167634,"Fist Fight",Comedy,2017,4.5,1,4,,,,,,,,,
167706,"Shakespeare Behind Bars",Documentary,2005,2.5,1,16,,,,,,,,,
167732,"A Street Cat Named Bob",Comedy|Drama,2016,3.5,1,4,7,,,,,,,,
167746,"The Lego Batman Movie",Action|Animation|Comedy,2017,3.71428571428571,7,2,4,8,,,,,,,
167772,"The Spirit of Christmas",Animation|Comedy,1995,1.5,1,2,4,,,,,,,,
167790,"The Good Boy",Children|Comedy|Drama,2016,3.5,1,3,4,7,,,,,,,
167854,"Dana Carvey: Straight White Male, 60",Comedy,2016,4.5,1,4,,,,,,,,,
168026,"Marvel One-Shot: Agent Carter",Action|Adventure|Fantasy|Sci-Fi,2013,4,1,1,5,8,13,,,,,,
168090,"Kizumonogatari II: Passionate Blood",Animation|Fantasy|Mystery,2016,4,1,2,5,12,,,,,,,
168144,"Joe Rogan: Live",Comedy,2006,4,1,4,,,,,,,,,
168174,"Jim Gaffigan: Cinco",Comedy,2017,3,1,4,,,,,,,,,
168218,"Kizumonogatari III: Cold Blood",Animation|Fantasy|Mystery,2017,4.5,1,2,5,12,,,,,,,
168248,"John Wick: Chapter Two",Action|Crime|Thriller,2017,4.14285714285714,7,8,9,10,,,,,,,
168250,"Get Out",Horror,2017,3.63333333333333,15,11,,,,,,,,,
168252,"Logan",Action|Sci-Fi,2017,4.28,25,8,13,,,,,,,,
168254,"Kong: Skull Island",Action|Adventure|Fantasy,2017,3.125,4,1,5,8,,,,,,,
168266,"T2: Trainspotting",Crime|Drama,2017,3.75,4,7,9,,,,,,,,
168326,"The Big Sick",Comedy|Romance,2017,4,4,4,6,,,,,,,,
168350,"100 Streets",Drama,2016,2.5,1,7,,,,,,,,,
168358,"Saturn 3",Sci-Fi|Thriller,1980,2.5,1,10,13,,,,,,,,
168366,"Beauty and the Beast",Fantasy|Romance,2017,3.5,2,5,6,,,,,,,,
168418,"The Boss Baby",Animation|Children|Comedy,2017,3.8,5,2,3,4,,,,,,,
168456,"Mercury Plains",Action|Adventure|Drama,2016,2,1,1,7,8,,,,,,,
168492,"Call Me by Your Name",Drama|Romance,2017,3.75,4,6,7,,,,,,,,
168608,"Mudbound",Drama,2017,3,1,7,,,,,,,,,
168612,"Ghost in the Shell",Action|Drama|Sci-Fi,2017,3.75,2,7,8,13,,,,,,,
168632,"Bill Burr: Walk Your Way Out",Comedy,2017,4,1,4,,,,,,,,,
168712,"Fifty Shades Darker",Drama|Romance,2017,1,1,6,7,,,,,,,,
168846,"Neal Brennan: 3 Mics",Comedy,2017,4.5,1,4,,,,,,,,,
169034,"Lemonade",(no genres listed),2016,4.5,1,20,,,,,,,,,
169180,"American Fable",Thriller,2017,2.5,1,10,,,,,,,,,
169670,"The Void",Horror,2016,1.5,1,11,,,,,,,,,
169904,"Guyver: Dark Hero",Sci-Fi,1994,2,1,13,,,,,,,,,
169912,"Denis Leary: No Cure for Cancer",Comedy,1993,3,2,4,,,,,,,,,
169958,"Buster's Mal Heart",Drama|Mystery,2017,1,1,7,12,,,,,,,,
169982,"Power Rangers",Action|Adventure|Sci-Fi,2017,3,1,1,8,13,,,,,,,
169984,"Alien: Covenant",Action|Horror|Sci-Fi|Thriller,2017,2.8,5,8,10,11,13,,,,,,
169992,"Free Fire",Action|Crime|Drama,2017,3.5,1,7,8,9,,,,,,,
170289,"Species III",Action|Horror|Sci-Fi,2004,1,1,8,11,13,,,,,,,
170297,"Ultimate Avengers 2",Action|Animation|Sci-Fi,2006,2,1,2,8,13,,,,,,,
170355,"Mulholland Dr.",Drama|Mystery|Romance,1999,3.75,2,6,7,12,,,,,,,
170357,"Dave Chappelle: The Age of Spin",Comedy,2017,4,1,4,,,,,,,,,
170399,"CHiPS",Action|Comedy|Drama,2017,4,1,4,7,8,,,,,,,
170401,"Table 19",Comedy|Drama,2017,3,1,4,7,,,,,,,,
170411,"Dave Chappelle: Deep in the Heart of Texas",Comedy,2017,4,1,4,,,,,,,,,
170551,"The Quiet Family",Comedy,1998,2.5,1,4,,,,,,,,,
170597,"A Plasticine Crow",Animation,1981,5,1,2,,,,,,,,,
170697,"Gifted",Drama,2017,4.125,4,7,,,,,,,,,
170705,"Band of Brothers",Action|Drama|War,2001,4.28571428571429,7,7,8,14,,,,,,,
170777,"There Once Was a Dog",Animation|Children|Comedy,1982,5,1,2,3,4,,,,,,,
170813,"Baywatch",Action|Comedy,2017,3,3,4,8,,,,,,,,
170817,"Snatched",Action|Comedy,2017,4,1,4,8,,,,,,,,
170827,"The Mummy",Action|Adventure|Fantasy|Horror|Thriller,2017,3.5,1,1,5,8,10,11,,,,,
170837,"Life-Size",Children|Comedy|Fantasy,2000,4,1,3,4,5,,,,,,,
170875,"The Fate of the Furious",Action|Crime|Drama|Thriller,2017,2.33333333333333,3,7,8,9,10,,,,,,
170897,"Sandy Wexler",Comedy,2017,2,1,4,,,,,,,,,
170907,"Betting on Zero",Documentary,2016,4,1,16,,,,,,,,,
170937,"Win It All",Comedy,2017,3,1,4,,,,,,,,,
170939,"Captain Underpants: The First Epic Movie",Action|Animation|Children|Comedy,2017,3.5,1,2,3,4,8,,,,,,
170945,"It Comes at Night",Horror|Mystery|Thriller,2017,3.5,1,10,11,12,,,,,,,
170957,"Cars 3",Adventure|Animation|Comedy,2017,3,1,1,2,4,,,,,,,
170993,"Mini's First Time",Comedy|Crime|Drama,2006,4,1,4,7,9,,,,,,,
171011,"Planet Earth II",Documentary,2016,4.2,5,16,,,,,,,,,
171023,"The Hero",Drama,2017,4,1,7,,,,,,,,,
171251,"Nobody Speak: Hulk Hogan, Gawker and Trials of a Free Press",Documentary,2017,4,1,16,,,,,,,,,
171495,"Cosmos",(no genres listed),NaN,4.5,2,20,,,,,,,,,
171631,"Maria Bamford: Old Baby",(no genres listed),NaN,1,1,20,,,,,,,,,
171695,"Robin Williams: Live on Broadway",Comedy,2002,3,1,4,,,,,,,,,
171701,"The Death of Louis XIV",Drama,2016,3.5,1,7,,,,,,,,,
171749,"Death Note: Desu nôto",(no genres listed),NaN,5,1,20,,,,,,,,,
171751,"Munna bhai M.B.B.S.",Comedy,2003,2.5,1,4,,,,,,,,,
171759,"The Beguiled",Drama|Thriller|Western,2017,3,1,7,10,18,,,,,,,
171763,"Baby Driver",Action|Crime|Thriller,2017,4.33333333333333,9,8,9,10,,,,,,,
171765,"Okja",Action|Adventure|Drama|Sci-Fi,2017,3.75,2,1,7,8,13,,,,,,
171811,"Embassy",Comedy|Sci-Fi|War,2013,4,1,4,13,14,,,,,,,
171867,"Rough Night",Comedy|Drama,2017,3.25,2,4,7,,,,,,,,
171891,"Generation Iron 2",(no genres listed),NaN,3.5,1,20,,,,,,,,,
171917,"Mystère à la Tour Eiffel",Drama|Mystery|Thriller,2015,4.5,1,7,10,12,,,,,,,
172013,"Stefan Zweig: Farewell to Europe",Drama,2016,3,1,7,,,,,,,,,
172215,"Saved by the Bell: Hawaiian Style",Comedy,1992,2.75,2,4,,,,,,,,,
172229,"Plain Clothes",Comedy|Mystery|Romance|Thriller,1988,3,1,4,6,10,12,,,,,,
172233,"The Prime Gig",Drama|Romance,2000,2.5,1,6,7,,,,,,,,
172253,"The Night Before",Comedy,1988,3,1,4,,,,,,,,,
172321,"Late Night with Conan O'Brien: The Best of Triumph the Insult Comic Dog",Comedy,2004,2,1,4,,,,,,,,,
172461,"Get Me Roger Stone",Documentary,2017,3,1,16,,,,,,,,,
172497,"T2 3-D: Battle Across Time",(no genres listed),1996,4,1,20,,,,,,,,,
172547,"Despicable Me 3",Adventure|Animation|Children|Comedy,2017,2.25,2,1,2,3,4,,,,,,
172577,"Last Year's Snow Was Falling",Animation|Children|Comedy|Fantasy,1983,5,1,2,3,4,5,,,,,,
172583,"Investigation Held by Kolobki",Animation,1986,5,1,2,,,,,,,,,
172585,"Karlson Returns",Adventure|Animation|Children,1970,5,1,1,2,3,,,,,,,
172587,"Vacations in Prostokvashino",Animation,1980,5,1,2,,,,,,,,,
172589,"Winter in Prostokvashino",Animation,1984,5,1,2,,,,,,,,,
172591,"The Godfather Trilogy: 1972-1990",(no genres listed),1992,4.75,2,20,,,,,,,,,
172637,"Priklyucheniya Kapitana Vrungelya",Action|Adventure|Animation|Comedy,1979,5,1,1,2,4,8,,,,,,
172705,"Tickling Giants",Documentary,2017,5,1,16,,,,,,,,,
172793,"Vovka in the Kingdom of Far Far Away",Adventure|Animation|Children|Fantasy,1965,5,1,1,2,3,5,,,,,,
172825,"Adventures of Mowgli: The Kidnapping",Adventure|Animation|Children,1968,4.5,1,1,2,3,,,,,,,
172875,"A Detective Story",Animation|Sci-Fi,2003,5,1,2,13,,,,,,,,
172881,"Final Flight of the Osiris",Action|Animation|Sci-Fi,2003,3.5,1,2,8,13,,,,,,,
172887,"Kid's Story",Animation|Sci-Fi,2003,3,1,2,13,,,,,,,,
172909,"Cheburashka",Animation,1971,5,1,2,,,,,,,,,
173145,"War for the Planet of the Apes",Action|Adventure|Drama|Sci-Fi,2017,2.875,4,1,7,8,13,,,,,,
173197,"The Square",Drama,2017,4.25,2,7,,,,,,,,,
173205,"The Meyerowitz Stories",Comedy,2017,4,1,4,,,,,,,,,
173209,"War Machine",Comedy|Drama|War,2017,4,1,4,7,14,,,,,,,
173235,"Tokyo Idols",Documentary,2017,4.5,1,16,,,,,,,,,
173253,"Vir Das: Abroad Understanding",Comedy,2017,3.5,1,4,,,,,,,,,
173255,"Norm Macdonald: Hitler's Dog, Gossip & Trickery",Comedy,2017,2.5,1,4,,,,,,,,,
173291,"Valerian and the City of a Thousand Planets",Action|Adventure|Sci-Fi,2017,2.875,4,1,8,13,,,,,,,
173307,"The Gracefield Incident",Action|Horror|Sci-Fi,2015,0.5,1,8,11,13,,,,,,,
173317,"Shadow World",Documentary,2016,4.5,1,16,,,,,,,,,
173351,"Wow! A Talking Fish!",Animation|Children|Comedy|Fantasy,1983,5,1,2,3,4,5,,,,,,
173355,"Travels of an Ant",Animation,1983,5,1,2,,,,,,,,,
173535,"The Adventures of Sherlock Holmes and Doctor Watson: The Hunt for the Tiger",(no genres listed),1980,4.5,1,20,,,,,,,,,
173619,"Fugitives",Comedy|Crime,1986,5,1,4,9,,,,,,,,
173751,"Tiger Raid",Thriller,2016,2,1,10,,,,,,,,,
173873,"Gulliver's Travels",Adventure|Children|Fantasy,1996,2,1,1,3,5,,,,,,,
173925,"Seven Sisters",Sci-Fi|Thriller,2017,4.25,2,10,13,,,,,,,,
173941,"Atomic Blonde",Thriller,2017,3,1,10,,,,,,,,,
173963,"Empties",Comedy,2007,5,1,4,,,,,,,,,
174045,"Goon: Last of the Enforcers",Comedy,2017,4,1,4,,,,,,,,,
174053,"Black Mirror: White Christmas",Drama|Horror|Mystery|Sci-Fi|Thriller,2014,4.75,4,7,10,11,12,13,,,,,
174055,"Dunkirk",Action|Drama|Thriller|War,2017,3.42307692307692,13,7,8,10,14,,,,,,
174141,"Belladonna of Sadness",Animation|Drama|Fantasy,1973,3.5,1,2,5,7,,,,,,,
174403,"The Putin Interviews",(no genres listed),2017,2.5,1,20,,,,,,,,,
174479,"Unedited Footage of a Bear",Horror|Thriller,2014,4,1,10,11,,,,,,,,
174551,"Obsession",Comedy,1965,5,1,4,,,,,,,,,
174681,"Oh, Hello: On Broadway",Comedy,2017,3.5,1,4,,,,,,,,,
174727,"Good Time",Crime|Drama,2017,3,1,7,9,,,,,,,,
174737,"Don Camillo in Moscow",Comedy,1965,3,1,4,,,,,,,,,
174815,"The House",Comedy,2017,3.5,1,4,,,,,,,,,
174909,"Logan Lucky",Comedy,2017,4.5,1,4,,,,,,,,,
175197,"The Dark Tower",Fantasy|Horror|Sci-Fi|Western,2017,3.5,1,5,11,13,18,,,,,,
175199,"Annabelle: Creation",Horror,2017,4,1,11,,,,,,,,,
175293,"Gena the Crocodile",Animation|Children,1969,5,1,2,3,,,,,,,,
175303,"It",Horror,2017,3.33333333333333,9,11,,,,,,,,,
175387,"On the Trail of the Bremen Town Musicians",Adventure|Animation|Children,1973,5,1,1,2,3,,,,,,,
175397,"In the blue sea, in the white foam.",Animation|Children|Fantasy,1984,5,1,2,3,5,,,,,,,
175401,"Wolf and Calf",Animation,1984,4,1,2,,,,,,,,,
175431,"Bobik Visiting Barbos",Animation|Comedy,1977,5,1,2,4,,,,,,,,
175435,"The Magic Ring",Animation|Fantasy,1982,4.5,1,2,5,,,,,,,,
175475,"The Emoji Movie",Animation|Children|Comedy,2017,0.5,1,2,3,4,,,,,,,
175485,"Death Note",Horror|Thriller,2017,1.66666666666667,3,10,11,,,,,,,,
175569,"Wind River",Action|Crime|Mystery|Thriller,2017,3.4,5,8,9,10,12,,,,,,
175577,"Rory Scovel Tries Stand-Up for the First Time",Comedy,2017,1.5,1,4,,,,,,,,,
175585,"Shot Caller",Action|Crime|Drama|Thriller,2017,3.5,1,7,8,9,10,,,,,,
175661,"The Hitman's Bodyguard",Action|Comedy,2017,2.66666666666667,3,4,8,,,,,,,,
175693,"Rick and Morty: State of Georgia Vs. Denver Fenton Allen",Comedy|Crime,2016,2.5,1,4,9,,,,,,,,
175705,"Themroc",Comedy|Horror,1973,3.5,1,4,11,,,,,,,,
175707,"A German Life",Documentary,2016,3,1,16,,,,,,,,,
175743,"Self-criticism of a Bourgeois Dog",Comedy,2017,3,1,4,,,,,,,,,
175781,"Der Herr Karl",Comedy,1961,3,1,4,,,,,,,,,
176051,"LEGO DC Super Hero Girls: Brain Drain",Animation,2017,3.5,1,2,,,,,,,,,
176101,"Kingsman: The Golden Circle",Action|Adventure|Comedy,2017,3.0625,8,1,4,8,,,,,,,
176329,"Ari Shaffir: Double Negative",Comedy,2017,4,1,4,,,,,,,,,
176371,"Blade Runner 2049",Sci-Fi,2017,3.80555555555556,18,13,,,,,,,,,
176389,"The Nut Job 2: Nutty by Nature",Adventure|Animation|Children|Comedy,2017,2,1,1,2,3,4,,,,,,
176413,"Bliss",Drama,2012,4.5,1,7,,,,,,,,,
176415,"Alles Inklusive",Comedy|Drama,2014,3.5,1,4,7,,,,,,,,
176419,"Mother!",Drama|Horror|Mystery|Thriller,2017,3.25,2,7,10,11,12,,,,,,
176423,"Icarus",Documentary,2017,4,1,16,,,,,,,,,
176579,"Cage Dive",Drama|Horror|Thriller,2017,1,1,7,10,11,,,,,,,
176601,"Black Mirror",(no genres listed),NaN,5,1,20,,,,,,,,,
176621,"Boniface's Holiday",Animation|Children|Comedy|Romance,1965,2,1,2,3,4,6,,,,,,
176751,"American Made",Crime|Thriller,2017,4.5,2,9,10,,,,,,,,
176805,"Little Boxes",Comedy|Drama,2017,4,1,4,7,,,,,,,,
176935,"Geostorm",Action,2017,2,1,8,,,,,,,,,
177185,"Maz Jobrani: Immigrant",Comedy,2017,4.5,1,4,,,,,,,,,
177285,"Sword Art Online The Movie: Ordinal Scale",Action|Adventure|Animation|Fantasy|Sci-Fi,2017,3,1,1,2,5,8,13,,,,,
177593,"Three Billboards Outside Ebbing, Missouri",Crime|Drama,2017,4.75,8,7,9,,,,,,,,
177615,"Lady Bird",Comedy,2017,3.33333333333333,3,4,,,,,,,,,
177763,"Murder on the Orient Express",Crime|Drama|Mystery,2017,2.83333333333333,3,7,9,12,,,,,,,
177765,"Coco",Adventure|Animation|Children,2017,3.53846153846154,13,1,2,3,,,,,,,
177939,"The Night Is Short, Walk on Girl",Animation|Romance,2017,4.5,1,2,6,,,,,,,,
178061,"I, Tonya",Drama,2017,3.33333333333333,3,7,,,,,,,,,
178111,"Fireworks, Should We See It from the Side or the Bottom?",Animation,2017,2,1,2,,,,,,,,,
178129,"Adventures in Plymptoons!",Documentary,2011,3.5,1,16,,,,,,,,,
178323,"Gaga: Five Foot Two",Documentary,2017,3.5,1,16,,,,,,,,,
178613,"Dave Chappelle: Killin' Them Softly",Comedy,2000,4,1,4,,,,,,,,,
178615,"Front Cover",Comedy|Drama|Romance,2016,3.5,1,4,6,7,,,,,,,
178827,"Paddington 2",Adventure|Animation|Children|Comedy,2017,4.25,2,1,2,3,4,,,,,,
179053,"2048: Nowhere to Run",Sci-Fi|Thriller,2017,3.5,1,10,13,,,,,,,,
179073,"Male Hunt",Comedy,1964,3,1,4,,,,,,,,,
179119,"The Death of Stalin",Comedy,2017,4,1,4,,,,,,,,,
179133,"Loving Vincent",Animation|Crime|Drama,2017,5,1,2,7,9,,,,,,,
179135,"Blue Planet II",Documentary,2017,5,1,16,,,,,,,,,
179211,"Christina P: Mother Inferior",Comedy,2017,3,2,4,,,,,,,,,
179401,"Jumanji: Welcome to the Jungle",Action|Adventure|Children,2017,3.66666666666667,6,1,3,8,,,,,,,
179427,"Dane Cook: Troublemaker",Comedy,2014,4,1,4,,,,,,,,,
179491,"Mayhem",Action|Horror,2017,1,1,8,11,,,,,,,,
179511,"Emerald Green",Adventure|Drama|Fantasy|Romance,2016,4,1,1,5,6,7,,,,,,
179709,"Wonder Wheel",Drama,2017,3,1,7,,,,,,,,,
179749,"Creep 2",Comedy|Horror,2017,1.5,1,4,11,,,,,,,,
179813,"LBJ",Drama,2017,4,1,7,,,,,,,,,
179815,"Roman J. Israel, Esq.",Drama|Thriller,2017,1.5,1,7,10,,,,,,,,
179817,"Darkest Hour",Drama|War,2017,3.83333333333333,3,7,14,,,,,,,,
179819,"Star Wars: The Last Jedi",Action|Adventure|Fantasy|Sci-Fi,2017,3.125,12,1,5,8,13,,,,,,
179953,"A Bad Moms Christmas",Comedy,2017,3.5,1,4,,,,,,,,,
180031,"The Shape of Water",Adventure|Drama|Fantasy,2017,3.6875,8,1,5,7,,,,,,,
180045,"Molly's Game",Drama,2017,4,1,7,,,,,,,,,
180095,"Wonder",Drama,2017,4,3,7,,,,,,,,,
180231,"Daddy's Home 2",Comedy|Drama,2017,4,1,4,7,,,,,,,,
180263,"The Shining",Drama|Horror|Thriller,1997,2,1,7,10,11,,,,,,,
180265,"Jim & Andy: The Great Beyond",Documentary,2017,4.5,1,16,,,,,,,,,
180297,"The Disaster Artist",Comedy|Drama,2017,3.75,2,4,7,,,,,,,,
180497,"The Post",Drama|Thriller,2017,4.25,2,7,10,,,,,,,,
180777,"Die Frauen von Ravensbrück",Documentary,2005,4.5,1,16,,,,,,,,,
180985,"The Greatest Showman",Drama,2017,3,5,7,,,,,,,,,
180987,"Ferdinand",Animation|Children|Comedy,2017,1.5,1,2,3,4,,,,,,,
181065,"Jack Whitehall: At Large",Comedy,2017,3.75,2,4,,,,,,,,,
181139,"Lynne Koplitz: Hormonal Beast",Comedy,2017,1.5,1,4,,,,,,,,,
181315,"Phantom Thread",Drama|Romance,2017,3.5,1,6,7,,,,,,,,
181413,"Too Funny to Fail: The Life and Death of The Dana Carvey Show",(no genres listed),2017,4.5,1,20,,,,,,,,,
181659,"Craig Ferguson: Tickle Fight",Comedy,2017,2.5,1,4,,,,,,,,,
181719,"Serving in Silence: The Margarethe Cammermeyer Story",(no genres listed),1995,3.5,1,20,,,,,,,,,
182293,"Hare-um Scare-um",Animation|Children|Comedy,1939,4,1,2,3,4,,,,,,,
182297,"Porky in Wackyland",Animation|Comedy|Fantasy,1938,4,1,2,4,5,,,,,,,
182299,"Porky's Hare Hunt",Animation|Children|Comedy,1938,4,1,2,3,4,,,,,,,
182639,"The Second Renaissance Part II",Animation|Sci-Fi,2003,4,1,2,13,,,,,,,,
182715,"Annihilation",Adventure|Mystery|Sci-Fi|Thriller,2018,3.83333333333333,3,1,10,12,13,,,,,,
182727,"A Christmas Story Live!",(no genres listed),2017,2,1,20,,,,,,,,,
182731,"Pixel Perfect",Children|Comedy|Sci-Fi,2004,4.5,1,3,4,13,,,,,,,
182749,"Judd Apatow: The Return",Comedy,2017,2.5,1,4,,,,,,,,,
182793,"The Purple Sea",Drama,2009,3.5,1,7,,,,,,,,,
182823,"Bright",Action|Crime|Fantasy,2017,2.875,4,5,8,9,,,,,,,
183011,"The Commuter",Crime|Drama|Mystery|Thriller,2018,1.5,1,7,9,10,12,,,,,,
183197,"Dave Chappelle: Equanimity",Comedy,2017,3.5,1,4,,,,,,,,,
183199,"Quest",Documentary,2017,4,1,16,,,,,,,,,
183227,"Dave Chappelle: The Bird Revelation",Comedy,2017,3.5,1,4,,,,,,,,,
183295,"Insidious: The Last Key",Horror|Mystery|Thriller,2018,3.5,1,10,11,12,,,,,,,
183301,"The Tale of the Bunny Picnic",Children,1986,3,1,3,,,,,,,,,
183317,"Patti Rocks",Comedy|Drama,1988,4.5,1,4,7,,,,,,,,
183611,"Game Night",Action|Comedy|Crime|Horror,2018,4,1,4,8,9,11,,,,,,
183635,"Maze Runner: The Death Cure",Action|Mystery|Sci-Fi|Thriller,2018,3.5,1,8,10,12,13,,,,,,
183897,"Isle of Dogs",Animation|Comedy,2018,3.5,5,2,4,,,,,,,,
183911,"The Clapper",Comedy,2018,1.5,1,4,,,,,,,,,
183959,"Tom Segura: Disgraceful",Comedy,2018,4.5,1,4,,,,,,,,,
184015,"When We First Met",Comedy,2018,3.5,2,4,,,,,,,,,
184053,"Battle Planet",Action|Sci-Fi,2008,2,1,8,13,,,,,,,,
184245,"De platte jungle",Documentary,1978,5,1,16,,,,,,,,,
184253,"The Cloverfield Paradox",Horror|Mystery|Sci-Fi|Thriller,2018,2.25,2,10,11,12,13,,,,,,
184257,"Making a Murderer",Crime|Documentary,2015,4,1,9,16,,,,,,,,
184349,"Elsa & Fred",Comedy|Drama|Romance,2005,3.5,1,4,6,7,,,,,,,
184471,"Tomb Raider",Action|Adventure|Fantasy,2018,2.5,4,1,5,8,,,,,,,
184641,"Fullmetal Alchemist 2018",Action|Adventure|Fantasy,2017,0.5,1,1,5,8,,,,,,,
184721,"First Reformed",Drama|Thriller,2017,4,1,7,10,,,,,,,,
184791,"Fred Armisen: Standup for Drummers",Comedy,2018,3.25,2,4,,,,,,,,,
184931,"Death Wish",Action|Crime|Drama|Thriller,2018,4,1,7,8,9,10,,,,,,
184987,"A Wrinkle in Time",Adventure|Children|Fantasy|Sci-Fi,2018,3,1,1,3,5,13,,,,,,
184997,"Love, Simon",Comedy|Drama,2018,4,1,4,7,,,,,,,,
185029,"A Quiet Place",Drama|Horror|Thriller,2018,2.75,4,7,10,11,,,,,,,
185031,"Alpha",Adventure|Thriller,2018,4.5,1,1,10,,,,,,,,
185033,"I Kill Giants",Drama|Fantasy|Thriller,2018,2,1,5,7,10,,,,,,,
185135,"Sherlock - A Study in Pink",Crime,2010,4.75,2,9,,,,,,,,,
185435,"Game Over, Man!",Action|Comedy,2018,3,1,4,8,,,,,,,,
185473,"Blockers",Comedy,2018,3,1,4,,,,,,,,,
185585,"Pacific Rim: Uprising",Action|Fantasy|Sci-Fi,2018,2.75,2,5,8,13,,,,,,,
186587,"Rampage",Action|Adventure|Sci-Fi,2018,3,1,1,8,13,,,,,,,
187031,"Jurassic World: Fallen Kingdom",Action|Adventure|Drama|Sci-Fi|Thriller,2018,3.25,2,1,7,8,10,13,,,,,
187541,"Incredibles 2",Action|Adventure|Animation|Children,2018,3,4,1,2,3,8,,,,,,
187593,"Deadpool 2",Action|Comedy|Sci-Fi,2018,3.875,12,4,8,13,,,,,,,
187595,"Solo: A Star Wars Story",Action|Adventure|Children|Sci-Fi,2018,3.9,5,1,3,8,13,,,,,,
187717,"Won't You Be My Neighbor?",Documentary,2018,5,1,16,,,,,,,,,
188189,"Sorry to Bother You",Comedy|Fantasy|Sci-Fi,2018,4.5,1,4,5,13,,,,,,,
188301,"Ant-Man and the Wasp",Action|Adventure|Comedy|Fantasy|Sci-Fi,2018,3.66666666666667,3,1,4,5,8,13,,,,,
188675,"Dogman",Crime|Drama,2018,3.5,1,7,9,,,,,,,,
188751,"Mamma Mia: Here We Go Again!",Comedy|Romance,2018,4.5,1,4,6,,,,,,,,
188797,"Tag",Comedy,2018,4,1,4,,,,,,,,,
188833,"The Man Who Killed Don Quixote",Adventure|Comedy|Fantasy,2018,4.5,1,1,4,5,,,,,,,
189043,"Boundaries",Comedy|Drama,2018,2.5,1,4,7,,,,,,,,
189111,"Spiral",Documentary,2018,3,1,16,,,,,,,,,
189333,"Mission: Impossible - Fallout",Action|Adventure|Thriller,2018,3.75,2,1,8,10,,,,,,,
189381,"SuperFly",Action|Crime|Thriller,2018,2.5,1,8,9,10,,,,,,,
189547,"Iron Soldier",Action|Sci-Fi,2010,1,1,8,13,,,,,,,,
189713,"BlacKkKlansman",Comedy|Crime|Drama,2018,2.5,1,4,7,9,,,,,,,
190183,"The Darkest Minds",Sci-Fi|Thriller,2018,3.5,1,10,13,,,,,,,,
190207,"Tilt",Drama|Romance,2011,1.5,1,6,7,,,,,,,,
190209,"Jeff Ross Roasts the Border",Comedy,2017,4,1,4,,,,,,,,,
190213,"John From",Drama,2015,1,1,7,,,,,,,,,
190215,"Liquid Truth",Drama,2017,1.5,1,7,,,,,,,,,
190219,"Bunny",Animation,1998,1,1,2,,,,,,,,,
190221,"Hommage à Zgougou",Documentary,2002,1,1,16,,,,,,,,,
191005,"Gintama",Action|Adventure|Comedy|Sci-Fi,2017,4.5,1,1,4,8,13,,,,,,
193565,"Gintama: The Movie",Action|Animation|Comedy|Sci-Fi,2010,3.5,1,2,4,8,13,,,,,,
193567,"anohana: The Flower We Saw That Day - The Movie",Animation|Drama,2013,3,1,2,7,,,,,,,,
193571,"Silver Spoon",Comedy|Drama,2014,4,1,4,7,,,,,,,,
193573,"Love Live! The School Idol Movie",Animation,2015,4,1,2,,,,,,,,,
193579,"Jon Stewart Has Left the Building",Documentary,2015,3.5,1,16,,,,,,,,,
193581,"Black Butler: Book of the Atlantic",Action|Animation|Comedy|Fantasy,2017,4,1,2,4,5,8,,,,,,
193583,"No Game No Life: Zero",Animation|Comedy|Fantasy,2017,3.5,1,2,4,5,,,,,,,
193585,"Flint",Drama,2017,3.5,1,7,,,,,,,,,
193587,"Bungo Stray Dogs: Dead Apple",Action|Animation,2018,3.5,1,2,8,,,,,,,,
193609,"Andrew Dice Clay: Dice Rules",Comedy,1991,4,1,4,,,,,,,,,
